{"version":1,"templates":{"a":"s3:\/\/imos-data\/IMOS\/SRS\/OC\/gridded\/aqua\/P1D\/2003\/01\/A.P1D.20030101T053000Z.aust.chl_gsm.nc","b":"s3:\/\/imos-data\/IMOS\/SRS\/OC\/gridded\/aqua\/P1D\/2003\/01\/A.P1D.20030102T053000Z.aust.chl_gsm.nc","c":"s3:\/\/imos-data\/IMOS\/SRS\/OC\/gridded\/aqua\/P1D\/2003\/01\/A.P1D.20030103T053000Z.aust.chl_gsm.nc","d":"s3:\/\/imos-data\/IMOS\/SRS\/OC\/gridded\/aqua\/P1D\/2003\/01\/A.P1D.20030104T053000Z.aust.chl_gsm.nc","e":"s3:\/\/imos-data\/IMOS\/SRS\/OC\/gridded\/aqua\/P1D\/2003\/01\/A.P1D.20030105T053000Z.aust.chl_gsm.nc","f":"s3:\/\/imos-data\/IMOS\/SRS\/OC\/gridded\/aqua\/P1D\/2003\/01\/A.P1D.20030106T053000Z.aust.chl_gsm.nc","g":"s3:\/\/imos-data\/IMOS\/SRS\/OC\/gridded\/aqua\/P1D\/2003\/01\/A.P1D.20030107T053000Z.aust.chl_gsm.nc","h":"s3:\/\/imos-data\/IMOS\/SRS\/OC\/gridded\/aqua\/P1D\/2003\/01\/A.P1D.20030108T053000Z.aust.chl_gsm.nc","i":"s3:\/\/imos-data\/IMOS\/SRS\/OC\/gridded\/aqua\/P1D\/2003\/01\/A.P1D.20030109T053000Z.aust.chl_gsm.nc","j":"s3:\/\/imos-data\/IMOS\/SRS\/OC\/gridded\/aqua\/P1D\/2003\/01\/A.P1D.20030110T053000Z.aust.chl_gsm.nc","k":"s3:\/\/imos-data\/IMOS\/SRS\/OC\/gridded\/aqua\/P1D\/2003\/01\/A.P1D.20030111T053000Z.aust.chl_gsm.nc","l":"s3:\/\/imos-data\/IMOS\/SRS\/OC\/gridded\/aqua\/P1D\/2003\/01\/A.P1D.20030112T053000Z.aust.chl_gsm.nc","m":"s3:\/\/imos-data\/IMOS\/SRS\/OC\/gridded\/aqua\/P1D\/2003\/01\/A.P1D.20030113T053000Z.aust.chl_gsm.nc","n":"s3:\/\/imos-data\/IMOS\/SRS\/OC\/gridded\/aqua\/P1D\/2003\/01\/A.P1D.20030114T053000Z.aust.chl_gsm.nc","o":"s3:\/\/imos-data\/IMOS\/SRS\/OC\/gridded\/aqua\/P1D\/2003\/01\/A.P1D.20030115T053000Z.aust.chl_gsm.nc","p":"s3:\/\/imos-data\/IMOS\/SRS\/OC\/gridded\/aqua\/P1D\/2003\/01\/A.P1D.20030116T053000Z.aust.chl_gsm.nc","q":"s3:\/\/imos-data\/IMOS\/SRS\/OC\/gridded\/aqua\/P1D\/2003\/01\/A.P1D.20030117T053000Z.aust.chl_gsm.nc","r":"s3:\/\/imos-data\/IMOS\/SRS\/OC\/gridded\/aqua\/P1D\/2003\/01\/A.P1D.20030118T053000Z.aust.chl_gsm.nc","s":"s3:\/\/imos-data\/IMOS\/SRS\/OC\/gridded\/aqua\/P1D\/2003\/01\/A.P1D.20030119T053000Z.aust.chl_gsm.nc","t":"s3:\/\/imos-data\/IMOS\/SRS\/OC\/gridded\/aqua\/P1D\/2003\/01\/A.P1D.20030120T053000Z.aust.chl_gsm.nc","u":"s3:\/\/imos-data\/IMOS\/SRS\/OC\/gridded\/aqua\/P1D\/2003\/01\/A.P1D.20030121T053000Z.aust.chl_gsm.nc","v":"s3:\/\/imos-data\/IMOS\/SRS\/OC\/gridded\/aqua\/P1D\/2003\/01\/A.P1D.20030122T053000Z.aust.chl_gsm.nc","w":"s3:\/\/imos-data\/IMOS\/SRS\/OC\/gridded\/aqua\/P1D\/2003\/01\/A.P1D.20030123T053000Z.aust.chl_gsm.nc","x":"s3:\/\/imos-data\/IMOS\/SRS\/OC\/gridded\/aqua\/P1D\/2003\/01\/A.P1D.20030124T053000Z.aust.chl_gsm.nc","y":"s3:\/\/imos-data\/IMOS\/SRS\/OC\/gridded\/aqua\/P1D\/2003\/01\/A.P1D.20030125T053000Z.aust.chl_gsm.nc","z":"s3:\/\/imos-data\/IMOS\/SRS\/OC\/gridded\/aqua\/P1D\/2003\/01\/A.P1D.20030126T053000Z.aust.chl_gsm.nc","A":"s3:\/\/imos-data\/IMOS\/SRS\/OC\/gridded\/aqua\/P1D\/2003\/01\/A.P1D.20030127T053000Z.aust.chl_gsm.nc","B":"s3:\/\/imos-data\/IMOS\/SRS\/OC\/gridded\/aqua\/P1D\/2003\/01\/A.P1D.20030128T053000Z.aust.chl_gsm.nc","C":"s3:\/\/imos-data\/IMOS\/SRS\/OC\/gridded\/aqua\/P1D\/2003\/01\/A.P1D.20030129T053000Z.aust.chl_gsm.nc","D":"s3:\/\/imos-data\/IMOS\/SRS\/OC\/gridded\/aqua\/P1D\/2003\/01\/A.P1D.20030130T053000Z.aust.chl_gsm.nc","E":"s3:\/\/imos-data\/IMOS\/SRS\/OC\/gridded\/aqua\/P1D\/2003\/01\/A.P1D.20030131T053000Z.aust.chl_gsm.nc"},"refs":{".zgroup":"{\"zarr_format\":2}",".zattrs":"{\"Conventions\":\"CF-1.6\",\"_NCProperties\":\"version=1|netcdflibversion=4.6.1|hdf5libversion=1.10.4\",\"_nc3_strict\":1,\"history\":\"File initialised at 2020-08-06T05:32:48.250346\\nInitialised var chl_gsm at 2020-08-06T05:33:33.386318\\nAdd Granule A20030101_0240.20190919170802.L2OC_BASE.chl_gsm.nc at 2020-08-06T05:33:39.522382\\nAdd Granule A20030101_0245.20190919164808.L2OC_BASE.chl_gsm.nc at 2020-08-06T05:33:39.725576\\nAdd Granule A20030101_0250.20190919155328.L2OC_BASE.chl_gsm.nc at 2020-08-06T05:33:39.963456\\nAdd Granule A20030101_0255.20190919153455.L2OC_BASE.chl_gsm.nc at 2020-08-06T05:33:40.139510\\nAdd Granule A20030101_0415.20190919162157.L2OC_BASE.chl_gsm.nc at 2020-08-06T05:33:40.272718\\nAdd Granule A20030101_0420.20190919171438.L2OC_BASE.chl_gsm.nc at 2020-08-06T05:33:40.522942\\nAdd Granule A20030101_0425.20190919154933.L2OC_BASE.chl_gsm.nc at 2020-08-06T05:33:40.723753\\nAdd Granule A20030101_0430.20190919162712.L2OC_BASE.chl_gsm.nc at 2020-08-06T05:33:40.926243\\nAdd Granule A20030101_0435.20190919172955.L2OC_BASE.chl_gsm.nc at 2020-08-06T05:33:41.111686\\nAdd Granule A20030101_0555.20190919164356.L2OC_BASE.chl_gsm.nc at 2020-08-06T05:33:41.336998\\nAdd Granule A20030101_0600.20190919170128.L2OC_BASE.chl_gsm.nc at 2020-08-06T05:33:41.608596\\nAdd Granule A20030101_0605.20190919165546.L2OC_BASE.chl_gsm.nc at 2020-08-06T05:33:41.788558\\nAdd Granule A20030101_0610.20190919160132.L2OC_BASE.chl_gsm.nc at 2020-08-06T05:33:41.996880\\nAdd Granule A20030101_0615.20190919172524.L2OC_BASE.chl_gsm.nc at 2020-08-06T05:33:42.167992\\nAdd Granule A20030101_0735.20190919172027.L2OC_BASE.chl_gsm.nc at 2020-08-06T05:33:42.367161\\nAdd Granule A20030101_0740.20190919161620.L2OC_BASE.chl_gsm.nc at 2020-08-06T05:33:42.582300\\nAdd Granule A20030101_0745.20190919160823.L2OC_BASE.chl_gsm.nc at 2020-08-06T05:33:42.800739\\nAdd Granule A20030101_0750.20190919163636.L2OC_BASE.chl_gsm.nc at 2020-08-06T05:33:42.977746\\nAdd Granule A20030101_0755.20190919154055.L2OC_BASE.chl_gsm.nc at 2020-08-06T05:33:43.094877\",\"source_path\":\"imos-srs\\\/archive\\\/oc\\\/aqua\\\/1d\\\/v201909\\\/2003\\\/01\\\/A20030101.L2OC_BASE.aust.chl_gsm.nc\"}","chl_gsm\/.zarray":"{\"chunks\":[1,1401,2001],\"compressor\":{\"id\":\"zlib\",\"level\":4},\"dtype\":\"<f4\",\"fill_value\":-999.0,\"filters\":[{\"elementsize\":4,\"id\":\"shuffle\"}],\"order\":\"C\",\"shape\":[31,7001,10001],\"zarr_format\":2}","chl_gsm\/.zattrs":"{\"_ARRAY_DIMENSIONS\":[\"time\",\"latitude\",\"longitude\"],\"flag_applied\":\"HISATZEN LAND CLDICE NAVFAIL\",\"long_name\":\"Chlorophyll Concentration, GSM model\",\"units\":\"mg\\\/m^3\"}","longitude\/.zarray":"{\n    \"chunks\": [\n        10001\n    ],\n    \"compressor\": null,\n    \"dtype\": \"<f8\",\n    \"fill_value\": 9.969209968386869e+36,\n    \"filters\": null,\n    \"order\": \"C\",\n    \"shape\": [\n        10001\n    ],\n    \"zarr_format\": 2\n}","longitude\/.zattrs":"{\n    \"NAME\": \"longitude\",\n    \"_ARRAY_DIMENSIONS\": [\n        \"longitude\"\n    ],\n    \"_Netcdf4Dimid\": 2,\n    \"axis\": \"X\",\n    \"long_name\": \"longitude\",\n    \"standard_name\": \"longitude\",\n    \"units\": \"degrees_east\"\n}","longitude\/0":["{{a}}",58400,80008],"latitude\/.zarray":"{\n    \"chunks\": [\n        7001\n    ],\n    \"compressor\": null,\n    \"dtype\": \"<f8\",\n    \"fill_value\": 9.969209968386869e+36,\n    \"filters\": null,\n    \"order\": \"C\",\n    \"shape\": [\n        7001\n    ],\n    \"zarr_format\": 2\n}","latitude\/.zattrs":"{\n    \"NAME\": \"latitude\",\n    \"_ARRAY_DIMENSIONS\": [\n        \"latitude\"\n    ],\n    \"_Netcdf4Dimid\": 1,\n    \"axis\": \"Y\",\n    \"long_name\": \"latitude\",\n    \"standard_name\": \"latitude\",\n    \"units\": \"degrees_north\"\n}","latitude\/0":["{{a}}",2392,56008],"time\/.zarray":"{\"chunks\":[31],\"compressor\":{\"blocksize\":0,\"clevel\":5,\"cname\":\"lz4\",\"id\":\"blosc\",\"shuffle\":1},\"dtype\":\"<M8[us]\",\"fill_value\":0,\"filters\":null,\"order\":\"C\",\"shape\":[31],\"zarr_format\":2}","time\/0":"base64:AgExCPgAAAD4AAAAtQAAABQAAACdAAAAHwABAAv7AeZGpgZmxiaG5kamBmbGJoYQAPRedk4l\/dSrg1oxCeC4j2Y+FezEm3NKIfnQp39WLgXctJm31fIQLkxqiKbD4f8dO1l2lLLQ7gwpR2WDob\/d+hglOU1hdoqessba7gIWKz9TZ3uPo7fM4PQIHDBEWGyBs7Ozs7Ozs7Ozs7O0tLS0tAUAErUBAB8DAQALD9gAB1AAAAAAAA==","time\/.zattrs":"{\"NAME\":\"time\",\"_ARRAY_DIMENSIONS\":[\"time\"],\"_Netcdf4Dimid\":0,\"axis\":\"T\",\"long_name\":\"time\",\"standard_name\":\"time\"}","chl_gsm\/0.0.0":["{{a}}",151217,2246680],"chl_gsm\/0.0.1":["{{a}}",2397897,513885],"chl_gsm\/0.0.2":["{{a}}",2911782,2734700],"chl_gsm\/0.0.3":["{{a}}",5646482,1540639],"chl_gsm\/0.0.4":["{{a}}",7187121,426322],"chl_gsm\/0.1.0":["{{a}}",7613443,1192627],"chl_gsm\/0.1.1":["{{a}}",8806070,2043419],"chl_gsm\/0.1.2":["{{a}}",10849489,930203],"chl_gsm\/0.1.3":["{{a}}",11779692,1329515],"chl_gsm\/0.1.4":["{{a}}",13109207,830514],"chl_gsm\/0.2.0":["{{a}}",13939721,2748836],"chl_gsm\/0.2.1":["{{a}}",16688557,1329231],"chl_gsm\/0.2.2":["{{a}}",18017788,101185],"chl_gsm\/0.2.3":["{{a}}",18118973,1099674],"chl_gsm\/0.2.4":["{{a}}",19218647,1228398],"chl_gsm\/0.3.0":["{{a}}",20447045,1255137],"chl_gsm\/0.3.1":["{{a}}",21702182,2416034],"chl_gsm\/0.3.2":["{{a}}",24118216,1550601],"chl_gsm\/0.3.3":["{{a}}",25668817,381650],"chl_gsm\/0.3.4":["{{a}}",26050467,3506011],"chl_gsm\/0.4.0":["{{a}}",29556478,408669],"chl_gsm\/0.4.1":["{{a}}",29965147,1274638],"chl_gsm\/0.4.2":["{{a}}",31239785,788119],"chl_gsm\/0.4.3":["{{a}}",32027904,1477481],"chl_gsm\/0.4.4":["{{a}}",33505385,1966058],"chl_gsm\/1.0.0":["{{b}}",151217,750967],"chl_gsm\/1.0.1":["{{b}}",902184,421574],"chl_gsm\/1.0.2":["{{b}}",1323758,1651190],"chl_gsm\/1.0.3":["{{b}}",2974948,1063815],"chl_gsm\/1.0.4":["{{b}}",4038763,1295023],"chl_gsm\/1.1.0":["{{b}}",5333786,432992],"chl_gsm\/1.1.1":["{{b}}",5766778,1414635],"chl_gsm\/1.1.2":["{{b}}",7181413,325714],"chl_gsm\/1.1.3":["{{b}}",7507127,1957734],"chl_gsm\/1.1.4":["{{b}}",9464861,113815],"chl_gsm\/1.2.0":["{{b}}",9578676,405964],"chl_gsm\/1.2.1":["{{b}}",9984640,2132788],"chl_gsm\/1.2.2":["{{b}}",12117428,94492],"chl_gsm\/1.2.3":["{{b}}",12211920,2340001],"chl_gsm\/1.2.4":["{{b}}",14551921,522915],"chl_gsm\/1.3.0":["{{b}}",15074836,213226],"chl_gsm\/1.3.1":["{{b}}",15288062,1219453],"chl_gsm\/1.3.2":["{{b}}",16507515,3603630],"chl_gsm\/1.3.3":["{{b}}",20111145,1763370],"chl_gsm\/1.3.4":["{{b}}",21874515,163816],"chl_gsm\/1.4.0":["{{b}}",22038331,33076],"chl_gsm\/1.4.1":["{{b}}",22071407,83630],"chl_gsm\/1.4.2":["{{b}}",22155037,1763836],"chl_gsm\/1.4.3":["{{b}}",23918873,657032],"chl_gsm\/1.4.4":["{{b}}",24575905,885017],"chl_gsm\/2.0.0":["{{c}}",151217,2139434],"chl_gsm\/2.0.1":["{{c}}",2290651,433999],"chl_gsm\/2.0.2":["{{c}}",2724650,1080917],"chl_gsm\/2.0.3":["{{c}}",3805567,748381],"chl_gsm\/2.0.4":["{{c}}",4553948,145802],"chl_gsm\/2.1.0":["{{c}}",4699750,1845606],"chl_gsm\/2.1.1":["{{c}}",6545356,1747301],"chl_gsm\/2.1.2":["{{c}}",8292657,502732],"chl_gsm\/2.1.3":["{{c}}",8795389,1771137],"chl_gsm\/2.1.4":["{{c}}",10566526,1698766],"chl_gsm\/2.2.0":["{{c}}",12265292,2791863],"chl_gsm\/2.2.1":["{{c}}",15057155,1638180],"chl_gsm\/2.2.2":["{{c}}",16695335,113244],"chl_gsm\/2.2.3":["{{c}}",16808579,1043439],"chl_gsm\/2.2.4":["{{c}}",17852018,2246144],"chl_gsm\/2.3.0":["{{c}}",20098162,1228940],"chl_gsm\/2.3.1":["{{c}}",21327102,1819441],"chl_gsm\/2.3.2":["{{c}}",23146543,2887851],"chl_gsm\/2.3.3":["{{c}}",26034394,2470916],"chl_gsm\/2.3.4":["{{c}}",28505310,1896704],"chl_gsm\/2.4.0":["{{c}}",30402014,205321],"chl_gsm\/2.4.1":["{{c}}",30607335,257476],"chl_gsm\/2.4.2":["{{c}}",30864811,841832],"chl_gsm\/2.4.3":["{{c}}",31706643,3483842],"chl_gsm\/2.4.4":["{{c}}",35190485,353314],"chl_gsm\/3.0.0":["{{d}}",151217,1435069],"chl_gsm\/3.0.1":["{{d}}",1586286,287160],"chl_gsm\/3.0.2":["{{d}}",1873446,521543],"chl_gsm\/3.0.3":["{{d}}",2394989,805418],"chl_gsm\/3.0.4":["{{d}}",3200407,10921],"chl_gsm\/3.1.0":["{{d}}",3211328,612698],"chl_gsm\/3.1.1":["{{d}}",3824026,1869334],"chl_gsm\/3.1.2":["{{d}}",5693360,653522],"chl_gsm\/3.1.3":["{{d}}",6346882,1883909],"chl_gsm\/3.1.4":["{{d}}",8230791,522013],"chl_gsm\/3.2.0":["{{d}}",8752804,556753],"chl_gsm\/3.2.1":["{{d}}",9309557,2163871],"chl_gsm\/3.2.2":["{{d}}",11473428,28221],"chl_gsm\/3.2.3":["{{d}}",11501649,1388393],"chl_gsm\/3.2.4":["{{d}}",12890042,1394993],"chl_gsm\/3.3.0":["{{d}}",14285035,87816],"chl_gsm\/3.3.1":["{{d}}",14372851,2225959],"chl_gsm\/3.3.2":["{{d}}",16598810,1211329],"chl_gsm\/3.3.3":["{{d}}",17810139,2299502],"chl_gsm\/3.3.4":["{{d}}",20109641,1793554],"chl_gsm\/3.4.0":["{{d}}",21903195,10921],"chl_gsm\/3.4.1":["{{d}}",21914116,534400],"chl_gsm\/3.4.2":["{{d}}",22448516,792604],"chl_gsm\/3.4.3":["{{d}}",23241120,1273000],"chl_gsm\/3.4.4":["{{d}}",24514120,1608075],"chl_gsm\/4.0.0":["{{e}}",151217,3101026],"chl_gsm\/4.0.1":["{{e}}",3252243,353437],"chl_gsm\/4.0.2":["{{e}}",3605680,695311],"chl_gsm\/4.0.3":["{{e}}",4300991,614629],"chl_gsm\/4.0.4":["{{e}}",4915620,36906],"chl_gsm\/4.1.0":["{{e}}",4952526,1536468],"chl_gsm\/4.1.1":["{{e}}",6488994,1145256],"chl_gsm\/4.1.2":["{{e}}",7634250,655429],"chl_gsm\/4.1.3":["{{e}}",8289679,663547],"chl_gsm\/4.1.4":["{{e}}",8953226,2784391],"chl_gsm\/4.2.0":["{{e}}",11737617,1852340],"chl_gsm\/4.2.1":["{{e}}",13589957,2011782],"chl_gsm\/4.2.2":["{{e}}",15601739,138586],"chl_gsm\/4.2.3":["{{e}}",15740325,850110],"chl_gsm\/4.2.4":["{{e}}",16590435,3120605],"chl_gsm\/4.3.0":["{{e}}",19711040,1123974],"chl_gsm\/4.3.1":["{{e}}",20835014,2504756],"chl_gsm\/4.3.2":["{{e}}",23339770,2900652],"chl_gsm\/4.3.3":["{{e}}",26240422,2996146],"chl_gsm\/4.3.4":["{{e}}",29236568,2626703],"chl_gsm\/4.4.0":["{{e}}",31863271,874176],"chl_gsm\/4.4.1":["{{e}}",32737447,1209831],"chl_gsm\/4.4.2":["{{e}}",33947278,1502058],"chl_gsm\/4.4.3":["{{e}}",35449336,616409],"chl_gsm\/4.4.4":["{{e}}",36065745,607342],"chl_gsm\/5.0.0":["{{f}}",151217,716990],"chl_gsm\/5.0.1":["{{f}}",868207,426255],"chl_gsm\/5.0.2":["{{f}}",1294462,990154],"chl_gsm\/5.0.3":["{{f}}",2284616,918390],"chl_gsm\/5.0.4":["{{f}}",3203006,10921],"chl_gsm\/5.1.0":["{{f}}",3213927,454001],"chl_gsm\/5.1.1":["{{f}}",3667928,2054128],"chl_gsm\/5.1.2":["{{f}}",5722056,757917],"chl_gsm\/5.1.3":["{{f}}",6479973,1371978],"chl_gsm\/5.1.4":["{{f}}",7851951,1265717],"chl_gsm\/5.2.0":["{{f}}",9117668,42271],"chl_gsm\/5.2.1":["{{f}}",9159939,2433327],"chl_gsm\/5.2.2":["{{f}}",11593266,29806],"chl_gsm\/5.2.3":["{{f}}",11623072,1138190],"chl_gsm\/5.2.4":["{{f}}",12761262,1784611],"chl_gsm\/5.3.0":["{{f}}",14545873,40437],"chl_gsm\/5.3.1":["{{f}}",14586310,2675182],"chl_gsm\/5.3.2":["{{f}}",17261492,2536331],"chl_gsm\/5.3.3":["{{f}}",19797823,3694867],"chl_gsm\/5.3.4":["{{f}}",23492690,2821836],"chl_gsm\/5.4.0":["{{f}}",26314526,1693751],"chl_gsm\/5.4.1":["{{f}}",28008277,1617522],"chl_gsm\/5.4.2":["{{f}}",29625799,1737151],"chl_gsm\/5.4.3":["{{f}}",31362950,447970],"chl_gsm\/5.4.4":["{{f}}",31810920,1778258],"chl_gsm\/6.0.0":["{{g}}",151217,3935971],"chl_gsm\/6.0.1":["{{g}}",4087188,274951],"chl_gsm\/6.0.2":["{{g}}",4362139,678238],"chl_gsm\/6.0.3":["{{g}}",5040377,417665],"chl_gsm\/6.0.4":["{{g}}",5458042,107412],"chl_gsm\/6.1.0":["{{g}}",5565454,2245292],"chl_gsm\/6.1.1":["{{g}}",7810746,1839127],"chl_gsm\/6.1.2":["{{g}}",9649873,584616],"chl_gsm\/6.1.3":["{{g}}",10234489,1095434],"chl_gsm\/6.1.4":["{{g}}",11329923,2878734],"chl_gsm\/6.2.0":["{{g}}",14208657,1067791],"chl_gsm\/6.2.1":["{{g}}",15276448,1664962],"chl_gsm\/6.2.2":["{{g}}",16941410,14497],"chl_gsm\/6.2.3":["{{g}}",16955907,2021001],"chl_gsm\/6.2.4":["{{g}}",18976908,2546726],"chl_gsm\/6.3.0":["{{g}}",21523634,832604],"chl_gsm\/6.3.1":["{{g}}",22356238,3183578],"chl_gsm\/6.3.2":["{{g}}",25539816,3929123],"chl_gsm\/6.3.3":["{{g}}",29468939,3010029],"chl_gsm\/6.3.4":["{{g}}",32478968,685202],"chl_gsm\/6.4.0":["{{g}}",33164170,62719],"chl_gsm\/6.4.1":["{{g}}",33226889,366692],"chl_gsm\/6.4.2":["{{g}}",33593581,1111320],"chl_gsm\/6.4.3":["{{g}}",34704901,1837578],"chl_gsm\/6.4.4":["{{g}}",36542479,653807],"chl_gsm\/7.0.0":["{{h}}",151217,677777],"chl_gsm\/7.0.1":["{{h}}",828994,474583],"chl_gsm\/7.0.2":["{{h}}",1303577,1932421],"chl_gsm\/7.0.3":["{{h}}",3235998,236338],"chl_gsm\/7.0.4":["{{h}}",3472336,36142],"chl_gsm\/7.1.0":["{{h}}",3508478,2895807],"chl_gsm\/7.1.1":["{{h}}",6404285,2593481],"chl_gsm\/7.1.2":["{{h}}",8997766,601920],"chl_gsm\/7.1.3":["{{h}}",9599686,1138359],"chl_gsm\/7.1.4":["{{h}}",10738045,1622098],"chl_gsm\/7.2.0":["{{h}}",12360143,1755794],"chl_gsm\/7.2.1":["{{h}}",14115937,1535001],"chl_gsm\/7.2.2":["{{h}}",15650938,32874],"chl_gsm\/7.2.3":["{{h}}",15683812,1571542],"chl_gsm\/7.2.4":["{{h}}",17255354,2482231],"chl_gsm\/7.3.0":["{{h}}",19737585,1350401],"chl_gsm\/7.3.1":["{{h}}",21087986,2912917],"chl_gsm\/7.3.2":["{{h}}",24000903,3242456],"chl_gsm\/7.3.3":["{{h}}",27243359,2376767],"chl_gsm\/7.3.4":["{{h}}",29620126,1342453],"chl_gsm\/7.4.0":["{{h}}",30962579,559189],"chl_gsm\/7.4.1":["{{h}}",31521768,1092075],"chl_gsm\/7.4.2":["{{h}}",32613843,657912],"chl_gsm\/7.4.3":["{{h}}",33271755,2583813],"chl_gsm\/7.4.4":["{{h}}",35855568,1616940],"chl_gsm\/8.0.0":["{{i}}",151217,694558],"chl_gsm\/8.0.1":["{{i}}",845775,696045],"chl_gsm\/8.0.2":["{{i}}",1541820,1603074],"chl_gsm\/8.0.3":["{{i}}",3144894,1156984],"chl_gsm\/8.0.4":["{{i}}",4301878,93358],"chl_gsm\/8.1.0":["{{i}}",4395236,1714209],"chl_gsm\/8.1.1":["{{i}}",6109445,2112267],"chl_gsm\/8.1.2":["{{i}}",8221712,456724],"chl_gsm\/8.1.3":["{{i}}",8678436,2654342],"chl_gsm\/8.1.4":["{{i}}",11332778,192869],"chl_gsm\/8.2.0":["{{i}}",11525647,380314],"chl_gsm\/8.2.1":["{{i}}",11905961,2785679],"chl_gsm\/8.2.2":["{{i}}",14691640,63497],"chl_gsm\/8.2.3":["{{i}}",14755137,2304808],"chl_gsm\/8.2.4":["{{i}}",17059945,344426],"chl_gsm\/8.3.0":["{{i}}",17404371,372239],"chl_gsm\/8.3.1":["{{i}}",17776610,2328630],"chl_gsm\/8.3.2":["{{i}}",20105240,2080867],"chl_gsm\/8.3.3":["{{i}}",22186107,1896006],"chl_gsm\/8.3.4":["{{i}}",24082113,940463],"chl_gsm\/8.4.0":["{{i}}",25022576,14573],"chl_gsm\/8.4.1":["{{i}}",25037149,1512484],"chl_gsm\/8.4.2":["{{i}}",26549633,1660079],"chl_gsm\/8.4.3":["{{i}}",28209712,1583858],"chl_gsm\/8.4.4":["{{i}}",29793570,727058],"chl_gsm\/9.0.0":["{{j}}",151217,3432069],"chl_gsm\/9.0.1":["{{j}}",3583286,435688],"chl_gsm\/9.0.2":["{{j}}",4018974,1549616],"chl_gsm\/9.0.3":["{{j}}",5568590,1500907],"chl_gsm\/9.0.4":["{{j}}",7069497,586535],"chl_gsm\/9.1.0":["{{j}}",7656032,3325131],"chl_gsm\/9.1.1":["{{j}}",10981163,1381432],"chl_gsm\/9.1.2":["{{j}}",12362595,424589],"chl_gsm\/9.1.3":["{{j}}",12787184,2122837],"chl_gsm\/9.1.4":["{{j}}",14910021,800138],"chl_gsm\/9.2.0":["{{j}}",15710159,2628253],"chl_gsm\/9.2.1":["{{j}}",18338412,1373720],"chl_gsm\/9.2.2":["{{j}}",19712132,62064],"chl_gsm\/9.2.3":["{{j}}",19774196,865468],"chl_gsm\/9.2.4":["{{j}}",20639664,3276232],"chl_gsm\/9.3.0":["{{j}}",23915896,2066468],"chl_gsm\/9.3.1":["{{j}}",25982364,1220132],"chl_gsm\/9.3.2":["{{j}}",27202496,1915780],"chl_gsm\/9.3.3":["{{j}}",29118276,2583733],"chl_gsm\/9.3.4":["{{j}}",31702009,2311784],"chl_gsm\/9.4.0":["{{j}}",34013793,790876],"chl_gsm\/9.4.1":["{{j}}",34804669,1634442],"chl_gsm\/9.4.2":["{{j}}",36439111,2104968],"chl_gsm\/9.4.3":["{{j}}",38544079,2436313],"chl_gsm\/9.4.4":["{{j}}",40980392,2565056],"chl_gsm\/10.0.0":["{{k}}",151217,909810],"chl_gsm\/10.0.1":["{{k}}",1061027,381246],"chl_gsm\/10.0.2":["{{k}}",1442273,1318219],"chl_gsm\/10.0.3":["{{k}}",2760492,2239479],"chl_gsm\/10.0.4":["{{k}}",4999971,10921],"chl_gsm\/10.1.0":["{{k}}",5010892,1354521],"chl_gsm\/10.1.1":["{{k}}",6365413,1627319],"chl_gsm\/10.1.2":["{{k}}",7992732,540890],"chl_gsm\/10.1.3":["{{k}}",8533622,1905081],"chl_gsm\/10.1.4":["{{k}}",10438703,153432],"chl_gsm\/10.2.0":["{{k}}",10592135,904392],"chl_gsm\/10.2.1":["{{k}}",11496527,3182635],"chl_gsm\/10.2.2":["{{k}}",14679162,37100],"chl_gsm\/10.2.3":["{{k}}",14716262,1755548],"chl_gsm\/10.2.4":["{{k}}",16471810,1206665],"chl_gsm\/10.3.0":["{{k}}",17678475,36537],"chl_gsm\/10.3.1":["{{k}}",17715012,2904848],"chl_gsm\/10.3.2":["{{k}}",20619860,1832496],"chl_gsm\/10.3.3":["{{k}}",22452356,2937644],"chl_gsm\/10.3.4":["{{k}}",25390000,439656],"chl_gsm\/10.4.0":["{{k}}",25829656,41835],"chl_gsm\/10.4.1":["{{k}}",25871491,1497028],"chl_gsm\/10.4.2":["{{k}}",27368519,220129],"chl_gsm\/10.4.3":["{{k}}",27588648,3182134],"chl_gsm\/10.4.4":["{{k}}",30770782,1629485],"chl_gsm\/11.0.0":["{{l}}",151217,4075583],"chl_gsm\/11.0.1":["{{l}}",4226800,869201],"chl_gsm\/11.0.2":["{{l}}",5096001,410451],"chl_gsm\/11.0.3":["{{l}}",5506452,995689],"chl_gsm\/11.0.4":["{{l}}",6502141,798282],"chl_gsm\/11.1.0":["{{l}}",7300423,3838689],"chl_gsm\/11.1.1":["{{l}}",11139112,1618312],"chl_gsm\/11.1.2":["{{l}}",12757424,418602],"chl_gsm\/11.1.3":["{{l}}",13176026,420840],"chl_gsm\/11.1.4":["{{l}}",13596866,953648],"chl_gsm\/11.2.0":["{{l}}",14550514,2324394],"chl_gsm\/11.2.1":["{{l}}",16874908,2152845],"chl_gsm\/11.2.2":["{{l}}",19027753,91015],"chl_gsm\/11.2.3":["{{l}}",19118768,413926],"chl_gsm\/11.2.4":["{{l}}",19532694,2427843],"chl_gsm\/11.3.0":["{{l}}",21960537,836643],"chl_gsm\/11.3.1":["{{l}}",22797180,2983636],"chl_gsm\/11.3.2":["{{l}}",25780816,1715346],"chl_gsm\/11.3.3":["{{l}}",27496162,2620696],"chl_gsm\/11.3.4":["{{l}}",30116858,1539227],"chl_gsm\/11.4.0":["{{l}}",31656085,1152670],"chl_gsm\/11.4.1":["{{l}}",32808755,373932],"chl_gsm\/11.4.2":["{{l}}",33182687,1831972],"chl_gsm\/11.4.3":["{{l}}",35014659,2546570],"chl_gsm\/11.4.4":["{{l}}",37561229,892010],"chl_gsm\/12.0.0":["{{m}}",151217,1303536],"chl_gsm\/12.0.1":["{{m}}",1454753,914717],"chl_gsm\/12.0.2":["{{m}}",2369470,1903173],"chl_gsm\/12.0.3":["{{m}}",4272643,975082],"chl_gsm\/12.0.4":["{{m}}",5247725,32919],"chl_gsm\/12.1.0":["{{m}}",5280644,1177155],"chl_gsm\/12.1.1":["{{m}}",6457799,2135221],"chl_gsm\/12.1.2":["{{m}}",8593020,186177],"chl_gsm\/12.1.3":["{{m}}",8779197,1266113],"chl_gsm\/12.1.4":["{{m}}",10045310,356131],"chl_gsm\/12.2.0":["{{m}}",10401441,186884],"chl_gsm\/12.2.1":["{{m}}",10588325,2809962],"chl_gsm\/12.2.2":["{{m}}",13398287,25622],"chl_gsm\/12.2.3":["{{m}}",13423909,1385359],"chl_gsm\/12.2.4":["{{m}}",14809268,2017952],"chl_gsm\/12.3.0":["{{m}}",16827220,12483],"chl_gsm\/12.3.1":["{{m}}",16839703,1931574],"chl_gsm\/12.3.2":["{{m}}",18771277,2662697],"chl_gsm\/12.3.3":["{{m}}",21433974,1610114],"chl_gsm\/12.3.4":["{{m}}",23044088,1767042],"chl_gsm\/12.4.0":["{{m}}",24811130,10921],"chl_gsm\/12.4.1":["{{m}}",24822051,1146403],"chl_gsm\/12.4.2":["{{m}}",25968454,1918639],"chl_gsm\/12.4.3":["{{m}}",27887093,2154283],"chl_gsm\/12.4.4":["{{m}}",30041376,1224072],"chl_gsm\/13.0.0":["{{n}}",151217,2303944],"chl_gsm\/13.0.1":["{{n}}",2455161,1011861],"chl_gsm\/13.0.2":["{{n}}",3467022,2435164],"chl_gsm\/13.0.3":["{{n}}",5902186,1308996],"chl_gsm\/13.0.4":["{{n}}",7211182,464368],"chl_gsm\/13.1.0":["{{n}}",7675550,2885028],"chl_gsm\/13.1.1":["{{n}}",10560578,1410488],"chl_gsm\/13.1.2":["{{n}}",11971066,238302],"chl_gsm\/13.1.3":["{{n}}",12209368,1080703],"chl_gsm\/13.1.4":["{{n}}",13290071,1159883],"chl_gsm\/13.2.0":["{{n}}",14449954,1653712],"chl_gsm\/13.2.1":["{{n}}",16103666,1362428],"chl_gsm\/13.2.2":["{{n}}",17466094,29476],"chl_gsm\/13.2.3":["{{n}}",17495570,1198777],"chl_gsm\/13.2.4":["{{n}}",18694347,2148290],"chl_gsm\/13.3.0":["{{n}}",20842637,1235102],"chl_gsm\/13.3.1":["{{n}}",22077739,2300816],"chl_gsm\/13.3.2":["{{n}}",24378555,1528249],"chl_gsm\/13.3.3":["{{n}}",25906804,1126038],"chl_gsm\/13.3.4":["{{n}}",27032842,2101642],"chl_gsm\/13.4.0":["{{n}}",29134484,558176],"chl_gsm\/13.4.1":["{{n}}",29692660,1315997],"chl_gsm\/13.4.2":["{{n}}",31008657,1175752],"chl_gsm\/13.4.3":["{{n}}",32184409,920871],"chl_gsm\/13.4.4":["{{n}}",33105280,541945],"chl_gsm\/14.0.0":["{{o}}",151217,304303],"chl_gsm\/14.0.1":["{{o}}",455520,1084000],"chl_gsm\/14.0.2":["{{o}}",1539520,3043191],"chl_gsm\/14.0.3":["{{o}}",4582711,852993],"chl_gsm\/14.0.4":["{{o}}",5435704,36899],"chl_gsm\/14.1.0":["{{o}}",5472603,251500],"chl_gsm\/14.1.1":["{{o}}",5724103,2673351],"chl_gsm\/14.1.2":["{{o}}",8397454,468142],"chl_gsm\/14.1.3":["{{o}}",8865596,1630905],"chl_gsm\/14.1.4":["{{o}}",10496501,1537093],"chl_gsm\/14.2.0":["{{o}}",12033594,1611881],"chl_gsm\/14.2.1":["{{o}}",13645475,2201347],"chl_gsm\/14.2.2":["{{o}}",15846822,29354],"chl_gsm\/14.2.3":["{{o}}",15876176,991856],"chl_gsm\/14.2.4":["{{o}}",16868032,2612875],"chl_gsm\/14.3.0":["{{o}}",19480907,811655],"chl_gsm\/14.3.1":["{{o}}",20292562,2179164],"chl_gsm\/14.3.2":["{{o}}",22471726,977031],"chl_gsm\/14.3.3":["{{o}}",23448757,1607151],"chl_gsm\/14.3.4":["{{o}}",25055908,3014268],"chl_gsm\/14.4.0":["{{o}}",28070176,786823],"chl_gsm\/14.4.1":["{{o}}",28856999,1159320],"chl_gsm\/14.4.2":["{{o}}",30016319,1689134],"chl_gsm\/14.4.3":["{{o}}",31705453,1128390],"chl_gsm\/14.4.4":["{{o}}",32833843,735029],"chl_gsm\/15.0.0":["{{p}}",151217,1643751],"chl_gsm\/15.0.1":["{{p}}",1794968,655982],"chl_gsm\/15.0.2":["{{p}}",2450950,1795964],"chl_gsm\/15.0.3":["{{p}}",4246914,895393],"chl_gsm\/15.0.4":["{{p}}",5142307,862284],"chl_gsm\/15.1.0":["{{p}}",6004591,2082677],"chl_gsm\/15.1.1":["{{p}}",8087268,2168301],"chl_gsm\/15.1.2":["{{p}}",10255569,191591],"chl_gsm\/15.1.3":["{{p}}",10447160,1867436],"chl_gsm\/15.1.4":["{{p}}",12314596,571129],"chl_gsm\/15.2.0":["{{p}}",12885725,857067],"chl_gsm\/15.2.1":["{{p}}",13742792,1061614],"chl_gsm\/15.2.2":["{{p}}",14804406,56839],"chl_gsm\/15.2.3":["{{p}}",14861245,1727095],"chl_gsm\/15.2.4":["{{p}}",16588340,144162],"chl_gsm\/15.3.0":["{{p}}",16732502,690758],"chl_gsm\/15.3.1":["{{p}}",17423260,1396513],"chl_gsm\/15.3.2":["{{p}}",18819773,1370679],"chl_gsm\/15.3.3":["{{p}}",20190452,2295397],"chl_gsm\/15.3.4":["{{p}}",22485849,788411],"chl_gsm\/15.4.0":["{{p}}",23274260,196071],"chl_gsm\/15.4.1":["{{p}}",23470331,2110621],"chl_gsm\/15.4.2":["{{p}}",25580952,1786716],"chl_gsm\/15.4.3":["{{p}}",27367668,966206],"chl_gsm\/15.4.4":["{{p}}",28333874,934532],"chl_gsm\/16.0.0":["{{q}}",151217,680697],"chl_gsm\/16.0.1":["{{q}}",831914,1000389],"chl_gsm\/16.0.2":["{{q}}",1832303,1976083],"chl_gsm\/16.0.3":["{{q}}",3808386,799500],"chl_gsm\/16.0.4":["{{q}}",4607886,554956],"chl_gsm\/16.1.0":["{{q}}",5162842,3024217],"chl_gsm\/16.1.1":["{{q}}",8187059,1961108],"chl_gsm\/16.1.2":["{{q}}",10148167,894274],"chl_gsm\/16.1.3":["{{q}}",11042441,937981],"chl_gsm\/16.1.4":["{{q}}",11980422,1340442],"chl_gsm\/16.2.0":["{{q}}",13320864,3575769],"chl_gsm\/16.2.1":["{{q}}",16896633,1019088],"chl_gsm\/16.2.2":["{{q}}",17915721,40728],"chl_gsm\/16.2.3":["{{q}}",17956449,976364],"chl_gsm\/16.2.4":["{{q}}",18932813,2805054],"chl_gsm\/16.3.0":["{{q}}",21737867,1693585],"chl_gsm\/16.3.1":["{{q}}",23431452,1799042],"chl_gsm\/16.3.2":["{{q}}",25230494,2609810],"chl_gsm\/16.3.3":["{{q}}",27840304,1386719],"chl_gsm\/16.3.4":["{{q}}",29227023,3518519],"chl_gsm\/16.4.0":["{{q}}",32745542,580225],"chl_gsm\/16.4.1":["{{q}}",33325767,1942437],"chl_gsm\/16.4.2":["{{q}}",35268204,2077035],"chl_gsm\/16.4.3":["{{q}}",37345239,838292],"chl_gsm\/16.4.4":["{{q}}",38183531,798885],"chl_gsm\/17.0.0":["{{r}}",151217,1019321],"chl_gsm\/17.0.1":["{{r}}",1170538,689638],"chl_gsm\/17.0.2":["{{r}}",1860176,2160707],"chl_gsm\/17.0.3":["{{r}}",4020883,1491880],"chl_gsm\/17.0.4":["{{r}}",5512763,1771394],"chl_gsm\/17.1.0":["{{r}}",7284157,1032817],"chl_gsm\/17.1.1":["{{r}}",8316974,1704284],"chl_gsm\/17.1.2":["{{r}}",10021258,1225623],"chl_gsm\/17.1.3":["{{r}}",11246881,2749544],"chl_gsm\/17.1.4":["{{r}}",13996425,189482],"chl_gsm\/17.2.0":["{{r}}",14185907,1512240],"chl_gsm\/17.2.1":["{{r}}",15698147,2981002],"chl_gsm\/17.2.2":["{{r}}",18679149,55190],"chl_gsm\/17.2.3":["{{r}}",18734339,1357451],"chl_gsm\/17.2.4":["{{r}}",20091790,885487],"chl_gsm\/17.3.0":["{{r}}",20977277,325314],"chl_gsm\/17.3.1":["{{r}}",21302591,1784339],"chl_gsm\/17.3.2":["{{r}}",23086930,2910164],"chl_gsm\/17.3.3":["{{r}}",25997094,757065],"chl_gsm\/17.3.4":["{{r}}",26754159,1884620],"chl_gsm\/17.4.0":["{{r}}",28638779,193038],"chl_gsm\/17.4.1":["{{r}}",28831817,728391],"chl_gsm\/17.4.2":["{{r}}",29560208,2180374],"chl_gsm\/17.4.3":["{{r}}",31740582,1975541],"chl_gsm\/17.4.4":["{{r}}",33716123,448132],"chl_gsm\/18.0.0":["{{s}}",151217,1368498],"chl_gsm\/18.0.1":["{{s}}",1519715,679041],"chl_gsm\/18.0.2":["{{s}}",2198756,2187284],"chl_gsm\/18.0.3":["{{s}}",4386040,1099061],"chl_gsm\/18.0.4":["{{s}}",5485101,1150833],"chl_gsm\/18.1.0":["{{s}}",6635934,2605655],"chl_gsm\/18.1.1":["{{s}}",9241589,1838424],"chl_gsm\/18.1.2":["{{s}}",11080013,664675],"chl_gsm\/18.1.3":["{{s}}",11744688,1157340],"chl_gsm\/18.1.4":["{{s}}",12902028,1026156],"chl_gsm\/18.2.0":["{{s}}",13928184,3087287],"chl_gsm\/18.2.1":["{{s}}",17015471,2070983],"chl_gsm\/18.2.2":["{{s}}",19086454,94825],"chl_gsm\/18.2.3":["{{s}}",19181279,357817],"chl_gsm\/18.2.4":["{{s}}",19539096,2866254],"chl_gsm\/18.3.0":["{{s}}",22405350,1816941],"chl_gsm\/18.3.1":["{{s}}",24222291,2282630],"chl_gsm\/18.3.2":["{{s}}",26504921,2196904],"chl_gsm\/18.3.3":["{{s}}",28701825,901997],"chl_gsm\/18.3.4":["{{s}}",29603822,2666768],"chl_gsm\/18.4.0":["{{s}}",32270590,755292],"chl_gsm\/18.4.1":["{{s}}",33025882,771287],"chl_gsm\/18.4.2":["{{s}}",33797169,301079],"chl_gsm\/18.4.3":["{{s}}",34098248,554116],"chl_gsm\/18.4.4":["{{s}}",34652364,2035645],"chl_gsm\/19.0.0":["{{t}}",151217,487566],"chl_gsm\/19.0.1":["{{t}}",638783,919244],"chl_gsm\/19.0.2":["{{t}}",1558027,1730650],"chl_gsm\/19.0.3":["{{t}}",3288677,1084209],"chl_gsm\/19.0.4":["{{t}}",4372886,10921],"chl_gsm\/19.1.0":["{{t}}",4383807,753262],"chl_gsm\/19.1.1":["{{t}}",5137069,2170877],"chl_gsm\/19.1.2":["{{t}}",7307946,960458],"chl_gsm\/19.1.3":["{{t}}",8268404,531409],"chl_gsm\/19.1.4":["{{t}}",8799813,94011],"chl_gsm\/19.2.0":["{{t}}",8893824,413998],"chl_gsm\/19.2.1":["{{t}}",9307822,2781627],"chl_gsm\/19.2.2":["{{t}}",12089449,13426],"chl_gsm\/19.2.3":["{{t}}",12102875,816895],"chl_gsm\/19.2.4":["{{t}}",12919770,1022472],"chl_gsm\/19.3.0":["{{t}}",13942242,83974],"chl_gsm\/19.3.1":["{{t}}",14026216,2048422],"chl_gsm\/19.3.2":["{{t}}",16074638,3695444],"chl_gsm\/19.3.3":["{{t}}",19770082,1873191],"chl_gsm\/19.3.4":["{{t}}",21643273,963279],"chl_gsm\/19.4.0":["{{t}}",22606552,10921],"chl_gsm\/19.4.1":["{{t}}",22617473,2580511],"chl_gsm\/19.4.2":["{{t}}",25197984,673743],"chl_gsm\/19.4.3":["{{t}}",25871727,602421],"chl_gsm\/19.4.4":["{{t}}",26474148,1050990],"chl_gsm\/20.0.0":["{{u}}",151217,3970097],"chl_gsm\/20.0.1":["{{u}}",4121314,1402731],"chl_gsm\/20.0.2":["{{u}}",5524045,1031723],"chl_gsm\/20.0.3":["{{u}}",6555768,1323200],"chl_gsm\/20.0.4":["{{u}}",7878968,667412],"chl_gsm\/20.1.0":["{{u}}",8546380,2617570],"chl_gsm\/20.1.1":["{{u}}",11163950,811980],"chl_gsm\/20.1.2":["{{u}}",11975930,177285],"chl_gsm\/20.1.3":["{{u}}",12153215,980027],"chl_gsm\/20.1.4":["{{u}}",13133242,202487],"chl_gsm\/20.2.0":["{{u}}",13335729,2227927],"chl_gsm\/20.2.1":["{{u}}",15563656,2748447],"chl_gsm\/20.2.2":["{{u}}",18312103,48876],"chl_gsm\/20.2.3":["{{u}}",18360979,606003],"chl_gsm\/20.2.4":["{{u}}",18966982,2089677],"chl_gsm\/20.3.0":["{{u}}",21056659,1162604],"chl_gsm\/20.3.1":["{{u}}",22219263,2723618],"chl_gsm\/20.3.2":["{{u}}",24942881,2704721],"chl_gsm\/20.3.3":["{{u}}",27647602,1816800],"chl_gsm\/20.3.4":["{{u}}",29464402,2526297],"chl_gsm\/20.4.0":["{{u}}",31990699,469371],"chl_gsm\/20.4.1":["{{u}}",32460070,1179272],"chl_gsm\/20.4.2":["{{u}}",33639342,622896],"chl_gsm\/20.4.3":["{{u}}",34262238,711928],"chl_gsm\/20.4.4":["{{u}}",34974166,436015],"chl_gsm\/21.0.0":["{{v}}",151217,686316],"chl_gsm\/21.0.1":["{{v}}",837533,946060],"chl_gsm\/21.0.2":["{{v}}",1783593,1804045],"chl_gsm\/21.0.3":["{{v}}",3587638,2358872],"chl_gsm\/21.0.4":["{{v}}",5946510,186156],"chl_gsm\/21.1.0":["{{v}}",6132666,422468],"chl_gsm\/21.1.1":["{{v}}",6555134,583227],"chl_gsm\/21.1.2":["{{v}}",7138361,792590],"chl_gsm\/21.1.3":["{{v}}",7930951,574876],"chl_gsm\/21.1.4":["{{v}}",8505827,489437],"chl_gsm\/21.2.0":["{{v}}",8995264,69500],"chl_gsm\/21.2.1":["{{v}}",9064764,2866525],"chl_gsm\/21.2.2":["{{v}}",11931289,26413],"chl_gsm\/21.2.3":["{{v}}",11957702,715303],"chl_gsm\/21.2.4":["{{v}}",12673005,1643778],"chl_gsm\/21.3.0":["{{v}}",14316783,10995],"chl_gsm\/21.3.1":["{{v}}",14327778,2071265],"chl_gsm\/21.3.2":["{{v}}",16399043,2165826],"chl_gsm\/21.3.3":["{{v}}",18564869,2155863],"chl_gsm\/21.3.4":["{{v}}",20720732,1611934],"chl_gsm\/21.4.0":["{{v}}",22332666,523072],"chl_gsm\/21.4.1":["{{v}}",22855738,1610755],"chl_gsm\/21.4.2":["{{v}}",24466493,193407],"chl_gsm\/21.4.3":["{{v}}",24659900,223953],"chl_gsm\/21.4.4":["{{v}}",24883853,1069463],"chl_gsm\/22.0.0":["{{w}}",151217,3997971],"chl_gsm\/22.0.1":["{{w}}",4149188,529528],"chl_gsm\/22.0.2":["{{w}}",4678716,1616489],"chl_gsm\/22.0.3":["{{w}}",6295205,2718778],"chl_gsm\/22.0.4":["{{w}}",9013983,1225010],"chl_gsm\/22.1.0":["{{w}}",10238993,2066153],"chl_gsm\/22.1.1":["{{w}}",12305146,1142953],"chl_gsm\/22.1.2":["{{w}}",13448099,1193563],"chl_gsm\/22.1.3":["{{w}}",14641662,1029261],"chl_gsm\/22.1.4":["{{w}}",15670923,410246],"chl_gsm\/22.2.0":["{{w}}",16081169,1065734],"chl_gsm\/22.2.1":["{{w}}",17146903,2529626],"chl_gsm\/22.2.2":["{{w}}",19676529,11270],"chl_gsm\/22.2.3":["{{w}}",19687799,942898],"chl_gsm\/22.2.4":["{{w}}",20630697,1724950],"chl_gsm\/22.3.0":["{{w}}",22355647,124581],"chl_gsm\/22.3.1":["{{w}}",22480228,1633664],"chl_gsm\/22.3.2":["{{w}}",24113892,4181288],"chl_gsm\/22.3.3":["{{w}}",28295180,2861650],"chl_gsm\/22.3.4":["{{w}}",31156830,1354819],"chl_gsm\/22.4.0":["{{w}}",32511649,12253],"chl_gsm\/22.4.1":["{{w}}",32523902,1167982],"chl_gsm\/22.4.2":["{{w}}",33691884,111084],"chl_gsm\/22.4.3":["{{w}}",33802968,449706],"chl_gsm\/22.4.4":["{{w}}",34252674,632078],"chl_gsm\/23.0.0":["{{x}}",151217,362677],"chl_gsm\/23.0.1":["{{x}}",513894,1891378],"chl_gsm\/23.0.2":["{{x}}",2405272,2113718],"chl_gsm\/23.0.3":["{{x}}",4518990,1936933],"chl_gsm\/23.0.4":["{{x}}",6455923,527336],"chl_gsm\/23.1.0":["{{x}}",6983259,1506730],"chl_gsm\/23.1.1":["{{x}}",8489989,935071],"chl_gsm\/23.1.2":["{{x}}",9425060,1493646],"chl_gsm\/23.1.3":["{{x}}",10918706,561609],"chl_gsm\/23.1.4":["{{x}}",11480315,23736],"chl_gsm\/23.2.0":["{{x}}",11504051,1599902],"chl_gsm\/23.2.1":["{{x}}",13103953,1351588],"chl_gsm\/23.2.2":["{{x}}",14455541,11471],"chl_gsm\/23.2.3":["{{x}}",14467012,411857],"chl_gsm\/23.2.4":["{{x}}",14878869,1768171],"chl_gsm\/23.3.0":["{{x}}",16647040,2385991],"chl_gsm\/23.3.1":["{{x}}",19033031,1837186],"chl_gsm\/23.3.2":["{{x}}",20870217,2323711],"chl_gsm\/23.3.3":["{{x}}",23193928,3074709],"chl_gsm\/23.3.4":["{{x}}",26268637,2133279],"chl_gsm\/23.4.0":["{{x}}",28401916,98562],"chl_gsm\/23.4.1":["{{x}}",28500478,1634956],"chl_gsm\/23.4.2":["{{x}}",30135434,1412225],"chl_gsm\/23.4.3":["{{x}}",31547659,548052],"chl_gsm\/23.4.4":["{{x}}",32095711,2647964],"chl_gsm\/24.0.0":["{{y}}",151217,42524],"chl_gsm\/24.0.1":["{{y}}",193741,1062689],"chl_gsm\/24.0.2":["{{y}}",1256430,2495354],"chl_gsm\/24.0.3":["{{y}}",3751784,1749417],"chl_gsm\/24.0.4":["{{y}}",5501201,743468],"chl_gsm\/24.1.0":["{{y}}",6244669,519951],"chl_gsm\/24.1.1":["{{y}}",6764620,1442559],"chl_gsm\/24.1.2":["{{y}}",8207179,473249],"chl_gsm\/24.1.3":["{{y}}",8680428,417427],"chl_gsm\/24.1.4":["{{y}}",9097855,212983],"chl_gsm\/24.2.0":["{{y}}",9310838,980572],"chl_gsm\/24.2.1":["{{y}}",10291410,1777891],"chl_gsm\/24.2.2":["{{y}}",12069301,10921],"chl_gsm\/24.2.3":["{{y}}",12080222,1020809],"chl_gsm\/24.2.4":["{{y}}",13101031,331318],"chl_gsm\/24.3.0":["{{y}}",13432349,599570],"chl_gsm\/24.3.1":["{{y}}",14031919,2383689],"chl_gsm\/24.3.2":["{{y}}",16415608,2874425],"chl_gsm\/24.3.3":["{{y}}",19290033,1704950],"chl_gsm\/24.3.4":["{{y}}",20994983,265898],"chl_gsm\/24.4.0":["{{y}}",21260881,12197],"chl_gsm\/24.4.1":["{{y}}",21273078,1134351],"chl_gsm\/24.4.2":["{{y}}",22407429,1676079],"chl_gsm\/24.4.3":["{{y}}",24083508,159183],"chl_gsm\/24.4.4":["{{y}}",24242691,609970],"chl_gsm\/25.0.0":["{{z}}",151217,1321484],"chl_gsm\/25.0.1":["{{z}}",1472701,2193346],"chl_gsm\/25.0.2":["{{z}}",3666047,2923885],"chl_gsm\/25.0.3":["{{z}}",6589932,1403370],"chl_gsm\/25.0.4":["{{z}}",7993302,200498],"chl_gsm\/25.1.0":["{{z}}",8193800,1807163],"chl_gsm\/25.1.1":["{{z}}",10000963,803181],"chl_gsm\/25.1.2":["{{z}}",10804144,728313],"chl_gsm\/25.1.3":["{{z}}",11532457,437844],"chl_gsm\/25.1.4":["{{z}}",11970301,399425],"chl_gsm\/25.2.0":["{{z}}",12369726,3379684],"chl_gsm\/25.2.1":["{{z}}",15749410,1302838],"chl_gsm\/25.2.2":["{{z}}",17052248,10921],"chl_gsm\/25.2.3":["{{z}}",17063169,820240],"chl_gsm\/25.2.4":["{{z}}",17883409,1934899],"chl_gsm\/25.3.0":["{{z}}",19818308,1330354],"chl_gsm\/25.3.1":["{{z}}",21148662,1936488],"chl_gsm\/25.3.2":["{{z}}",23085150,4259989],"chl_gsm\/25.3.3":["{{z}}",27345139,927912],"chl_gsm\/25.3.4":["{{z}}",28273051,2673466],"chl_gsm\/25.4.0":["{{z}}",30946517,839762],"chl_gsm\/25.4.1":["{{z}}",31786279,1355433],"chl_gsm\/25.4.2":["{{z}}",33141712,2182906],"chl_gsm\/25.4.3":["{{z}}",35324618,2364307],"chl_gsm\/25.4.4":["{{z}}",37688925,378718],"chl_gsm\/26.0.0":["{{A}}",151217,425896],"chl_gsm\/26.0.1":["{{A}}",577113,603035],"chl_gsm\/26.0.2":["{{A}}",1180148,1957533],"chl_gsm\/26.0.3":["{{A}}",3137681,1409176],"chl_gsm\/26.0.4":["{{A}}",4546857,10921],"chl_gsm\/26.1.0":["{{A}}",4557778,307471],"chl_gsm\/26.1.1":["{{A}}",4865249,1130196],"chl_gsm\/26.1.2":["{{A}}",5995445,879045],"chl_gsm\/26.1.3":["{{A}}",6874490,250541],"chl_gsm\/26.1.4":["{{A}}",7125031,10921],"chl_gsm\/26.2.0":["{{A}}",7135952,469827],"chl_gsm\/26.2.1":["{{A}}",7605779,1540622],"chl_gsm\/26.2.2":["{{A}}",9146401,15783],"chl_gsm\/26.2.3":["{{A}}",9162184,1252755],"chl_gsm\/26.2.4":["{{A}}",10414939,845499],"chl_gsm\/26.3.0":["{{A}}",11260438,362728],"chl_gsm\/26.3.1":["{{A}}",11623166,2540349],"chl_gsm\/26.3.2":["{{A}}",14163515,3838182],"chl_gsm\/26.3.3":["{{A}}",18001697,2787305],"chl_gsm\/26.3.4":["{{A}}",20789002,1005715],"chl_gsm\/26.4.0":["{{A}}",21794717,21543],"chl_gsm\/26.4.1":["{{A}}",21816260,1719742],"chl_gsm\/26.4.2":["{{A}}",23536002,904209],"chl_gsm\/26.4.3":["{{A}}",24440211,1703358],"chl_gsm\/26.4.4":["{{A}}",26143569,992765],"chl_gsm\/27.0.0":["{{B}}",151217,205611],"chl_gsm\/27.0.1":["{{B}}",356828,942135],"chl_gsm\/27.0.2":["{{B}}",1298963,617949],"chl_gsm\/27.0.3":["{{B}}",1916912,600787],"chl_gsm\/27.0.4":["{{B}}",2517699,209255],"chl_gsm\/27.1.0":["{{B}}",2726954,1350744],"chl_gsm\/27.1.1":["{{B}}",4077698,836281],"chl_gsm\/27.1.2":["{{B}}",4913979,1153115],"chl_gsm\/27.1.3":["{{B}}",6067094,917780],"chl_gsm\/27.1.4":["{{B}}",6984874,71205],"chl_gsm\/27.2.0":["{{B}}",7056079,2632207],"chl_gsm\/27.2.1":["{{B}}",9688286,1328805],"chl_gsm\/27.2.2":["{{B}}",11017091,68243],"chl_gsm\/27.2.3":["{{B}}",11085334,468553],"chl_gsm\/27.2.4":["{{B}}",11553887,2846097],"chl_gsm\/27.3.0":["{{B}}",14399984,1560620],"chl_gsm\/27.3.1":["{{B}}",15960604,2685131],"chl_gsm\/27.3.2":["{{B}}",18645735,1435455],"chl_gsm\/27.3.3":["{{B}}",20081190,2648235],"chl_gsm\/27.3.4":["{{B}}",22729425,3920346],"chl_gsm\/27.4.0":["{{B}}",26649771,754978],"chl_gsm\/27.4.1":["{{B}}",27404749,693624],"chl_gsm\/27.4.2":["{{B}}",28098373,2248627],"chl_gsm\/27.4.3":["{{B}}",30347000,1153261],"chl_gsm\/27.4.4":["{{B}}",31500261,582248],"chl_gsm\/28.0.0":["{{C}}",151217,265460],"chl_gsm\/28.0.1":["{{C}}",416677,363516],"chl_gsm\/28.0.2":["{{C}}",780193,2215475],"chl_gsm\/28.0.3":["{{C}}",2995668,1364792],"chl_gsm\/28.0.4":["{{C}}",4360460,108402],"chl_gsm\/28.1.0":["{{C}}",4468862,78268],"chl_gsm\/28.1.1":["{{C}}",4547130,1493427],"chl_gsm\/28.1.2":["{{C}}",6040557,1707800],"chl_gsm\/28.1.3":["{{C}}",7748357,533875],"chl_gsm\/28.1.4":["{{C}}",8282232,34654],"chl_gsm\/28.2.0":["{{C}}",8316886,250037],"chl_gsm\/28.2.1":["{{C}}",8566923,2096569],"chl_gsm\/28.2.2":["{{C}}",10663492,24102],"chl_gsm\/28.2.3":["{{C}}",10687594,928800],"chl_gsm\/28.2.4":["{{C}}",11616394,961335],"chl_gsm\/28.3.0":["{{C}}",12577729,10921],"chl_gsm\/28.3.1":["{{C}}",12588650,2581143],"chl_gsm\/28.3.2":["{{C}}",15169793,1226009],"chl_gsm\/28.3.3":["{{C}}",16395802,1987485],"chl_gsm\/28.3.4":["{{C}}",18383287,3310789],"chl_gsm\/28.4.0":["{{C}}",21694076,10921],"chl_gsm\/28.4.1":["{{C}}",21704997,440005],"chl_gsm\/28.4.2":["{{C}}",22145002,2024288],"chl_gsm\/28.4.3":["{{C}}",24169290,1105179],"chl_gsm\/28.4.4":["{{C}}",25274469,679599],"chl_gsm\/29.0.0":["{{D}}",151217,514688],"chl_gsm\/29.0.1":["{{D}}",665905,434634],"chl_gsm\/29.0.2":["{{D}}",1100539,1015217],"chl_gsm\/29.0.3":["{{D}}",2115756,92157],"chl_gsm\/29.0.4":["{{D}}",2207913,2612290],"chl_gsm\/29.1.0":["{{D}}",4820203,685172],"chl_gsm\/29.1.1":["{{D}}",5505375,1609553],"chl_gsm\/29.1.2":["{{D}}",7114928,2066715],"chl_gsm\/29.1.3":["{{D}}",9181643,860248],"chl_gsm\/29.1.4":["{{D}}",10041891,1346123],"chl_gsm\/29.2.0":["{{D}}",11388014,1739701],"chl_gsm\/29.2.1":["{{D}}",13127715,1478809],"chl_gsm\/29.2.2":["{{D}}",14606524,68504],"chl_gsm\/29.2.3":["{{D}}",14675028,1752618],"chl_gsm\/29.2.4":["{{D}}",16427646,1206537],"chl_gsm\/29.3.0":["{{D}}",17634183,513588],"chl_gsm\/29.3.1":["{{D}}",18147771,1097404],"chl_gsm\/29.3.2":["{{D}}",19245175,2542505],"chl_gsm\/29.3.3":["{{D}}",21787680,1403246],"chl_gsm\/29.3.4":["{{D}}",23190926,3422827],"chl_gsm\/29.4.0":["{{D}}",26613753,252493],"chl_gsm\/29.4.1":["{{D}}",26866246,366461],"chl_gsm\/29.4.2":["{{D}}",27232707,1350340],"chl_gsm\/29.4.3":["{{D}}",28583047,1624597],"chl_gsm\/29.4.4":["{{D}}",30207644,176280],"chl_gsm\/30.0.0":["{{E}}",151217,32771],"chl_gsm\/30.0.1":["{{E}}",183988,305165],"chl_gsm\/30.0.2":["{{E}}",489153,2106574],"chl_gsm\/30.0.3":["{{E}}",2595727,1021453],"chl_gsm\/30.0.4":["{{E}}",3617180,197848],"chl_gsm\/30.1.0":["{{E}}",3815028,17998],"chl_gsm\/30.1.1":["{{E}}",3833026,2383440],"chl_gsm\/30.1.2":["{{E}}",6216466,760675],"chl_gsm\/30.1.3":["{{E}}",6977141,1033459],"chl_gsm\/30.1.4":["{{E}}",8010600,1128012],"chl_gsm\/30.2.0":["{{E}}",9138612,1964760],"chl_gsm\/30.2.1":["{{E}}",11103372,2395546],"chl_gsm\/30.2.2":["{{E}}",13498918,40654],"chl_gsm\/30.2.3":["{{E}}",13539572,1288578],"chl_gsm\/30.2.4":["{{E}}",14828150,1567646],"chl_gsm\/30.3.0":["{{E}}",16395796,2477949],"chl_gsm\/30.3.1":["{{E}}",18873745,1139420],"chl_gsm\/30.3.2":["{{E}}",20013165,1147259],"chl_gsm\/30.3.3":["{{E}}",21160424,1283324],"chl_gsm\/30.3.4":["{{E}}",22443748,2266718],"chl_gsm\/30.4.0":["{{E}}",24710466,1654274],"chl_gsm\/30.4.1":["{{E}}",26364740,1155783],"chl_gsm\/30.4.2":["{{E}}",27520523,372760],"chl_gsm\/30.4.3":["{{E}}",27893283,2369354],"chl_gsm\/30.4.4":["{{E}}",30262637,1651961]}}