{"version":1,"templates":{"a":"s3:\/\/imos-data\/IMOS\/SRS\/OC\/gridded\/aqua\/P1D\/2004\/07\/A.P1D.20040701T053000Z.aust.chl_oc3.nc","b":"s3:\/\/imos-data\/IMOS\/SRS\/OC\/gridded\/aqua\/P1D\/2004\/07\/A.P1D.20040702T053000Z.aust.chl_oc3.nc","c":"s3:\/\/imos-data\/IMOS\/SRS\/OC\/gridded\/aqua\/P1D\/2004\/07\/A.P1D.20040703T053000Z.aust.chl_oc3.nc","d":"s3:\/\/imos-data\/IMOS\/SRS\/OC\/gridded\/aqua\/P1D\/2004\/07\/A.P1D.20040704T053000Z.aust.chl_oc3.nc","e":"s3:\/\/imos-data\/IMOS\/SRS\/OC\/gridded\/aqua\/P1D\/2004\/07\/A.P1D.20040705T053000Z.aust.chl_oc3.nc","f":"s3:\/\/imos-data\/IMOS\/SRS\/OC\/gridded\/aqua\/P1D\/2004\/07\/A.P1D.20040706T053000Z.aust.chl_oc3.nc","g":"s3:\/\/imos-data\/IMOS\/SRS\/OC\/gridded\/aqua\/P1D\/2004\/07\/A.P1D.20040707T053000Z.aust.chl_oc3.nc","h":"s3:\/\/imos-data\/IMOS\/SRS\/OC\/gridded\/aqua\/P1D\/2004\/07\/A.P1D.20040708T053000Z.aust.chl_oc3.nc","i":"s3:\/\/imos-data\/IMOS\/SRS\/OC\/gridded\/aqua\/P1D\/2004\/07\/A.P1D.20040709T053000Z.aust.chl_oc3.nc","j":"s3:\/\/imos-data\/IMOS\/SRS\/OC\/gridded\/aqua\/P1D\/2004\/07\/A.P1D.20040710T053000Z.aust.chl_oc3.nc","k":"s3:\/\/imos-data\/IMOS\/SRS\/OC\/gridded\/aqua\/P1D\/2004\/07\/A.P1D.20040711T053000Z.aust.chl_oc3.nc","l":"s3:\/\/imos-data\/IMOS\/SRS\/OC\/gridded\/aqua\/P1D\/2004\/07\/A.P1D.20040712T053000Z.aust.chl_oc3.nc","m":"s3:\/\/imos-data\/IMOS\/SRS\/OC\/gridded\/aqua\/P1D\/2004\/07\/A.P1D.20040713T053000Z.aust.chl_oc3.nc","n":"s3:\/\/imos-data\/IMOS\/SRS\/OC\/gridded\/aqua\/P1D\/2004\/07\/A.P1D.20040714T053000Z.aust.chl_oc3.nc","o":"s3:\/\/imos-data\/IMOS\/SRS\/OC\/gridded\/aqua\/P1D\/2004\/07\/A.P1D.20040715T053000Z.aust.chl_oc3.nc","p":"s3:\/\/imos-data\/IMOS\/SRS\/OC\/gridded\/aqua\/P1D\/2004\/07\/A.P1D.20040716T053000Z.aust.chl_oc3.nc","q":"s3:\/\/imos-data\/IMOS\/SRS\/OC\/gridded\/aqua\/P1D\/2004\/07\/A.P1D.20040717T053000Z.aust.chl_oc3.nc","r":"s3:\/\/imos-data\/IMOS\/SRS\/OC\/gridded\/aqua\/P1D\/2004\/07\/A.P1D.20040718T053000Z.aust.chl_oc3.nc","s":"s3:\/\/imos-data\/IMOS\/SRS\/OC\/gridded\/aqua\/P1D\/2004\/07\/A.P1D.20040719T053000Z.aust.chl_oc3.nc","t":"s3:\/\/imos-data\/IMOS\/SRS\/OC\/gridded\/aqua\/P1D\/2004\/07\/A.P1D.20040720T053000Z.aust.chl_oc3.nc","u":"s3:\/\/imos-data\/IMOS\/SRS\/OC\/gridded\/aqua\/P1D\/2004\/07\/A.P1D.20040721T053000Z.aust.chl_oc3.nc","v":"s3:\/\/imos-data\/IMOS\/SRS\/OC\/gridded\/aqua\/P1D\/2004\/07\/A.P1D.20040722T053000Z.aust.chl_oc3.nc","w":"s3:\/\/imos-data\/IMOS\/SRS\/OC\/gridded\/aqua\/P1D\/2004\/07\/A.P1D.20040723T053000Z.aust.chl_oc3.nc","x":"s3:\/\/imos-data\/IMOS\/SRS\/OC\/gridded\/aqua\/P1D\/2004\/07\/A.P1D.20040724T053000Z.aust.chl_oc3.nc","y":"s3:\/\/imos-data\/IMOS\/SRS\/OC\/gridded\/aqua\/P1D\/2004\/07\/A.P1D.20040725T053000Z.aust.chl_oc3.nc","z":"s3:\/\/imos-data\/IMOS\/SRS\/OC\/gridded\/aqua\/P1D\/2004\/07\/A.P1D.20040726T053000Z.aust.chl_oc3.nc","A":"s3:\/\/imos-data\/IMOS\/SRS\/OC\/gridded\/aqua\/P1D\/2004\/07\/A.P1D.20040727T053000Z.aust.chl_oc3.nc","B":"s3:\/\/imos-data\/IMOS\/SRS\/OC\/gridded\/aqua\/P1D\/2004\/07\/A.P1D.20040728T053000Z.aust.chl_oc3.nc","C":"s3:\/\/imos-data\/IMOS\/SRS\/OC\/gridded\/aqua\/P1D\/2004\/07\/A.P1D.20040729T053000Z.aust.chl_oc3.nc","D":"s3:\/\/imos-data\/IMOS\/SRS\/OC\/gridded\/aqua\/P1D\/2004\/07\/A.P1D.20040730T053000Z.aust.chl_oc3.nc","E":"s3:\/\/imos-data\/IMOS\/SRS\/OC\/gridded\/aqua\/P1D\/2004\/07\/A.P1D.20040731T053000Z.aust.chl_oc3.nc"},"refs":{".zgroup":"{\"zarr_format\":2}",".zattrs":"{\"Conventions\":\"CF-1.6\",\"_NCProperties\":\"version=1|netcdflibversion=4.6.1|hdf5libversion=1.10.4\",\"_nc3_strict\":1,\"history\":\"File initialised at 2020-08-06T02:19:41.621415\\nInitialised var chl_oc3 at 2020-08-06T02:19:52.480045\\nAdd Granule A20040701_0310.20190925023946.L2OC_BASE.chl_oc3.nc at 2020-08-06T02:19:53.321749\\nAdd Granule A20040701_0315.20190925020540.L2OC_BASE.chl_oc3.nc at 2020-08-06T02:19:53.594340\\nAdd Granule A20040701_0320.20190925015210.L2OC_BASE.chl_oc3.nc at 2020-08-06T02:19:53.800742\\nAdd Granule A20040701_0325.20190925021203.L2OC_BASE.chl_oc3.nc at 2020-08-06T02:19:54.016430\\nAdd Granule A20040701_0330.20190925013908.L2OC_BASE.chl_oc3.nc at 2020-08-06T02:19:54.190938\\nAdd Granule A20040701_0450.20190925021922.L2OC_BASE.chl_oc3.nc at 2020-08-06T02:19:54.410740\\nAdd Granule A20040701_0455.20190925022426.L2OC_BASE.chl_oc3.nc at 2020-08-06T02:19:54.641681\\nAdd Granule A20040701_0500.20190925014821.L2OC_BASE.chl_oc3.nc at 2020-08-06T02:19:54.843843\\nAdd Granule A20040701_0505.20190925022943.L2OC_BASE.chl_oc3.nc at 2020-08-06T02:19:55.047984\\nAdd Granule A20040701_0510.20190925020038.L2OC_BASE.chl_oc3.nc at 2020-08-06T02:19:55.162133\\nAdd Granule A20040701_0630.20190925013355.L2OC_BASE.chl_oc3.nc at 2020-08-06T02:19:55.422663\\nAdd Granule A20040701_0635.20190925012820.L2OC_BASE.chl_oc3.nc at 2020-08-06T02:19:55.606897\\nAdd Granule A20040701_0640.20190925024856.L2OC_BASE.chl_oc3.nc at 2020-08-06T02:19:55.813148\\nAdd Granule A20040701_0645.20190925024407.L2OC_BASE.chl_oc3.nc at 2020-08-06T02:19:55.975862\",\"source_path\":\"imos-srs\\\/archive\\\/oc\\\/aqua\\\/1d\\\/v201909\\\/2004\\\/07\\\/A20040701.L2OC_BASE.aust.chl_oc3.nc\"}","chl_oc3\/.zarray":"{\"chunks\":[1,1401,2001],\"compressor\":{\"id\":\"zlib\",\"level\":4},\"dtype\":\"<f4\",\"fill_value\":-999.0,\"filters\":[{\"elementsize\":4,\"id\":\"shuffle\"}],\"order\":\"C\",\"shape\":[31,7001,10001],\"zarr_format\":2}","chl_oc3\/.zattrs":"{\"_ARRAY_DIMENSIONS\":[\"time\",\"latitude\",\"longitude\"],\"flag_applied\":\"HISATZEN LAND CLDICE NAVFAIL\",\"long_name\":\"Chlorophyll Concentration, OC3 Algorithm\",\"units\":\"mg\\\/m^3\"}","latitude\/.zarray":"{\n    \"chunks\": [\n        7001\n    ],\n    \"compressor\": null,\n    \"dtype\": \"<f8\",\n    \"fill_value\": 9.969209968386869e+36,\n    \"filters\": null,\n    \"order\": \"C\",\n    \"shape\": [\n        7001\n    ],\n    \"zarr_format\": 2\n}","latitude\/.zattrs":"{\n    \"NAME\": \"latitude\",\n    \"_ARRAY_DIMENSIONS\": [\n        \"latitude\"\n    ],\n    \"_Netcdf4Dimid\": 1,\n    \"axis\": \"Y\",\n    \"long_name\": \"latitude\",\n    \"standard_name\": \"latitude\",\n    \"units\": \"degrees_north\"\n}","latitude\/0":["{{a}}",2392,56008],"longitude\/.zarray":"{\n    \"chunks\": [\n        10001\n    ],\n    \"compressor\": null,\n    \"dtype\": \"<f8\",\n    \"fill_value\": 9.969209968386869e+36,\n    \"filters\": null,\n    \"order\": \"C\",\n    \"shape\": [\n        10001\n    ],\n    \"zarr_format\": 2\n}","longitude\/.zattrs":"{\n    \"NAME\": \"longitude\",\n    \"_ARRAY_DIMENSIONS\": [\n        \"longitude\"\n    ],\n    \"_Netcdf4Dimid\": 2,\n    \"axis\": \"X\",\n    \"long_name\": \"longitude\",\n    \"standard_name\": \"longitude\",\n    \"units\": \"degrees_east\"\n}","longitude\/0":["{{a}}",58400,80008],"time\/.zarray":"{\"chunks\":[31],\"compressor\":{\"blocksize\":0,\"clevel\":5,\"cname\":\"lz4\",\"id\":\"blosc\",\"shuffle\":1},\"dtype\":\"<M8[us]\",\"fill_value\":0,\"filters\":null,\"order\":\"C\",\"shape\":[31],\"zarr_format\":2}","time\/0":"base64:AgExCPgAAAD4AAAAtgAAABQAAACeAAAAHwABAAv7AQZmxiaG5kamBmbGJobmRqYQAPNfqYBXLwbdtYxkOxLqwZhwRx\/2zaV8UysC2rGIYDcO5lx6mLbU8Q8tS2mHpMLg\/hw6V3WTsc\/tCyhGZIKgvtshNUldcYWarsLW6v4SJjpPY3eLn7PH2\/AEGCxAVGh83t7e3t7e3t7e3t7e39\/f398FABLgAQAfAwEACw\/YAAdQAAAAAAA=","time\/.zattrs":"{\"NAME\":\"time\",\"_ARRAY_DIMENSIONS\":[\"time\"],\"_Netcdf4Dimid\":0,\"axis\":\"T\",\"long_name\":\"time\",\"standard_name\":\"time\"}","chl_oc3\/0.0.0":["{{a}}",151221,131787],"chl_oc3\/0.0.1":["{{a}}",283008,250374],"chl_oc3\/0.0.2":["{{a}}",533382,3056162],"chl_oc3\/0.0.3":["{{a}}",3589544,3961454],"chl_oc3\/0.0.4":["{{a}}",7550998,34040],"chl_oc3\/0.1.0":["{{a}}",7585038,609776],"chl_oc3\/0.1.1":["{{a}}",8194814,2712657],"chl_oc3\/0.1.2":["{{a}}",10907471,3811346],"chl_oc3\/0.1.3":["{{a}}",14718817,2501404],"chl_oc3\/0.1.4":["{{a}}",17220221,293247],"chl_oc3\/0.2.0":["{{a}}",17513468,417738],"chl_oc3\/0.2.1":["{{a}}",17931206,3252873],"chl_oc3\/0.2.2":["{{a}}",21184079,88771],"chl_oc3\/0.2.3":["{{a}}",21272850,1999983],"chl_oc3\/0.2.4":["{{a}}",23272833,1464893],"chl_oc3\/0.3.0":["{{a}}",24737726,27328],"chl_oc3\/0.3.1":["{{a}}",24765054,773511],"chl_oc3\/0.3.2":["{{a}}",25538565,1343779],"chl_oc3\/0.3.3":["{{a}}",26882344,2286484],"chl_oc3\/0.3.4":["{{a}}",29168828,1665355],"chl_oc3\/0.4.0":["{{a}}",30834183,10921],"chl_oc3\/0.4.1":["{{a}}",30845104,844576],"chl_oc3\/0.4.2":["{{a}}",31689680,597092],"chl_oc3\/0.4.3":["{{a}}",32286772,633134],"chl_oc3\/0.4.4":["{{a}}",32919906,255679],"chl_oc3\/1.0.0":["{{b}}",151221,388224],"chl_oc3\/1.0.1":["{{b}}",539445,624048],"chl_oc3\/1.0.2":["{{b}}",1163493,2323908],"chl_oc3\/1.0.3":["{{b}}",3487401,3120121],"chl_oc3\/1.0.4":["{{b}}",6607522,3463458],"chl_oc3\/1.1.0":["{{b}}",10070980,1405303],"chl_oc3\/1.1.1":["{{b}}",11476283,2515422],"chl_oc3\/1.1.2":["{{b}}",13991705,2576812],"chl_oc3\/1.1.3":["{{b}}",16568517,1992930],"chl_oc3\/1.1.4":["{{b}}",18561447,1632147],"chl_oc3\/1.2.0":["{{b}}",20193594,1795589],"chl_oc3\/1.2.1":["{{b}}",21989183,1299907],"chl_oc3\/1.2.2":["{{b}}",23289090,144658],"chl_oc3\/1.2.3":["{{b}}",23433748,803884],"chl_oc3\/1.2.4":["{{b}}",24237632,2679456],"chl_oc3\/1.3.0":["{{b}}",26917088,349264],"chl_oc3\/1.3.1":["{{b}}",27266352,1077084],"chl_oc3\/1.3.2":["{{b}}",28343436,1849816],"chl_oc3\/1.3.3":["{{b}}",30193252,2146742],"chl_oc3\/1.3.4":["{{b}}",32339994,418674],"chl_oc3\/1.4.0":["{{b}}",32758668,60642],"chl_oc3\/1.4.1":["{{b}}",32819310,480556],"chl_oc3\/1.4.2":["{{b}}",33299866,599724],"chl_oc3\/1.4.3":["{{b}}",33899590,423809],"chl_oc3\/1.4.4":["{{b}}",34323399,169280],"chl_oc3\/2.0.0":["{{c}}",151221,22076],"chl_oc3\/2.0.1":["{{c}}",173297,1125149],"chl_oc3\/2.0.2":["{{c}}",1298446,3563997],"chl_oc3\/2.0.3":["{{c}}",4862443,2835174],"chl_oc3\/2.0.4":["{{c}}",7697617,486522],"chl_oc3\/2.1.0":["{{c}}",8184139,18815],"chl_oc3\/2.1.1":["{{c}}",8202954,2689881],"chl_oc3\/2.1.2":["{{c}}",10892835,3623244],"chl_oc3\/2.1.3":["{{c}}",14516079,2650318],"chl_oc3\/2.1.4":["{{c}}",17166397,446101],"chl_oc3\/2.2.0":["{{c}}",17612498,24151],"chl_oc3\/2.2.1":["{{c}}",17636649,3069324],"chl_oc3\/2.2.2":["{{c}}",20705973,28653],"chl_oc3\/2.2.3":["{{c}}",20734626,1977726],"chl_oc3\/2.2.4":["{{c}}",22712352,1776999],"chl_oc3\/2.3.0":["{{c}}",24489351,10921],"chl_oc3\/2.3.1":["{{c}}",24500272,2405339],"chl_oc3\/2.3.2":["{{c}}",26905611,1174211],"chl_oc3\/2.3.3":["{{c}}",28079822,2780913],"chl_oc3\/2.3.4":["{{c}}",30860735,2412298],"chl_oc3\/2.4.0":["{{c}}",33273033,79890],"chl_oc3\/2.4.1":["{{c}}",33352923,857827],"chl_oc3\/2.4.2":["{{c}}",34210750,888095],"chl_oc3\/2.4.3":["{{c}}",35098845,272631],"chl_oc3\/2.4.4":["{{c}}",35371476,635855],"chl_oc3\/3.0.0":["{{d}}",151221,92374],"chl_oc3\/3.0.1":["{{d}}",243595,1579582],"chl_oc3\/3.0.2":["{{d}}",1823177,3168642],"chl_oc3\/3.0.3":["{{d}}",4991819,2797789],"chl_oc3\/3.0.4":["{{d}}",7789608,5369305],"chl_oc3\/3.1.0":["{{d}}",13158913,140547],"chl_oc3\/3.1.1":["{{d}}",13299460,2514360],"chl_oc3\/3.1.2":["{{d}}",15813820,3309406],"chl_oc3\/3.1.3":["{{d}}",19123226,1919403],"chl_oc3\/3.1.4":["{{d}}",21042629,1753337],"chl_oc3\/3.2.0":["{{d}}",22795966,2633459],"chl_oc3\/3.2.1":["{{d}}",25429425,2267878],"chl_oc3\/3.2.2":["{{d}}",27697303,58503],"chl_oc3\/3.2.3":["{{d}}",27755806,1734883],"chl_oc3\/3.2.4":["{{d}}",29490689,2373804],"chl_oc3\/3.3.0":["{{d}}",31864493,202007],"chl_oc3\/3.3.1":["{{d}}",32066500,1830544],"chl_oc3\/3.3.2":["{{d}}",33897044,2900027],"chl_oc3\/3.3.3":["{{d}}",36797071,2574859],"chl_oc3\/3.3.4":["{{d}}",39371930,207745],"chl_oc3\/3.4.0":["{{d}}",39579675,39331],"chl_oc3\/3.4.1":["{{d}}",39619006,282427],"chl_oc3\/3.4.2":["{{d}}",39901433,1219134],"chl_oc3\/3.4.3":["{{d}}",41120567,259492],"chl_oc3\/3.4.4":["{{d}}",41380059,192464],"chl_oc3\/4.0.0":["{{e}}",151221,13093],"chl_oc3\/4.0.1":["{{e}}",164314,526227],"chl_oc3\/4.0.2":["{{e}}",690541,4511608],"chl_oc3\/4.0.3":["{{e}}",5202149,3015923],"chl_oc3\/4.0.4":["{{e}}",8218072,1472016],"chl_oc3\/4.1.0":["{{e}}",9690088,873462],"chl_oc3\/4.1.1":["{{e}}",10563550,4156420],"chl_oc3\/4.1.2":["{{e}}",14719970,3047620],"chl_oc3\/4.1.3":["{{e}}",17767590,1330339],"chl_oc3\/4.1.4":["{{e}}",19097929,1085158],"chl_oc3\/4.2.0":["{{e}}",20183087,2187837],"chl_oc3\/4.2.1":["{{e}}",22370924,3122945],"chl_oc3\/4.2.2":["{{e}}",25493869,111861],"chl_oc3\/4.2.3":["{{e}}",25605730,2131529],"chl_oc3\/4.2.4":["{{e}}",27737259,3207982],"chl_oc3\/4.3.0":["{{e}}",30945241,1193181],"chl_oc3\/4.3.1":["{{e}}",32138422,1559611],"chl_oc3\/4.3.2":["{{e}}",33698033,2959927],"chl_oc3\/4.3.3":["{{e}}",36657960,1948324],"chl_oc3\/4.3.4":["{{e}}",38606284,3121604],"chl_oc3\/4.4.0":["{{e}}",41727888,439907],"chl_oc3\/4.4.1":["{{e}}",42167795,439771],"chl_oc3\/4.4.2":["{{e}}",42607566,485034],"chl_oc3\/4.4.3":["{{e}}",43092600,621252],"chl_oc3\/4.4.4":["{{e}}",43713852,528391],"chl_oc3\/5.0.0":["{{f}}",151221,255430],"chl_oc3\/5.0.1":["{{f}}",406651,1465196],"chl_oc3\/5.0.2":["{{f}}",1871847,2590413],"chl_oc3\/5.0.3":["{{f}}",4462260,3091479],"chl_oc3\/5.0.4":["{{f}}",7553739,5735506],"chl_oc3\/5.1.0":["{{f}}",13289245,421529],"chl_oc3\/5.1.1":["{{f}}",13710774,2657126],"chl_oc3\/5.1.2":["{{f}}",16367900,3427132],"chl_oc3\/5.1.3":["{{f}}",19795032,3286512],"chl_oc3\/5.1.4":["{{f}}",23081544,2484467],"chl_oc3\/5.2.0":["{{f}}",25566011,893581],"chl_oc3\/5.2.1":["{{f}}",26459592,1978538],"chl_oc3\/5.2.2":["{{f}}",28438130,150121],"chl_oc3\/5.2.3":["{{f}}",28588251,3066009],"chl_oc3\/5.2.4":["{{f}}",31654260,628583],"chl_oc3\/5.3.0":["{{f}}",32282843,303802],"chl_oc3\/5.3.1":["{{f}}",32586645,1671468],"chl_oc3\/5.3.2":["{{f}}",34258113,3944344],"chl_oc3\/5.3.3":["{{f}}",38202457,1898069],"chl_oc3\/5.3.4":["{{f}}",40100526,799141],"chl_oc3\/5.4.0":["{{f}}",40899667,72315],"chl_oc3\/5.4.1":["{{f}}",40971982,1161214],"chl_oc3\/5.4.2":["{{f}}",42133196,484648],"chl_oc3\/5.4.3":["{{f}}",42617844,1303060],"chl_oc3\/5.4.4":["{{f}}",43920904,504422],"chl_oc3\/6.0.0":["{{g}}",151221,1057659],"chl_oc3\/6.0.1":["{{g}}",1208880,1190390],"chl_oc3\/6.0.2":["{{g}}",2399270,2152124],"chl_oc3\/6.0.3":["{{g}}",4551394,2873959],"chl_oc3\/6.0.4":["{{g}}",7425353,2160612],"chl_oc3\/6.1.0":["{{g}}",9585965,1195131],"chl_oc3\/6.1.1":["{{g}}",10781096,4629669],"chl_oc3\/6.1.2":["{{g}}",15410765,2921541],"chl_oc3\/6.1.3":["{{g}}",18332306,1941058],"chl_oc3\/6.1.4":["{{g}}",20273364,2468930],"chl_oc3\/6.2.0":["{{g}}",22742294,2103715],"chl_oc3\/6.2.1":["{{g}}",24846009,1445104],"chl_oc3\/6.2.2":["{{g}}",26291113,104711],"chl_oc3\/6.2.3":["{{g}}",26395824,975355],"chl_oc3\/6.2.4":["{{g}}",27371179,3886405],"chl_oc3\/6.3.0":["{{g}}",31257584,840309],"chl_oc3\/6.3.1":["{{g}}",32097893,1362625],"chl_oc3\/6.3.2":["{{g}}",33460518,840357],"chl_oc3\/6.3.3":["{{g}}",34300875,1109179],"chl_oc3\/6.3.4":["{{g}}",35410054,3900054],"chl_oc3\/6.4.0":["{{g}}",39310108,254618],"chl_oc3\/6.4.1":["{{g}}",39564726,339946],"chl_oc3\/6.4.2":["{{g}}",39904672,104122],"chl_oc3\/6.4.3":["{{g}}",40008794,904146],"chl_oc3\/6.4.4":["{{g}}",40912940,1061145],"chl_oc3\/7.0.0":["{{h}}",151221,670021],"chl_oc3\/7.0.1":["{{h}}",821242,672623],"chl_oc3\/7.0.2":["{{h}}",1493865,2347783],"chl_oc3\/7.0.3":["{{h}}",3841648,4921318],"chl_oc3\/7.0.4":["{{h}}",8762966,10921],"chl_oc3\/7.1.0":["{{h}}",8773887,661903],"chl_oc3\/7.1.1":["{{h}}",9435790,2387705],"chl_oc3\/7.1.2":["{{h}}",11823495,3253909],"chl_oc3\/7.1.3":["{{h}}",15077404,2461522],"chl_oc3\/7.1.4":["{{h}}",17538926,104691],"chl_oc3\/7.2.0":["{{h}}",17643617,418516],"chl_oc3\/7.2.1":["{{h}}",18062133,1810553],"chl_oc3\/7.2.2":["{{h}}",19872686,93343],"chl_oc3\/7.2.3":["{{h}}",19966029,2775041],"chl_oc3\/7.2.4":["{{h}}",22741070,1394398],"chl_oc3\/7.3.0":["{{h}}",24135468,57785],"chl_oc3\/7.3.1":["{{h}}",24193253,1949745],"chl_oc3\/7.3.2":["{{h}}",26142998,456167],"chl_oc3\/7.3.3":["{{h}}",26599165,2256674],"chl_oc3\/7.3.4":["{{h}}",28855839,1471662],"chl_oc3\/7.4.0":["{{h}}",30327501,10921],"chl_oc3\/7.4.1":["{{h}}",30338422,658544],"chl_oc3\/7.4.2":["{{h}}",30996966,46975],"chl_oc3\/7.4.3":["{{h}}",31043941,50189],"chl_oc3\/7.4.4":["{{h}}",31094130,344747],"chl_oc3\/8.0.0":["{{i}}",151221,2446722],"chl_oc3\/8.0.1":["{{i}}",2597943,231618],"chl_oc3\/8.0.2":["{{i}}",2829561,2685143],"chl_oc3\/8.0.3":["{{i}}",5514704,2333266],"chl_oc3\/8.0.4":["{{i}}",7847970,3658437],"chl_oc3\/8.1.0":["{{i}}",11506407,2712699],"chl_oc3\/8.1.1":["{{i}}",14219106,2920121],"chl_oc3\/8.1.2":["{{i}}",17139227,3003635],"chl_oc3\/8.1.3":["{{i}}",20142862,1836990],"chl_oc3\/8.1.4":["{{i}}",21979852,3653379],"chl_oc3\/8.2.0":["{{i}}",25633231,2860566],"chl_oc3\/8.2.1":["{{i}}",28493797,1639667],"chl_oc3\/8.2.2":["{{i}}",30133464,135109],"chl_oc3\/8.2.3":["{{i}}",30268573,1017035],"chl_oc3\/8.2.4":["{{i}}",31285608,3970821],"chl_oc3\/8.3.0":["{{i}}",35256429,1609101],"chl_oc3\/8.3.1":["{{i}}",36865530,1413583],"chl_oc3\/8.3.2":["{{i}}",38279113,930259],"chl_oc3\/8.3.3":["{{i}}",39209372,791188],"chl_oc3\/8.3.4":["{{i}}",40000560,2093800],"chl_oc3\/8.4.0":["{{i}}",42094360,209505],"chl_oc3\/8.4.1":["{{i}}",42303865,59552],"chl_oc3\/8.4.2":["{{i}}",42363417,414633],"chl_oc3\/8.4.3":["{{i}}",42778050,254556],"chl_oc3\/8.4.4":["{{i}}",43032606,493360],"chl_oc3\/9.0.0":["{{j}}",151221,420367],"chl_oc3\/9.0.1":["{{j}}",571588,931465],"chl_oc3\/9.0.2":["{{j}}",1503053,2421315],"chl_oc3\/9.0.3":["{{j}}",3924368,1983611],"chl_oc3\/9.0.4":["{{j}}",5907979,266641],"chl_oc3\/9.1.0":["{{j}}",6174620,789603],"chl_oc3\/9.1.1":["{{j}}",6964223,2874864],"chl_oc3\/9.1.2":["{{j}}",9839087,3826694],"chl_oc3\/9.1.3":["{{j}}",13665781,2216729],"chl_oc3\/9.1.4":["{{j}}",15882510,305077],"chl_oc3\/9.2.0":["{{j}}",16187587,184666],"chl_oc3\/9.2.1":["{{j}}",16372253,3277484],"chl_oc3\/9.2.2":["{{j}}",19649737,35706],"chl_oc3\/9.2.3":["{{j}}",19685443,2606757],"chl_oc3\/9.2.4":["{{j}}",22292200,1597085],"chl_oc3\/9.3.0":["{{j}}",23889285,11547],"chl_oc3\/9.3.1":["{{j}}",23900832,1945714],"chl_oc3\/9.3.2":["{{j}}",25846546,1270818],"chl_oc3\/9.3.3":["{{j}}",27117364,1580221],"chl_oc3\/9.3.4":["{{j}}",28697585,1933274],"chl_oc3\/9.4.0":["{{j}}",30630859,10921],"chl_oc3\/9.4.1":["{{j}}",30641780,131291],"chl_oc3\/9.4.2":["{{j}}",30773071,236451],"chl_oc3\/9.4.3":["{{j}}",31009522,214425],"chl_oc3\/9.4.4":["{{j}}",31223947,525208],"chl_oc3\/10.0.0":["{{k}}",151221,2695590],"chl_oc3\/10.0.1":["{{k}}",2846811,1815939],"chl_oc3\/10.0.2":["{{k}}",4662750,1337766],"chl_oc3\/10.0.3":["{{k}}",6000516,1901260],"chl_oc3\/10.0.4":["{{k}}",7901776,3209895],"chl_oc3\/10.1.0":["{{k}}",11111671,2963569],"chl_oc3\/10.1.1":["{{k}}",14075240,3340180],"chl_oc3\/10.1.2":["{{k}}",17415420,3075505],"chl_oc3\/10.1.3":["{{k}}",20490925,1073926],"chl_oc3\/10.1.4":["{{k}}",21564851,2261990],"chl_oc3\/10.2.0":["{{k}}",23826841,1802036],"chl_oc3\/10.2.1":["{{k}}",25628877,2041399],"chl_oc3\/10.2.2":["{{k}}",27670276,121705],"chl_oc3\/10.2.3":["{{k}}",27791981,1233687],"chl_oc3\/10.2.4":["{{k}}",29025668,3352869],"chl_oc3\/10.3.0":["{{k}}",32378537,1094165],"chl_oc3\/10.3.1":["{{k}}",33472702,2075046],"chl_oc3\/10.3.2":["{{k}}",35547748,1619611],"chl_oc3\/10.3.3":["{{k}}",37167359,874843],"chl_oc3\/10.3.4":["{{k}}",38042202,100999],"chl_oc3\/10.4.0":["{{k}}",38143201,49490],"chl_oc3\/10.4.1":["{{k}}",38192691,523886],"chl_oc3\/10.4.2":["{{k}}",38716577,296763],"chl_oc3\/10.4.3":["{{k}}",39013340,601306],"chl_oc3\/10.4.4":["{{k}}",39614646,29929],"chl_oc3\/11.0.0":["{{l}}",151221,164925],"chl_oc3\/11.0.1":["{{l}}",316146,2126317],"chl_oc3\/11.0.2":["{{l}}",2442463,1789813],"chl_oc3\/11.0.3":["{{l}}",4232276,1661954],"chl_oc3\/11.0.4":["{{l}}",5894230,598887],"chl_oc3\/11.1.0":["{{l}}",6493117,106781],"chl_oc3\/11.1.1":["{{l}}",6599898,3398721],"chl_oc3\/11.1.2":["{{l}}",9998619,3198002],"chl_oc3\/11.1.3":["{{l}}",13196621,1628169],"chl_oc3\/11.1.4":["{{l}}",14824790,1116830],"chl_oc3\/11.2.0":["{{l}}",15941620,954748],"chl_oc3\/11.2.1":["{{l}}",16896368,2944587],"chl_oc3\/11.2.2":["{{l}}",19840955,24549],"chl_oc3\/11.2.3":["{{l}}",19865504,2262347],"chl_oc3\/11.2.4":["{{l}}",22127851,2084704],"chl_oc3\/11.3.0":["{{l}}",24212555,1304975],"chl_oc3\/11.3.1":["{{l}}",25517530,1775821],"chl_oc3\/11.3.2":["{{l}}",27293351,2006210],"chl_oc3\/11.3.3":["{{l}}",29299561,1593992],"chl_oc3\/11.3.4":["{{l}}",30893553,1623019],"chl_oc3\/11.4.0":["{{l}}",32516572,172513],"chl_oc3\/11.4.1":["{{l}}",32689085,267362],"chl_oc3\/11.4.2":["{{l}}",32956447,585252],"chl_oc3\/11.4.3":["{{l}}",33541699,308458],"chl_oc3\/11.4.4":["{{l}}",33850157,570889],"chl_oc3\/12.0.0":["{{m}}",151221,76959],"chl_oc3\/12.0.1":["{{m}}",228180,333958],"chl_oc3\/12.0.2":["{{m}}",562138,897554],"chl_oc3\/12.0.3":["{{m}}",1459692,1326614],"chl_oc3\/12.0.4":["{{m}}",2786306,2665333],"chl_oc3\/12.1.0":["{{m}}",5451639,1221238],"chl_oc3\/12.1.1":["{{m}}",6672877,2692617],"chl_oc3\/12.1.2":["{{m}}",9365494,3327284],"chl_oc3\/12.1.3":["{{m}}",12692778,2606056],"chl_oc3\/12.1.4":["{{m}}",15298834,3459574],"chl_oc3\/12.2.0":["{{m}}",18758408,2146566],"chl_oc3\/12.2.1":["{{m}}",20904974,2724462],"chl_oc3\/12.2.2":["{{m}}",23629436,145923],"chl_oc3\/12.2.3":["{{m}}",23775359,2647952],"chl_oc3\/12.2.4":["{{m}}",26423311,1159423],"chl_oc3\/12.3.0":["{{m}}",27582734,835251],"chl_oc3\/12.3.1":["{{m}}",28417985,1558461],"chl_oc3\/12.3.2":["{{m}}",29976446,1251756],"chl_oc3\/12.3.3":["{{m}}",31228202,2180108],"chl_oc3\/12.3.4":["{{m}}",33408310,251972],"chl_oc3\/12.4.0":["{{m}}",33660282,11894],"chl_oc3\/12.4.1":["{{m}}",33672176,30412],"chl_oc3\/12.4.2":["{{m}}",33702588,484255],"chl_oc3\/12.4.3":["{{m}}",34186843,394975],"chl_oc3\/12.4.4":["{{m}}",34581818,71967],"chl_oc3\/13.0.0":["{{n}}",151221,2045459],"chl_oc3\/13.0.1":["{{n}}",2196680,1985002],"chl_oc3\/13.0.2":["{{n}}",4181682,926220],"chl_oc3\/13.0.3":["{{n}}",5107902,1919342],"chl_oc3\/13.0.4":["{{n}}",7027244,910532],"chl_oc3\/13.1.0":["{{n}}",7937776,2008163],"chl_oc3\/13.1.1":["{{n}}",9945939,2963653],"chl_oc3\/13.1.2":["{{n}}",12909592,2903975],"chl_oc3\/13.1.3":["{{n}}",15813567,2511972],"chl_oc3\/13.1.4":["{{n}}",18325539,2022899],"chl_oc3\/13.2.0":["{{n}}",20348438,4894725],"chl_oc3\/13.2.1":["{{n}}",25243163,1885990],"chl_oc3\/13.2.2":["{{n}}",27129153,106985],"chl_oc3\/13.2.3":["{{n}}",27236138,1498420],"chl_oc3\/13.2.4":["{{n}}",28734558,3710134],"chl_oc3\/13.3.0":["{{n}}",32444692,2139745],"chl_oc3\/13.3.1":["{{n}}",34584437,1111996],"chl_oc3\/13.3.2":["{{n}}",35696433,1586051],"chl_oc3\/13.3.3":["{{n}}",37282484,1263937],"chl_oc3\/13.3.4":["{{n}}",38546421,2934659],"chl_oc3\/13.4.0":["{{n}}",41481080,617070],"chl_oc3\/13.4.1":["{{n}}",42098150,358092],"chl_oc3\/13.4.2":["{{n}}",42456242,82445],"chl_oc3\/13.4.3":["{{n}}",42538687,657305],"chl_oc3\/13.4.4":["{{n}}",43195992,197777],"chl_oc3\/14.0.0":["{{o}}",151221,1538888],"chl_oc3\/14.0.1":["{{o}}",1690109,1121777],"chl_oc3\/14.0.2":["{{o}}",2811886,1978151],"chl_oc3\/14.0.3":["{{o}}",4790037,1809293],"chl_oc3\/14.0.4":["{{o}}",6599330,3505287],"chl_oc3\/14.1.0":["{{o}}",10104617,175892],"chl_oc3\/14.1.1":["{{o}}",10280509,1335010],"chl_oc3\/14.1.2":["{{o}}",11615519,3101982],"chl_oc3\/14.1.3":["{{o}}",14717501,2554065],"chl_oc3\/14.1.4":["{{o}}",17271566,1578987],"chl_oc3\/14.2.0":["{{o}}",18850553,1088521],"chl_oc3\/14.2.1":["{{o}}",19939074,1751644],"chl_oc3\/14.2.2":["{{o}}",21690718,58328],"chl_oc3\/14.2.3":["{{o}}",21749046,2680714],"chl_oc3\/14.2.4":["{{o}}",24429760,804434],"chl_oc3\/14.3.0":["{{o}}",25234194,115009],"chl_oc3\/14.3.1":["{{o}}",25349203,1890944],"chl_oc3\/14.3.2":["{{o}}",27240147,1719695],"chl_oc3\/14.3.3":["{{o}}",28959842,3177315],"chl_oc3\/14.3.4":["{{o}}",32137157,2075576],"chl_oc3\/14.4.0":["{{o}}",34212733,10921],"chl_oc3\/14.4.1":["{{o}}",34223654,261680],"chl_oc3\/14.4.2":["{{o}}",34485334,790936],"chl_oc3\/14.4.3":["{{o}}",35276270,378582],"chl_oc3\/14.4.4":["{{o}}",35654852,996986],"chl_oc3\/15.0.0":["{{p}}",151221,2648430],"chl_oc3\/15.0.1":["{{p}}",2799651,2721011],"chl_oc3\/15.0.2":["{{p}}",5520662,888201],"chl_oc3\/15.0.3":["{{p}}",6408863,2038392],"chl_oc3\/15.0.4":["{{p}}",8447255,2236477],"chl_oc3\/15.1.0":["{{p}}",10683732,1368729],"chl_oc3\/15.1.1":["{{p}}",12052461,2647878],"chl_oc3\/15.1.2":["{{p}}",14700339,2684213],"chl_oc3\/15.1.3":["{{p}}",17384552,1441390],"chl_oc3\/15.1.4":["{{p}}",18825942,1112026],"chl_oc3\/15.2.0":["{{p}}",19937968,3588854],"chl_oc3\/15.2.1":["{{p}}",23526822,1274104],"chl_oc3\/15.2.2":["{{p}}",24800926,59999],"chl_oc3\/15.2.3":["{{p}}",24860925,1123326],"chl_oc3\/15.2.4":["{{p}}",25984251,3616403],"chl_oc3\/15.3.0":["{{p}}",29600654,1058737],"chl_oc3\/15.3.1":["{{p}}",30659391,714915],"chl_oc3\/15.3.2":["{{p}}",31374306,1719390],"chl_oc3\/15.3.3":["{{p}}",33093696,1870224],"chl_oc3\/15.3.4":["{{p}}",34963920,3170783],"chl_oc3\/15.4.0":["{{p}}",38134703,164805],"chl_oc3\/15.4.1":["{{p}}",38299508,639426],"chl_oc3\/15.4.2":["{{p}}",38938934,511780],"chl_oc3\/15.4.3":["{{p}}",39450714,840616],"chl_oc3\/15.4.4":["{{p}}",40291330,1185450],"chl_oc3\/16.0.0":["{{q}}",151221,249186],"chl_oc3\/16.0.1":["{{q}}",400407,718265],"chl_oc3\/16.0.2":["{{q}}",1118672,1759346],"chl_oc3\/16.0.3":["{{q}}",2878018,3090920],"chl_oc3\/16.0.4":["{{q}}",5968938,14699],"chl_oc3\/16.1.0":["{{q}}",5983637,1014956],"chl_oc3\/16.1.1":["{{q}}",6998593,1613929],"chl_oc3\/16.1.2":["{{q}}",8612522,3374024],"chl_oc3\/16.1.3":["{{q}}",11986546,2464890],"chl_oc3\/16.1.4":["{{q}}",14451436,186615],"chl_oc3\/16.2.0":["{{q}}",14638051,441021],"chl_oc3\/16.2.1":["{{q}}",15079072,3569345],"chl_oc3\/16.2.2":["{{q}}",18648417,45592],"chl_oc3\/16.2.3":["{{q}}",18694009,3228362],"chl_oc3\/16.2.4":["{{q}}",21922371,1769105],"chl_oc3\/16.3.0":["{{q}}",23691476,51210],"chl_oc3\/16.3.1":["{{q}}",23742686,1676426],"chl_oc3\/16.3.2":["{{q}}",25419112,1399924],"chl_oc3\/16.3.3":["{{q}}",26819036,1433492],"chl_oc3\/16.3.4":["{{q}}",28252528,2064188],"chl_oc3\/16.4.0":["{{q}}",30316716,10921],"chl_oc3\/16.4.1":["{{q}}",30327637,316208],"chl_oc3\/16.4.2":["{{q}}",30643845,222677],"chl_oc3\/16.4.3":["{{q}}",30866522,735044],"chl_oc3\/16.4.4":["{{q}}",31601566,994010],"chl_oc3\/17.0.0":["{{r}}",151221,4935008],"chl_oc3\/17.0.1":["{{r}}",5086229,504149],"chl_oc3\/17.0.2":["{{r}}",5590378,859690],"chl_oc3\/17.0.3":["{{r}}",6450068,1781644],"chl_oc3\/17.0.4":["{{r}}",8231712,563902],"chl_oc3\/17.1.0":["{{r}}",8795614,2782544],"chl_oc3\/17.1.1":["{{r}}",11578158,3212483],"chl_oc3\/17.1.2":["{{r}}",14790641,2662774],"chl_oc3\/17.1.3":["{{r}}",17453415,2008130],"chl_oc3\/17.1.4":["{{r}}",19461545,2203250],"chl_oc3\/17.2.0":["{{r}}",21664795,2281254],"chl_oc3\/17.2.1":["{{r}}",23946049,1785797],"chl_oc3\/17.2.2":["{{r}}",25731846,145856],"chl_oc3\/17.2.3":["{{r}}",25877702,1169543],"chl_oc3\/17.2.4":["{{r}}",27047245,4811603],"chl_oc3\/17.3.0":["{{r}}",31858848,1725218],"chl_oc3\/17.3.1":["{{r}}",33584066,1844415],"chl_oc3\/17.3.2":["{{r}}",35428481,2092458],"chl_oc3\/17.3.3":["{{r}}",37520939,1799265],"chl_oc3\/17.3.4":["{{r}}",39320204,138159],"chl_oc3\/17.4.0":["{{r}}",39458363,49823],"chl_oc3\/17.4.1":["{{r}}",39508186,871825],"chl_oc3\/17.4.2":["{{r}}",40380011,273827],"chl_oc3\/17.4.3":["{{r}}",40653838,306962],"chl_oc3\/17.4.4":["{{r}}",40960800,126367],"chl_oc3\/18.0.0":["{{s}}",151221,808928],"chl_oc3\/18.0.1":["{{s}}",960149,1164266],"chl_oc3\/18.0.2":["{{s}}",2124415,2438629],"chl_oc3\/18.0.3":["{{s}}",4563044,2141617],"chl_oc3\/18.0.4":["{{s}}",6704661,447417],"chl_oc3\/18.1.0":["{{s}}",7152078,307061],"chl_oc3\/18.1.1":["{{s}}",7459139,3682539],"chl_oc3\/18.1.2":["{{s}}",11141678,2505776],"chl_oc3\/18.1.3":["{{s}}",13647454,2643363],"chl_oc3\/18.1.4":["{{s}}",16290817,559378],"chl_oc3\/18.2.0":["{{s}}",16850195,26078],"chl_oc3\/18.2.1":["{{s}}",16876273,1542015],"chl_oc3\/18.2.2":["{{s}}",18418288,54908],"chl_oc3\/18.2.3":["{{s}}",18473196,2425176],"chl_oc3\/18.2.4":["{{s}}",20898372,2226551],"chl_oc3\/18.3.0":["{{s}}",23124923,10921],"chl_oc3\/18.3.1":["{{s}}",23135844,964885],"chl_oc3\/18.3.2":["{{s}}",24100729,1893240],"chl_oc3\/18.3.3":["{{s}}",25993969,1466238],"chl_oc3\/18.3.4":["{{s}}",27460207,1028184],"chl_oc3\/18.4.0":["{{s}}",28488391,12282],"chl_oc3\/18.4.1":["{{s}}",28500673,368627],"chl_oc3\/18.4.2":["{{s}}",28869300,539181],"chl_oc3\/18.4.3":["{{s}}",29408481,1231292],"chl_oc3\/18.4.4":["{{s}}",30639773,704334],"chl_oc3\/19.0.0":["{{t}}",151221,778392],"chl_oc3\/19.0.1":["{{t}}",929613,895381],"chl_oc3\/19.0.2":["{{t}}",1824994,1800478],"chl_oc3\/19.0.3":["{{t}}",3625472,2353055],"chl_oc3\/19.0.4":["{{t}}",5978527,3880972],"chl_oc3\/19.1.0":["{{t}}",9859499,214516],"chl_oc3\/19.1.1":["{{t}}",10074015,2610381],"chl_oc3\/19.1.2":["{{t}}",12684396,2582874],"chl_oc3\/19.1.3":["{{t}}",15267270,2099255],"chl_oc3\/19.1.4":["{{t}}",17366525,2231877],"chl_oc3\/19.2.0":["{{t}}",19598402,1780980],"chl_oc3\/19.2.1":["{{t}}",21379382,1833557],"chl_oc3\/19.2.2":["{{t}}",23212939,147583],"chl_oc3\/19.2.3":["{{t}}",23360522,1705449],"chl_oc3\/19.2.4":["{{t}}",25065971,634660],"chl_oc3\/19.3.0":["{{t}}",25700631,507918],"chl_oc3\/19.3.1":["{{t}}",26208549,1843903],"chl_oc3\/19.3.2":["{{t}}",28052452,2242440],"chl_oc3\/19.3.3":["{{t}}",30294892,2562177],"chl_oc3\/19.3.4":["{{t}}",32857069,479737],"chl_oc3\/19.4.0":["{{t}}",33336806,12027],"chl_oc3\/19.4.1":["{{t}}",33348833,102994],"chl_oc3\/19.4.2":["{{t}}",33451827,1628252],"chl_oc3\/19.4.3":["{{t}}",35080079,688224],"chl_oc3\/19.4.4":["{{t}}",35768303,218144],"chl_oc3\/20.0.0":["{{u}}",151221,27157],"chl_oc3\/20.0.1":["{{u}}",178378,198904],"chl_oc3\/20.0.2":["{{u}}",377282,2173539],"chl_oc3\/20.0.3":["{{u}}",2550821,2713627],"chl_oc3\/20.0.4":["{{u}}",5264448,1404178],"chl_oc3\/20.1.0":["{{u}}",6668626,1371925],"chl_oc3\/20.1.1":["{{u}}",8040551,4425667],"chl_oc3\/20.1.2":["{{u}}",12466218,2286651],"chl_oc3\/20.1.3":["{{u}}",14752869,1672019],"chl_oc3\/20.1.4":["{{u}}",16424888,948268],"chl_oc3\/20.2.0":["{{u}}",17373156,3336789],"chl_oc3\/20.2.1":["{{u}}",20709945,2183996],"chl_oc3\/20.2.2":["{{u}}",22893941,85467],"chl_oc3\/20.2.3":["{{u}}",22979408,1742090],"chl_oc3\/20.2.4":["{{u}}",24721498,3020462],"chl_oc3\/20.3.0":["{{u}}",27741960,2226078],"chl_oc3\/20.3.1":["{{u}}",29968038,596985],"chl_oc3\/20.3.2":["{{u}}",30565023,1067505],"chl_oc3\/20.3.3":["{{u}}",31632528,2215805],"chl_oc3\/20.3.4":["{{u}}",33848333,3535097],"chl_oc3\/20.4.0":["{{u}}",37383430,202815],"chl_oc3\/20.4.1":["{{u}}",37586245,316349],"chl_oc3\/20.4.2":["{{u}}",37902594,181225],"chl_oc3\/20.4.3":["{{u}}",38083819,309197],"chl_oc3\/20.4.4":["{{u}}",38393016,469712],"chl_oc3\/21.0.0":["{{v}}",151221,1374109],"chl_oc3\/21.0.1":["{{v}}",1525330,735722],"chl_oc3\/21.0.2":["{{v}}",2261052,1911134],"chl_oc3\/21.0.3":["{{v}}",4172186,887975],"chl_oc3\/21.0.4":["{{v}}",5060161,2571740],"chl_oc3\/21.1.0":["{{v}}",7631901,1509884],"chl_oc3\/21.1.1":["{{v}}",9141785,3000171],"chl_oc3\/21.1.2":["{{v}}",12141956,2911208],"chl_oc3\/21.1.3":["{{v}}",15053164,3614064],"chl_oc3\/21.1.4":["{{v}}",18667228,2289248],"chl_oc3\/21.2.0":["{{v}}",20956476,1856283],"chl_oc3\/21.2.1":["{{v}}",22812759,2066952],"chl_oc3\/21.2.2":["{{v}}",24879711,104536],"chl_oc3\/21.2.3":["{{v}}",24984247,2125379],"chl_oc3\/21.2.4":["{{v}}",27109626,457489],"chl_oc3\/21.3.0":["{{v}}",27567115,224202],"chl_oc3\/21.3.1":["{{v}}",27791317,1333527],"chl_oc3\/21.3.2":["{{v}}",29124844,833629],"chl_oc3\/21.3.3":["{{v}}",29958473,2746339],"chl_oc3\/21.3.4":["{{v}}",32704812,1186738],"chl_oc3\/21.4.0":["{{v}}",33891550,14032],"chl_oc3\/21.4.1":["{{v}}",33905582,84292],"chl_oc3\/21.4.2":["{{v}}",33989874,48931],"chl_oc3\/21.4.3":["{{v}}",34038805,766284],"chl_oc3\/21.4.4":["{{v}}",34805089,991141],"chl_oc3\/22.0.0":["{{w}}",151221,1262828],"chl_oc3\/22.0.1":["{{w}}",1414049,1749246],"chl_oc3\/22.0.2":["{{w}}",3163295,1807286],"chl_oc3\/22.0.3":["{{w}}",4970581,2089823],"chl_oc3\/22.0.4":["{{w}}",7060404,1928941],"chl_oc3\/22.1.0":["{{w}}",8989345,809935],"chl_oc3\/22.1.1":["{{w}}",9799280,4524982],"chl_oc3\/22.1.2":["{{w}}",14324262,2260438],"chl_oc3\/22.1.3":["{{w}}",16584700,1040496],"chl_oc3\/22.1.4":["{{w}}",17625196,1943668],"chl_oc3\/22.2.0":["{{w}}",19568864,4217561],"chl_oc3\/22.2.1":["{{w}}",23786425,1700751],"chl_oc3\/22.2.2":["{{w}}",25487176,105076],"chl_oc3\/22.2.3":["{{w}}",25592252,977496],"chl_oc3\/22.2.4":["{{w}}",26569748,3206500],"chl_oc3\/22.3.0":["{{w}}",29776248,892561],"chl_oc3\/22.3.1":["{{w}}",30668809,1604077],"chl_oc3\/22.3.2":["{{w}}",32272886,1040189],"chl_oc3\/22.3.3":["{{w}}",33313075,1302812],"chl_oc3\/22.3.4":["{{w}}",34615887,3907405],"chl_oc3\/22.4.0":["{{w}}",38523292,582808],"chl_oc3\/22.4.1":["{{w}}",39106100,711935],"chl_oc3\/22.4.2":["{{w}}",39818035,262013],"chl_oc3\/22.4.3":["{{w}}",40080048,363235],"chl_oc3\/22.4.4":["{{w}}",40443283,1186659],"chl_oc3\/23.0.0":["{{x}}",151221,800577],"chl_oc3\/23.0.1":["{{x}}",951798,1246113],"chl_oc3\/23.0.2":["{{x}}",2197911,969040],"chl_oc3\/23.0.3":["{{x}}",3166951,2282179],"chl_oc3\/23.0.4":["{{x}}",5449130,10921],"chl_oc3\/23.1.0":["{{x}}",5460051,517982],"chl_oc3\/23.1.1":["{{x}}",5978033,2129899],"chl_oc3\/23.1.2":["{{x}}",8107932,3929614],"chl_oc3\/23.1.3":["{{x}}",12037546,2757133],"chl_oc3\/23.1.4":["{{x}}",14794679,151086],"chl_oc3\/23.2.0":["{{x}}",14945765,384689],"chl_oc3\/23.2.1":["{{x}}",15330454,2340609],"chl_oc3\/23.2.2":["{{x}}",17671063,89638],"chl_oc3\/23.2.3":["{{x}}",17760701,2726705],"chl_oc3\/23.2.4":["{{x}}",20487406,1252754],"chl_oc3\/23.3.0":["{{x}}",21740160,191681],"chl_oc3\/23.3.1":["{{x}}",21931841,2790670],"chl_oc3\/23.3.2":["{{x}}",24722511,1451909],"chl_oc3\/23.3.3":["{{x}}",26174420,443643],"chl_oc3\/23.3.4":["{{x}}",26618063,1532546],"chl_oc3\/23.4.0":["{{x}}",28150609,10921],"chl_oc3\/23.4.1":["{{x}}",28161530,1189775],"chl_oc3\/23.4.2":["{{x}}",29351305,314405],"chl_oc3\/23.4.3":["{{x}}",29665710,784804],"chl_oc3\/23.4.4":["{{x}}",30450514,682470],"chl_oc3\/24.0.0":["{{y}}",151221,1168318],"chl_oc3\/24.0.1":["{{y}}",1319539,736884],"chl_oc3\/24.0.2":["{{y}}",2056423,926851],"chl_oc3\/24.0.3":["{{y}}",2983274,1968986],"chl_oc3\/24.0.4":["{{y}}",4952260,2807694],"chl_oc3\/24.1.0":["{{y}}",7759954,1284926],"chl_oc3\/24.1.1":["{{y}}",9044880,3117029],"chl_oc3\/24.1.2":["{{y}}",12161909,2676375],"chl_oc3\/24.1.3":["{{y}}",14838284,1843738],"chl_oc3\/24.1.4":["{{y}}",16682022,1974076],"chl_oc3\/24.2.0":["{{y}}",18656098,2310868],"chl_oc3\/24.2.1":["{{y}}",20966966,1787239],"chl_oc3\/24.2.2":["{{y}}",22754205,107005],"chl_oc3\/24.2.3":["{{y}}",22861210,893814],"chl_oc3\/24.2.4":["{{y}}",23755024,4075142],"chl_oc3\/24.3.0":["{{y}}",27830166,503378],"chl_oc3\/24.3.1":["{{y}}",28333544,728532],"chl_oc3\/24.3.2":["{{y}}",29062076,2325403],"chl_oc3\/24.3.3":["{{y}}",31387479,1508872],"chl_oc3\/24.3.4":["{{y}}",32896351,2285210],"chl_oc3\/24.4.0":["{{y}}",35181561,245825],"chl_oc3\/24.4.1":["{{y}}",35427386,706255],"chl_oc3\/24.4.2":["{{y}}",36133641,2078588],"chl_oc3\/24.4.3":["{{y}}",38212229,526072],"chl_oc3\/24.4.4":["{{y}}",38738301,525205],"chl_oc3\/25.0.0":["{{z}}",151221,323083],"chl_oc3\/25.0.1":["{{z}}",474304,793407],"chl_oc3\/25.0.2":["{{z}}",1267711,2486333],"chl_oc3\/25.0.3":["{{z}}",3754044,1506090],"chl_oc3\/25.0.4":["{{z}}",5260134,51795],"chl_oc3\/25.1.0":["{{z}}",5311929,642627],"chl_oc3\/25.1.1":["{{z}}",5954556,3728472],"chl_oc3\/25.1.2":["{{z}}",9683028,3807047],"chl_oc3\/25.1.3":["{{z}}",13490075,1960451],"chl_oc3\/25.1.4":["{{z}}",15450526,301234],"chl_oc3\/25.2.0":["{{z}}",15751760,118645],"chl_oc3\/25.2.1":["{{z}}",15870405,3010288],"chl_oc3\/25.2.2":["{{z}}",18880693,17713],"chl_oc3\/25.2.3":["{{z}}",18898406,2530632],"chl_oc3\/25.2.4":["{{z}}",21429038,2413705],"chl_oc3\/25.3.0":["{{z}}",23842743,13943],"chl_oc3\/25.3.1":["{{z}}",23856686,1305939],"chl_oc3\/25.3.2":["{{z}}",25162625,1249149],"chl_oc3\/25.3.3":["{{z}}",26411774,2084751],"chl_oc3\/25.3.4":["{{z}}",28496525,977894],"chl_oc3\/25.4.0":["{{z}}",29474419,10921],"chl_oc3\/25.4.1":["{{z}}",29485340,260245],"chl_oc3\/25.4.2":["{{z}}",29745585,433398],"chl_oc3\/25.4.3":["{{z}}",30178983,1420017],"chl_oc3\/25.4.4":["{{z}}",31599000,127284],"chl_oc3\/26.0.0":["{{A}}",151221,1841113],"chl_oc3\/26.0.1":["{{A}}",1992334,685503],"chl_oc3\/26.0.2":["{{A}}",2677837,1429350],"chl_oc3\/26.0.3":["{{A}}",4107187,1245929],"chl_oc3\/26.0.4":["{{A}}",5353116,1222756],"chl_oc3\/26.1.0":["{{A}}",6575872,1459712],"chl_oc3\/26.1.1":["{{A}}",8035584,4205247],"chl_oc3\/26.1.2":["{{A}}",12240831,3204680],"chl_oc3\/26.1.3":["{{A}}",15445511,2260618],"chl_oc3\/26.1.4":["{{A}}",17706129,3158119],"chl_oc3\/26.2.0":["{{A}}",20864248,860162],"chl_oc3\/26.2.1":["{{A}}",21724410,1670358],"chl_oc3\/26.2.2":["{{A}}",23394768,142765],"chl_oc3\/26.2.3":["{{A}}",23537533,1598267],"chl_oc3\/26.2.4":["{{A}}",25135800,4022615],"chl_oc3\/26.3.0":["{{A}}",29158415,247543],"chl_oc3\/26.3.1":["{{A}}",29405958,2157963],"chl_oc3\/26.3.2":["{{A}}",31563921,2513233],"chl_oc3\/26.3.3":["{{A}}",34077154,1414135],"chl_oc3\/26.3.4":["{{A}}",35491289,361153],"chl_oc3\/26.4.0":["{{A}}",35852442,49842],"chl_oc3\/26.4.1":["{{A}}",35902284,216344],"chl_oc3\/26.4.2":["{{A}}",36118628,1189230],"chl_oc3\/26.4.3":["{{A}}",37307858,688379],"chl_oc3\/26.4.4":["{{A}}",37996237,200753],"chl_oc3\/27.0.0":["{{B}}",151221,108038],"chl_oc3\/27.0.1":["{{B}}",259259,255229],"chl_oc3\/27.0.2":["{{B}}",514488,1101109],"chl_oc3\/27.0.3":["{{B}}",1615597,1161327],"chl_oc3\/27.0.4":["{{B}}",2776924,209135],"chl_oc3\/27.1.0":["{{B}}",2986059,74300],"chl_oc3\/27.1.1":["{{B}}",3060359,4414507],"chl_oc3\/27.1.2":["{{B}}",7474866,3297666],"chl_oc3\/27.1.3":["{{B}}",10772532,1851822],"chl_oc3\/27.1.4":["{{B}}",12624354,827568],"chl_oc3\/27.2.0":["{{B}}",13451922,915315],"chl_oc3\/27.2.1":["{{B}}",14367237,2291535],"chl_oc3\/27.2.2":["{{B}}",16658772,53944],"chl_oc3\/27.2.3":["{{B}}",16712716,2217249],"chl_oc3\/27.2.4":["{{B}}",18929965,2417774],"chl_oc3\/27.3.0":["{{B}}",21347739,3955908],"chl_oc3\/27.3.1":["{{B}}",25303647,1932071],"chl_oc3\/27.3.2":["{{B}}",27235718,2468005],"chl_oc3\/27.3.3":["{{B}}",29703723,1975331],"chl_oc3\/27.3.4":["{{B}}",31679054,1800114],"chl_oc3\/27.4.0":["{{B}}",33479168,812254],"chl_oc3\/27.4.1":["{{B}}",34291422,994435],"chl_oc3\/27.4.2":["{{B}}",35285857,298997],"chl_oc3\/27.4.3":["{{B}}",35584854,1732278],"chl_oc3\/27.4.4":["{{B}}",37317132,515117],"chl_oc3\/28.0.0":["{{C}}",151221,38251],"chl_oc3\/28.0.1":["{{C}}",189472,37315],"chl_oc3\/28.0.2":["{{C}}",226787,953489],"chl_oc3\/28.0.3":["{{C}}",1180276,509171],"chl_oc3\/28.0.4":["{{C}}",1689447,1023481],"chl_oc3\/28.1.0":["{{C}}",2712928,1150737],"chl_oc3\/28.1.1":["{{C}}",3863665,3081822],"chl_oc3\/28.1.2":["{{C}}",6945487,3072557],"chl_oc3\/28.1.3":["{{C}}",10018044,1756562],"chl_oc3\/28.1.4":["{{C}}",11774606,3648697],"chl_oc3\/28.2.0":["{{C}}",15423303,1118469],"chl_oc3\/28.2.1":["{{C}}",16541772,1980410],"chl_oc3\/28.2.2":["{{C}}",18522182,147325],"chl_oc3\/28.2.3":["{{C}}",18669507,2527587],"chl_oc3\/28.2.4":["{{C}}",21197094,835629],"chl_oc3\/28.3.0":["{{C}}",22032723,133300],"chl_oc3\/28.3.1":["{{C}}",22166023,2615187],"chl_oc3\/28.3.2":["{{C}}",24781210,3411071],"chl_oc3\/28.3.3":["{{C}}",28192281,3620694],"chl_oc3\/28.3.4":["{{C}}",31812975,1075185],"chl_oc3\/28.4.0":["{{C}}",32888160,10921],"chl_oc3\/28.4.1":["{{C}}",32899081,914260],"chl_oc3\/28.4.2":["{{C}}",33813341,1821359],"chl_oc3\/28.4.3":["{{C}}",35634700,1297607],"chl_oc3\/28.4.4":["{{C}}",36932307,2344281],"chl_oc3\/29.0.0":["{{D}}",151221,1592522],"chl_oc3\/29.0.1":["{{D}}",1743743,490300],"chl_oc3\/29.0.2":["{{D}}",2234043,93243],"chl_oc3\/29.0.3":["{{D}}",2327286,1625742],"chl_oc3\/29.0.4":["{{D}}",3953028,1111364],"chl_oc3\/29.1.0":["{{D}}",5064392,2477026],"chl_oc3\/29.1.1":["{{D}}",7541418,5024897],"chl_oc3\/29.1.2":["{{D}}",12566315,2735981],"chl_oc3\/29.1.3":["{{D}}",15302296,1259755],"chl_oc3\/29.1.4":["{{D}}",16562051,1259906],"chl_oc3\/29.2.0":["{{D}}",17821957,3605177],"chl_oc3\/29.2.1":["{{D}}",21427134,3099221],"chl_oc3\/29.2.2":["{{D}}",24526355,87124],"chl_oc3\/29.2.3":["{{D}}",24613479,1073154],"chl_oc3\/29.2.4":["{{D}}",25686633,2116181],"chl_oc3\/29.3.0":["{{D}}",27802814,1598578],"chl_oc3\/29.3.1":["{{D}}",29401392,1786528],"chl_oc3\/29.3.2":["{{D}}",31187920,1829617],"chl_oc3\/29.3.3":["{{D}}",33017537,1661429],"chl_oc3\/29.3.4":["{{D}}",34678966,4327652],"chl_oc3\/29.4.0":["{{D}}",39006618,579187],"chl_oc3\/29.4.1":["{{D}}",39585805,925388],"chl_oc3\/29.4.2":["{{D}}",40511193,1912498],"chl_oc3\/29.4.3":["{{D}}",42423691,1687536],"chl_oc3\/29.4.4":["{{D}}",44111227,1806581],"chl_oc3\/30.0.0":["{{E}}",151221,722354],"chl_oc3\/30.0.1":["{{E}}",873575,182328],"chl_oc3\/30.0.2":["{{E}}",1055903,666131],"chl_oc3\/30.0.3":["{{E}}",1722034,1580190],"chl_oc3\/30.0.4":["{{E}}",3302224,1010527],"chl_oc3\/30.1.0":["{{E}}",4312751,824268],"chl_oc3\/30.1.1":["{{E}}",5137019,2924512],"chl_oc3\/30.1.2":["{{E}}",8061531,3116986],"chl_oc3\/30.1.3":["{{E}}",11178517,2314006],"chl_oc3\/30.1.4":["{{E}}",13492523,1226646],"chl_oc3\/30.2.0":["{{E}}",14719169,818546],"chl_oc3\/30.2.1":["{{E}}",15537715,3011529],"chl_oc3\/30.2.2":["{{E}}",18549244,133819],"chl_oc3\/30.2.3":["{{E}}",18683063,3039127],"chl_oc3\/30.2.4":["{{E}}",21722190,661243],"chl_oc3\/30.3.0":["{{E}}",22383433,248066],"chl_oc3\/30.3.1":["{{E}}",22631499,1552869],"chl_oc3\/30.3.2":["{{E}}",24184368,1674671],"chl_oc3\/30.3.3":["{{E}}",25859039,1670330],"chl_oc3\/30.3.4":["{{E}}",27529369,2122137],"chl_oc3\/30.4.0":["{{E}}",29651506,24270],"chl_oc3\/30.4.1":["{{E}}",29675776,1241126],"chl_oc3\/30.4.2":["{{E}}",30916902,710652],"chl_oc3\/30.4.3":["{{E}}",31627554,1518508],"chl_oc3\/30.4.4":["{{E}}",33146062,870550]}}