{"version":1,"templates":{"a":"s3:\/\/imos-data\/IMOS\/SRS\/OC\/gridded\/aqua\/P1D\/2005\/12\/A.P1D.20051201T053000Z.aust.chl_oc3.nc","b":"s3:\/\/imos-data\/IMOS\/SRS\/OC\/gridded\/aqua\/P1D\/2005\/12\/A.P1D.20051202T053000Z.aust.chl_oc3.nc","c":"s3:\/\/imos-data\/IMOS\/SRS\/OC\/gridded\/aqua\/P1D\/2005\/12\/A.P1D.20051203T053000Z.aust.chl_oc3.nc","d":"s3:\/\/imos-data\/IMOS\/SRS\/OC\/gridded\/aqua\/P1D\/2005\/12\/A.P1D.20051204T053000Z.aust.chl_oc3.nc","e":"s3:\/\/imos-data\/IMOS\/SRS\/OC\/gridded\/aqua\/P1D\/2005\/12\/A.P1D.20051205T053000Z.aust.chl_oc3.nc","f":"s3:\/\/imos-data\/IMOS\/SRS\/OC\/gridded\/aqua\/P1D\/2005\/12\/A.P1D.20051206T053000Z.aust.chl_oc3.nc","g":"s3:\/\/imos-data\/IMOS\/SRS\/OC\/gridded\/aqua\/P1D\/2005\/12\/A.P1D.20051207T053000Z.aust.chl_oc3.nc","h":"s3:\/\/imos-data\/IMOS\/SRS\/OC\/gridded\/aqua\/P1D\/2005\/12\/A.P1D.20051208T053000Z.aust.chl_oc3.nc","i":"s3:\/\/imos-data\/IMOS\/SRS\/OC\/gridded\/aqua\/P1D\/2005\/12\/A.P1D.20051209T053000Z.aust.chl_oc3.nc","j":"s3:\/\/imos-data\/IMOS\/SRS\/OC\/gridded\/aqua\/P1D\/2005\/12\/A.P1D.20051210T053000Z.aust.chl_oc3.nc","k":"s3:\/\/imos-data\/IMOS\/SRS\/OC\/gridded\/aqua\/P1D\/2005\/12\/A.P1D.20051211T053000Z.aust.chl_oc3.nc","l":"s3:\/\/imos-data\/IMOS\/SRS\/OC\/gridded\/aqua\/P1D\/2005\/12\/A.P1D.20051212T053000Z.aust.chl_oc3.nc","m":"s3:\/\/imos-data\/IMOS\/SRS\/OC\/gridded\/aqua\/P1D\/2005\/12\/A.P1D.20051213T053000Z.aust.chl_oc3.nc","n":"s3:\/\/imos-data\/IMOS\/SRS\/OC\/gridded\/aqua\/P1D\/2005\/12\/A.P1D.20051214T053000Z.aust.chl_oc3.nc","o":"s3:\/\/imos-data\/IMOS\/SRS\/OC\/gridded\/aqua\/P1D\/2005\/12\/A.P1D.20051215T053000Z.aust.chl_oc3.nc","p":"s3:\/\/imos-data\/IMOS\/SRS\/OC\/gridded\/aqua\/P1D\/2005\/12\/A.P1D.20051216T053000Z.aust.chl_oc3.nc","q":"s3:\/\/imos-data\/IMOS\/SRS\/OC\/gridded\/aqua\/P1D\/2005\/12\/A.P1D.20051217T053000Z.aust.chl_oc3.nc","r":"s3:\/\/imos-data\/IMOS\/SRS\/OC\/gridded\/aqua\/P1D\/2005\/12\/A.P1D.20051218T053000Z.aust.chl_oc3.nc","s":"s3:\/\/imos-data\/IMOS\/SRS\/OC\/gridded\/aqua\/P1D\/2005\/12\/A.P1D.20051219T053000Z.aust.chl_oc3.nc","t":"s3:\/\/imos-data\/IMOS\/SRS\/OC\/gridded\/aqua\/P1D\/2005\/12\/A.P1D.20051220T053000Z.aust.chl_oc3.nc","u":"s3:\/\/imos-data\/IMOS\/SRS\/OC\/gridded\/aqua\/P1D\/2005\/12\/A.P1D.20051221T053000Z.aust.chl_oc3.nc","v":"s3:\/\/imos-data\/IMOS\/SRS\/OC\/gridded\/aqua\/P1D\/2005\/12\/A.P1D.20051222T053000Z.aust.chl_oc3.nc","w":"s3:\/\/imos-data\/IMOS\/SRS\/OC\/gridded\/aqua\/P1D\/2005\/12\/A.P1D.20051223T053000Z.aust.chl_oc3.nc","x":"s3:\/\/imos-data\/IMOS\/SRS\/OC\/gridded\/aqua\/P1D\/2005\/12\/A.P1D.20051224T053000Z.aust.chl_oc3.nc","y":"s3:\/\/imos-data\/IMOS\/SRS\/OC\/gridded\/aqua\/P1D\/2005\/12\/A.P1D.20051225T053000Z.aust.chl_oc3.nc","z":"s3:\/\/imos-data\/IMOS\/SRS\/OC\/gridded\/aqua\/P1D\/2005\/12\/A.P1D.20051226T053000Z.aust.chl_oc3.nc","A":"s3:\/\/imos-data\/IMOS\/SRS\/OC\/gridded\/aqua\/P1D\/2005\/12\/A.P1D.20051227T053000Z.aust.chl_oc3.nc","B":"s3:\/\/imos-data\/IMOS\/SRS\/OC\/gridded\/aqua\/P1D\/2005\/12\/A.P1D.20051228T053000Z.aust.chl_oc3.nc","C":"s3:\/\/imos-data\/IMOS\/SRS\/OC\/gridded\/aqua\/P1D\/2005\/12\/A.P1D.20051229T053000Z.aust.chl_oc3.nc","D":"s3:\/\/imos-data\/IMOS\/SRS\/OC\/gridded\/aqua\/P1D\/2005\/12\/A.P1D.20051230T053000Z.aust.chl_oc3.nc","E":"s3:\/\/imos-data\/IMOS\/SRS\/OC\/gridded\/aqua\/P1D\/2005\/12\/A.P1D.20051231T053000Z.aust.chl_oc3.nc"},"refs":{".zgroup":"{\"zarr_format\":2}",".zattrs":"{\"Conventions\":\"CF-1.6\",\"_NCProperties\":\"version=1|netcdflibversion=4.6.1|hdf5libversion=1.10.4\",\"_nc3_strict\":1,\"history\":\"File initialised at 2020-08-06T03:58:30.736003\\nInitialised var chl_oc3 at 2020-08-06T03:59:42.652375\\nAdd Granule A20051201_0235.20190920065913.L2OC_BASE.chl_oc3.nc at 2020-08-06T04:00:16.261343\\nAdd Granule A20051201_0240.20190920062729.L2OC_BASE.chl_oc3.nc at 2020-08-06T04:00:18.494999\\nAdd Granule A20051201_0245.20190920061534.L2OC_BASE.chl_oc3.nc at 2020-08-06T04:00:19.584486\\nAdd Granule A20051201_0250.20190920064023.L2OC_BASE.chl_oc3.nc at 2020-08-06T04:00:19.756198\\nAdd Granule A20051201_0410.20190920062257.L2OC_BASE.chl_oc3.nc at 2020-08-06T04:00:20.190903\\nAdd Granule A20051201_0415.20190920052527.L2OC_BASE.chl_oc3.nc at 2020-08-06T04:00:20.933903\\nAdd Granule A20051201_0420.20190920052210.L2OC_BASE.chl_oc3.nc at 2020-08-06T04:00:21.440715\\nAdd Granule A20051201_0425.20190920060947.L2OC_BASE.chl_oc3.nc at 2020-08-06T04:00:21.798288\\nAdd Granule A20051201_0430.20190920054645.L2OC_BASE.chl_oc3.nc at 2020-08-06T04:00:21.959341\\nAdd Granule A20051201_0550.20190920063555.L2OC_BASE.chl_oc3.nc at 2020-08-06T04:00:22.244397\\nAdd Granule A20051201_0555.20190920065339.L2OC_BASE.chl_oc3.nc at 2020-08-06T04:00:24.920414\\nAdd Granule A20051201_0600.20190920064802.L2OC_BASE.chl_oc3.nc at 2020-08-06T04:00:26.391201\\nAdd Granule A20051201_0605.20190920054238.L2OC_BASE.chl_oc3.nc at 2020-08-06T04:00:27.759222\\nAdd Granule A20051201_0730.20190920053611.L2OC_BASE.chl_oc3.nc at 2020-08-06T04:00:37.332517\\nAdd Granule A20051201_0735.20190920055438.L2OC_BASE.chl_oc3.nc at 2020-08-06T04:00:38.409372\\nAdd Granule A20051201_0740.20190920060059.L2OC_BASE.chl_oc3.nc at 2020-08-06T04:00:38.611983\\nAdd Granule A20051201_0745.20190920070450.L2OC_BASE.chl_oc3.nc at 2020-08-06T04:00:38.810857\\nAdd Granule A20051201_0750.20190920053149.L2OC_BASE.chl_oc3.nc at 2020-08-06T04:00:38.903992\",\"source_path\":\"imos-srs\\\/archive\\\/oc\\\/aqua\\\/1d\\\/v201909\\\/2005\\\/12\\\/A20051201.L2OC_BASE.aust.chl_oc3.nc\"}","longitude\/.zarray":"{\n    \"chunks\": [\n        10001\n    ],\n    \"compressor\": null,\n    \"dtype\": \"<f8\",\n    \"fill_value\": 9.969209968386869e+36,\n    \"filters\": null,\n    \"order\": \"C\",\n    \"shape\": [\n        10001\n    ],\n    \"zarr_format\": 2\n}","longitude\/.zattrs":"{\n    \"NAME\": \"longitude\",\n    \"_ARRAY_DIMENSIONS\": [\n        \"longitude\"\n    ],\n    \"_Netcdf4Dimid\": 2,\n    \"axis\": \"X\",\n    \"long_name\": \"longitude\",\n    \"standard_name\": \"longitude\",\n    \"units\": \"degrees_east\"\n}","longitude\/0":["{{a}}",58400,80008],"latitude\/.zarray":"{\n    \"chunks\": [\n        7001\n    ],\n    \"compressor\": null,\n    \"dtype\": \"<f8\",\n    \"fill_value\": 9.969209968386869e+36,\n    \"filters\": null,\n    \"order\": \"C\",\n    \"shape\": [\n        7001\n    ],\n    \"zarr_format\": 2\n}","latitude\/.zattrs":"{\n    \"NAME\": \"latitude\",\n    \"_ARRAY_DIMENSIONS\": [\n        \"latitude\"\n    ],\n    \"_Netcdf4Dimid\": 1,\n    \"axis\": \"Y\",\n    \"long_name\": \"latitude\",\n    \"standard_name\": \"latitude\",\n    \"units\": \"degrees_north\"\n}","latitude\/0":["{{a}}",2392,56008],"chl_oc3\/.zarray":"{\"chunks\":[1,1401,2001],\"compressor\":{\"id\":\"zlib\",\"level\":4},\"dtype\":\"<f4\",\"fill_value\":-999.0,\"filters\":[{\"elementsize\":4,\"id\":\"shuffle\"}],\"order\":\"C\",\"shape\":[31,7001,10001],\"zarr_format\":2}","chl_oc3\/.zattrs":"{\"_ARRAY_DIMENSIONS\":[\"time\",\"latitude\",\"longitude\"],\"flag_applied\":\"HISATZEN LAND CLDICE NAVFAIL\",\"long_name\":\"Chlorophyll Concentration, OC3 Algorithm\",\"units\":\"mg\\\/m^3\"}","time\/.zarray":"{\"chunks\":[31],\"compressor\":{\"blocksize\":0,\"clevel\":5,\"cname\":\"lz4\",\"id\":\"blosc\",\"shuffle\":1},\"dtype\":\"<M8[us]\",\"fill_value\":0,\"filters\":null,\"order\":\"C\",\"shape\":[31],\"zarr_format\":2}","time\/0":"base64:AgExCPgAAAD4AAAAtAAAABQAAACcAAAAHwABAAv7AUamBmbGJobmRqYGZsYmhuYQAPNWdUwk+9KqgVgwB9+2jWU8E+vCmnFIIPfOpn1VLAPbsr7c+hc1U3GPrcvoBiRCYH6budf1EzFObIqoxuQCHz3V6f0SJjpOYnaKnrPH2+8DFys\/U2h8kKS4zOD0CR0xBgYGBwcHBwcFABgIAQCPCQkJBAQEBAQFAAcP2AAHUAAAAAAA","time\/.zattrs":"{\"NAME\":\"time\",\"_ARRAY_DIMENSIONS\":[\"time\"],\"_Netcdf4Dimid\":0,\"axis\":\"T\",\"long_name\":\"time\",\"standard_name\":\"time\"}","chl_oc3\/0.0.0":["{{a}}",151221,3398008],"chl_oc3\/0.0.1":["{{a}}",3549229,220550],"chl_oc3\/0.0.2":["{{a}}",3769779,2622368],"chl_oc3\/0.0.3":["{{a}}",6392147,2038484],"chl_oc3\/0.0.4":["{{a}}",8430631,1795948],"chl_oc3\/0.1.0":["{{a}}",10226579,2820248],"chl_oc3\/0.1.1":["{{a}}",13046827,1085329],"chl_oc3\/0.1.2":["{{a}}",14132156,1334342],"chl_oc3\/0.1.3":["{{a}}",15466498,1188766],"chl_oc3\/0.1.4":["{{a}}",16655264,2017628],"chl_oc3\/0.2.0":["{{a}}",18672892,3154465],"chl_oc3\/0.2.1":["{{a}}",21827357,1506790],"chl_oc3\/0.2.2":["{{a}}",23334147,101207],"chl_oc3\/0.2.3":["{{a}}",23435354,191296],"chl_oc3\/0.2.4":["{{a}}",23626650,3146617],"chl_oc3\/0.3.0":["{{a}}",26773267,1599486],"chl_oc3\/0.3.1":["{{a}}",28372753,1222952],"chl_oc3\/0.3.2":["{{a}}",29595705,1523628],"chl_oc3\/0.3.3":["{{a}}",31119333,2211582],"chl_oc3\/0.3.4":["{{a}}",33330915,3193937],"chl_oc3\/0.4.0":["{{a}}",36524852,1408925],"chl_oc3\/0.4.1":["{{a}}",37933777,1459464],"chl_oc3\/0.4.2":["{{a}}",39393241,844921],"chl_oc3\/0.4.3":["{{a}}",40238162,782067],"chl_oc3\/0.4.4":["{{a}}",41020229,649505],"chl_oc3\/1.0.0":["{{b}}",151221,182316],"chl_oc3\/1.0.1":["{{b}}",333537,345514],"chl_oc3\/1.0.2":["{{b}}",679051,1819488],"chl_oc3\/1.0.3":["{{b}}",2498539,3221251],"chl_oc3\/1.0.4":["{{b}}",5719790,10921],"chl_oc3\/1.1.0":["{{b}}",5730711,678654],"chl_oc3\/1.1.1":["{{b}}",6409365,944599],"chl_oc3\/1.1.2":["{{b}}",7353964,2143219],"chl_oc3\/1.1.3":["{{b}}",9497183,2167636],"chl_oc3\/1.1.4":["{{b}}",11664819,144647],"chl_oc3\/1.2.0":["{{b}}",11809466,791405],"chl_oc3\/1.2.1":["{{b}}",12600871,2557701],"chl_oc3\/1.2.2":["{{b}}",15158572,111107],"chl_oc3\/1.2.3":["{{b}}",15269679,637110],"chl_oc3\/1.2.4":["{{b}}",15906789,842179],"chl_oc3\/1.3.0":["{{b}}",16748968,43506],"chl_oc3\/1.3.1":["{{b}}",16792474,1496959],"chl_oc3\/1.3.2":["{{b}}",18289433,1355859],"chl_oc3\/1.3.3":["{{b}}",19645292,836664],"chl_oc3\/1.3.4":["{{b}}",20481956,922388],"chl_oc3\/1.4.0":["{{b}}",21404344,39616],"chl_oc3\/1.4.1":["{{b}}",21443960,1650208],"chl_oc3\/1.4.2":["{{b}}",23094168,340712],"chl_oc3\/1.4.3":["{{b}}",23434880,111957],"chl_oc3\/1.4.4":["{{b}}",23546837,229817],"chl_oc3\/2.0.0":["{{c}}",151221,1349267],"chl_oc3\/2.0.1":["{{c}}",1500488,444292],"chl_oc3\/2.0.2":["{{c}}",1944780,1721756],"chl_oc3\/2.0.3":["{{c}}",3666536,2187096],"chl_oc3\/2.0.4":["{{c}}",5853632,1146083],"chl_oc3\/2.1.0":["{{c}}",6999715,2363133],"chl_oc3\/2.1.1":["{{c}}",9362848,1208365],"chl_oc3\/2.1.2":["{{c}}",10571213,1567448],"chl_oc3\/2.1.3":["{{c}}",12138661,1893304],"chl_oc3\/2.1.4":["{{c}}",14031965,339833],"chl_oc3\/2.2.0":["{{c}}",14371798,2064101],"chl_oc3\/2.2.1":["{{c}}",16435899,1819317],"chl_oc3\/2.2.2":["{{c}}",18255216,130610],"chl_oc3\/2.2.3":["{{c}}",18385826,1141558],"chl_oc3\/2.2.4":["{{c}}",19527384,2870065],"chl_oc3\/2.3.0":["{{c}}",22397449,488370],"chl_oc3\/2.3.1":["{{c}}",22885819,1749095],"chl_oc3\/2.3.2":["{{c}}",24634914,1748172],"chl_oc3\/2.3.3":["{{c}}",26383086,779177],"chl_oc3\/2.3.4":["{{c}}",27162263,2323870],"chl_oc3\/2.4.0":["{{c}}",29486133,90143],"chl_oc3\/2.4.1":["{{c}}",29576276,260139],"chl_oc3\/2.4.2":["{{c}}",29836415,223415],"chl_oc3\/2.4.3":["{{c}}",30059830,838824],"chl_oc3\/2.4.4":["{{c}}",30898654,113291],"chl_oc3\/3.0.0":["{{d}}",151221,298983],"chl_oc3\/3.0.1":["{{d}}",450204,1245719],"chl_oc3\/3.0.2":["{{d}}",1695923,1726440],"chl_oc3\/3.0.3":["{{d}}",3422363,3664530],"chl_oc3\/3.0.4":["{{d}}",7086893,11501],"chl_oc3\/3.1.0":["{{d}}",7098394,627797],"chl_oc3\/3.1.1":["{{d}}",7726191,1026735],"chl_oc3\/3.1.2":["{{d}}",8752926,1040285],"chl_oc3\/3.1.3":["{{d}}",9793211,2584623],"chl_oc3\/3.1.4":["{{d}}",12377834,715880],"chl_oc3\/3.2.0":["{{d}}",13093714,212527],"chl_oc3\/3.2.1":["{{d}}",13306241,1662372],"chl_oc3\/3.2.2":["{{d}}",14968613,21550],"chl_oc3\/3.2.3":["{{d}}",14990163,1425987],"chl_oc3\/3.2.4":["{{d}}",16416150,1537207],"chl_oc3\/3.3.0":["{{d}}",17953357,10921],"chl_oc3\/3.3.1":["{{d}}",17964278,1090510],"chl_oc3\/3.3.2":["{{d}}",19054788,2927196],"chl_oc3\/3.3.3":["{{d}}",21981984,1426008],"chl_oc3\/3.3.4":["{{d}}",23407992,1260282],"chl_oc3\/3.4.0":["{{d}}",24668274,10921],"chl_oc3\/3.4.1":["{{d}}",24679195,144071],"chl_oc3\/3.4.2":["{{d}}",24823266,565188],"chl_oc3\/3.4.3":["{{d}}",25388454,1154303],"chl_oc3\/3.4.4":["{{d}}",26542757,1506243],"chl_oc3\/4.0.0":["{{e}}",151221,1425527],"chl_oc3\/4.0.1":["{{e}}",1576748,1005315],"chl_oc3\/4.0.2":["{{e}}",2582063,450454],"chl_oc3\/4.0.3":["{{e}}",3032517,1802797],"chl_oc3\/4.0.4":["{{e}}",4835314,2256485],"chl_oc3\/4.1.0":["{{e}}",7091799,2071111],"chl_oc3\/4.1.1":["{{e}}",9162910,1407934],"chl_oc3\/4.1.2":["{{e}}",10570844,699956],"chl_oc3\/4.1.3":["{{e}}",11270800,1637830],"chl_oc3\/4.1.4":["{{e}}",12908630,1139431],"chl_oc3\/4.2.0":["{{e}}",14048061,1340179],"chl_oc3\/4.2.1":["{{e}}",15388240,1286947],"chl_oc3\/4.2.2":["{{e}}",16675187,94967],"chl_oc3\/4.2.3":["{{e}}",16770154,2288996],"chl_oc3\/4.2.4":["{{e}}",19059150,2774836],"chl_oc3\/4.3.0":["{{e}}",21833986,417441],"chl_oc3\/4.3.1":["{{e}}",22251427,876698],"chl_oc3\/4.3.2":["{{e}}",23128125,3504532],"chl_oc3\/4.3.3":["{{e}}",26632657,3341340],"chl_oc3\/4.3.4":["{{e}}",29973997,1499196],"chl_oc3\/4.4.0":["{{e}}",31473193,98311],"chl_oc3\/4.4.1":["{{e}}",31571504,788598],"chl_oc3\/4.4.2":["{{e}}",32360102,801289],"chl_oc3\/4.4.3":["{{e}}",33161391,789525],"chl_oc3\/4.4.4":["{{e}}",33950916,367253],"chl_oc3\/5.0.0":["{{f}}",151221,490348],"chl_oc3\/5.0.1":["{{f}}",641569,437972],"chl_oc3\/5.0.2":["{{f}}",1079541,440018],"chl_oc3\/5.0.3":["{{f}}",1519559,1958689],"chl_oc3\/5.0.4":["{{f}}",3478248,677010],"chl_oc3\/5.1.0":["{{f}}",4155258,97028],"chl_oc3\/5.1.1":["{{f}}",4252286,1205019],"chl_oc3\/5.1.2":["{{f}}",5457305,1091336],"chl_oc3\/5.1.3":["{{f}}",6548641,883567],"chl_oc3\/5.1.4":["{{f}}",7432208,845537],"chl_oc3\/5.2.0":["{{f}}",8277745,2531896],"chl_oc3\/5.2.1":["{{f}}",10809641,1478639],"chl_oc3\/5.2.2":["{{f}}",12288280,33422],"chl_oc3\/5.2.3":["{{f}}",12321702,1305550],"chl_oc3\/5.2.4":["{{f}}",13627252,3638475],"chl_oc3\/5.3.0":["{{f}}",17265727,2742182],"chl_oc3\/5.3.1":["{{f}}",20007909,581776],"chl_oc3\/5.3.2":["{{f}}",20589685,2006179],"chl_oc3\/5.3.3":["{{f}}",22595864,1588603],"chl_oc3\/5.3.4":["{{f}}",24184467,3012778],"chl_oc3\/5.4.0":["{{f}}",27197245,706350],"chl_oc3\/5.4.1":["{{f}}",27903595,1297678],"chl_oc3\/5.4.2":["{{f}}",29201273,476936],"chl_oc3\/5.4.3":["{{f}}",29678209,1100088],"chl_oc3\/5.4.4":["{{f}}",30778297,1237541],"chl_oc3\/6.0.0":["{{g}}",151221,597032],"chl_oc3\/6.0.1":["{{g}}",748253,168348],"chl_oc3\/6.0.2":["{{g}}",916601,107614],"chl_oc3\/6.0.3":["{{g}}",1024215,57563],"chl_oc3\/6.0.4":["{{g}}",1081778,2812539],"chl_oc3\/6.1.0":["{{g}}",3894317,712700],"chl_oc3\/6.1.1":["{{g}}",4607017,1251498],"chl_oc3\/6.1.2":["{{g}}",5858515,560351],"chl_oc3\/6.1.3":["{{g}}",6418866,1775845],"chl_oc3\/6.1.4":["{{g}}",8194711,2603809],"chl_oc3\/6.2.0":["{{g}}",10798520,1027047],"chl_oc3\/6.2.1":["{{g}}",11825567,1218514],"chl_oc3\/6.2.2":["{{g}}",13044081,56099],"chl_oc3\/6.2.3":["{{g}}",13100180,2538021],"chl_oc3\/6.2.4":["{{g}}",15638201,1940128],"chl_oc3\/6.3.0":["{{g}}",17578329,668921],"chl_oc3\/6.3.1":["{{g}}",18247250,1625662],"chl_oc3\/6.3.2":["{{g}}",19872912,2664101],"chl_oc3\/6.3.3":["{{g}}",22537013,2338192],"chl_oc3\/6.3.4":["{{g}}",24875205,50483],"chl_oc3\/6.4.0":["{{g}}",24925688,39340],"chl_oc3\/6.4.1":["{{g}}",24965028,1871932],"chl_oc3\/6.4.2":["{{g}}",26836960,450680],"chl_oc3\/6.4.3":["{{g}}",27287640,1320561],"chl_oc3\/6.4.4":["{{g}}",28608201,67891],"chl_oc3\/7.0.0":["{{h}}",151221,2108912],"chl_oc3\/7.0.1":["{{h}}",2260133,544711],"chl_oc3\/7.0.2":["{{h}}",2804844,193927],"chl_oc3\/7.0.3":["{{h}}",2998771,1508240],"chl_oc3\/7.0.4":["{{h}}",4507011,1580799],"chl_oc3\/7.1.0":["{{h}}",6087810,1330490],"chl_oc3\/7.1.1":["{{h}}",7418300,1164089],"chl_oc3\/7.1.2":["{{h}}",8582389,165210],"chl_oc3\/7.1.3":["{{h}}",8747599,660801],"chl_oc3\/7.1.4":["{{h}}",9408400,2329049],"chl_oc3\/7.2.0":["{{h}}",11737449,2857375],"chl_oc3\/7.2.1":["{{h}}",14594824,1069297],"chl_oc3\/7.2.2":["{{h}}",15664121,78066],"chl_oc3\/7.2.3":["{{h}}",15742187,687444],"chl_oc3\/7.2.4":["{{h}}",16429631,2486900],"chl_oc3\/7.3.0":["{{h}}",18916531,1067433],"chl_oc3\/7.3.1":["{{h}}",19983964,1563248],"chl_oc3\/7.3.2":["{{h}}",21547212,1606365],"chl_oc3\/7.3.3":["{{h}}",23153577,2783424],"chl_oc3\/7.3.4":["{{h}}",25937001,1473672],"chl_oc3\/7.4.0":["{{h}}",27410673,245857],"chl_oc3\/7.4.1":["{{h}}",27656530,440583],"chl_oc3\/7.4.2":["{{h}}",28097113,427281],"chl_oc3\/7.4.3":["{{h}}",28524394,1057191],"chl_oc3\/7.4.4":["{{h}}",29581585,453467],"chl_oc3\/8.0.0":["{{i}}",151221,532340],"chl_oc3\/8.0.1":["{{i}}",683561,542660],"chl_oc3\/8.0.2":["{{i}}",1226221,510805],"chl_oc3\/8.0.3":["{{i}}",1737026,454625],"chl_oc3\/8.0.4":["{{i}}",2191651,2487786],"chl_oc3\/8.1.0":["{{i}}",4679437,217334],"chl_oc3\/8.1.1":["{{i}}",4896771,1114470],"chl_oc3\/8.1.2":["{{i}}",6011241,112825],"chl_oc3\/8.1.3":["{{i}}",6124066,2149446],"chl_oc3\/8.1.4":["{{i}}",8273512,215380],"chl_oc3\/8.2.0":["{{i}}",8488892,460200],"chl_oc3\/8.2.1":["{{i}}",8949092,2196141],"chl_oc3\/8.2.2":["{{i}}",11145233,42485],"chl_oc3\/8.2.3":["{{i}}",11187718,2508101],"chl_oc3\/8.2.4":["{{i}}",13695819,723296],"chl_oc3\/8.3.0":["{{i}}",14419115,44395],"chl_oc3\/8.3.1":["{{i}}",14463510,1119593],"chl_oc3\/8.3.2":["{{i}}",15583103,3071822],"chl_oc3\/8.3.3":["{{i}}",18654925,2458587],"chl_oc3\/8.3.4":["{{i}}",21113512,1999121],"chl_oc3\/8.4.0":["{{i}}",23112633,15247],"chl_oc3\/8.4.1":["{{i}}",23127880,658934],"chl_oc3\/8.4.2":["{{i}}",23786814,1541176],"chl_oc3\/8.4.3":["{{i}}",25327990,1628208],"chl_oc3\/8.4.4":["{{i}}",26956198,1888609],"chl_oc3\/9.0.0":["{{j}}",151221,389744],"chl_oc3\/9.0.1":["{{j}}",540965,310930],"chl_oc3\/9.0.2":["{{j}}",851895,28540],"chl_oc3\/9.0.3":["{{j}}",880435,637193],"chl_oc3\/9.0.4":["{{j}}",1517628,1912065],"chl_oc3\/9.1.0":["{{j}}",3429693,1131922],"chl_oc3\/9.1.1":["{{j}}",4561615,603571],"chl_oc3\/9.1.2":["{{j}}",5165186,139760],"chl_oc3\/9.1.3":["{{j}}",5304946,1369171],"chl_oc3\/9.1.4":["{{j}}",6674117,2559683],"chl_oc3\/9.2.0":["{{j}}",9233800,2757221],"chl_oc3\/9.2.1":["{{j}}",11991021,1339021],"chl_oc3\/9.2.2":["{{j}}",13330042,71231],"chl_oc3\/9.2.3":["{{j}}",13401273,1274373],"chl_oc3\/9.2.4":["{{j}}",14675646,2820414],"chl_oc3\/9.3.0":["{{j}}",17496060,1059293],"chl_oc3\/9.3.1":["{{j}}",18555353,1671322],"chl_oc3\/9.3.2":["{{j}}",20226675,2512179],"chl_oc3\/9.3.3":["{{j}}",22738854,2582244],"chl_oc3\/9.3.4":["{{j}}",25321098,2156018],"chl_oc3\/9.4.0":["{{j}}",27477116,407208],"chl_oc3\/9.4.1":["{{j}}",27884324,794070],"chl_oc3\/9.4.2":["{{j}}",28678394,1596463],"chl_oc3\/9.4.3":["{{j}}",30274857,2955365],"chl_oc3\/9.4.4":["{{j}}",33230222,2439653],"chl_oc3\/10.0.0":["{{k}}",151221,40102],"chl_oc3\/10.0.1":["{{k}}",191323,219264],"chl_oc3\/10.0.2":["{{k}}",410587,1316957],"chl_oc3\/10.0.3":["{{k}}",1727544,470238],"chl_oc3\/10.0.4":["{{k}}",2197782,25683],"chl_oc3\/10.1.0":["{{k}}",2223465,254881],"chl_oc3\/10.1.1":["{{k}}",2478346,308219],"chl_oc3\/10.1.2":["{{k}}",2786565,111447],"chl_oc3\/10.1.3":["{{k}}",2898012,1892961],"chl_oc3\/10.1.4":["{{k}}",4790973,605322],"chl_oc3\/10.2.0":["{{k}}",5396295,585444],"chl_oc3\/10.2.1":["{{k}}",5981739,1833627],"chl_oc3\/10.2.2":["{{k}}",7815366,20663],"chl_oc3\/10.2.3":["{{k}}",7836029,1976388],"chl_oc3\/10.2.4":["{{k}}",9812417,2220100],"chl_oc3\/10.3.0":["{{k}}",12032517,51298],"chl_oc3\/10.3.1":["{{k}}",12083815,2787101],"chl_oc3\/10.3.2":["{{k}}",14870916,1549959],"chl_oc3\/10.3.3":["{{k}}",16420875,3596473],"chl_oc3\/10.3.4":["{{k}}",20017348,1606225],"chl_oc3\/10.4.0":["{{k}}",21623573,10921],"chl_oc3\/10.4.1":["{{k}}",21634494,874379],"chl_oc3\/10.4.2":["{{k}}",22508873,1821941],"chl_oc3\/10.4.3":["{{k}}",24330814,1715510],"chl_oc3\/10.4.4":["{{k}}",26046324,2542809],"chl_oc3\/11.0.0":["{{l}}",151221,394119],"chl_oc3\/11.0.1":["{{l}}",545340,115641],"chl_oc3\/11.0.2":["{{l}}",660981,781892],"chl_oc3\/11.0.3":["{{l}}",1442873,537892],"chl_oc3\/11.0.4":["{{l}}",1980765,3246431],"chl_oc3\/11.1.0":["{{l}}",5227196,997696],"chl_oc3\/11.1.1":["{{l}}",6224892,633766],"chl_oc3\/11.1.2":["{{l}}",6858658,775267],"chl_oc3\/11.1.3":["{{l}}",7633925,1197644],"chl_oc3\/11.1.4":["{{l}}",8831569,2755044],"chl_oc3\/11.2.0":["{{l}}",11586613,1690570],"chl_oc3\/11.2.1":["{{l}}",13277183,1477663],"chl_oc3\/11.2.2":["{{l}}",14754846,137143],"chl_oc3\/11.2.3":["{{l}}",14891989,1491964],"chl_oc3\/11.2.4":["{{l}}",16383953,4508656],"chl_oc3\/11.3.0":["{{l}}",20892609,1903866],"chl_oc3\/11.3.1":["{{l}}",22796475,1779248],"chl_oc3\/11.3.2":["{{l}}",24575723,2915484],"chl_oc3\/11.3.3":["{{l}}",27491207,1902451],"chl_oc3\/11.3.4":["{{l}}",29393658,1586293],"chl_oc3\/11.4.0":["{{l}}",30979951,119536],"chl_oc3\/11.4.1":["{{l}}",31099487,316192],"chl_oc3\/11.4.2":["{{l}}",31415679,1799449],"chl_oc3\/11.4.3":["{{l}}",33215128,1007441],"chl_oc3\/11.4.4":["{{l}}",34222569,559985],"chl_oc3\/12.0.0":["{{m}}",151221,10921],"chl_oc3\/12.0.1":["{{m}}",162142,68647],"chl_oc3\/12.0.2":["{{m}}",230789,724750],"chl_oc3\/12.0.3":["{{m}}",955539,1507973],"chl_oc3\/12.0.4":["{{m}}",2463512,276216],"chl_oc3\/12.1.0":["{{m}}",2739728,49666],"chl_oc3\/12.1.1":["{{m}}",2789394,1106514],"chl_oc3\/12.1.2":["{{m}}",3895908,1167632],"chl_oc3\/12.1.3":["{{m}}",5063540,1392231],"chl_oc3\/12.1.4":["{{m}}",6455771,1382502],"chl_oc3\/12.2.0":["{{m}}",7838273,11190],"chl_oc3\/12.2.1":["{{m}}",7849463,2554476],"chl_oc3\/12.2.2":["{{m}}",10403939,23416],"chl_oc3\/12.2.3":["{{m}}",10427355,1142971],"chl_oc3\/12.2.4":["{{m}}",11570326,2929289],"chl_oc3\/12.3.0":["{{m}}",14499615,178530],"chl_oc3\/12.3.1":["{{m}}",14678145,970744],"chl_oc3\/12.3.2":["{{m}}",15648889,1740036],"chl_oc3\/12.3.3":["{{m}}",17388925,1817534],"chl_oc3\/12.3.4":["{{m}}",19206459,1696982],"chl_oc3\/12.4.0":["{{m}}",20903441,544493],"chl_oc3\/12.4.1":["{{m}}",21447934,1333471],"chl_oc3\/12.4.2":["{{m}}",22781405,713160],"chl_oc3\/12.4.3":["{{m}}",23494565,1230789],"chl_oc3\/12.4.4":["{{m}}",24725354,2804973],"chl_oc3\/13.0.0":["{{n}}",151221,54918],"chl_oc3\/13.0.1":["{{n}}",206139,118131],"chl_oc3\/13.0.2":["{{n}}",324270,649556],"chl_oc3\/13.0.3":["{{n}}",973826,1489316],"chl_oc3\/13.0.4":["{{n}}",2463142,1863144],"chl_oc3\/13.1.0":["{{n}}",4326286,859034],"chl_oc3\/13.1.1":["{{n}}",5185320,432474],"chl_oc3\/13.1.2":["{{n}}",5617794,668031],"chl_oc3\/13.1.3":["{{n}}",6285825,2200922],"chl_oc3\/13.1.4":["{{n}}",8486747,4405529],"chl_oc3\/13.2.0":["{{n}}",12892276,1114771],"chl_oc3\/13.2.1":["{{n}}",14007047,1480569],"chl_oc3\/13.2.2":["{{n}}",15487616,55597],"chl_oc3\/13.2.3":["{{n}}",15543213,2224018],"chl_oc3\/13.2.4":["{{n}}",17767231,2787196],"chl_oc3\/13.3.0":["{{n}}",20554427,15491],"chl_oc3\/13.3.1":["{{n}}",20569918,980478],"chl_oc3\/13.3.2":["{{n}}",21550396,2155128],"chl_oc3\/13.3.3":["{{n}}",23705524,3341027],"chl_oc3\/13.3.4":["{{n}}",27046551,757573],"chl_oc3\/13.4.0":["{{n}}",27804124,10921],"chl_oc3\/13.4.1":["{{n}}",27815045,170619],"chl_oc3\/13.4.2":["{{n}}",27985664,1339787],"chl_oc3\/13.4.3":["{{n}}",29325451,2120249],"chl_oc3\/13.4.4":["{{n}}",31445700,88523],"chl_oc3\/14.0.0":["{{o}}",151221,1234414],"chl_oc3\/14.0.1":["{{o}}",1385635,146904],"chl_oc3\/14.0.2":["{{o}}",1532539,438240],"chl_oc3\/14.0.3":["{{o}}",1970779,491084],"chl_oc3\/14.0.4":["{{o}}",2461863,416633],"chl_oc3\/14.1.0":["{{o}}",2878496,1845486],"chl_oc3\/14.1.1":["{{o}}",4723982,848290],"chl_oc3\/14.1.2":["{{o}}",5572272,1041003],"chl_oc3\/14.1.3":["{{o}}",6613275,1315212],"chl_oc3\/14.1.4":["{{o}}",7928487,2119993],"chl_oc3\/14.2.0":["{{o}}",10048480,2682619],"chl_oc3\/14.2.1":["{{o}}",12731099,1624887],"chl_oc3\/14.2.2":["{{o}}",14355986,86413],"chl_oc3\/14.2.3":["{{o}}",14442399,912430],"chl_oc3\/14.2.4":["{{o}}",15354829,3004852],"chl_oc3\/14.3.0":["{{o}}",18359681,846645],"chl_oc3\/14.3.1":["{{o}}",19206326,283919],"chl_oc3\/14.3.2":["{{o}}",19490245,1915567],"chl_oc3\/14.3.3":["{{o}}",21405812,2700316],"chl_oc3\/14.3.4":["{{o}}",24106128,2173575],"chl_oc3\/14.4.0":["{{o}}",26279703,73800],"chl_oc3\/14.4.1":["{{o}}",26353503,947757],"chl_oc3\/14.4.2":["{{o}}",27301260,1622411],"chl_oc3\/14.4.3":["{{o}}",28923671,2553832],"chl_oc3\/14.4.4":["{{o}}",31477503,360940],"chl_oc3\/15.0.0":["{{p}}",151221,547673],"chl_oc3\/15.0.1":["{{p}}",698894,173335],"chl_oc3\/15.0.2":["{{p}}",872229,240477],"chl_oc3\/15.0.3":["{{p}}",1112706,497030],"chl_oc3\/15.0.4":["{{p}}",1609736,3348231],"chl_oc3\/15.1.0":["{{p}}",4957967,990594],"chl_oc3\/15.1.1":["{{p}}",5948561,779053],"chl_oc3\/15.1.2":["{{p}}",6727614,752958],"chl_oc3\/15.1.3":["{{p}}",7480572,2143489],"chl_oc3\/15.1.4":["{{p}}",9624061,609078],"chl_oc3\/15.2.0":["{{p}}",10233139,404546],"chl_oc3\/15.2.1":["{{p}}",10637685,1494621],"chl_oc3\/15.2.2":["{{p}}",12132306,84336],"chl_oc3\/15.2.3":["{{p}}",12216642,1804757],"chl_oc3\/15.2.4":["{{p}}",14021399,213676],"chl_oc3\/15.3.0":["{{p}}",14235075,871871],"chl_oc3\/15.3.1":["{{p}}",15106946,454183],"chl_oc3\/15.3.2":["{{p}}",15561129,2039256],"chl_oc3\/15.3.3":["{{p}}",17600385,838963],"chl_oc3\/15.3.4":["{{p}}",18439348,872809],"chl_oc3\/15.4.0":["{{p}}",19312157,221728],"chl_oc3\/15.4.1":["{{p}}",19533885,1383734],"chl_oc3\/15.4.2":["{{p}}",20917619,1063444],"chl_oc3\/15.4.3":["{{p}}",21981063,2005140],"chl_oc3\/15.4.4":["{{p}}",23986203,711053],"chl_oc3\/16.0.0":["{{q}}",151221,10921],"chl_oc3\/16.0.1":["{{q}}",162142,211242],"chl_oc3\/16.0.2":["{{q}}",373384,528904],"chl_oc3\/16.0.3":["{{q}}",902288,817449],"chl_oc3\/16.0.4":["{{q}}",1719737,1038894],"chl_oc3\/16.1.0":["{{q}}",2758631,10921],"chl_oc3\/16.1.1":["{{q}}",2769552,732229],"chl_oc3\/16.1.2":["{{q}}",3501781,643732],"chl_oc3\/16.1.3":["{{q}}",4145513,1023899],"chl_oc3\/16.1.4":["{{q}}",5169412,1700788],"chl_oc3\/16.2.0":["{{q}}",6870200,713403],"chl_oc3\/16.2.1":["{{q}}",7583603,980442],"chl_oc3\/16.2.2":["{{q}}",8564045,103185],"chl_oc3\/16.2.3":["{{q}}",8667230,486528],"chl_oc3\/16.2.4":["{{q}}",9153758,3253407],"chl_oc3\/16.3.0":["{{q}}",12407165,2498562],"chl_oc3\/16.3.1":["{{q}}",14905727,1396289],"chl_oc3\/16.3.2":["{{q}}",16302016,2048510],"chl_oc3\/16.3.3":["{{q}}",18350526,1030228],"chl_oc3\/16.3.4":["{{q}}",19380754,2626894],"chl_oc3\/16.4.0":["{{q}}",22007648,1175018],"chl_oc3\/16.4.1":["{{q}}",23182666,2425201],"chl_oc3\/16.4.2":["{{q}}",25607867,810507],"chl_oc3\/16.4.3":["{{q}}",26418374,1430182],"chl_oc3\/16.4.4":["{{q}}",27848556,845050],"chl_oc3\/17.0.0":["{{r}}",151221,868682],"chl_oc3\/17.0.1":["{{r}}",1019903,213488],"chl_oc3\/17.0.2":["{{r}}",1233391,1421331],"chl_oc3\/17.0.3":["{{r}}",2654722,1615403],"chl_oc3\/17.0.4":["{{r}}",4270125,10921],"chl_oc3\/17.1.0":["{{r}}",4281046,868642],"chl_oc3\/17.1.1":["{{r}}",5149688,708073],"chl_oc3\/17.1.2":["{{r}}",5857761,177966],"chl_oc3\/17.1.3":["{{r}}",6035727,2290574],"chl_oc3\/17.1.4":["{{r}}",8326301,239472],"chl_oc3\/17.2.0":["{{r}}",8565773,914956],"chl_oc3\/17.2.1":["{{r}}",9480729,1694658],"chl_oc3\/17.2.2":["{{r}}",11175387,69598],"chl_oc3\/17.2.3":["{{r}}",11244985,1317270],"chl_oc3\/17.2.4":["{{r}}",12562255,551261],"chl_oc3\/17.3.0":["{{r}}",13113516,141888],"chl_oc3\/17.3.1":["{{r}}",13255404,2966334],"chl_oc3\/17.3.2":["{{r}}",16221738,2117536],"chl_oc3\/17.3.3":["{{r}}",18339274,1607705],"chl_oc3\/17.3.4":["{{r}}",19946979,1638879],"chl_oc3\/17.4.0":["{{r}}",21585858,29478],"chl_oc3\/17.4.1":["{{r}}",21615336,2518461],"chl_oc3\/17.4.2":["{{r}}",24133797,2256581],"chl_oc3\/17.4.3":["{{r}}",26390378,923195],"chl_oc3\/17.4.4":["{{r}}",27313573,1524312],"chl_oc3\/18.0.0":["{{s}}",151221,2012543],"chl_oc3\/18.0.1":["{{s}}",2163764,80418],"chl_oc3\/18.0.2":["{{s}}",2244182,897293],"chl_oc3\/18.0.3":["{{s}}",3141475,151420],"chl_oc3\/18.0.4":["{{s}}",3292895,109189],"chl_oc3\/18.1.0":["{{s}}",3402084,1266836],"chl_oc3\/18.1.1":["{{s}}",4668920,686847],"chl_oc3\/18.1.2":["{{s}}",5355767,653688],"chl_oc3\/18.1.3":["{{s}}",6009455,1076894],"chl_oc3\/18.1.4":["{{s}}",7086349,1017529],"chl_oc3\/18.2.0":["{{s}}",8103878,3032112],"chl_oc3\/18.2.1":["{{s}}",11135990,2015371],"chl_oc3\/18.2.2":["{{s}}",13151361,129847],"chl_oc3\/18.2.3":["{{s}}",13281208,1490298],"chl_oc3\/18.2.4":["{{s}}",14771506,3362013],"chl_oc3\/18.3.0":["{{s}}",18133519,2263885],"chl_oc3\/18.3.1":["{{s}}",20397404,1961193],"chl_oc3\/18.3.2":["{{s}}",22358597,1951121],"chl_oc3\/18.3.3":["{{s}}",24309718,1474206],"chl_oc3\/18.3.4":["{{s}}",25783924,1022017],"chl_oc3\/18.4.0":["{{s}}",26805941,933461],"chl_oc3\/18.4.1":["{{s}}",27739402,1184856],"chl_oc3\/18.4.2":["{{s}}",28924258,3510009],"chl_oc3\/18.4.3":["{{s}}",32434267,751283],"chl_oc3\/18.4.4":["{{s}}",33185550,265929],"chl_oc3\/19.0.0":["{{t}}",151221,153810],"chl_oc3\/19.0.1":["{{t}}",305031,516100],"chl_oc3\/19.0.2":["{{t}}",821131,1504840],"chl_oc3\/19.0.3":["{{t}}",2325971,516295],"chl_oc3\/19.0.4":["{{t}}",2842266,11222],"chl_oc3\/19.1.0":["{{t}}",2853488,160145],"chl_oc3\/19.1.1":["{{t}}",3013633,526052],"chl_oc3\/19.1.2":["{{t}}",3539685,793569],"chl_oc3\/19.1.3":["{{t}}",4333254,1451616],"chl_oc3\/19.1.4":["{{t}}",5784870,401880],"chl_oc3\/19.2.0":["{{t}}",6186750,272380],"chl_oc3\/19.2.1":["{{t}}",6459130,3120407],"chl_oc3\/19.2.2":["{{t}}",9579537,11918],"chl_oc3\/19.2.3":["{{t}}",9591455,1491820],"chl_oc3\/19.2.4":["{{t}}",11083275,2579165],"chl_oc3\/19.3.0":["{{t}}",13662440,12092],"chl_oc3\/19.3.1":["{{t}}",13674532,3449155],"chl_oc3\/19.3.2":["{{t}}",17123687,3202801],"chl_oc3\/19.3.3":["{{t}}",20326488,1611097],"chl_oc3\/19.3.4":["{{t}}",21937585,1883924],"chl_oc3\/19.4.0":["{{t}}",23821509,10921],"chl_oc3\/19.4.1":["{{t}}",23832430,459515],"chl_oc3\/19.4.2":["{{t}}",24291945,1211448],"chl_oc3\/19.4.3":["{{t}}",25503393,199170],"chl_oc3\/19.4.4":["{{t}}",25702563,194702],"chl_oc3\/20.0.0":["{{u}}",151221,2049257],"chl_oc3\/20.0.1":["{{u}}",2200478,502533],"chl_oc3\/20.0.2":["{{u}}",2703011,1006856],"chl_oc3\/20.0.3":["{{u}}",3709867,898923],"chl_oc3\/20.0.4":["{{u}}",4608790,883231],"chl_oc3\/20.1.0":["{{u}}",5492021,650849],"chl_oc3\/20.1.1":["{{u}}",6142870,175730],"chl_oc3\/20.1.2":["{{u}}",6318600,1208599],"chl_oc3\/20.1.3":["{{u}}",7527199,809731],"chl_oc3\/20.1.4":["{{u}}",8336930,2153661],"chl_oc3\/20.2.0":["{{u}}",10490591,1941241],"chl_oc3\/20.2.1":["{{u}}",12431832,2061812],"chl_oc3\/20.2.2":["{{u}}",14493644,85048],"chl_oc3\/20.2.3":["{{u}}",14578692,2241207],"chl_oc3\/20.2.4":["{{u}}",16819899,1725731],"chl_oc3\/20.3.0":["{{u}}",18545630,969853],"chl_oc3\/20.3.1":["{{u}}",19515483,2538427],"chl_oc3\/20.3.2":["{{u}}",22053910,3873448],"chl_oc3\/20.3.3":["{{u}}",25927358,2253690],"chl_oc3\/20.3.4":["{{u}}",28181048,1435390],"chl_oc3\/20.4.0":["{{u}}",29616438,251878],"chl_oc3\/20.4.1":["{{u}}",29868316,394655],"chl_oc3\/20.4.2":["{{u}}",30262971,1327588],"chl_oc3\/20.4.3":["{{u}}",31590559,1144526],"chl_oc3\/20.4.4":["{{u}}",32735085,69759],"chl_oc3\/21.0.0":["{{v}}",151221,28536],"chl_oc3\/21.0.1":["{{v}}",179757,149263],"chl_oc3\/21.0.2":["{{v}}",329020,717153],"chl_oc3\/21.0.3":["{{v}}",1046173,737821],"chl_oc3\/21.0.4":["{{v}}",1783994,78072],"chl_oc3\/21.1.0":["{{v}}",1862066,70366],"chl_oc3\/21.1.1":["{{v}}",1932432,460606],"chl_oc3\/21.1.2":["{{v}}",2393038,1705002],"chl_oc3\/21.1.3":["{{v}}",4098040,373206],"chl_oc3\/21.1.4":["{{v}}",4471246,770371],"chl_oc3\/21.2.0":["{{v}}",5241617,2412606],"chl_oc3\/21.2.1":["{{v}}",7654223,1936468],"chl_oc3\/21.2.2":["{{v}}",9590691,55167],"chl_oc3\/21.2.3":["{{v}}",9645858,876013],"chl_oc3\/21.2.4":["{{v}}",10521871,2468832],"chl_oc3\/21.3.0":["{{v}}",12990703,2264525],"chl_oc3\/21.3.1":["{{v}}",15255228,2388832],"chl_oc3\/21.3.2":["{{v}}",17644060,2052169],"chl_oc3\/21.3.3":["{{v}}",19696229,2557670],"chl_oc3\/21.3.4":["{{v}}",22253899,1680030],"chl_oc3\/21.4.0":["{{v}}",23933929,257691],"chl_oc3\/21.4.1":["{{v}}",24191620,521990],"chl_oc3\/21.4.2":["{{v}}",24713610,1227470],"chl_oc3\/21.4.3":["{{v}}",25941080,1719582],"chl_oc3\/21.4.4":["{{v}}",27660662,244683],"chl_oc3\/22.0.0":["{{w}}",151221,1496716],"chl_oc3\/22.0.1":["{{w}}",1647937,153810],"chl_oc3\/22.0.2":["{{w}}",1801747,131654],"chl_oc3\/22.0.3":["{{w}}",1933401,656203],"chl_oc3\/22.0.4":["{{w}}",2589604,3067684],"chl_oc3\/22.1.0":["{{w}}",5657288,1071803],"chl_oc3\/22.1.1":["{{w}}",6729091,1239645],"chl_oc3\/22.1.2":["{{w}}",7968736,632848],"chl_oc3\/22.1.3":["{{w}}",8601584,829297],"chl_oc3\/22.1.4":["{{w}}",9430881,1114432],"chl_oc3\/22.2.0":["{{w}}",10545313,376029],"chl_oc3\/22.2.1":["{{w}}",10921342,1698499],"chl_oc3\/22.2.2":["{{w}}",12619841,45560],"chl_oc3\/22.2.3":["{{w}}",12665401,1440164],"chl_oc3\/22.2.4":["{{w}}",14105565,216798],"chl_oc3\/22.3.0":["{{w}}",14322363,476131],"chl_oc3\/22.3.1":["{{w}}",14798494,1159949],"chl_oc3\/22.3.2":["{{w}}",15958443,3609846],"chl_oc3\/22.3.3":["{{w}}",19568289,2003589],"chl_oc3\/22.3.4":["{{w}}",21571878,1359799],"chl_oc3\/22.4.0":["{{w}}",22931677,75380],"chl_oc3\/22.4.1":["{{w}}",23007057,666636],"chl_oc3\/22.4.2":["{{w}}",23673693,1095119],"chl_oc3\/22.4.3":["{{w}}",24768812,1135385],"chl_oc3\/22.4.4":["{{w}}",25904197,682512],"chl_oc3\/23.0.0":["{{x}}",151221,2811075],"chl_oc3\/23.0.1":["{{x}}",2962296,369233],"chl_oc3\/23.0.2":["{{x}}",3331529,265298],"chl_oc3\/23.0.3":["{{x}}",3596827,1993467],"chl_oc3\/23.0.4":["{{x}}",5590294,1680291],"chl_oc3\/23.1.0":["{{x}}",7270585,2064050],"chl_oc3\/23.1.1":["{{x}}",9334635,1658161],"chl_oc3\/23.1.2":["{{x}}",10992796,208159],"chl_oc3\/23.1.3":["{{x}}",11200955,814375],"chl_oc3\/23.1.4":["{{x}}",12015330,2050036],"chl_oc3\/23.2.0":["{{x}}",14065366,1762997],"chl_oc3\/23.2.1":["{{x}}",15828363,1141451],"chl_oc3\/23.2.2":["{{x}}",16969814,54819],"chl_oc3\/23.2.3":["{{x}}",17024633,999157],"chl_oc3\/23.2.4":["{{x}}",18023790,3040374],"chl_oc3\/23.3.0":["{{x}}",21064164,2843229],"chl_oc3\/23.3.1":["{{x}}",23907393,661128],"chl_oc3\/23.3.2":["{{x}}",24568521,1493167],"chl_oc3\/23.3.3":["{{x}}",26061688,2026321],"chl_oc3\/23.3.4":["{{x}}",28088009,2742171],"chl_oc3\/23.4.0":["{{x}}",30830180,1142303],"chl_oc3\/23.4.1":["{{x}}",31972483,1302965],"chl_oc3\/23.4.2":["{{x}}",33275448,278956],"chl_oc3\/23.4.3":["{{x}}",33554404,1356326],"chl_oc3\/23.4.4":["{{x}}",34910730,2370102],"chl_oc3\/24.0.0":["{{y}}",151221,492979],"chl_oc3\/24.0.1":["{{y}}",644200,129934],"chl_oc3\/24.0.2":["{{y}}",774134,950585],"chl_oc3\/24.0.3":["{{y}}",1724719,3141980],"chl_oc3\/24.0.4":["{{y}}",4866699,3134032],"chl_oc3\/24.1.0":["{{y}}",8000731,1339496],"chl_oc3\/24.1.1":["{{y}}",9340227,1569917],"chl_oc3\/24.1.2":["{{y}}",10910144,316280],"chl_oc3\/24.1.3":["{{y}}",11226424,1971861],"chl_oc3\/24.1.4":["{{y}}",13198285,594111],"chl_oc3\/24.2.0":["{{y}}",13792396,451365],"chl_oc3\/24.2.1":["{{y}}",14243761,1778860],"chl_oc3\/24.2.2":["{{y}}",16022621,75489],"chl_oc3\/24.2.3":["{{y}}",16098110,2367923],"chl_oc3\/24.2.4":["{{y}}",18466033,803503],"chl_oc3\/24.3.0":["{{y}}",19269536,658792],"chl_oc3\/24.3.1":["{{y}}",19928328,2979922],"chl_oc3\/24.3.2":["{{y}}",22908250,1208976],"chl_oc3\/24.3.3":["{{y}}",24117226,2481231],"chl_oc3\/24.3.4":["{{y}}",26598457,1637731],"chl_oc3\/24.4.0":["{{y}}",28236188,27936],"chl_oc3\/24.4.1":["{{y}}",28264124,1858107],"chl_oc3\/24.4.2":["{{y}}",30122231,1246238],"chl_oc3\/24.4.3":["{{y}}",31368469,1451282],"chl_oc3\/24.4.4":["{{y}}",32819751,2716233],"chl_oc3\/25.0.0":["{{z}}",151221,3953053],"chl_oc3\/25.0.1":["{{z}}",4104274,220392],"chl_oc3\/25.0.2":["{{z}}",4324666,1895176],"chl_oc3\/25.0.3":["{{z}}",6219842,639180],"chl_oc3\/25.0.4":["{{z}}",6859022,1608753],"chl_oc3\/25.1.0":["{{z}}",8467775,3728071],"chl_oc3\/25.1.1":["{{z}}",12195846,997541],"chl_oc3\/25.1.2":["{{z}}",13193387,257886],"chl_oc3\/25.1.3":["{{z}}",13451273,1597545],"chl_oc3\/25.1.4":["{{z}}",15048818,2514491],"chl_oc3\/25.2.0":["{{z}}",17563309,2330731],"chl_oc3\/25.2.1":["{{z}}",19894040,1424694],"chl_oc3\/25.2.2":["{{z}}",21318734,91579],"chl_oc3\/25.2.3":["{{z}}",21410313,1208981],"chl_oc3\/25.2.4":["{{z}}",22619294,2619346],"chl_oc3\/25.3.0":["{{z}}",25238640,2048766],"chl_oc3\/25.3.1":["{{z}}",27287406,2281103],"chl_oc3\/25.3.2":["{{z}}",29568509,1651966],"chl_oc3\/25.3.3":["{{z}}",31220475,1914006],"chl_oc3\/25.3.4":["{{z}}",33134481,3616785],"chl_oc3\/25.4.0":["{{z}}",36751266,367344],"chl_oc3\/25.4.1":["{{z}}",37118610,1285073],"chl_oc3\/25.4.2":["{{z}}",38403683,2369604],"chl_oc3\/25.4.3":["{{z}}",40773287,2212404],"chl_oc3\/25.4.4":["{{z}}",42985691,2080021],"chl_oc3\/26.0.0":["{{A}}",151221,814761],"chl_oc3\/26.0.1":["{{A}}",965982,767887],"chl_oc3\/26.0.2":["{{A}}",1733869,1332097],"chl_oc3\/26.0.3":["{{A}}",3065966,1251205],"chl_oc3\/26.0.4":["{{A}}",4317171,19198],"chl_oc3\/26.1.0":["{{A}}",4336369,242058],"chl_oc3\/26.1.1":["{{A}}",4578427,939488],"chl_oc3\/26.1.2":["{{A}}",5517915,591125],"chl_oc3\/26.1.3":["{{A}}",6109040,2056626],"chl_oc3\/26.1.4":["{{A}}",8165666,275811],"chl_oc3\/26.2.0":["{{A}}",8441477,377295],"chl_oc3\/26.2.1":["{{A}}",8818772,2730322],"chl_oc3\/26.2.2":["{{A}}",11549094,34096],"chl_oc3\/26.2.3":["{{A}}",11583190,1107310],"chl_oc3\/26.2.4":["{{A}}",12690500,1488327],"chl_oc3\/26.3.0":["{{A}}",14178827,170066],"chl_oc3\/26.3.1":["{{A}}",14348893,1894745],"chl_oc3\/26.3.2":["{{A}}",16243638,1891278],"chl_oc3\/26.3.3":["{{A}}",18134916,2315170],"chl_oc3\/26.3.4":["{{A}}",20450086,2390823],"chl_oc3\/26.4.0":["{{A}}",22840909,10921],"chl_oc3\/26.4.1":["{{A}}",22851830,1514020],"chl_oc3\/26.4.2":["{{A}}",24365850,3110624],"chl_oc3\/26.4.3":["{{A}}",27476474,2290509],"chl_oc3\/26.4.4":["{{A}}",29766983,4366052],"chl_oc3\/27.0.0":["{{B}}",151221,3102598],"chl_oc3\/27.0.1":["{{B}}",3253819,872876],"chl_oc3\/27.0.2":["{{B}}",4126695,1368451],"chl_oc3\/27.0.3":["{{B}}",5495146,2235878],"chl_oc3\/27.0.4":["{{B}}",7731024,1711849],"chl_oc3\/27.1.0":["{{B}}",9442873,1936733],"chl_oc3\/27.1.1":["{{B}}",11379606,338857],"chl_oc3\/27.1.2":["{{B}}",11718463,229275],"chl_oc3\/27.1.3":["{{B}}",11947738,1498794],"chl_oc3\/27.1.4":["{{B}}",13446532,1023031],"chl_oc3\/27.2.0":["{{B}}",14469563,2479637],"chl_oc3\/27.2.1":["{{B}}",16949200,2761393],"chl_oc3\/27.2.2":["{{B}}",19710593,74165],"chl_oc3\/27.2.3":["{{B}}",19784758,1349894],"chl_oc3\/27.2.4":["{{B}}",21134652,2825868],"chl_oc3\/27.3.0":["{{B}}",23960520,2012462],"chl_oc3\/27.3.1":["{{B}}",25972982,1775404],"chl_oc3\/27.3.2":["{{B}}",27748386,1629053],"chl_oc3\/27.3.3":["{{B}}",29377439,1220887],"chl_oc3\/27.3.4":["{{B}}",30598326,3387853],"chl_oc3\/27.4.0":["{{B}}",33986179,136916],"chl_oc3\/27.4.1":["{{B}}",34123095,1043749],"chl_oc3\/27.4.2":["{{B}}",35166844,1449638],"chl_oc3\/27.4.3":["{{B}}",36616482,1097794],"chl_oc3\/27.4.4":["{{B}}",37714276,1207864],"chl_oc3\/28.0.0":["{{C}}",151221,168411],"chl_oc3\/28.0.1":["{{C}}",319632,205348],"chl_oc3\/28.0.2":["{{C}}",524980,2601674],"chl_oc3\/28.0.3":["{{C}}",3126654,2752746],"chl_oc3\/28.0.4":["{{C}}",5879400,120738],"chl_oc3\/28.1.0":["{{C}}",6000138,412257],"chl_oc3\/28.1.1":["{{C}}",6412395,646844],"chl_oc3\/28.1.2":["{{C}}",7059239,279595],"chl_oc3\/28.1.3":["{{C}}",7338834,528215],"chl_oc3\/28.1.4":["{{C}}",7867049,225622],"chl_oc3\/28.2.0":["{{C}}",8092671,29228],"chl_oc3\/28.2.1":["{{C}}",8121899,2706319],"chl_oc3\/28.2.2":["{{C}}",10828218,51923],"chl_oc3\/28.2.3":["{{C}}",10880141,949693],"chl_oc3\/28.2.4":["{{C}}",11829834,2068455],"chl_oc3\/28.3.0":["{{C}}",13898289,316596],"chl_oc3\/28.3.1":["{{C}}",14214885,2753747],"chl_oc3\/28.3.2":["{{C}}",16968632,3155842],"chl_oc3\/28.3.3":["{{C}}",20124474,937660],"chl_oc3\/28.3.4":["{{C}}",21062134,1958995],"chl_oc3\/28.4.0":["{{C}}",23021129,1392184],"chl_oc3\/28.4.1":["{{C}}",24413313,977741],"chl_oc3\/28.4.2":["{{C}}",25391054,1815017],"chl_oc3\/28.4.3":["{{C}}",27206071,1110502],"chl_oc3\/28.4.4":["{{C}}",28316573,1505803],"chl_oc3\/29.0.0":["{{D}}",151221,2652800],"chl_oc3\/29.0.1":["{{D}}",2804021,397700],"chl_oc3\/29.0.2":["{{D}}",3201721,1677822],"chl_oc3\/29.0.3":["{{D}}",4879543,1216511],"chl_oc3\/29.0.4":["{{D}}",6096054,1875817],"chl_oc3\/29.1.0":["{{D}}",7971871,1109053],"chl_oc3\/29.1.1":["{{D}}",9080924,373720],"chl_oc3\/29.1.2":["{{D}}",9454644,91410],"chl_oc3\/29.1.3":["{{D}}",9546054,1051316],"chl_oc3\/29.1.4":["{{D}}",10597370,821054],"chl_oc3\/29.2.0":["{{D}}",11418424,1437033],"chl_oc3\/29.2.1":["{{D}}",12855457,1389347],"chl_oc3\/29.2.2":["{{D}}",14244804,36435],"chl_oc3\/29.2.3":["{{D}}",14281239,2202295],"chl_oc3\/29.2.4":["{{D}}",16483534,2810032],"chl_oc3\/29.3.0":["{{D}}",19293566,1791602],"chl_oc3\/29.3.1":["{{D}}",21085168,2876787],"chl_oc3\/29.3.2":["{{D}}",23961955,3445023],"chl_oc3\/29.3.3":["{{D}}",27406978,3676438],"chl_oc3\/29.3.4":["{{D}}",31083416,1617625],"chl_oc3\/29.4.0":["{{D}}",32701041,171002],"chl_oc3\/29.4.1":["{{D}}",32872043,1056145],"chl_oc3\/29.4.2":["{{D}}",33928188,3342185],"chl_oc3\/29.4.3":["{{D}}",37270373,3179633],"chl_oc3\/29.4.4":["{{D}}",40450006,988820],"chl_oc3\/30.0.0":["{{E}}",151221,592658],"chl_oc3\/30.0.1":["{{E}}",743879,578605],"chl_oc3\/30.0.2":["{{E}}",1322484,3018922],"chl_oc3\/30.0.3":["{{E}}",4341406,710570],"chl_oc3\/30.0.4":["{{E}}",5051976,164672],"chl_oc3\/30.1.0":["{{E}}",5216648,2313196],"chl_oc3\/30.1.1":["{{E}}",7529844,448949],"chl_oc3\/30.1.2":["{{E}}",7978793,955146],"chl_oc3\/30.1.3":["{{E}}",8933939,1641310],"chl_oc3\/30.1.4":["{{E}}",10575249,1719849],"chl_oc3\/30.2.0":["{{E}}",12295098,3609096],"chl_oc3\/30.2.1":["{{E}}",15904194,1567486],"chl_oc3\/30.2.2":["{{E}}",17471680,10921],"chl_oc3\/30.2.3":["{{E}}",17482601,954063],"chl_oc3\/30.2.4":["{{E}}",18436664,3221595],"chl_oc3\/30.3.0":["{{E}}",21658259,1291228],"chl_oc3\/30.3.1":["{{E}}",22949487,2297827],"chl_oc3\/30.3.2":["{{E}}",25247314,1633761],"chl_oc3\/30.3.3":["{{E}}",26881075,1650002],"chl_oc3\/30.3.4":["{{E}}",28531077,3438689],"chl_oc3\/30.4.0":["{{E}}",31969766,606292],"chl_oc3\/30.4.1":["{{E}}",32576058,435691],"chl_oc3\/30.4.2":["{{E}}",33011749,3128772],"chl_oc3\/30.4.3":["{{E}}",36140521,3001997],"chl_oc3\/30.4.4":["{{E}}",39142518,3431450]}}