{"version":1,"templates":{"a":"s3:\/\/imos-data\/IMOS\/SRS\/OC\/gridded\/aqua\/P1D\/2005\/01\/A.P1D.20050101T053000Z.aust.chl_gsm.nc","b":"s3:\/\/imos-data\/IMOS\/SRS\/OC\/gridded\/aqua\/P1D\/2005\/01\/A.P1D.20050102T053000Z.aust.chl_gsm.nc","c":"s3:\/\/imos-data\/IMOS\/SRS\/OC\/gridded\/aqua\/P1D\/2005\/01\/A.P1D.20050103T053000Z.aust.chl_gsm.nc","d":"s3:\/\/imos-data\/IMOS\/SRS\/OC\/gridded\/aqua\/P1D\/2005\/01\/A.P1D.20050104T053000Z.aust.chl_gsm.nc","e":"s3:\/\/imos-data\/IMOS\/SRS\/OC\/gridded\/aqua\/P1D\/2005\/01\/A.P1D.20050105T053000Z.aust.chl_gsm.nc","f":"s3:\/\/imos-data\/IMOS\/SRS\/OC\/gridded\/aqua\/P1D\/2005\/01\/A.P1D.20050106T053000Z.aust.chl_gsm.nc","g":"s3:\/\/imos-data\/IMOS\/SRS\/OC\/gridded\/aqua\/P1D\/2005\/01\/A.P1D.20050107T053000Z.aust.chl_gsm.nc","h":"s3:\/\/imos-data\/IMOS\/SRS\/OC\/gridded\/aqua\/P1D\/2005\/01\/A.P1D.20050108T053000Z.aust.chl_gsm.nc","i":"s3:\/\/imos-data\/IMOS\/SRS\/OC\/gridded\/aqua\/P1D\/2005\/01\/A.P1D.20050109T053000Z.aust.chl_gsm.nc","j":"s3:\/\/imos-data\/IMOS\/SRS\/OC\/gridded\/aqua\/P1D\/2005\/01\/A.P1D.20050110T053000Z.aust.chl_gsm.nc","k":"s3:\/\/imos-data\/IMOS\/SRS\/OC\/gridded\/aqua\/P1D\/2005\/01\/A.P1D.20050111T053000Z.aust.chl_gsm.nc","l":"s3:\/\/imos-data\/IMOS\/SRS\/OC\/gridded\/aqua\/P1D\/2005\/01\/A.P1D.20050112T053000Z.aust.chl_gsm.nc","m":"s3:\/\/imos-data\/IMOS\/SRS\/OC\/gridded\/aqua\/P1D\/2005\/01\/A.P1D.20050113T053000Z.aust.chl_gsm.nc","n":"s3:\/\/imos-data\/IMOS\/SRS\/OC\/gridded\/aqua\/P1D\/2005\/01\/A.P1D.20050114T053000Z.aust.chl_gsm.nc","o":"s3:\/\/imos-data\/IMOS\/SRS\/OC\/gridded\/aqua\/P1D\/2005\/01\/A.P1D.20050115T053000Z.aust.chl_gsm.nc","p":"s3:\/\/imos-data\/IMOS\/SRS\/OC\/gridded\/aqua\/P1D\/2005\/01\/A.P1D.20050116T053000Z.aust.chl_gsm.nc","q":"s3:\/\/imos-data\/IMOS\/SRS\/OC\/gridded\/aqua\/P1D\/2005\/01\/A.P1D.20050117T053000Z.aust.chl_gsm.nc","r":"s3:\/\/imos-data\/IMOS\/SRS\/OC\/gridded\/aqua\/P1D\/2005\/01\/A.P1D.20050118T053000Z.aust.chl_gsm.nc","s":"s3:\/\/imos-data\/IMOS\/SRS\/OC\/gridded\/aqua\/P1D\/2005\/01\/A.P1D.20050119T053000Z.aust.chl_gsm.nc","t":"s3:\/\/imos-data\/IMOS\/SRS\/OC\/gridded\/aqua\/P1D\/2005\/01\/A.P1D.20050120T053000Z.aust.chl_gsm.nc","u":"s3:\/\/imos-data\/IMOS\/SRS\/OC\/gridded\/aqua\/P1D\/2005\/01\/A.P1D.20050121T053000Z.aust.chl_gsm.nc","v":"s3:\/\/imos-data\/IMOS\/SRS\/OC\/gridded\/aqua\/P1D\/2005\/01\/A.P1D.20050122T053000Z.aust.chl_gsm.nc","w":"s3:\/\/imos-data\/IMOS\/SRS\/OC\/gridded\/aqua\/P1D\/2005\/01\/A.P1D.20050123T053000Z.aust.chl_gsm.nc","x":"s3:\/\/imos-data\/IMOS\/SRS\/OC\/gridded\/aqua\/P1D\/2005\/01\/A.P1D.20050124T053000Z.aust.chl_gsm.nc","y":"s3:\/\/imos-data\/IMOS\/SRS\/OC\/gridded\/aqua\/P1D\/2005\/01\/A.P1D.20050125T053000Z.aust.chl_gsm.nc","z":"s3:\/\/imos-data\/IMOS\/SRS\/OC\/gridded\/aqua\/P1D\/2005\/01\/A.P1D.20050126T053000Z.aust.chl_gsm.nc","A":"s3:\/\/imos-data\/IMOS\/SRS\/OC\/gridded\/aqua\/P1D\/2005\/01\/A.P1D.20050127T053000Z.aust.chl_gsm.nc","B":"s3:\/\/imos-data\/IMOS\/SRS\/OC\/gridded\/aqua\/P1D\/2005\/01\/A.P1D.20050128T053000Z.aust.chl_gsm.nc","C":"s3:\/\/imos-data\/IMOS\/SRS\/OC\/gridded\/aqua\/P1D\/2005\/01\/A.P1D.20050129T053000Z.aust.chl_gsm.nc","D":"s3:\/\/imos-data\/IMOS\/SRS\/OC\/gridded\/aqua\/P1D\/2005\/01\/A.P1D.20050130T053000Z.aust.chl_gsm.nc","E":"s3:\/\/imos-data\/IMOS\/SRS\/OC\/gridded\/aqua\/P1D\/2005\/01\/A.P1D.20050131T053000Z.aust.chl_gsm.nc"},"refs":{".zgroup":"{\"zarr_format\":2}",".zattrs":"{\"Conventions\":\"CF-1.6\",\"_NCProperties\":\"version=1|netcdflibversion=4.6.1|hdf5libversion=1.10.4\",\"_nc3_strict\":1,\"history\":\"File initialised at 2020-08-06T02:26:53.918547\\nInitialised var chl_gsm at 2020-08-06T02:27:15.267186\\nAdd Granule A20050101_0225.20190919153912.L2OC_BASE.chl_gsm.nc at 2020-08-06T02:27:16.157797\\nAdd Granule A20050101_0230.20190919141640.L2OC_BASE.chl_gsm.nc at 2020-08-06T02:27:16.331920\\nAdd Granule A20050101_0235.20190919150325.L2OC_BASE.chl_gsm.nc at 2020-08-06T02:27:16.546104\\nAdd Granule A20050101_0240.20190919142440.L2OC_BASE.chl_gsm.nc at 2020-08-06T02:27:16.703864\\nAdd Granule A20050101_0400.20190919143344.L2OC_BASE.chl_gsm.nc at 2020-08-06T02:27:16.950490\\nAdd Granule A20050101_0405.20190919145324.L2OC_BASE.chl_gsm.nc at 2020-08-06T02:27:17.196528\\nAdd Granule A20050101_0410.20190919144249.L2OC_BASE.chl_gsm.nc at 2020-08-06T02:27:17.381772\\nAdd Granule A20050101_0415.20190919145915.L2OC_BASE.chl_gsm.nc at 2020-08-06T02:27:17.565079\\nAdd Granule A20050101_0540.20190919144659.L2OC_BASE.chl_gsm.nc at 2020-08-06T02:27:17.850321\\nAdd Granule A20050101_0545.20190919153317.L2OC_BASE.chl_gsm.nc at 2020-08-06T02:27:18.100910\\nAdd Granule A20050101_0550.20190919155123.L2OC_BASE.chl_gsm.nc at 2020-08-06T02:27:18.306454\\nAdd Granule A20050101_0555.20190919154529.L2OC_BASE.chl_gsm.nc at 2020-08-06T02:27:18.525302\\nAdd Granule A20050101_0715.20190919143859.L2OC_BASE.chl_gsm.nc at 2020-08-06T02:27:18.689864\\nAdd Granule A20050101_0720.20190919152706.L2OC_BASE.chl_gsm.nc at 2020-08-06T02:27:19.048118\\nAdd Granule A20050101_0725.20190919151905.L2OC_BASE.chl_gsm.nc at 2020-08-06T02:27:19.301866\\nAdd Granule A20050101_0730.20190919140906.L2OC_BASE.chl_gsm.nc at 2020-08-06T02:27:19.520978\\nAdd Granule A20050101_0735.20190919151402.L2OC_BASE.chl_gsm.nc at 2020-08-06T02:27:19.686677\",\"source_path\":\"imos-srs\\\/archive\\\/oc\\\/aqua\\\/1d\\\/v201909\\\/2005\\\/01\\\/A20050101.L2OC_BASE.aust.chl_gsm.nc\"}","chl_gsm\/.zarray":"{\"chunks\":[1,1401,2001],\"compressor\":{\"id\":\"zlib\",\"level\":4},\"dtype\":\"<f4\",\"fill_value\":-999.0,\"filters\":[{\"elementsize\":4,\"id\":\"shuffle\"}],\"order\":\"C\",\"shape\":[31,7001,10001],\"zarr_format\":2}","chl_gsm\/.zattrs":"{\"_ARRAY_DIMENSIONS\":[\"time\",\"latitude\",\"longitude\"],\"flag_applied\":\"HISATZEN LAND CLDICE NAVFAIL\",\"long_name\":\"Chlorophyll Concentration, GSM model\",\"units\":\"mg\\\/m^3\"}","longitude\/.zarray":"{\n    \"chunks\": [\n        10001\n    ],\n    \"compressor\": null,\n    \"dtype\": \"<f8\",\n    \"fill_value\": 9.969209968386869e+36,\n    \"filters\": null,\n    \"order\": \"C\",\n    \"shape\": [\n        10001\n    ],\n    \"zarr_format\": 2\n}","longitude\/.zattrs":"{\n    \"NAME\": \"longitude\",\n    \"_ARRAY_DIMENSIONS\": [\n        \"longitude\"\n    ],\n    \"_Netcdf4Dimid\": 2,\n    \"axis\": \"X\",\n    \"long_name\": \"longitude\",\n    \"standard_name\": \"longitude\",\n    \"units\": \"degrees_east\"\n}","longitude\/0":["{{a}}",58400,80008],"latitude\/.zarray":"{\n    \"chunks\": [\n        7001\n    ],\n    \"compressor\": null,\n    \"dtype\": \"<f8\",\n    \"fill_value\": 9.969209968386869e+36,\n    \"filters\": null,\n    \"order\": \"C\",\n    \"shape\": [\n        7001\n    ],\n    \"zarr_format\": 2\n}","latitude\/.zattrs":"{\n    \"NAME\": \"latitude\",\n    \"_ARRAY_DIMENSIONS\": [\n        \"latitude\"\n    ],\n    \"_Netcdf4Dimid\": 1,\n    \"axis\": \"Y\",\n    \"long_name\": \"latitude\",\n    \"standard_name\": \"latitude\",\n    \"units\": \"degrees_north\"\n}","latitude\/0":["{{a}}",2392,56008],"time\/.zarray":"{\"chunks\":[31],\"compressor\":{\"blocksize\":0,\"clevel\":5,\"cname\":\"lz4\",\"id\":\"blosc\",\"shuffle\":1},\"dtype\":\"<M8[us]\",\"fill_value\":0,\"filters\":null,\"order\":\"C\",\"shape\":[31],\"zarr_format\":2}","time\/0":"base64:AgExCPgAAAD4AAAAsAAAABQAAACYAAAAHwABAAv7AQZmxiaG5kamBmbGJobmRqYQAPNZdk0k\/NOqglkxCN+3jmU9FOzDmnJJIPjPp35VLQTbs8\/tCyhGZIKgvtz5FzVTcY+syugGJEJffZu51\/UTME6Wqr\/T5\/sPIzdLX3SInLDE2OwAFSk9UWV5jaG1yt7y7Ozs7Ozs7e3t7e0FABjuAQAfAwEACw\/YAAdQAAAAAAA=","time\/.zattrs":"{\"NAME\":\"time\",\"_ARRAY_DIMENSIONS\":[\"time\"],\"_Netcdf4Dimid\":0,\"axis\":\"T\",\"long_name\":\"time\",\"standard_name\":\"time\"}","chl_gsm\/0.0.0":["{{a}}",151217,449272],"chl_gsm\/0.0.1":["{{a}}",600489,748264],"chl_gsm\/0.0.2":["{{a}}",1348753,335927],"chl_gsm\/0.0.3":["{{a}}",1684680,653858],"chl_gsm\/0.0.4":["{{a}}",2338538,1455913],"chl_gsm\/0.1.0":["{{a}}",3794451,2080594],"chl_gsm\/0.1.1":["{{a}}",5875045,1721094],"chl_gsm\/0.1.2":["{{a}}",7596139,401919],"chl_gsm\/0.1.3":["{{a}}",7998058,609679],"chl_gsm\/0.1.4":["{{a}}",8607737,1782405],"chl_gsm\/0.2.0":["{{a}}",10390142,2559101],"chl_gsm\/0.2.1":["{{a}}",12949243,1834066],"chl_gsm\/0.2.2":["{{a}}",14783309,10921],"chl_gsm\/0.2.3":["{{a}}",14794230,1094679],"chl_gsm\/0.2.4":["{{a}}",15888909,2811738],"chl_gsm\/0.3.0":["{{a}}",18700647,1124416],"chl_gsm\/0.3.1":["{{a}}",19825063,2474704],"chl_gsm\/0.3.2":["{{a}}",22299767,2092304],"chl_gsm\/0.3.3":["{{a}}",24392071,1426346],"chl_gsm\/0.3.4":["{{a}}",25818417,2580221],"chl_gsm\/0.4.0":["{{a}}",28398638,117250],"chl_gsm\/0.4.1":["{{a}}",28515888,1187254],"chl_gsm\/0.4.2":["{{a}}",29703142,1674353],"chl_gsm\/0.4.3":["{{a}}",31377495,1396248],"chl_gsm\/0.4.4":["{{a}}",32773743,272544],"chl_gsm\/1.0.0":["{{b}}",151217,260535],"chl_gsm\/1.0.1":["{{b}}",411752,237503],"chl_gsm\/1.0.2":["{{b}}",649255,1172738],"chl_gsm\/1.0.3":["{{b}}",1821993,795142],"chl_gsm\/1.0.4":["{{b}}",2617135,10921],"chl_gsm\/1.1.0":["{{b}}",2628056,353552],"chl_gsm\/1.1.1":["{{b}}",2981608,1102916],"chl_gsm\/1.1.2":["{{b}}",4084524,1303058],"chl_gsm\/1.1.3":["{{b}}",5387582,780938],"chl_gsm\/1.1.4":["{{b}}",6168520,124806],"chl_gsm\/1.2.0":["{{b}}",6293326,230402],"chl_gsm\/1.2.1":["{{b}}",6523728,1912031],"chl_gsm\/1.2.2":["{{b}}",8435759,12983],"chl_gsm\/1.2.3":["{{b}}",8448742,798714],"chl_gsm\/1.2.4":["{{b}}",9247456,1376437],"chl_gsm\/1.3.0":["{{b}}",10623893,10921],"chl_gsm\/1.3.1":["{{b}}",10634814,1783158],"chl_gsm\/1.3.2":["{{b}}",12417972,1145455],"chl_gsm\/1.3.3":["{{b}}",13563427,1204191],"chl_gsm\/1.3.4":["{{b}}",14767618,1691949],"chl_gsm\/1.4.0":["{{b}}",16459567,10921],"chl_gsm\/1.4.1":["{{b}}",16470488,2038902],"chl_gsm\/1.4.2":["{{b}}",18509390,1101805],"chl_gsm\/1.4.3":["{{b}}",19611195,1161021],"chl_gsm\/1.4.4":["{{b}}",20772216,863996],"chl_gsm\/2.0.0":["{{c}}",151217,591167],"chl_gsm\/2.0.1":["{{c}}",742384,993633],"chl_gsm\/2.0.2":["{{c}}",1736017,669316],"chl_gsm\/2.0.3":["{{c}}",2405333,130219],"chl_gsm\/2.0.4":["{{c}}",2535552,833343],"chl_gsm\/2.1.0":["{{c}}",3368895,1097483],"chl_gsm\/2.1.1":["{{c}}",4466378,965268],"chl_gsm\/2.1.2":["{{c}}",5431646,1025607],"chl_gsm\/2.1.3":["{{c}}",6457253,705535],"chl_gsm\/2.1.4":["{{c}}",7162788,1340340],"chl_gsm\/2.2.0":["{{c}}",8503128,1325891],"chl_gsm\/2.2.1":["{{c}}",9829019,1277507],"chl_gsm\/2.2.2":["{{c}}",11106526,44697],"chl_gsm\/2.2.3":["{{c}}",11151223,1373585],"chl_gsm\/2.2.4":["{{c}}",12524808,1942257],"chl_gsm\/2.3.0":["{{c}}",14467065,318604],"chl_gsm\/2.3.1":["{{c}}",14785669,1261269],"chl_gsm\/2.3.2":["{{c}}",16046938,1961803],"chl_gsm\/2.3.3":["{{c}}",18008741,2488452],"chl_gsm\/2.3.4":["{{c}}",20497193,2603336],"chl_gsm\/2.4.0":["{{c}}",23100529,1075311],"chl_gsm\/2.4.1":["{{c}}",24175840,1318001],"chl_gsm\/2.4.2":["{{c}}",25493841,1255552],"chl_gsm\/2.4.3":["{{c}}",26749393,1308198],"chl_gsm\/2.4.4":["{{c}}",28057591,405889],"chl_gsm\/3.0.0":["{{d}}",151217,48301],"chl_gsm\/3.0.1":["{{d}}",199518,333255],"chl_gsm\/3.0.2":["{{d}}",532773,705483],"chl_gsm\/3.0.3":["{{d}}",1238256,318830],"chl_gsm\/3.0.4":["{{d}}",1557086,83430],"chl_gsm\/3.1.0":["{{d}}",1640516,10921],"chl_gsm\/3.1.1":["{{d}}",1651437,1375486],"chl_gsm\/3.1.2":["{{d}}",3026923,840782],"chl_gsm\/3.1.3":["{{d}}",3867705,467827],"chl_gsm\/3.1.4":["{{d}}",4335532,864601],"chl_gsm\/3.2.0":["{{d}}",5200133,1423638],"chl_gsm\/3.2.1":["{{d}}",6623771,2046060],"chl_gsm\/3.2.2":["{{d}}",8669831,28076],"chl_gsm\/3.2.3":["{{d}}",8697907,507463],"chl_gsm\/3.2.4":["{{d}}",9205370,2966930],"chl_gsm\/3.3.0":["{{d}}",12172300,785098],"chl_gsm\/3.3.1":["{{d}}",12957398,1440405],"chl_gsm\/3.3.2":["{{d}}",14397803,1455826],"chl_gsm\/3.3.3":["{{d}}",15853629,821682],"chl_gsm\/3.3.4":["{{d}}",16675311,1905898],"chl_gsm\/3.4.0":["{{d}}",18581209,1078781],"chl_gsm\/3.4.1":["{{d}}",19659990,1465195],"chl_gsm\/3.4.2":["{{d}}",21125185,1168548],"chl_gsm\/3.4.3":["{{d}}",22293733,505887],"chl_gsm\/3.4.4":["{{d}}",22799620,1120139],"chl_gsm\/4.0.0":["{{e}}",151217,10921],"chl_gsm\/4.0.1":["{{e}}",162138,436533],"chl_gsm\/4.0.2":["{{e}}",598671,1595065],"chl_gsm\/4.0.3":["{{e}}",2193736,946986],"chl_gsm\/4.0.4":["{{e}}",3140722,550737],"chl_gsm\/4.1.0":["{{e}}",3691459,835571],"chl_gsm\/4.1.1":["{{e}}",4527030,1280167],"chl_gsm\/4.1.2":["{{e}}",5807197,723512],"chl_gsm\/4.1.3":["{{e}}",6530709,809001],"chl_gsm\/4.1.4":["{{e}}",7339710,224455],"chl_gsm\/4.2.0":["{{e}}",7564165,1074295],"chl_gsm\/4.2.1":["{{e}}",8638460,1804327],"chl_gsm\/4.2.2":["{{e}}",10442787,46754],"chl_gsm\/4.2.3":["{{e}}",10489541,1733010],"chl_gsm\/4.2.4":["{{e}}",12222551,82422],"chl_gsm\/4.3.0":["{{e}}",12304973,158435],"chl_gsm\/4.3.1":["{{e}}",12463408,705238],"chl_gsm\/4.3.2":["{{e}}",13168646,3151072],"chl_gsm\/4.3.3":["{{e}}",16319718,2317453],"chl_gsm\/4.3.4":["{{e}}",18637171,373687],"chl_gsm\/4.4.0":["{{e}}",19010858,349801],"chl_gsm\/4.4.1":["{{e}}",19360659,417902],"chl_gsm\/4.4.2":["{{e}}",19778561,1870496],"chl_gsm\/4.4.3":["{{e}}",21649057,495181],"chl_gsm\/4.4.4":["{{e}}",22144238,617823],"chl_gsm\/5.0.0":["{{f}}",151217,247526],"chl_gsm\/5.0.1":["{{f}}",398743,221046],"chl_gsm\/5.0.2":["{{f}}",619789,1364252],"chl_gsm\/5.0.3":["{{f}}",1984041,508980],"chl_gsm\/5.0.4":["{{f}}",2493021,417168],"chl_gsm\/5.1.0":["{{f}}",2910189,1952819],"chl_gsm\/5.1.1":["{{f}}",4863008,1527216],"chl_gsm\/5.1.2":["{{f}}",6390224,426889],"chl_gsm\/5.1.3":["{{f}}",6817113,695655],"chl_gsm\/5.1.4":["{{f}}",7512768,386826],"chl_gsm\/5.2.0":["{{f}}",7899594,2961360],"chl_gsm\/5.2.1":["{{f}}",10860954,1742434],"chl_gsm\/5.2.2":["{{f}}",12603388,111076],"chl_gsm\/5.2.3":["{{f}}",12714464,664045],"chl_gsm\/5.2.4":["{{f}}",13378509,2604653],"chl_gsm\/5.3.0":["{{f}}",15983162,850150],"chl_gsm\/5.3.1":["{{f}}",16833312,1492878],"chl_gsm\/5.3.2":["{{f}}",18326190,2028650],"chl_gsm\/5.3.3":["{{f}}",20354840,1940279],"chl_gsm\/5.3.4":["{{f}}",22295119,1545818],"chl_gsm\/5.4.0":["{{f}}",23840937,618062],"chl_gsm\/5.4.1":["{{f}}",24458999,2852870],"chl_gsm\/5.4.2":["{{f}}",27311869,127985],"chl_gsm\/5.4.3":["{{f}}",27439854,108600],"chl_gsm\/5.4.4":["{{f}}",27548454,915626],"chl_gsm\/6.0.0":["{{g}}",151217,402549],"chl_gsm\/6.0.1":["{{g}}",553766,503110],"chl_gsm\/6.0.2":["{{g}}",1056876,667223],"chl_gsm\/6.0.3":["{{g}}",1724099,1453010],"chl_gsm\/6.0.4":["{{g}}",3177109,2005160],"chl_gsm\/6.1.0":["{{g}}",5182269,750776],"chl_gsm\/6.1.1":["{{g}}",5933045,1131407],"chl_gsm\/6.1.2":["{{g}}",7064452,561033],"chl_gsm\/6.1.3":["{{g}}",7625485,1982571],"chl_gsm\/6.1.4":["{{g}}",9608056,273226],"chl_gsm\/6.2.0":["{{g}}",9881282,748527],"chl_gsm\/6.2.1":["{{g}}",10629809,2594873],"chl_gsm\/6.2.2":["{{g}}",13224682,74964],"chl_gsm\/6.2.3":["{{g}}",13299646,1483407],"chl_gsm\/6.2.4":["{{g}}",14783053,583264],"chl_gsm\/6.3.0":["{{g}}",15366317,355208],"chl_gsm\/6.3.1":["{{g}}",15721525,2559097],"chl_gsm\/6.3.2":["{{g}}",18280622,1539078],"chl_gsm\/6.3.3":["{{g}}",19819700,1941226],"chl_gsm\/6.3.4":["{{g}}",21760926,619028],"chl_gsm\/6.4.0":["{{g}}",22379954,52746],"chl_gsm\/6.4.1":["{{g}}",22432700,1324672],"chl_gsm\/6.4.2":["{{g}}",23757372,2406247],"chl_gsm\/6.4.3":["{{g}}",26163619,176501],"chl_gsm\/6.4.4":["{{g}}",26340120,575373],"chl_gsm\/7.0.0":["{{h}}",151217,238880],"chl_gsm\/7.0.1":["{{h}}",390097,36416],"chl_gsm\/7.0.2":["{{h}}",426513,1110397],"chl_gsm\/7.0.3":["{{h}}",1536910,640468],"chl_gsm\/7.0.4":["{{h}}",2177378,111908],"chl_gsm\/7.1.0":["{{h}}",2289286,2313096],"chl_gsm\/7.1.1":["{{h}}",4602382,1600962],"chl_gsm\/7.1.2":["{{h}}",6203344,912676],"chl_gsm\/7.1.3":["{{h}}",7116020,1414895],"chl_gsm\/7.1.4":["{{h}}",8530915,150896],"chl_gsm\/7.2.0":["{{h}}",8681811,3022072],"chl_gsm\/7.2.1":["{{h}}",11703883,1866341],"chl_gsm\/7.2.2":["{{h}}",13570224,112520],"chl_gsm\/7.2.3":["{{h}}",13682744,475919],"chl_gsm\/7.2.4":["{{h}}",14158663,1715667],"chl_gsm\/7.3.0":["{{h}}",15874330,1287489],"chl_gsm\/7.3.1":["{{h}}",17161819,1558898],"chl_gsm\/7.3.2":["{{h}}",18720717,1777795],"chl_gsm\/7.3.3":["{{h}}",20498512,1156172],"chl_gsm\/7.3.4":["{{h}}",21654684,2837728],"chl_gsm\/7.4.0":["{{h}}",24492412,1783036],"chl_gsm\/7.4.1":["{{h}}",26275448,1937401],"chl_gsm\/7.4.2":["{{h}}",28212849,1434016],"chl_gsm\/7.4.3":["{{h}}",29646865,288609],"chl_gsm\/7.4.4":["{{h}}",29935474,420833],"chl_gsm\/8.0.0":["{{i}}",151217,528855],"chl_gsm\/8.0.1":["{{i}}",680072,280886],"chl_gsm\/8.0.2":["{{i}}",960958,637395],"chl_gsm\/8.0.3":["{{i}}",1598353,398187],"chl_gsm\/8.0.4":["{{i}}",1996540,10921],"chl_gsm\/8.1.0":["{{i}}",2007461,433590],"chl_gsm\/8.1.1":["{{i}}",2441051,1895769],"chl_gsm\/8.1.2":["{{i}}",4336820,1531709],"chl_gsm\/8.1.3":["{{i}}",5868529,861126],"chl_gsm\/8.1.4":["{{i}}",6729655,181197],"chl_gsm\/8.2.0":["{{i}}",6910852,364791],"chl_gsm\/8.2.1":["{{i}}",7275643,2567703],"chl_gsm\/8.2.2":["{{i}}",9843346,42525],"chl_gsm\/8.2.3":["{{i}}",9885871,896831],"chl_gsm\/8.2.4":["{{i}}",10782702,600090],"chl_gsm\/8.3.0":["{{i}}",11382792,111348],"chl_gsm\/8.3.1":["{{i}}",11494140,2213924],"chl_gsm\/8.3.2":["{{i}}",13708064,3191276],"chl_gsm\/8.3.3":["{{i}}",16899340,1528759],"chl_gsm\/8.3.4":["{{i}}",18428099,2361240],"chl_gsm\/8.4.0":["{{i}}",20789339,10921],"chl_gsm\/8.4.1":["{{i}}",20800260,2332882],"chl_gsm\/8.4.2":["{{i}}",23133142,1640409],"chl_gsm\/8.4.3":["{{i}}",24773551,779705],"chl_gsm\/8.4.4":["{{i}}",25553256,363186],"chl_gsm\/9.0.0":["{{j}}",151217,1530073],"chl_gsm\/9.0.1":["{{j}}",1681290,778891],"chl_gsm\/9.0.2":["{{j}}",2460181,293021],"chl_gsm\/9.0.3":["{{j}}",2753202,230007],"chl_gsm\/9.0.4":["{{j}}",2983209,299504],"chl_gsm\/9.1.0":["{{j}}",3282713,1200766],"chl_gsm\/9.1.1":["{{j}}",4483479,1679503],"chl_gsm\/9.1.2":["{{j}}",6162982,1244991],"chl_gsm\/9.1.3":["{{j}}",7407973,283193],"chl_gsm\/9.1.4":["{{j}}",7691166,1322136],"chl_gsm\/9.2.0":["{{j}}",9013302,1701771],"chl_gsm\/9.2.1":["{{j}}",10715073,2234028],"chl_gsm\/9.2.2":["{{j}}",12949101,139370],"chl_gsm\/9.2.3":["{{j}}",13088471,681481],"chl_gsm\/9.2.4":["{{j}}",13769952,2273414],"chl_gsm\/9.3.0":["{{j}}",16043366,1824845],"chl_gsm\/9.3.1":["{{j}}",17868211,1259733],"chl_gsm\/9.3.2":["{{j}}",19127944,1358852],"chl_gsm\/9.3.3":["{{j}}",20486796,2415020],"chl_gsm\/9.3.4":["{{j}}",22901816,2173903],"chl_gsm\/9.4.0":["{{j}}",25075719,122479],"chl_gsm\/9.4.1":["{{j}}",25198198,1383919],"chl_gsm\/9.4.2":["{{j}}",26582117,139998],"chl_gsm\/9.4.3":["{{j}}",26722115,387924],"chl_gsm\/9.4.4":["{{j}}",27110039,229401],"chl_gsm\/10.0.0":["{{k}}",151217,596433],"chl_gsm\/10.0.1":["{{k}}",747650,990056],"chl_gsm\/10.0.2":["{{k}}",1737706,1022619],"chl_gsm\/10.0.3":["{{k}}",2760325,439565],"chl_gsm\/10.0.4":["{{k}}",3199890,22715],"chl_gsm\/10.1.0":["{{k}}",3222605,188507],"chl_gsm\/10.1.1":["{{k}}",3411112,2587896],"chl_gsm\/10.1.2":["{{k}}",5999008,1046718],"chl_gsm\/10.1.3":["{{k}}",7045726,284022],"chl_gsm\/10.1.4":["{{k}}",7329748,77676],"chl_gsm\/10.2.0":["{{k}}",7407424,11040],"chl_gsm\/10.2.1":["{{k}}",7418464,2469038],"chl_gsm\/10.2.2":["{{k}}",9887502,48931],"chl_gsm\/10.2.3":["{{k}}",9936433,917261],"chl_gsm\/10.2.4":["{{k}}",10853694,679345],"chl_gsm\/10.3.0":["{{k}}",11533039,10921],"chl_gsm\/10.3.1":["{{k}}",11543960,1513234],"chl_gsm\/10.3.2":["{{k}}",13057194,2084238],"chl_gsm\/10.3.3":["{{k}}",15141432,1922793],"chl_gsm\/10.3.4":["{{k}}",17064225,2646640],"chl_gsm\/10.4.0":["{{k}}",19710865,555520],"chl_gsm\/10.4.1":["{{k}}",20266385,1362147],"chl_gsm\/10.4.2":["{{k}}",21628532,636438],"chl_gsm\/10.4.3":["{{k}}",22264970,132957],"chl_gsm\/10.4.4":["{{k}}",22397927,478795],"chl_gsm\/11.0.0":["{{l}}",151217,2402917],"chl_gsm\/11.0.1":["{{l}}",2554134,450244],"chl_gsm\/11.0.2":["{{l}}",3004378,422140],"chl_gsm\/11.0.3":["{{l}}",3426518,547285],"chl_gsm\/11.0.4":["{{l}}",3973803,1924866],"chl_gsm\/11.1.0":["{{l}}",5898669,966447],"chl_gsm\/11.1.1":["{{l}}",6865116,1633247],"chl_gsm\/11.1.2":["{{l}}",8498363,1344737],"chl_gsm\/11.1.3":["{{l}}",9843100,756258],"chl_gsm\/11.1.4":["{{l}}",10599358,1536900],"chl_gsm\/11.2.0":["{{l}}",12136258,625388],"chl_gsm\/11.2.1":["{{l}}",12761646,2268618],"chl_gsm\/11.2.2":["{{l}}",15030264,56268],"chl_gsm\/11.2.3":["{{l}}",15086532,1401320],"chl_gsm\/11.2.4":["{{l}}",16487852,534042],"chl_gsm\/11.3.0":["{{l}}",17021894,782586],"chl_gsm\/11.3.1":["{{l}}",17804480,1672205],"chl_gsm\/11.3.2":["{{l}}",19476685,1932615],"chl_gsm\/11.3.3":["{{l}}",21409300,2952358],"chl_gsm\/11.3.4":["{{l}}",24361658,938178],"chl_gsm\/11.4.0":["{{l}}",25299836,488841],"chl_gsm\/11.4.1":["{{l}}",25788677,442527],"chl_gsm\/11.4.2":["{{l}}",26231204,861402],"chl_gsm\/11.4.3":["{{l}}",27092606,1720141],"chl_gsm\/11.4.4":["{{l}}",28812747,80489],"chl_gsm\/12.0.0":["{{m}}",151217,493736],"chl_gsm\/12.0.1":["{{m}}",644953,2163309],"chl_gsm\/12.0.2":["{{m}}",2808262,777414],"chl_gsm\/12.0.3":["{{m}}",3585676,156358],"chl_gsm\/12.0.4":["{{m}}",3742034,348467],"chl_gsm\/12.1.0":["{{m}}",4090501,848016],"chl_gsm\/12.1.1":["{{m}}",4938517,3031810],"chl_gsm\/12.1.2":["{{m}}",7970327,707467],"chl_gsm\/12.1.3":["{{m}}",8677794,445573],"chl_gsm\/12.1.4":["{{m}}",9123367,118138],"chl_gsm\/12.2.0":["{{m}}",9241505,2055396],"chl_gsm\/12.2.1":["{{m}}",11296901,1490996],"chl_gsm\/12.2.2":["{{m}}",12787897,85747],"chl_gsm\/12.2.3":["{{m}}",12873644,777970],"chl_gsm\/12.2.4":["{{m}}",13651614,715778],"chl_gsm\/12.3.0":["{{m}}",14367392,1999646],"chl_gsm\/12.3.1":["{{m}}",16367038,2469388],"chl_gsm\/12.3.2":["{{m}}",18836426,2080319],"chl_gsm\/12.3.3":["{{m}}",20916745,3220581],"chl_gsm\/12.3.4":["{{m}}",24137326,3656950],"chl_gsm\/12.4.0":["{{m}}",27794276,743440],"chl_gsm\/12.4.1":["{{m}}",28537716,745594],"chl_gsm\/12.4.2":["{{m}}",29283310,696294],"chl_gsm\/12.4.3":["{{m}}",29979604,514414],"chl_gsm\/12.4.4":["{{m}}",30494018,1910010],"chl_gsm\/13.0.0":["{{n}}",151217,543281],"chl_gsm\/13.0.1":["{{n}}",694498,898419],"chl_gsm\/13.0.2":["{{n}}",1592917,2188311],"chl_gsm\/13.0.3":["{{n}}",3781228,263033],"chl_gsm\/13.0.4":["{{n}}",4044261,919471],"chl_gsm\/13.1.0":["{{n}}",4963732,1137188],"chl_gsm\/13.1.1":["{{n}}",6100920,1316866],"chl_gsm\/13.1.2":["{{n}}",7417786,1109307],"chl_gsm\/13.1.3":["{{n}}",8527093,1274064],"chl_gsm\/13.1.4":["{{n}}",9801157,326812],"chl_gsm\/13.2.0":["{{n}}",10127969,319101],"chl_gsm\/13.2.1":["{{n}}",10447070,1362425],"chl_gsm\/13.2.2":["{{n}}",11809495,12040],"chl_gsm\/13.2.3":["{{n}}",11821535,1553838],"chl_gsm\/13.2.4":["{{n}}",13375373,149845],"chl_gsm\/13.3.0":["{{n}}",13525218,312781],"chl_gsm\/13.3.1":["{{n}}",13837999,1266659],"chl_gsm\/13.3.2":["{{n}}",15104658,2613998],"chl_gsm\/13.3.3":["{{n}}",17718656,3023847],"chl_gsm\/13.3.4":["{{n}}",20742503,1933811],"chl_gsm\/13.4.0":["{{n}}",22676314,10921],"chl_gsm\/13.4.1":["{{n}}",22687235,638416],"chl_gsm\/13.4.2":["{{n}}",23325651,910544],"chl_gsm\/13.4.3":["{{n}}",24236195,1355662],"chl_gsm\/13.4.4":["{{n}}",25591857,807857],"chl_gsm\/14.0.0":["{{o}}",151217,1240933],"chl_gsm\/14.0.1":["{{o}}",1392150,1833878],"chl_gsm\/14.0.2":["{{o}}",3226028,1411863],"chl_gsm\/14.0.3":["{{o}}",4637891,186370],"chl_gsm\/14.0.4":["{{o}}",4824261,470506],"chl_gsm\/14.1.0":["{{o}}",5294767,1393761],"chl_gsm\/14.1.1":["{{o}}",6688528,438477],"chl_gsm\/14.1.2":["{{o}}",7127005,662058],"chl_gsm\/14.1.3":["{{o}}",7789063,1334861],"chl_gsm\/14.1.4":["{{o}}",9123924,1992945],"chl_gsm\/14.2.0":["{{o}}",11116869,1453111],"chl_gsm\/14.2.1":["{{o}}",12569980,1672498],"chl_gsm\/14.2.2":["{{o}}",14242478,56493],"chl_gsm\/14.2.3":["{{o}}",14298971,786560],"chl_gsm\/14.2.4":["{{o}}",15085531,2110008],"chl_gsm\/14.3.0":["{{o}}",17195539,1070018],"chl_gsm\/14.3.1":["{{o}}",18265557,2511532],"chl_gsm\/14.3.2":["{{o}}",20777089,2703736],"chl_gsm\/14.3.3":["{{o}}",23480825,1681199],"chl_gsm\/14.3.4":["{{o}}",25162024,4634922],"chl_gsm\/14.4.0":["{{o}}",29796946,1939301],"chl_gsm\/14.4.1":["{{o}}",31736247,1162957],"chl_gsm\/14.4.2":["{{o}}",32899204,842373],"chl_gsm\/14.4.3":["{{o}}",33741577,1847015],"chl_gsm\/14.4.4":["{{o}}",35588592,2378681],"chl_gsm\/15.0.0":["{{p}}",151217,1362964],"chl_gsm\/15.0.1":["{{p}}",1514181,594798],"chl_gsm\/15.0.2":["{{p}}",2108979,1841310],"chl_gsm\/15.0.3":["{{p}}",3950289,614396],"chl_gsm\/15.0.4":["{{p}}",4564685,10921],"chl_gsm\/15.1.0":["{{p}}",4575606,363374],"chl_gsm\/15.1.1":["{{p}}",4938980,662471],"chl_gsm\/15.1.2":["{{p}}",5601451,1150226],"chl_gsm\/15.1.3":["{{p}}",6751677,691205],"chl_gsm\/15.1.4":["{{p}}",7442882,161798],"chl_gsm\/15.2.0":["{{p}}",7604680,362244],"chl_gsm\/15.2.1":["{{p}}",7966924,2414089],"chl_gsm\/15.2.2":["{{p}}",10381013,66672],"chl_gsm\/15.2.3":["{{p}}",10447685,1345092],"chl_gsm\/15.2.4":["{{p}}",11792777,1016956],"chl_gsm\/15.3.0":["{{p}}",12809733,86950],"chl_gsm\/15.3.1":["{{p}}",12896683,1906989],"chl_gsm\/15.3.2":["{{p}}",14803672,1404933],"chl_gsm\/15.3.3":["{{p}}",16208605,906312],"chl_gsm\/15.3.4":["{{p}}",17114917,1629601],"chl_gsm\/15.4.0":["{{p}}",18744518,66004],"chl_gsm\/15.4.1":["{{p}}",18810522,2585493],"chl_gsm\/15.4.2":["{{p}}",21396015,1216328],"chl_gsm\/15.4.3":["{{p}}",22612343,1638347],"chl_gsm\/15.4.4":["{{p}}",24250690,299464],"chl_gsm\/16.0.0":["{{q}}",151217,2179231],"chl_gsm\/16.0.1":["{{q}}",2330448,1777442],"chl_gsm\/16.0.2":["{{q}}",4107890,803383],"chl_gsm\/16.0.3":["{{q}}",4911273,432022],"chl_gsm\/16.0.4":["{{q}}",5343295,849007],"chl_gsm\/16.1.0":["{{q}}",6192302,1554923],"chl_gsm\/16.1.1":["{{q}}",7747225,779964],"chl_gsm\/16.1.2":["{{q}}",8527189,862819],"chl_gsm\/16.1.3":["{{q}}",9390008,125490],"chl_gsm\/16.1.4":["{{q}}",9515498,803329],"chl_gsm\/16.2.0":["{{q}}",10318827,1344032],"chl_gsm\/16.2.1":["{{q}}",11662859,753868],"chl_gsm\/16.2.2":["{{q}}",12416727,70830],"chl_gsm\/16.2.3":["{{q}}",12487557,843157],"chl_gsm\/16.2.4":["{{q}}",13330714,3945411],"chl_gsm\/16.3.0":["{{q}}",17276125,2043292],"chl_gsm\/16.3.1":["{{q}}",19319417,2103176],"chl_gsm\/16.3.2":["{{q}}",21422593,973525],"chl_gsm\/16.3.3":["{{q}}",22396118,2017513],"chl_gsm\/16.3.4":["{{q}}",24413631,3050597],"chl_gsm\/16.4.0":["{{q}}",27464228,420071],"chl_gsm\/16.4.1":["{{q}}",27884299,1495217],"chl_gsm\/16.4.2":["{{q}}",29379516,2970449],"chl_gsm\/16.4.3":["{{q}}",32349965,1798761],"chl_gsm\/16.4.4":["{{q}}",34148726,882824],"chl_gsm\/17.0.0":["{{r}}",151217,1145978],"chl_gsm\/17.0.1":["{{r}}",1297195,1706451],"chl_gsm\/17.0.2":["{{r}}",3003646,1548574],"chl_gsm\/17.0.3":["{{r}}",4552220,505699],"chl_gsm\/17.0.4":["{{r}}",5057919,70238],"chl_gsm\/17.1.0":["{{r}}",5128157,149215],"chl_gsm\/17.1.1":["{{r}}",5277372,1516237],"chl_gsm\/17.1.2":["{{r}}",6793609,344235],"chl_gsm\/17.1.3":["{{r}}",7137844,248951],"chl_gsm\/17.1.4":["{{r}}",7386795,355597],"chl_gsm\/17.2.0":["{{r}}",7742392,28397],"chl_gsm\/17.2.1":["{{r}}",7770789,1760833],"chl_gsm\/17.2.2":["{{r}}",9531622,26620],"chl_gsm\/17.2.3":["{{r}}",9558242,887217],"chl_gsm\/17.2.4":["{{r}}",10445459,1699367],"chl_gsm\/17.3.0":["{{r}}",12144826,15077],"chl_gsm\/17.3.1":["{{r}}",12159903,2220806],"chl_gsm\/17.3.2":["{{r}}",14380709,1009922],"chl_gsm\/17.3.3":["{{r}}",15390631,2973624],"chl_gsm\/17.3.4":["{{r}}",18364255,2571488],"chl_gsm\/17.4.0":["{{r}}",20935743,10921],"chl_gsm\/17.4.1":["{{r}}",20946664,741834],"chl_gsm\/17.4.2":["{{r}}",21688498,2019271],"chl_gsm\/17.4.3":["{{r}}",23707769,3290925],"chl_gsm\/17.4.4":["{{r}}",26998694,1590125],"chl_gsm\/18.0.0":["{{s}}",151217,3310889],"chl_gsm\/18.0.1":["{{s}}",3462106,957538],"chl_gsm\/18.0.2":["{{s}}",4419644,617012],"chl_gsm\/18.0.3":["{{s}}",5036656,1220782],"chl_gsm\/18.0.4":["{{s}}",6257438,2593265],"chl_gsm\/18.1.0":["{{s}}",8850703,1238180],"chl_gsm\/18.1.1":["{{s}}",10088883,820880],"chl_gsm\/18.1.2":["{{s}}",10909763,697456],"chl_gsm\/18.1.3":["{{s}}",11607219,149933],"chl_gsm\/18.1.4":["{{s}}",11757152,2171245],"chl_gsm\/18.2.0":["{{s}}",13928397,732356],"chl_gsm\/18.2.1":["{{s}}",14660753,1120560],"chl_gsm\/18.2.2":["{{s}}",15781313,25585],"chl_gsm\/18.2.3":["{{s}}",15806898,851520],"chl_gsm\/18.2.4":["{{s}}",16658418,2853203],"chl_gsm\/18.3.0":["{{s}}",19511621,1180065],"chl_gsm\/18.3.1":["{{s}}",20691686,1458350],"chl_gsm\/18.3.2":["{{s}}",22150036,1791473],"chl_gsm\/18.3.3":["{{s}}",23941509,2383814],"chl_gsm\/18.3.4":["{{s}}",26325323,2822200],"chl_gsm\/18.4.0":["{{s}}",29147523,178662],"chl_gsm\/18.4.1":["{{s}}",29326185,340924],"chl_gsm\/18.4.2":["{{s}}",29667109,1340368],"chl_gsm\/18.4.3":["{{s}}",31007477,710447],"chl_gsm\/18.4.4":["{{s}}",31717924,1366613],"chl_gsm\/19.0.0":["{{t}}",151217,221663],"chl_gsm\/19.0.1":["{{t}}",372880,1125363],"chl_gsm\/19.0.2":["{{t}}",1498243,1650564],"chl_gsm\/19.0.3":["{{t}}",3148807,2604163],"chl_gsm\/19.0.4":["{{t}}",5752970,585929],"chl_gsm\/19.1.0":["{{t}}",6338899,79111],"chl_gsm\/19.1.1":["{{t}}",6418010,461719],"chl_gsm\/19.1.2":["{{t}}",6879729,138266],"chl_gsm\/19.1.3":["{{t}}",7017995,719096],"chl_gsm\/19.1.4":["{{t}}",7737091,1186298],"chl_gsm\/19.2.0":["{{t}}",8923389,1841890],"chl_gsm\/19.2.1":["{{t}}",10765279,1582486],"chl_gsm\/19.2.2":["{{t}}",12347765,17473],"chl_gsm\/19.2.3":["{{t}}",12365238,941944],"chl_gsm\/19.2.4":["{{t}}",13307182,2295942],"chl_gsm\/19.3.0":["{{t}}",15603124,1482471],"chl_gsm\/19.3.1":["{{t}}",17085595,1138900],"chl_gsm\/19.3.2":["{{t}}",18224495,1276979],"chl_gsm\/19.3.3":["{{t}}",19501474,1290473],"chl_gsm\/19.3.4":["{{t}}",20791947,2722582],"chl_gsm\/19.4.0":["{{t}}",23514529,62106],"chl_gsm\/19.4.1":["{{t}}",23576635,496764],"chl_gsm\/19.4.2":["{{t}}",24073399,760270],"chl_gsm\/19.4.3":["{{t}}",24833669,435458],"chl_gsm\/19.4.4":["{{t}}",25269127,993234],"chl_gsm\/20.0.0":["{{u}}",151217,2771342],"chl_gsm\/20.0.1":["{{u}}",2922559,1090869],"chl_gsm\/20.0.2":["{{u}}",4013428,928274],"chl_gsm\/20.0.3":["{{u}}",4941702,468985],"chl_gsm\/20.0.4":["{{u}}",5410687,4073002],"chl_gsm\/20.1.0":["{{u}}",9483689,1548403],"chl_gsm\/20.1.1":["{{u}}",11032092,682448],"chl_gsm\/20.1.2":["{{u}}",11714540,68709],"chl_gsm\/20.1.3":["{{u}}",11783249,684973],"chl_gsm\/20.1.4":["{{u}}",12468222,2143720],"chl_gsm\/20.2.0":["{{u}}",14611942,713931],"chl_gsm\/20.2.1":["{{u}}",15325873,1315731],"chl_gsm\/20.2.2":["{{u}}",16641604,51555],"chl_gsm\/20.2.3":["{{u}}",16693159,1336594],"chl_gsm\/20.2.4":["{{u}}",18029753,196120],"chl_gsm\/20.3.0":["{{u}}",18225873,323092],"chl_gsm\/20.3.1":["{{u}}",18548965,1426405],"chl_gsm\/20.3.2":["{{u}}",19975370,1895780],"chl_gsm\/20.3.3":["{{u}}",21871150,2008533],"chl_gsm\/20.3.4":["{{u}}",23879683,240527],"chl_gsm\/20.4.0":["{{u}}",24120210,204435],"chl_gsm\/20.4.1":["{{u}}",24324645,177781],"chl_gsm\/20.4.2":["{{u}}",24502426,1090262],"chl_gsm\/20.4.3":["{{u}}",25592688,1698069],"chl_gsm\/20.4.4":["{{u}}",27290757,1580200],"chl_gsm\/21.0.0":["{{v}}",151217,2682430],"chl_gsm\/21.0.1":["{{v}}",2833647,2405747],"chl_gsm\/21.0.2":["{{v}}",5239394,544376],"chl_gsm\/21.0.3":["{{v}}",5783770,740690],"chl_gsm\/21.0.4":["{{v}}",6524460,1215675],"chl_gsm\/21.1.0":["{{v}}",7740135,2578002],"chl_gsm\/21.1.1":["{{v}}",10318137,1568618],"chl_gsm\/21.1.2":["{{v}}",11886755,256333],"chl_gsm\/21.1.3":["{{v}}",12143088,675500],"chl_gsm\/21.1.4":["{{v}}",12818588,1579722],"chl_gsm\/21.2.0":["{{v}}",14398310,2696390],"chl_gsm\/21.2.1":["{{v}}",17094700,1313077],"chl_gsm\/21.2.2":["{{v}}",18407777,28416],"chl_gsm\/21.2.3":["{{v}}",18436193,524269],"chl_gsm\/21.2.4":["{{v}}",18960462,2643200],"chl_gsm\/21.3.0":["{{v}}",21603662,1824411],"chl_gsm\/21.3.1":["{{v}}",23428073,751632],"chl_gsm\/21.3.2":["{{v}}",24179705,2008219],"chl_gsm\/21.3.3":["{{v}}",26187924,2336033],"chl_gsm\/21.3.4":["{{v}}",28523957,3084418],"chl_gsm\/21.4.0":["{{v}}",31608375,533031],"chl_gsm\/21.4.1":["{{v}}",32141406,701560],"chl_gsm\/21.4.2":["{{v}}",32842966,366278],"chl_gsm\/21.4.3":["{{v}}",33209244,2132095],"chl_gsm\/21.4.4":["{{v}}",35341339,1277290],"chl_gsm\/22.0.0":["{{w}}",151217,2471606],"chl_gsm\/22.0.1":["{{w}}",2622823,1529471],"chl_gsm\/22.0.2":["{{w}}",4152294,526179],"chl_gsm\/22.0.3":["{{w}}",4678473,502687],"chl_gsm\/22.0.4":["{{w}}",5181160,3493838],"chl_gsm\/22.1.0":["{{w}}",8674998,984002],"chl_gsm\/22.1.1":["{{w}}",9659000,1740514],"chl_gsm\/22.1.2":["{{w}}",11399514,976817],"chl_gsm\/22.1.3":["{{w}}",12376331,910070],"chl_gsm\/22.1.4":["{{w}}",13286401,850885],"chl_gsm\/22.2.0":["{{w}}",14137286,496777],"chl_gsm\/22.2.1":["{{w}}",14634063,1473861],"chl_gsm\/22.2.2":["{{w}}",16107924,78860],"chl_gsm\/22.2.3":["{{w}}",16186784,873023],"chl_gsm\/22.2.4":["{{w}}",17059807,570143],"chl_gsm\/22.3.0":["{{w}}",17629950,508074],"chl_gsm\/22.3.1":["{{w}}",18138024,1402812],"chl_gsm\/22.3.2":["{{w}}",19540836,2676500],"chl_gsm\/22.3.3":["{{w}}",22217336,2541417],"chl_gsm\/22.3.4":["{{w}}",24758753,753214],"chl_gsm\/22.4.0":["{{w}}",25511967,115367],"chl_gsm\/22.4.1":["{{w}}",25627334,2235824],"chl_gsm\/22.4.2":["{{w}}",27863158,745349],"chl_gsm\/22.4.3":["{{w}}",28608507,1270719],"chl_gsm\/22.4.4":["{{w}}",29879226,1984746],"chl_gsm\/23.0.0":["{{x}}",151217,3649673],"chl_gsm\/23.0.1":["{{x}}",3800890,1099184],"chl_gsm\/23.0.2":["{{x}}",4900074,1053434],"chl_gsm\/23.0.3":["{{x}}",5953508,826713],"chl_gsm\/23.0.4":["{{x}}",6780221,1344395],"chl_gsm\/23.1.0":["{{x}}",8124616,2940467],"chl_gsm\/23.1.1":["{{x}}",11065083,1117908],"chl_gsm\/23.1.2":["{{x}}",12182991,912836],"chl_gsm\/23.1.3":["{{x}}",13095827,367400],"chl_gsm\/23.1.4":["{{x}}",13463227,506484],"chl_gsm\/23.2.0":["{{x}}",13969711,2599579],"chl_gsm\/23.2.1":["{{x}}",16569290,1586249],"chl_gsm\/23.2.2":["{{x}}",18155539,59426],"chl_gsm\/23.2.3":["{{x}}",18214965,100983],"chl_gsm\/23.2.4":["{{x}}",18315948,1455991],"chl_gsm\/23.3.0":["{{x}}",19771939,2084234],"chl_gsm\/23.3.1":["{{x}}",21856173,3290472],"chl_gsm\/23.3.2":["{{x}}",25146645,1884747],"chl_gsm\/23.3.3":["{{x}}",27031392,3108308],"chl_gsm\/23.3.4":["{{x}}",30139700,2590785],"chl_gsm\/23.4.0":["{{x}}",32730485,1526635],"chl_gsm\/23.4.1":["{{x}}",34257120,2087123],"chl_gsm\/23.4.2":["{{x}}",36344243,1234841],"chl_gsm\/23.4.3":["{{x}}",37579084,1722029],"chl_gsm\/23.4.4":["{{x}}",39301113,808890],"chl_gsm\/24.0.0":["{{y}}",151217,861254],"chl_gsm\/24.0.1":["{{y}}",1012471,2139179],"chl_gsm\/24.0.2":["{{y}}",3151650,735336],"chl_gsm\/24.0.3":["{{y}}",3886986,1938721],"chl_gsm\/24.0.4":["{{y}}",5825707,10921],"chl_gsm\/24.1.0":["{{y}}",5836628,993482],"chl_gsm\/24.1.1":["{{y}}",6830110,2068353],"chl_gsm\/24.1.2":["{{y}}",8898463,1076309],"chl_gsm\/24.1.3":["{{y}}",9974772,346792],"chl_gsm\/24.1.4":["{{y}}",10321564,10921],"chl_gsm\/24.2.0":["{{y}}",10332485,263371],"chl_gsm\/24.2.1":["{{y}}",10595856,2306792],"chl_gsm\/24.2.2":["{{y}}",12902648,15565],"chl_gsm\/24.2.3":["{{y}}",12918213,236099],"chl_gsm\/24.2.4":["{{y}}",13154312,163873],"chl_gsm\/24.3.0":["{{y}}",13318185,151433],"chl_gsm\/24.3.1":["{{y}}",13469618,2153229],"chl_gsm\/24.3.2":["{{y}}",15622847,2405601],"chl_gsm\/24.3.3":["{{y}}",18028448,3898086],"chl_gsm\/24.3.4":["{{y}}",21926534,2466097],"chl_gsm\/24.4.0":["{{y}}",24392631,10921],"chl_gsm\/24.4.1":["{{y}}",24403552,1921063],"chl_gsm\/24.4.2":["{{y}}",26324615,2724306],"chl_gsm\/24.4.3":["{{y}}",29048921,353562],"chl_gsm\/24.4.4":["{{y}}",29402483,1117521],"chl_gsm\/25.0.0":["{{z}}",151217,1718319],"chl_gsm\/25.0.1":["{{z}}",1869536,2666536],"chl_gsm\/25.0.2":["{{z}}",4536072,1094729],"chl_gsm\/25.0.3":["{{z}}",5630801,656974],"chl_gsm\/25.0.4":["{{z}}",6287775,1134505],"chl_gsm\/25.1.0":["{{z}}",7422280,2042289],"chl_gsm\/25.1.1":["{{z}}",9464569,1932203],"chl_gsm\/25.1.2":["{{z}}",11396772,1514438],"chl_gsm\/25.1.3":["{{z}}",12911210,165209],"chl_gsm\/25.1.4":["{{z}}",13076419,486436],"chl_gsm\/25.2.0":["{{z}}",13562855,1543391],"chl_gsm\/25.2.1":["{{z}}",15106246,1880870],"chl_gsm\/25.2.2":["{{z}}",16987116,55862],"chl_gsm\/25.2.3":["{{z}}",17042978,17226],"chl_gsm\/25.2.4":["{{z}}",17060204,482416],"chl_gsm\/25.3.0":["{{z}}",17542620,828095],"chl_gsm\/25.3.1":["{{z}}",18370715,524920],"chl_gsm\/25.3.2":["{{z}}",18895635,1705154],"chl_gsm\/25.3.3":["{{z}}",20600789,3495827],"chl_gsm\/25.3.4":["{{z}}",24096616,2590030],"chl_gsm\/25.4.0":["{{z}}",26686646,562053],"chl_gsm\/25.4.1":["{{z}}",27248699,175406],"chl_gsm\/25.4.2":["{{z}}",27424105,3015017],"chl_gsm\/25.4.3":["{{z}}",30439122,1193282],"chl_gsm\/25.4.4":["{{z}}",31632404,1053160],"chl_gsm\/26.0.0":["{{A}}",151217,261802],"chl_gsm\/26.0.1":["{{A}}",413019,2524171],"chl_gsm\/26.0.2":["{{A}}",2937190,2471727],"chl_gsm\/26.0.3":["{{A}}",5408917,541994],"chl_gsm\/26.0.4":["{{A}}",5950911,20972],"chl_gsm\/26.1.0":["{{A}}",5971883,532977],"chl_gsm\/26.1.1":["{{A}}",6504860,2316358],"chl_gsm\/26.1.2":["{{A}}",8821218,1895580],"chl_gsm\/26.1.3":["{{A}}",10716798,577835],"chl_gsm\/26.1.4":["{{A}}",11294633,116861],"chl_gsm\/26.2.0":["{{A}}",11411494,11243],"chl_gsm\/26.2.1":["{{A}}",11422737,1729660],"chl_gsm\/26.2.2":["{{A}}",13152397,18661],"chl_gsm\/26.2.3":["{{A}}",13171058,108000],"chl_gsm\/26.2.4":["{{A}}",13279058,260176],"chl_gsm\/26.3.0":["{{A}}",13539234,10921],"chl_gsm\/26.3.1":["{{A}}",13550155,1769399],"chl_gsm\/26.3.2":["{{A}}",15319554,1485319],"chl_gsm\/26.3.3":["{{A}}",16804873,2227291],"chl_gsm\/26.3.4":["{{A}}",19032164,2847609],"chl_gsm\/26.4.0":["{{A}}",21879773,619868],"chl_gsm\/26.4.1":["{{A}}",22499641,2143715],"chl_gsm\/26.4.2":["{{A}}",24643356,1681488],"chl_gsm\/26.4.3":["{{A}}",26324844,3424789],"chl_gsm\/26.4.4":["{{A}}",29749633,1073452],"chl_gsm\/27.0.0":["{{B}}",151217,2349706],"chl_gsm\/27.0.1":["{{B}}",2500923,261792],"chl_gsm\/27.0.2":["{{B}}",2762715,1335193],"chl_gsm\/27.0.3":["{{B}}",4097908,554913],"chl_gsm\/27.0.4":["{{B}}",4652821,1705395],"chl_gsm\/27.1.0":["{{B}}",6358216,1794466],"chl_gsm\/27.1.1":["{{B}}",8152682,798855],"chl_gsm\/27.1.2":["{{B}}",8951537,1869332],"chl_gsm\/27.1.3":["{{B}}",10820869,631895],"chl_gsm\/27.1.4":["{{B}}",11452764,610124],"chl_gsm\/27.2.0":["{{B}}",12062888,1018089],"chl_gsm\/27.2.1":["{{B}}",13080977,1659610],"chl_gsm\/27.2.2":["{{B}}",14740587,10921],"chl_gsm\/27.2.3":["{{B}}",14751508,1372315],"chl_gsm\/27.2.4":["{{B}}",16123823,444378],"chl_gsm\/27.3.0":["{{B}}",16568201,214459],"chl_gsm\/27.3.1":["{{B}}",16782660,1657182],"chl_gsm\/27.3.2":["{{B}}",18439842,3028370],"chl_gsm\/27.3.3":["{{B}}",21468212,1848778],"chl_gsm\/27.3.4":["{{B}}",23316990,449066],"chl_gsm\/27.4.0":["{{B}}",23766056,25840],"chl_gsm\/27.4.1":["{{B}}",23791896,514747],"chl_gsm\/27.4.2":["{{B}}",24306643,1694263],"chl_gsm\/27.4.3":["{{B}}",26000906,1268965],"chl_gsm\/27.4.4":["{{B}}",27269871,1616605],"chl_gsm\/28.0.0":["{{C}}",151217,403743],"chl_gsm\/28.0.1":["{{C}}",554960,1801836],"chl_gsm\/28.0.2":["{{C}}",2356796,1270295],"chl_gsm\/28.0.3":["{{C}}",3627091,741067],"chl_gsm\/28.0.4":["{{C}}",4368158,535718],"chl_gsm\/28.1.0":["{{C}}",4903876,2529212],"chl_gsm\/28.1.1":["{{C}}",7433088,2059399],"chl_gsm\/28.1.2":["{{C}}",9492487,955731],"chl_gsm\/28.1.3":["{{C}}",10448218,489488],"chl_gsm\/28.1.4":["{{C}}",10937706,719520],"chl_gsm\/28.2.0":["{{C}}",11657226,2729659],"chl_gsm\/28.2.1":["{{C}}",14386885,2014985],"chl_gsm\/28.2.2":["{{C}}",16401870,58579],"chl_gsm\/28.2.3":["{{C}}",16460449,1483323],"chl_gsm\/28.2.4":["{{C}}",17943772,1921103],"chl_gsm\/28.3.0":["{{C}}",19864875,1503942],"chl_gsm\/28.3.1":["{{C}}",21368817,1610628],"chl_gsm\/28.3.2":["{{C}}",22979445,2109178],"chl_gsm\/28.3.3":["{{C}}",25088623,1049476],"chl_gsm\/28.3.4":["{{C}}",26138099,970081],"chl_gsm\/28.4.0":["{{C}}",27108180,992879],"chl_gsm\/28.4.1":["{{C}}",28101059,1054907],"chl_gsm\/28.4.2":["{{C}}",29155966,1440750],"chl_gsm\/28.4.3":["{{C}}",30596716,977965],"chl_gsm\/28.4.4":["{{C}}",31574681,1672979],"chl_gsm\/29.0.0":["{{D}}",151217,214815],"chl_gsm\/29.0.1":["{{D}}",366032,700639],"chl_gsm\/29.0.2":["{{D}}",1066671,1505518],"chl_gsm\/29.0.3":["{{D}}",2572189,825061],"chl_gsm\/29.0.4":["{{D}}",3397250,106108],"chl_gsm\/29.1.0":["{{D}}",3503358,749097],"chl_gsm\/29.1.1":["{{D}}",4252455,1148646],"chl_gsm\/29.1.2":["{{D}}",5401101,823750],"chl_gsm\/29.1.3":["{{D}}",6224851,1501772],"chl_gsm\/29.1.4":["{{D}}",7726623,262048],"chl_gsm\/29.2.0":["{{D}}",7988671,922899],"chl_gsm\/29.2.1":["{{D}}",8911570,1410054],"chl_gsm\/29.2.2":["{{D}}",10321624,101509],"chl_gsm\/29.2.3":["{{D}}",10423133,2688199],"chl_gsm\/29.2.4":["{{D}}",13111332,353718],"chl_gsm\/29.3.0":["{{D}}",13465050,567670],"chl_gsm\/29.3.1":["{{D}}",14032720,2138566],"chl_gsm\/29.3.2":["{{D}}",16171286,2754225],"chl_gsm\/29.3.3":["{{D}}",18925511,2529960],"chl_gsm\/29.3.4":["{{D}}",21455471,25923],"chl_gsm\/29.4.0":["{{D}}",21481394,293222],"chl_gsm\/29.4.1":["{{D}}",21774616,1768334],"chl_gsm\/29.4.2":["{{D}}",23542950,1863151],"chl_gsm\/29.4.3":["{{D}}",25406101,2798809],"chl_gsm\/29.4.4":["{{D}}",28204910,108562],"chl_gsm\/30.0.0":["{{E}}",151217,3477545],"chl_gsm\/30.0.1":["{{E}}",3628762,860268],"chl_gsm\/30.0.2":["{{E}}",4489030,979655],"chl_gsm\/30.0.3":["{{E}}",5468685,1865440],"chl_gsm\/30.0.4":["{{E}}",7334125,752938],"chl_gsm\/30.1.0":["{{E}}",8087063,3196493],"chl_gsm\/30.1.1":["{{E}}",11283556,676504],"chl_gsm\/30.1.2":["{{E}}",11960060,813816],"chl_gsm\/30.1.3":["{{E}}",12773876,1196719],"chl_gsm\/30.1.4":["{{E}}",13970595,112042],"chl_gsm\/30.2.0":["{{E}}",14082637,2861015],"chl_gsm\/30.2.1":["{{E}}",16943652,1024417],"chl_gsm\/30.2.2":["{{E}}",17968069,71754],"chl_gsm\/30.2.3":["{{E}}",18039823,1141180],"chl_gsm\/30.2.4":["{{E}}",19181003,2395507],"chl_gsm\/30.3.0":["{{E}}",21576510,1660055],"chl_gsm\/30.3.1":["{{E}}",23236565,2487658],"chl_gsm\/30.3.2":["{{E}}",25724223,1547955],"chl_gsm\/30.3.3":["{{E}}",27272178,2756687],"chl_gsm\/30.3.4":["{{E}}",30028865,1110633],"chl_gsm\/30.4.0":["{{E}}",31139498,12596],"chl_gsm\/30.4.1":["{{E}}",31152094,1322129],"chl_gsm\/30.4.2":["{{E}}",32474223,2063218],"chl_gsm\/30.4.3":["{{E}}",34537441,1878033],"chl_gsm\/30.4.4":["{{E}}",36415474,1892015]}}