{"version":1,"templates":{"a":"s3:\/\/imos-data\/IMOS\/SRS\/OC\/gridded\/aqua\/P1D\/2005\/02\/A.P1D.20050201T053000Z.aust.chl_oc3.nc","b":"s3:\/\/imos-data\/IMOS\/SRS\/OC\/gridded\/aqua\/P1D\/2005\/02\/A.P1D.20050202T053000Z.aust.chl_oc3.nc","c":"s3:\/\/imos-data\/IMOS\/SRS\/OC\/gridded\/aqua\/P1D\/2005\/02\/A.P1D.20050203T053000Z.aust.chl_oc3.nc","d":"s3:\/\/imos-data\/IMOS\/SRS\/OC\/gridded\/aqua\/P1D\/2005\/02\/A.P1D.20050204T053000Z.aust.chl_oc3.nc","e":"s3:\/\/imos-data\/IMOS\/SRS\/OC\/gridded\/aqua\/P1D\/2005\/02\/A.P1D.20050205T053000Z.aust.chl_oc3.nc","f":"s3:\/\/imos-data\/IMOS\/SRS\/OC\/gridded\/aqua\/P1D\/2005\/02\/A.P1D.20050206T053000Z.aust.chl_oc3.nc","g":"s3:\/\/imos-data\/IMOS\/SRS\/OC\/gridded\/aqua\/P1D\/2005\/02\/A.P1D.20050207T053000Z.aust.chl_oc3.nc","h":"s3:\/\/imos-data\/IMOS\/SRS\/OC\/gridded\/aqua\/P1D\/2005\/02\/A.P1D.20050208T053000Z.aust.chl_oc3.nc","i":"s3:\/\/imos-data\/IMOS\/SRS\/OC\/gridded\/aqua\/P1D\/2005\/02\/A.P1D.20050209T053000Z.aust.chl_oc3.nc","j":"s3:\/\/imos-data\/IMOS\/SRS\/OC\/gridded\/aqua\/P1D\/2005\/02\/A.P1D.20050210T053000Z.aust.chl_oc3.nc","k":"s3:\/\/imos-data\/IMOS\/SRS\/OC\/gridded\/aqua\/P1D\/2005\/02\/A.P1D.20050211T053000Z.aust.chl_oc3.nc","l":"s3:\/\/imos-data\/IMOS\/SRS\/OC\/gridded\/aqua\/P1D\/2005\/02\/A.P1D.20050212T053000Z.aust.chl_oc3.nc","m":"s3:\/\/imos-data\/IMOS\/SRS\/OC\/gridded\/aqua\/P1D\/2005\/02\/A.P1D.20050213T053000Z.aust.chl_oc3.nc","n":"s3:\/\/imos-data\/IMOS\/SRS\/OC\/gridded\/aqua\/P1D\/2005\/02\/A.P1D.20050214T053000Z.aust.chl_oc3.nc","o":"s3:\/\/imos-data\/IMOS\/SRS\/OC\/gridded\/aqua\/P1D\/2005\/02\/A.P1D.20050215T053000Z.aust.chl_oc3.nc","p":"s3:\/\/imos-data\/IMOS\/SRS\/OC\/gridded\/aqua\/P1D\/2005\/02\/A.P1D.20050216T053000Z.aust.chl_oc3.nc","q":"s3:\/\/imos-data\/IMOS\/SRS\/OC\/gridded\/aqua\/P1D\/2005\/02\/A.P1D.20050217T053000Z.aust.chl_oc3.nc","r":"s3:\/\/imos-data\/IMOS\/SRS\/OC\/gridded\/aqua\/P1D\/2005\/02\/A.P1D.20050218T053000Z.aust.chl_oc3.nc","s":"s3:\/\/imos-data\/IMOS\/SRS\/OC\/gridded\/aqua\/P1D\/2005\/02\/A.P1D.20050219T053000Z.aust.chl_oc3.nc","t":"s3:\/\/imos-data\/IMOS\/SRS\/OC\/gridded\/aqua\/P1D\/2005\/02\/A.P1D.20050220T053000Z.aust.chl_oc3.nc","u":"s3:\/\/imos-data\/IMOS\/SRS\/OC\/gridded\/aqua\/P1D\/2005\/02\/A.P1D.20050221T053000Z.aust.chl_oc3.nc","v":"s3:\/\/imos-data\/IMOS\/SRS\/OC\/gridded\/aqua\/P1D\/2005\/02\/A.P1D.20050222T053000Z.aust.chl_oc3.nc","w":"s3:\/\/imos-data\/IMOS\/SRS\/OC\/gridded\/aqua\/P1D\/2005\/02\/A.P1D.20050223T053000Z.aust.chl_oc3.nc","x":"s3:\/\/imos-data\/IMOS\/SRS\/OC\/gridded\/aqua\/P1D\/2005\/02\/A.P1D.20050224T053000Z.aust.chl_oc3.nc","y":"s3:\/\/imos-data\/IMOS\/SRS\/OC\/gridded\/aqua\/P1D\/2005\/02\/A.P1D.20050225T053000Z.aust.chl_oc3.nc","z":"s3:\/\/imos-data\/IMOS\/SRS\/OC\/gridded\/aqua\/P1D\/2005\/02\/A.P1D.20050226T053000Z.aust.chl_oc3.nc","A":"s3:\/\/imos-data\/IMOS\/SRS\/OC\/gridded\/aqua\/P1D\/2005\/02\/A.P1D.20050227T053000Z.aust.chl_oc3.nc","B":"s3:\/\/imos-data\/IMOS\/SRS\/OC\/gridded\/aqua\/P1D\/2005\/02\/A.P1D.20050228T053000Z.aust.chl_oc3.nc"},"refs":{".zgroup":"{\"zarr_format\":2}",".zattrs":"{\"Conventions\":\"CF-1.6\",\"_NCProperties\":\"version=1|netcdflibversion=4.6.1|hdf5libversion=1.10.4\",\"_nc3_strict\":1,\"history\":\"File initialised at 2020-08-06T02:39:01.370038\\nInitialised var chl_oc3 at 2020-08-06T02:39:27.856644\\nAdd Granule A20050201_0315.20190919000103.L2OC_BASE.chl_oc3.nc at 2020-08-06T02:39:30.744132\\nAdd Granule A20050201_0320.20190918235223.L2OC_BASE.chl_oc3.nc at 2020-08-06T02:39:31.041118\\nAdd Granule A20050201_0325.20190919002836.L2OC_BASE.chl_oc3.nc at 2020-08-06T02:39:31.291430\\nAdd Granule A20050201_0330.20190919003630.L2OC_BASE.chl_oc3.nc at 2020-08-06T02:39:31.483968\\nAdd Granule A20050201_0335.20190918231444.L2OC_BASE.chl_oc3.nc at 2020-08-06T02:39:31.670481\\nAdd Granule A20050201_0455.20190918234106.L2OC_BASE.chl_oc3.nc at 2020-08-06T02:39:31.952554\\nAdd Granule A20050201_0500.20190919001226.L2OC_BASE.chl_oc3.nc at 2020-08-06T02:39:32.570992\\nAdd Granule A20050201_0505.20190918232319.L2OC_BASE.chl_oc3.nc at 2020-08-06T02:39:32.744507\\nAdd Granule A20050201_0510.20190918234750.L2OC_BASE.chl_oc3.nc at 2020-08-06T02:39:32.938719\\nAdd Granule A20050201_0515.20190918232647.L2OC_BASE.chl_oc3.nc at 2020-08-06T02:39:33.091133\\nAdd Granule A20050201_0635.20190919004129.L2OC_BASE.chl_oc3.nc at 2020-08-06T02:39:34.744350\\nAdd Granule A20050201_0640.20190919002033.L2OC_BASE.chl_oc3.nc at 2020-08-06T02:39:37.468722\\nAdd Granule A20050201_0645.20190919000548.L2OC_BASE.chl_oc3.nc at 2020-08-06T02:39:37.676907\\nAdd Granule A20050201_0650.20190918233407.L2OC_BASE.chl_oc3.nc at 2020-08-06T02:39:37.862278\",\"source_path\":\"imos-srs\\\/archive\\\/oc\\\/aqua\\\/1d\\\/v201909\\\/2005\\\/02\\\/A20050201.L2OC_BASE.aust.chl_oc3.nc\"}","longitude\/.zarray":"{\n    \"chunks\": [\n        10001\n    ],\n    \"compressor\": null,\n    \"dtype\": \"<f8\",\n    \"fill_value\": 9.969209968386869e+36,\n    \"filters\": null,\n    \"order\": \"C\",\n    \"shape\": [\n        10001\n    ],\n    \"zarr_format\": 2\n}","longitude\/.zattrs":"{\n    \"NAME\": \"longitude\",\n    \"_ARRAY_DIMENSIONS\": [\n        \"longitude\"\n    ],\n    \"_Netcdf4Dimid\": 2,\n    \"axis\": \"X\",\n    \"long_name\": \"longitude\",\n    \"standard_name\": \"longitude\",\n    \"units\": \"degrees_east\"\n}","longitude\/0":["{{a}}",58400,80008],"latitude\/.zarray":"{\n    \"chunks\": [\n        7001\n    ],\n    \"compressor\": null,\n    \"dtype\": \"<f8\",\n    \"fill_value\": 9.969209968386869e+36,\n    \"filters\": null,\n    \"order\": \"C\",\n    \"shape\": [\n        7001\n    ],\n    \"zarr_format\": 2\n}","latitude\/.zattrs":"{\n    \"NAME\": \"latitude\",\n    \"_ARRAY_DIMENSIONS\": [\n        \"latitude\"\n    ],\n    \"_Netcdf4Dimid\": 1,\n    \"axis\": \"Y\",\n    \"long_name\": \"latitude\",\n    \"standard_name\": \"latitude\",\n    \"units\": \"degrees_north\"\n}","latitude\/0":["{{a}}",2392,56008],"chl_oc3\/.zarray":"{\"chunks\":[1,1401,2001],\"compressor\":{\"id\":\"zlib\",\"level\":4},\"dtype\":\"<f4\",\"fill_value\":-999.0,\"filters\":[{\"elementsize\":4,\"id\":\"shuffle\"}],\"order\":\"C\",\"shape\":[28,7001,10001],\"zarr_format\":2}","chl_oc3\/.zattrs":"{\"_ARRAY_DIMENSIONS\":[\"time\",\"latitude\",\"longitude\"],\"flag_applied\":\"HISATZEN LAND CLDICE NAVFAIL\",\"long_name\":\"Chlorophyll Concentration, OC3 Algorithm\",\"units\":\"mg\\\/m^3\"}","time\/.zarray":"{\"chunks\":[28],\"compressor\":{\"blocksize\":0,\"clevel\":5,\"cname\":\"lz4\",\"id\":\"blosc\",\"shuffle\":1},\"dtype\":\"<M8[us]\",\"fill_value\":0,\"filters\":null,\"order\":\"C\",\"shape\":[28],\"zarr_format\":2}","time\/0":"base64:AgExCOAAAADgAAAApwAAABQAAACPAAAAHwABAAj4AaYGZsYmhuZGpgZmxiaG5kYQAPRKimI5EOi\/lm5FHfTLo3pRKQDYr4ZeNQzku5NqQWyKqMbjAR89W3mWtNLwDixKZ4Wjwd\/9GjhWdJIGGi5CVmt\/k6e7z+P3CyA0SFxwhJiswNXp\/REl7+\/v7+8FABjwAQB\/8fEDAwMDAwUABA\/DAARQAAAAAAA=","time\/.zattrs":"{\"NAME\":\"time\",\"_ARRAY_DIMENSIONS\":[\"time\"],\"_Netcdf4Dimid\":0,\"axis\":\"T\",\"long_name\":\"time\",\"standard_name\":\"time\"}","chl_oc3\/0.0.0":["{{a}}",151221,1083154],"chl_oc3\/0.0.1":["{{a}}",1234375,1043366],"chl_oc3\/0.0.2":["{{a}}",2277741,685028],"chl_oc3\/0.0.3":["{{a}}",2962769,1733371],"chl_oc3\/0.0.4":["{{a}}",4696140,10921],"chl_oc3\/0.1.0":["{{a}}",4707061,1113925],"chl_oc3\/0.1.1":["{{a}}",5820986,1711692],"chl_oc3\/0.1.2":["{{a}}",7532678,589686],"chl_oc3\/0.1.3":["{{a}}",8122364,944501],"chl_oc3\/0.1.4":["{{a}}",9066865,92819],"chl_oc3\/0.2.0":["{{a}}",9159684,491555],"chl_oc3\/0.2.1":["{{a}}",9651239,1615290],"chl_oc3\/0.2.2":["{{a}}",11266529,66164],"chl_oc3\/0.2.3":["{{a}}",11332693,2055997],"chl_oc3\/0.2.4":["{{a}}",13388690,1184657],"chl_oc3\/0.3.0":["{{a}}",14573347,187087],"chl_oc3\/0.3.1":["{{a}}",14760434,3333647],"chl_oc3\/0.3.2":["{{a}}",18094081,3745893],"chl_oc3\/0.3.3":["{{a}}",21839974,2393578],"chl_oc3\/0.3.4":["{{a}}",24233552,2571362],"chl_oc3\/0.4.0":["{{a}}",26804914,75052],"chl_oc3\/0.4.1":["{{a}}",26879966,663590],"chl_oc3\/0.4.2":["{{a}}",27543556,1910218],"chl_oc3\/0.4.3":["{{a}}",29453774,1942524],"chl_oc3\/0.4.4":["{{a}}",31396298,853488],"chl_oc3\/1.0.0":["{{b}}",151221,3753903],"chl_oc3\/1.0.1":["{{b}}",3905124,1860256],"chl_oc3\/1.0.2":["{{b}}",5765380,352920],"chl_oc3\/1.0.3":["{{b}}",6118300,422895],"chl_oc3\/1.0.4":["{{b}}",6541195,181264],"chl_oc3\/1.1.0":["{{b}}",6722459,3820519],"chl_oc3\/1.1.1":["{{b}}",10542978,884606],"chl_oc3\/1.1.2":["{{b}}",11427584,147228],"chl_oc3\/1.1.3":["{{b}}",11574812,1289347],"chl_oc3\/1.1.4":["{{b}}",12864159,1287728],"chl_oc3\/1.2.0":["{{b}}",14151887,2433178],"chl_oc3\/1.2.1":["{{b}}",16585065,1575343],"chl_oc3\/1.2.2":["{{b}}",18160408,38942],"chl_oc3\/1.2.3":["{{b}}",18199350,1220323],"chl_oc3\/1.2.4":["{{b}}",19419673,3826536],"chl_oc3\/1.3.0":["{{b}}",23246209,2138551],"chl_oc3\/1.3.1":["{{b}}",25384760,3450344],"chl_oc3\/1.3.2":["{{b}}",28835104,3741842],"chl_oc3\/1.3.3":["{{b}}",32576946,1475311],"chl_oc3\/1.3.4":["{{b}}",34052257,2009714],"chl_oc3\/1.4.0":["{{b}}",36061971,458581],"chl_oc3\/1.4.1":["{{b}}",36520552,1818221],"chl_oc3\/1.4.2":["{{b}}",38338773,578067],"chl_oc3\/1.4.3":["{{b}}",38916840,2282018],"chl_oc3\/1.4.4":["{{b}}",41198858,234262],"chl_oc3\/2.0.0":["{{c}}",151221,1286061],"chl_oc3\/2.0.1":["{{c}}",1437282,1342868],"chl_oc3\/2.0.2":["{{c}}",2780150,803769],"chl_oc3\/2.0.3":["{{c}}",3583919,990335],"chl_oc3\/2.0.4":["{{c}}",4574254,10921],"chl_oc3\/2.1.0":["{{c}}",4585175,958584],"chl_oc3\/2.1.1":["{{c}}",5543759,1521931],"chl_oc3\/2.1.2":["{{c}}",7065690,269527],"chl_oc3\/2.1.3":["{{c}}",7335217,1298190],"chl_oc3\/2.1.4":["{{c}}",8633407,671476],"chl_oc3\/2.2.0":["{{c}}",9304883,192421],"chl_oc3\/2.2.1":["{{c}}",9497304,2564419],"chl_oc3\/2.2.2":["{{c}}",12061723,43815],"chl_oc3\/2.2.3":["{{c}}",12105538,1138525],"chl_oc3\/2.2.4":["{{c}}",13244063,1843120],"chl_oc3\/2.3.0":["{{c}}",15087183,10921],"chl_oc3\/2.3.1":["{{c}}",15098104,3501141],"chl_oc3\/2.3.2":["{{c}}",18599245,2469581],"chl_oc3\/2.3.3":["{{c}}",21068826,1682355],"chl_oc3\/2.3.4":["{{c}}",22751181,1429398],"chl_oc3\/2.4.0":["{{c}}",24180579,10921],"chl_oc3\/2.4.1":["{{c}}",24191500,1396576],"chl_oc3\/2.4.2":["{{c}}",25588076,2608837],"chl_oc3\/2.4.3":["{{c}}",28196913,2341686],"chl_oc3\/2.4.4":["{{c}}",30538599,979229],"chl_oc3\/3.0.0":["{{d}}",151221,3278582],"chl_oc3\/3.0.1":["{{d}}",3429803,847895],"chl_oc3\/3.0.2":["{{d}}",4277698,264223],"chl_oc3\/3.0.3":["{{d}}",4541921,690923],"chl_oc3\/3.0.4":["{{d}}",5232844,1501313],"chl_oc3\/3.1.0":["{{d}}",6734157,2530877],"chl_oc3\/3.1.1":["{{d}}",9265034,1179805],"chl_oc3\/3.1.2":["{{d}}",10444839,362356],"chl_oc3\/3.1.3":["{{d}}",10807195,1176194],"chl_oc3\/3.1.4":["{{d}}",11983389,1768607],"chl_oc3\/3.2.0":["{{d}}",13751996,2037378],"chl_oc3\/3.2.1":["{{d}}",15789374,1460198],"chl_oc3\/3.2.2":["{{d}}",17249572,53316],"chl_oc3\/3.2.3":["{{d}}",17302888,948589],"chl_oc3\/3.2.4":["{{d}}",18251477,3174548],"chl_oc3\/3.3.0":["{{d}}",21426025,702721],"chl_oc3\/3.3.1":["{{d}}",22128746,1486852],"chl_oc3\/3.3.2":["{{d}}",23615598,2564786],"chl_oc3\/3.3.3":["{{d}}",26180384,1509427],"chl_oc3\/3.3.4":["{{d}}",27689811,1395387],"chl_oc3\/3.4.0":["{{d}}",29085198,147975],"chl_oc3\/3.4.1":["{{d}}",29233173,361374],"chl_oc3\/3.4.2":["{{d}}",29594547,4202095],"chl_oc3\/3.4.3":["{{d}}",33796642,1262758],"chl_oc3\/3.4.4":["{{d}}",35059400,918689],"chl_oc3\/4.0.0":["{{e}}",151221,49137],"chl_oc3\/4.0.1":["{{e}}",200358,1222701],"chl_oc3\/4.0.2":["{{e}}",1423059,227820],"chl_oc3\/4.0.3":["{{e}}",1650879,808910],"chl_oc3\/4.0.4":["{{e}}",2459789,182467],"chl_oc3\/4.1.0":["{{e}}",2642256,51586],"chl_oc3\/4.1.1":["{{e}}",2693842,1351314],"chl_oc3\/4.1.2":["{{e}}",4045156,85732],"chl_oc3\/4.1.3":["{{e}}",4130888,798982],"chl_oc3\/4.1.4":["{{e}}",4929870,1570423],"chl_oc3\/4.2.0":["{{e}}",6500293,1557394],"chl_oc3\/4.2.1":["{{e}}",8057687,1746538],"chl_oc3\/4.2.2":["{{e}}",9804225,53053],"chl_oc3\/4.2.3":["{{e}}",9857278,1652203],"chl_oc3\/4.2.4":["{{e}}",11509481,3044774],"chl_oc3\/4.3.0":["{{e}}",14554255,1165415],"chl_oc3\/4.3.1":["{{e}}",15719670,1188745],"chl_oc3\/4.3.2":["{{e}}",16908415,1819462],"chl_oc3\/4.3.3":["{{e}}",18727877,1452888],"chl_oc3\/4.3.4":["{{e}}",20180765,1806279],"chl_oc3\/4.4.0":["{{e}}",21987044,178320],"chl_oc3\/4.4.1":["{{e}}",22165364,992469],"chl_oc3\/4.4.2":["{{e}}",23157833,1673581],"chl_oc3\/4.4.3":["{{e}}",24831414,2579615],"chl_oc3\/4.4.4":["{{e}}",27411029,754632],"chl_oc3\/5.0.0":["{{f}}",151221,1528053],"chl_oc3\/5.0.1":["{{f}}",1679274,1004509],"chl_oc3\/5.0.2":["{{f}}",2683783,723084],"chl_oc3\/5.0.3":["{{f}}",3406867,44939],"chl_oc3\/5.0.4":["{{f}}",3451806,365644],"chl_oc3\/5.1.0":["{{f}}",3817450,1434158],"chl_oc3\/5.1.1":["{{f}}",5251608,979022],"chl_oc3\/5.1.2":["{{f}}",6230630,1340480],"chl_oc3\/5.1.3":["{{f}}",7571110,1588483],"chl_oc3\/5.1.4":["{{f}}",9159593,1848336],"chl_oc3\/5.2.0":["{{f}}",11007929,1158832],"chl_oc3\/5.2.1":["{{f}}",12166761,2056974],"chl_oc3\/5.2.2":["{{f}}",14223735,49584],"chl_oc3\/5.2.3":["{{f}}",14273319,2256444],"chl_oc3\/5.2.4":["{{f}}",16529763,275692],"chl_oc3\/5.3.0":["{{f}}",16805455,370624],"chl_oc3\/5.3.1":["{{f}}",17176079,1487368],"chl_oc3\/5.3.2":["{{f}}",18663447,2730874],"chl_oc3\/5.3.3":["{{f}}",21394321,3038779],"chl_oc3\/5.3.4":["{{f}}",24433100,977887],"chl_oc3\/5.4.0":["{{f}}",25410987,38622],"chl_oc3\/5.4.1":["{{f}}",25449609,828169],"chl_oc3\/5.4.2":["{{f}}",26277778,1000167],"chl_oc3\/5.4.3":["{{f}}",27277945,353106],"chl_oc3\/5.4.4":["{{f}}",27631051,51646],"chl_oc3\/6.0.0":["{{g}}",151221,2515773],"chl_oc3\/6.0.1":["{{g}}",2666994,1531743],"chl_oc3\/6.0.2":["{{g}}",4198737,929377],"chl_oc3\/6.0.3":["{{g}}",5128114,664944],"chl_oc3\/6.0.4":["{{g}}",5793058,216472],"chl_oc3\/6.1.0":["{{g}}",6009530,2833274],"chl_oc3\/6.1.1":["{{g}}",8842804,1423206],"chl_oc3\/6.1.2":["{{g}}",10266010,250381],"chl_oc3\/6.1.3":["{{g}}",10516391,713840],"chl_oc3\/6.1.4":["{{g}}",11230231,871222],"chl_oc3\/6.2.0":["{{g}}",12101453,3382753],"chl_oc3\/6.2.1":["{{g}}",15484206,1716873],"chl_oc3\/6.2.2":["{{g}}",17201079,41312],"chl_oc3\/6.2.3":["{{g}}",17242391,1910347],"chl_oc3\/6.2.4":["{{g}}",19152738,2856931],"chl_oc3\/6.3.0":["{{g}}",22009669,2310137],"chl_oc3\/6.3.1":["{{g}}",24319806,1061345],"chl_oc3\/6.3.2":["{{g}}",25381151,1745643],"chl_oc3\/6.3.3":["{{g}}",27126794,2297089],"chl_oc3\/6.3.4":["{{g}}",29423883,3092785],"chl_oc3\/6.4.0":["{{g}}",32516668,145154],"chl_oc3\/6.4.1":["{{g}}",32661822,312871],"chl_oc3\/6.4.2":["{{g}}",32974693,998867],"chl_oc3\/6.4.3":["{{g}}",33973560,179570],"chl_oc3\/6.4.4":["{{g}}",34153130,369067],"chl_oc3\/7.0.0":["{{h}}",151221,2941842],"chl_oc3\/7.0.1":["{{h}}",3093063,1418886],"chl_oc3\/7.0.2":["{{h}}",4511949,939137],"chl_oc3\/7.0.3":["{{h}}",5451086,826285],"chl_oc3\/7.0.4":["{{h}}",6277371,1596744],"chl_oc3\/7.1.0":["{{h}}",7874115,656979],"chl_oc3\/7.1.1":["{{h}}",8531094,2006766],"chl_oc3\/7.1.2":["{{h}}",10537860,856813],"chl_oc3\/7.1.3":["{{h}}",11394673,1613486],"chl_oc3\/7.1.4":["{{h}}",13008159,80678],"chl_oc3\/7.2.0":["{{h}}",13088837,1048845],"chl_oc3\/7.2.1":["{{h}}",14137682,2176507],"chl_oc3\/7.2.2":["{{h}}",16314189,124107],"chl_oc3\/7.2.3":["{{h}}",16438296,2930899],"chl_oc3\/7.2.4":["{{h}}",19369195,1114460],"chl_oc3\/7.3.0":["{{h}}",20483655,356152],"chl_oc3\/7.3.1":["{{h}}",20839807,903240],"chl_oc3\/7.3.2":["{{h}}",21743047,1446761],"chl_oc3\/7.3.3":["{{h}}",23189808,1406483],"chl_oc3\/7.3.4":["{{h}}",24596291,1909505],"chl_oc3\/7.4.0":["{{h}}",26505796,64634],"chl_oc3\/7.4.1":["{{h}}",26570430,79351],"chl_oc3\/7.4.2":["{{h}}",26649781,1439128],"chl_oc3\/7.4.3":["{{h}}",28088909,776670],"chl_oc3\/7.4.4":["{{h}}",28865579,626928],"chl_oc3\/8.0.0":["{{i}}",151221,3543772],"chl_oc3\/8.0.1":["{{i}}",3694993,995820],"chl_oc3\/8.0.2":["{{i}}",4690813,951238],"chl_oc3\/8.0.3":["{{i}}",5642051,875574],"chl_oc3\/8.0.4":["{{i}}",6517625,553285],"chl_oc3\/8.1.0":["{{i}}",7070910,3430942],"chl_oc3\/8.1.1":["{{i}}",10501852,1259544],"chl_oc3\/8.1.2":["{{i}}",11761396,1218975],"chl_oc3\/8.1.3":["{{i}}",12980371,1546679],"chl_oc3\/8.1.4":["{{i}}",14527050,1424625],"chl_oc3\/8.2.0":["{{i}}",15951675,3648668],"chl_oc3\/8.2.1":["{{i}}",19600343,2043185],"chl_oc3\/8.2.2":["{{i}}",21643528,79837],"chl_oc3\/8.2.3":["{{i}}",21723365,1106818],"chl_oc3\/8.2.4":["{{i}}",22830183,4600664],"chl_oc3\/8.3.0":["{{i}}",27430847,1718101],"chl_oc3\/8.3.1":["{{i}}",29148948,1108508],"chl_oc3\/8.3.2":["{{i}}",30257456,1157199],"chl_oc3\/8.3.3":["{{i}}",31414655,1928961],"chl_oc3\/8.3.4":["{{i}}",33343616,4003935],"chl_oc3\/8.4.0":["{{i}}",37347551,92919],"chl_oc3\/8.4.1":["{{i}}",37440470,586637],"chl_oc3\/8.4.2":["{{i}}",38027107,345572],"chl_oc3\/8.4.3":["{{i}}",38372679,1183387],"chl_oc3\/8.4.4":["{{i}}",39556066,419008],"chl_oc3\/9.0.0":["{{j}}",151221,785318],"chl_oc3\/9.0.1":["{{j}}",936539,981793],"chl_oc3\/9.0.2":["{{j}}",1918332,1302173],"chl_oc3\/9.0.3":["{{j}}",3220505,1883353],"chl_oc3\/9.0.4":["{{j}}",5103858,22944],"chl_oc3\/9.1.0":["{{j}}",5126802,744323],"chl_oc3\/9.1.1":["{{j}}",5871125,1243623],"chl_oc3\/9.1.2":["{{j}}",7114748,1912612],"chl_oc3\/9.1.3":["{{j}}",9027360,2179001],"chl_oc3\/9.1.4":["{{j}}",11206361,587679],"chl_oc3\/9.2.0":["{{j}}",11794040,614764],"chl_oc3\/9.2.1":["{{j}}",12408804,2595861],"chl_oc3\/9.2.2":["{{j}}",15004665,65077],"chl_oc3\/9.2.3":["{{j}}",15069742,1028220],"chl_oc3\/9.2.4":["{{j}}",16097962,1394012],"chl_oc3\/9.3.0":["{{j}}",17491974,84035],"chl_oc3\/9.3.1":["{{j}}",17576009,2546963],"chl_oc3\/9.3.2":["{{j}}",20122972,1367731],"chl_oc3\/9.3.3":["{{j}}",21490703,2031377],"chl_oc3\/9.3.4":["{{j}}",23522080,839423],"chl_oc3\/9.4.0":["{{j}}",24361503,10921],"chl_oc3\/9.4.1":["{{j}}",24372424,519627],"chl_oc3\/9.4.2":["{{j}}",24892051,829962],"chl_oc3\/9.4.3":["{{j}}",25722013,1016412],"chl_oc3\/9.4.4":["{{j}}",26738425,1392477],"chl_oc3\/10.0.0":["{{k}}",151221,2075975],"chl_oc3\/10.0.1":["{{k}}",2227196,1537273],"chl_oc3\/10.0.2":["{{k}}",3764469,1184790],"chl_oc3\/10.0.3":["{{k}}",4949259,1049829],"chl_oc3\/10.0.4":["{{k}}",5999088,539643],"chl_oc3\/10.1.0":["{{k}}",6538731,1563840],"chl_oc3\/10.1.1":["{{k}}",8102571,1509120],"chl_oc3\/10.1.2":["{{k}}",9611691,1861718],"chl_oc3\/10.1.3":["{{k}}",11473409,1373877],"chl_oc3\/10.1.4":["{{k}}",12847286,1606527],"chl_oc3\/10.2.0":["{{k}}",14453813,3113941],"chl_oc3\/10.2.1":["{{k}}",17567754,2012381],"chl_oc3\/10.2.2":["{{k}}",19580135,124116],"chl_oc3\/10.2.3":["{{k}}",19704251,991023],"chl_oc3\/10.2.4":["{{k}}",20695274,4241610],"chl_oc3\/10.3.0":["{{k}}",24936884,1379716],"chl_oc3\/10.3.1":["{{k}}",26316600,1471366],"chl_oc3\/10.3.2":["{{k}}",27787966,2912051],"chl_oc3\/10.3.3":["{{k}}",30700017,1636228],"chl_oc3\/10.3.4":["{{k}}",32336245,1508147],"chl_oc3\/10.4.0":["{{k}}",33844392,533679],"chl_oc3\/10.4.1":["{{k}}",34378071,467196],"chl_oc3\/10.4.2":["{{k}}",34845267,2290748],"chl_oc3\/10.4.3":["{{k}}",37136015,1255204],"chl_oc3\/10.4.4":["{{k}}",38391219,377071],"chl_oc3\/11.0.0":["{{l}}",151221,190128],"chl_oc3\/11.0.1":["{{l}}",341349,584717],"chl_oc3\/11.0.2":["{{l}}",926066,2041660],"chl_oc3\/11.0.3":["{{l}}",2967726,2518411],"chl_oc3\/11.0.4":["{{l}}",5486137,51036],"chl_oc3\/11.1.0":["{{l}}",5537173,213681],"chl_oc3\/11.1.1":["{{l}}",5750854,1799349],"chl_oc3\/11.1.2":["{{l}}",7550203,1727552],"chl_oc3\/11.1.3":["{{l}}",9277755,1657560],"chl_oc3\/11.1.4":["{{l}}",10935315,971815],"chl_oc3\/11.2.0":["{{l}}",11907130,78760],"chl_oc3\/11.2.1":["{{l}}",11985890,2156501],"chl_oc3\/11.2.2":["{{l}}",14142391,55789],"chl_oc3\/11.2.3":["{{l}}",14198180,1122776],"chl_oc3\/11.2.4":["{{l}}",15320956,3207804],"chl_oc3\/11.3.0":["{{l}}",18528760,15616],"chl_oc3\/11.3.1":["{{l}}",18544376,2138341],"chl_oc3\/11.3.2":["{{l}}",20682717,1573347],"chl_oc3\/11.3.3":["{{l}}",22256064,2343829],"chl_oc3\/11.3.4":["{{l}}",24599893,3134105],"chl_oc3\/11.4.0":["{{l}}",27733998,821328],"chl_oc3\/11.4.1":["{{l}}",28555326,2313684],"chl_oc3\/11.4.2":["{{l}}",30869010,528810],"chl_oc3\/11.4.3":["{{l}}",31397820,2135995],"chl_oc3\/11.4.4":["{{l}}",33533815,365058],"chl_oc3\/12.0.0":["{{m}}",151221,2207444],"chl_oc3\/12.0.1":["{{m}}",2358665,170442],"chl_oc3\/12.0.2":["{{m}}",2529107,1846618],"chl_oc3\/12.0.3":["{{m}}",4375725,1401526],"chl_oc3\/12.0.4":["{{m}}",5777251,924107],"chl_oc3\/12.1.0":["{{m}}",6701358,1362913],"chl_oc3\/12.1.1":["{{m}}",8064271,1867068],"chl_oc3\/12.1.2":["{{m}}",9931339,2065142],"chl_oc3\/12.1.3":["{{m}}",11996481,1642801],"chl_oc3\/12.1.4":["{{m}}",13639282,1398801],"chl_oc3\/12.2.0":["{{m}}",15038083,1545373],"chl_oc3\/12.2.1":["{{m}}",16583456,2101986],"chl_oc3\/12.2.2":["{{m}}",18685442,54485],"chl_oc3\/12.2.3":["{{m}}",18739927,1257387],"chl_oc3\/12.2.4":["{{m}}",19997314,3860300],"chl_oc3\/12.3.0":["{{m}}",23857614,836762],"chl_oc3\/12.3.1":["{{m}}",24694376,2266989],"chl_oc3\/12.3.2":["{{m}}",26961365,3315445],"chl_oc3\/12.3.3":["{{m}}",30276810,2935497],"chl_oc3\/12.3.4":["{{m}}",33212307,1590258],"chl_oc3\/12.4.0":["{{m}}",34802565,75413],"chl_oc3\/12.4.1":["{{m}}",34877978,1651287],"chl_oc3\/12.4.2":["{{m}}",36529265,2648373],"chl_oc3\/12.4.3":["{{m}}",39177638,485932],"chl_oc3\/12.4.4":["{{m}}",39663570,460884],"chl_oc3\/13.0.0":["{{n}}",151221,782521],"chl_oc3\/13.0.1":["{{n}}",933742,1443891],"chl_oc3\/13.0.2":["{{n}}",2377633,2072788],"chl_oc3\/13.0.3":["{{n}}",4450421,1202804],"chl_oc3\/13.0.4":["{{n}}",5653225,646553],"chl_oc3\/13.1.0":["{{n}}",6299778,1877073],"chl_oc3\/13.1.1":["{{n}}",8176851,3696290],"chl_oc3\/13.1.2":["{{n}}",11873141,1292476],"chl_oc3\/13.1.3":["{{n}}",13165617,1828719],"chl_oc3\/13.1.4":["{{n}}",14994336,1022633],"chl_oc3\/13.2.0":["{{n}}",16016969,2724698],"chl_oc3\/13.2.1":["{{n}}",18741667,2305733],"chl_oc3\/13.2.2":["{{n}}",21047400,69599],"chl_oc3\/13.2.3":["{{n}}",21116999,897446],"chl_oc3\/13.2.4":["{{n}}",22014445,1008962],"chl_oc3\/13.3.0":["{{n}}",23023407,895605],"chl_oc3\/13.3.1":["{{n}}",23919012,2084053],"chl_oc3\/13.3.2":["{{n}}",26003065,1584779],"chl_oc3\/13.3.3":["{{n}}",27587844,2475505],"chl_oc3\/13.3.4":["{{n}}",30063349,3526294],"chl_oc3\/13.4.0":["{{n}}",33589643,824670],"chl_oc3\/13.4.1":["{{n}}",34414313,555779],"chl_oc3\/13.4.2":["{{n}}",34970092,1979379],"chl_oc3\/13.4.3":["{{n}}",36949471,1504708],"chl_oc3\/13.4.4":["{{n}}",38454179,902575],"chl_oc3\/14.0.0":["{{o}}",151221,717513],"chl_oc3\/14.0.1":["{{o}}",868734,703441],"chl_oc3\/14.0.2":["{{o}}",1572175,2109498],"chl_oc3\/14.0.3":["{{o}}",3681673,1798652],"chl_oc3\/14.0.4":["{{o}}",5480325,285324],"chl_oc3\/14.1.0":["{{o}}",5765649,687961],"chl_oc3\/14.1.1":["{{o}}",6453610,3411065],"chl_oc3\/14.1.2":["{{o}}",9864675,1582766],"chl_oc3\/14.1.3":["{{o}}",11447441,2209989],"chl_oc3\/14.1.4":["{{o}}",13657430,325579],"chl_oc3\/14.2.0":["{{o}}",13983009,983917],"chl_oc3\/14.2.1":["{{o}}",14966926,3982962],"chl_oc3\/14.2.2":["{{o}}",18949888,68379],"chl_oc3\/14.2.3":["{{o}}",19018267,1141410],"chl_oc3\/14.2.4":["{{o}}",20159677,296707],"chl_oc3\/14.3.0":["{{o}}",20456384,161710],"chl_oc3\/14.3.1":["{{o}}",20618094,573824],"chl_oc3\/14.3.2":["{{o}}",21191918,2155999],"chl_oc3\/14.3.3":["{{o}}",23347917,2183101],"chl_oc3\/14.3.4":["{{o}}",25531018,1086407],"chl_oc3\/14.4.0":["{{o}}",26617425,10921],"chl_oc3\/14.4.1":["{{o}}",26628346,490838],"chl_oc3\/14.4.2":["{{o}}",27119184,1893932],"chl_oc3\/14.4.3":["{{o}}",29013116,2850462],"chl_oc3\/14.4.4":["{{o}}",31863578,487431],"chl_oc3\/15.0.0":["{{p}}",151221,2650685],"chl_oc3\/15.0.1":["{{p}}",2801906,2183571],"chl_oc3\/15.0.2":["{{p}}",4985477,2884884],"chl_oc3\/15.0.3":["{{p}}",7870361,2090297],"chl_oc3\/15.0.4":["{{p}}",9960658,694332],"chl_oc3\/15.1.0":["{{p}}",10654990,1240279],"chl_oc3\/15.1.1":["{{p}}",11895269,2680936],"chl_oc3\/15.1.2":["{{p}}",14576205,2222313],"chl_oc3\/15.1.3":["{{p}}",16798518,1456113],"chl_oc3\/15.1.4":["{{p}}",18254631,1115853],"chl_oc3\/15.2.0":["{{p}}",19370484,2601739],"chl_oc3\/15.2.1":["{{p}}",21972223,1882100],"chl_oc3\/15.2.2":["{{p}}",23854323,103458],"chl_oc3\/15.2.3":["{{p}}",23957781,537987],"chl_oc3\/15.2.4":["{{p}}",24495768,2976138],"chl_oc3\/15.3.0":["{{p}}",27471906,2393112],"chl_oc3\/15.3.1":["{{p}}",29865018,1163354],"chl_oc3\/15.3.2":["{{p}}",31028372,585819],"chl_oc3\/15.3.3":["{{p}}",31614191,1695507],"chl_oc3\/15.3.4":["{{p}}",33309698,3848102],"chl_oc3\/15.4.0":["{{p}}",37157800,708162],"chl_oc3\/15.4.1":["{{p}}",37865962,892573],"chl_oc3\/15.4.2":["{{p}}",38758535,194846],"chl_oc3\/15.4.3":["{{p}}",38953381,2520958],"chl_oc3\/15.4.4":["{{p}}",41474339,2881037],"chl_oc3\/16.0.0":["{{q}}",151221,144741],"chl_oc3\/16.0.1":["{{q}}",295962,1259543],"chl_oc3\/16.0.2":["{{q}}",1555505,2486846],"chl_oc3\/16.0.3":["{{q}}",4042351,2954774],"chl_oc3\/16.0.4":["{{q}}",6997125,10921],"chl_oc3\/16.1.0":["{{q}}",7008046,379770],"chl_oc3\/16.1.1":["{{q}}",7387816,2879293],"chl_oc3\/16.1.2":["{{q}}",10267109,2837611],"chl_oc3\/16.1.3":["{{q}}",13104720,2167858],"chl_oc3\/16.1.4":["{{q}}",15272578,153863],"chl_oc3\/16.2.0":["{{q}}",15426441,698847],"chl_oc3\/16.2.1":["{{q}}",16125288,2306990],"chl_oc3\/16.2.2":["{{q}}",18432278,105644],"chl_oc3\/16.2.3":["{{q}}",18537922,1386774],"chl_oc3\/16.2.4":["{{q}}",19924696,424238],"chl_oc3\/16.3.0":["{{q}}",20348934,337001],"chl_oc3\/16.3.1":["{{q}}",20685935,1612897],"chl_oc3\/16.3.2":["{{q}}",22298832,810892],"chl_oc3\/16.3.3":["{{q}}",23109724,2612983],"chl_oc3\/16.3.4":["{{q}}",25722707,1707665],"chl_oc3\/16.4.0":["{{q}}",27430372,11146],"chl_oc3\/16.4.1":["{{q}}",27441518,492145],"chl_oc3\/16.4.2":["{{q}}",27933663,1407269],"chl_oc3\/16.4.3":["{{q}}",29340932,763692],"chl_oc3\/16.4.4":["{{q}}",30104624,2238096],"chl_oc3\/17.0.0":["{{r}}",151221,2718052],"chl_oc3\/17.0.1":["{{r}}",2869273,1763366],"chl_oc3\/17.0.2":["{{r}}",4632639,1244862],"chl_oc3\/17.0.3":["{{r}}",5877501,2500333],"chl_oc3\/17.0.4":["{{r}}",8377834,452904],"chl_oc3\/17.1.0":["{{r}}",8830738,2027510],"chl_oc3\/17.1.1":["{{r}}",10858248,1842913],"chl_oc3\/17.1.2":["{{r}}",12701161,2183904],"chl_oc3\/17.1.3":["{{r}}",14885065,819744],"chl_oc3\/17.1.4":["{{r}}",15704809,1749763],"chl_oc3\/17.2.0":["{{r}}",17454572,811006],"chl_oc3\/17.2.1":["{{r}}",18265578,1825934],"chl_oc3\/17.2.2":["{{r}}",20091512,128695],"chl_oc3\/17.2.3":["{{r}}",20220207,733278],"chl_oc3\/17.2.4":["{{r}}",20953485,2950204],"chl_oc3\/17.3.0":["{{r}}",23903689,1094706],"chl_oc3\/17.3.1":["{{r}}",24998395,541367],"chl_oc3\/17.3.2":["{{r}}",25539762,1531671],"chl_oc3\/17.3.3":["{{r}}",27071433,1135143],"chl_oc3\/17.3.4":["{{r}}",28206576,4338299],"chl_oc3\/17.4.0":["{{r}}",32544875,601725],"chl_oc3\/17.4.1":["{{r}}",33146600,1496722],"chl_oc3\/17.4.2":["{{r}}",34643322,724498],"chl_oc3\/17.4.3":["{{r}}",35367820,461842],"chl_oc3\/17.4.4":["{{r}}",35829662,1109826],"chl_oc3\/18.0.0":["{{s}}",151221,874496],"chl_oc3\/18.0.1":["{{s}}",1025717,1952602],"chl_oc3\/18.0.2":["{{s}}",2978319,2327095],"chl_oc3\/18.0.3":["{{s}}",5305414,1998758],"chl_oc3\/18.0.4":["{{s}}",7304172,121209],"chl_oc3\/18.1.0":["{{s}}",7425381,229088],"chl_oc3\/18.1.1":["{{s}}",7654469,2294891],"chl_oc3\/18.1.2":["{{s}}",9949360,1527056],"chl_oc3\/18.1.3":["{{s}}",11476416,1197233],"chl_oc3\/18.1.4":["{{s}}",12673649,507832],"chl_oc3\/18.2.0":["{{s}}",13181481,161123],"chl_oc3\/18.2.1":["{{s}}",13342604,2385311],"chl_oc3\/18.2.2":["{{s}}",15727915,37230],"chl_oc3\/18.2.3":["{{s}}",15765145,2222697],"chl_oc3\/18.2.4":["{{s}}",17987842,1370928],"chl_oc3\/18.3.0":["{{s}}",19358770,10921],"chl_oc3\/18.3.1":["{{s}}",19369691,1034141],"chl_oc3\/18.3.2":["{{s}}",20403832,1335058],"chl_oc3\/18.3.3":["{{s}}",21738890,1777632],"chl_oc3\/18.3.4":["{{s}}",23516522,2628400],"chl_oc3\/18.4.0":["{{s}}",26144922,10921],"chl_oc3\/18.4.1":["{{s}}",26155843,1120587],"chl_oc3\/18.4.2":["{{s}}",27276430,2425559],"chl_oc3\/18.4.3":["{{s}}",29701989,2534573],"chl_oc3\/18.4.4":["{{s}}",32236562,219721],"chl_oc3\/19.0.0":["{{t}}",151221,2128428],"chl_oc3\/19.0.1":["{{t}}",2279649,1578724],"chl_oc3\/19.0.2":["{{t}}",3858373,1644446],"chl_oc3\/19.0.3":["{{t}}",5502819,1692545],"chl_oc3\/19.0.4":["{{t}}",7195364,1040898],"chl_oc3\/19.1.0":["{{t}}",8236262,1626307],"chl_oc3\/19.1.1":["{{t}}",9862569,1115520],"chl_oc3\/19.1.2":["{{t}}",10978089,1976280],"chl_oc3\/19.1.3":["{{t}}",12954369,895747],"chl_oc3\/19.1.4":["{{t}}",13850116,1717552],"chl_oc3\/19.2.0":["{{t}}",15567668,1633698],"chl_oc3\/19.2.1":["{{t}}",17201366,2384370],"chl_oc3\/19.2.2":["{{t}}",19585736,82988],"chl_oc3\/19.2.3":["{{t}}",19668724,1725805],"chl_oc3\/19.2.4":["{{t}}",21394529,3879229],"chl_oc3\/19.3.0":["{{t}}",25273758,569650],"chl_oc3\/19.3.1":["{{t}}",25843408,1327781],"chl_oc3\/19.3.2":["{{t}}",27171189,758775],"chl_oc3\/19.3.3":["{{t}}",27929964,1374269],"chl_oc3\/19.3.4":["{{t}}",29304233,3652947],"chl_oc3\/19.4.0":["{{t}}",32957180,19582],"chl_oc3\/19.4.1":["{{t}}",32976762,2279991],"chl_oc3\/19.4.2":["{{t}}",35256753,1074416],"chl_oc3\/19.4.3":["{{t}}",36331169,1979540],"chl_oc3\/19.4.4":["{{t}}",38310709,1387032],"chl_oc3\/20.0.0":["{{u}}",151221,103895],"chl_oc3\/20.0.1":["{{u}}",255116,1049900],"chl_oc3\/20.0.2":["{{u}}",1305016,3266041],"chl_oc3\/20.0.3":["{{u}}",4571057,703010],"chl_oc3\/20.0.4":["{{u}}",5274067,273306],"chl_oc3\/20.1.0":["{{u}}",5547373,35595],"chl_oc3\/20.1.1":["{{u}}",5582968,1474173],"chl_oc3\/20.1.2":["{{u}}",7057141,1899809],"chl_oc3\/20.1.3":["{{u}}",8956950,1127345],"chl_oc3\/20.1.4":["{{u}}",10084295,1134633],"chl_oc3\/20.2.0":["{{u}}",11218928,427922],"chl_oc3\/20.2.1":["{{u}}",11646850,2859031],"chl_oc3\/20.2.2":["{{u}}",14505881,49572],"chl_oc3\/20.2.3":["{{u}}",14555453,2106633],"chl_oc3\/20.2.4":["{{u}}",16662086,2712030],"chl_oc3\/20.3.0":["{{u}}",19374116,1428357],"chl_oc3\/20.3.1":["{{u}}",20802473,1710309],"chl_oc3\/20.3.2":["{{u}}",22512782,2071082],"chl_oc3\/20.3.3":["{{u}}",24583864,1431466],"chl_oc3\/20.3.4":["{{u}}",26015330,2554355],"chl_oc3\/20.4.0":["{{u}}",28569685,723328],"chl_oc3\/20.4.1":["{{u}}",29293013,1118042],"chl_oc3\/20.4.2":["{{u}}",30411055,3363367],"chl_oc3\/20.4.3":["{{u}}",33774422,3458814],"chl_oc3\/20.4.4":["{{u}}",37233236,1775748],"chl_oc3\/21.0.0":["{{v}}",151221,934234],"chl_oc3\/21.0.1":["{{v}}",1085455,857759],"chl_oc3\/21.0.2":["{{v}}",1943214,2546751],"chl_oc3\/21.0.3":["{{v}}",4489965,664620],"chl_oc3\/21.0.4":["{{v}}",5154585,710393],"chl_oc3\/21.1.0":["{{v}}",5864978,806328],"chl_oc3\/21.1.1":["{{v}}",6671306,1775930],"chl_oc3\/21.1.2":["{{v}}",8447236,2184452],"chl_oc3\/21.1.3":["{{v}}",10631688,1091471],"chl_oc3\/21.1.4":["{{v}}",11723159,1651241],"chl_oc3\/21.2.0":["{{v}}",13374400,1416153],"chl_oc3\/21.2.1":["{{v}}",14790553,1830661],"chl_oc3\/21.2.2":["{{v}}",16621214,42967],"chl_oc3\/21.2.3":["{{v}}",16664181,2303336],"chl_oc3\/21.2.4":["{{v}}",18967517,199458],"chl_oc3\/21.3.0":["{{v}}",19166975,207534],"chl_oc3\/21.3.1":["{{v}}",19374509,1405511],"chl_oc3\/21.3.2":["{{v}}",20780020,2056693],"chl_oc3\/21.3.3":["{{v}}",22836713,1712128],"chl_oc3\/21.3.4":["{{v}}",24548841,900032],"chl_oc3\/21.4.0":["{{v}}",25448873,305605],"chl_oc3\/21.4.1":["{{v}}",25754478,1107394],"chl_oc3\/21.4.2":["{{v}}",26861872,2044719],"chl_oc3\/21.4.3":["{{v}}",28906591,2723799],"chl_oc3\/21.4.4":["{{v}}",31630390,1632679],"chl_oc3\/22.0.0":["{{w}}",151221,2441807],"chl_oc3\/22.0.1":["{{w}}",2593028,1483945],"chl_oc3\/22.0.2":["{{w}}",4076973,2990871],"chl_oc3\/22.0.3":["{{w}}",7067844,1792693],"chl_oc3\/22.0.4":["{{w}}",8860537,522786],"chl_oc3\/22.1.0":["{{w}}",9383323,1730413],"chl_oc3\/22.1.1":["{{w}}",11113736,2517431],"chl_oc3\/22.1.2":["{{w}}",13631167,2283988],"chl_oc3\/22.1.3":["{{w}}",15915155,1181186],"chl_oc3\/22.1.4":["{{w}}",17096341,887043],"chl_oc3\/22.2.0":["{{w}}",17983384,3360622],"chl_oc3\/22.2.1":["{{w}}",21344006,2121060],"chl_oc3\/22.2.2":["{{w}}",23465066,97342],"chl_oc3\/22.2.3":["{{w}}",23562408,1265373],"chl_oc3\/22.2.4":["{{w}}",24827781,3449260],"chl_oc3\/22.3.0":["{{w}}",28277041,937857],"chl_oc3\/22.3.1":["{{w}}",29214898,1668300],"chl_oc3\/22.3.2":["{{w}}",30883198,2309293],"chl_oc3\/22.3.3":["{{w}}",33192491,1146876],"chl_oc3\/22.3.4":["{{w}}",34339367,3401250],"chl_oc3\/22.4.0":["{{w}}",37740617,1814044],"chl_oc3\/22.4.1":["{{w}}",39554661,2239033],"chl_oc3\/22.4.2":["{{w}}",41793694,1002558],"chl_oc3\/22.4.3":["{{w}}",42796252,2382327],"chl_oc3\/22.4.4":["{{w}}",45178579,1658350],"chl_oc3\/23.0.0":["{{x}}",151221,1047677],"chl_oc3\/23.0.1":["{{x}}",1198898,1037288],"chl_oc3\/23.0.2":["{{x}}",2236186,2600029],"chl_oc3\/23.0.3":["{{x}}",4836215,2832077],"chl_oc3\/23.0.4":["{{x}}",7668292,479537],"chl_oc3\/23.1.0":["{{x}}",8147829,1023279],"chl_oc3\/23.1.1":["{{x}}",9171108,1809808],"chl_oc3\/23.1.2":["{{x}}",10980916,2391435],"chl_oc3\/23.1.3":["{{x}}",13372351,1911071],"chl_oc3\/23.1.4":["{{x}}",15283422,24024],"chl_oc3\/23.2.0":["{{x}}",15307446,999473],"chl_oc3\/23.2.1":["{{x}}",16306919,2511058],"chl_oc3\/23.2.2":["{{x}}",18817977,136786],"chl_oc3\/23.2.3":["{{x}}",18954763,1774700],"chl_oc3\/23.2.4":["{{x}}",20729463,866175],"chl_oc3\/23.3.0":["{{x}}",21595638,80074],"chl_oc3\/23.3.1":["{{x}}",21675712,2285913],"chl_oc3\/23.3.2":["{{x}}",23961625,2131714],"chl_oc3\/23.3.3":["{{x}}",26093339,1249898],"chl_oc3\/23.3.4":["{{x}}",27343237,1344504],"chl_oc3\/23.4.0":["{{x}}",28687741,111408],"chl_oc3\/23.4.1":["{{x}}",28799149,1947520],"chl_oc3\/23.4.2":["{{x}}",30746669,1515341],"chl_oc3\/23.4.3":["{{x}}",32262010,993255],"chl_oc3\/23.4.4":["{{x}}",33255265,1310199],"chl_oc3\/24.0.0":["{{y}}",151221,3270995],"chl_oc3\/24.0.1":["{{y}}",3422216,1273062],"chl_oc3\/24.0.2":["{{y}}",4695278,2598846],"chl_oc3\/24.0.3":["{{y}}",7294124,1945885],"chl_oc3\/24.0.4":["{{y}}",9240009,633696],"chl_oc3\/24.1.0":["{{y}}",9873705,2407841],"chl_oc3\/24.1.1":["{{y}}",12281546,2368763],"chl_oc3\/24.1.2":["{{y}}",14650309,2014547],"chl_oc3\/24.1.3":["{{y}}",16664856,1350203],"chl_oc3\/24.1.4":["{{y}}",18015059,831208],"chl_oc3\/24.2.0":["{{y}}",18846267,2220332],"chl_oc3\/24.2.1":["{{y}}",21066599,1710258],"chl_oc3\/24.2.2":["{{y}}",22776857,91500],"chl_oc3\/24.2.3":["{{y}}",22868357,858883],"chl_oc3\/24.2.4":["{{y}}",23727240,4445540],"chl_oc3\/24.3.0":["{{y}}",28172780,1011474],"chl_oc3\/24.3.1":["{{y}}",29184254,880733],"chl_oc3\/24.3.2":["{{y}}",30064987,2234923],"chl_oc3\/24.3.3":["{{y}}",32299910,1011293],"chl_oc3\/24.3.4":["{{y}}",33311203,3397864],"chl_oc3\/24.4.0":["{{y}}",36709067,182953],"chl_oc3\/24.4.1":["{{y}}",36892020,1464248],"chl_oc3\/24.4.2":["{{y}}",38356268,2821884],"chl_oc3\/24.4.3":["{{y}}",41178152,2891565],"chl_oc3\/24.4.4":["{{y}}",44069717,922722],"chl_oc3\/25.0.0":["{{z}}",151221,741308],"chl_oc3\/25.0.1":["{{z}}",892529,1356101],"chl_oc3\/25.0.2":["{{z}}",2248630,2488604],"chl_oc3\/25.0.3":["{{z}}",4737234,2033806],"chl_oc3\/25.0.4":["{{z}}",6771040,12812],"chl_oc3\/25.1.0":["{{z}}",6783852,912859],"chl_oc3\/25.1.1":["{{z}}",7696711,1429331],"chl_oc3\/25.1.2":["{{z}}",9126042,2778159],"chl_oc3\/25.1.3":["{{z}}",11904201,1078425],"chl_oc3\/25.1.4":["{{z}}",12982626,277942],"chl_oc3\/25.2.0":["{{z}}",13260568,465211],"chl_oc3\/25.2.1":["{{z}}",13725779,2145892],"chl_oc3\/25.2.2":["{{z}}",15871671,81387],"chl_oc3\/25.2.3":["{{z}}",15953058,2157039],"chl_oc3\/25.2.4":["{{z}}",18110097,1021303],"chl_oc3\/25.3.0":["{{z}}",19131400,52949],"chl_oc3\/25.3.1":["{{z}}",19184349,1966720],"chl_oc3\/25.3.2":["{{z}}",21151069,2829997],"chl_oc3\/25.3.3":["{{z}}",23981066,2041017],"chl_oc3\/25.3.4":["{{z}}",26022083,1228823],"chl_oc3\/25.4.0":["{{z}}",27250906,10921],"chl_oc3\/25.4.1":["{{z}}",27261827,1107044],"chl_oc3\/25.4.2":["{{z}}",28368871,3286058],"chl_oc3\/25.4.3":["{{z}}",31654929,1034207],"chl_oc3\/25.4.4":["{{z}}",32689136,194923],"chl_oc3\/26.0.0":["{{A}}",151221,2045115],"chl_oc3\/26.0.1":["{{A}}",2196336,1179318],"chl_oc3\/26.0.2":["{{A}}",3375654,2053141],"chl_oc3\/26.0.3":["{{A}}",5428795,2895603],"chl_oc3\/26.0.4":["{{A}}",8324398,559591],"chl_oc3\/26.1.0":["{{A}}",8883989,1997539],"chl_oc3\/26.1.1":["{{A}}",10881528,1158271],"chl_oc3\/26.1.2":["{{A}}",12039799,2064018],"chl_oc3\/26.1.3":["{{A}}",14103817,1096015],"chl_oc3\/26.1.4":["{{A}}",15199832,1051754],"chl_oc3\/26.2.0":["{{A}}",16251586,1519214],"chl_oc3\/26.2.1":["{{A}}",17770800,1470079],"chl_oc3\/26.2.2":["{{A}}",19240879,110724],"chl_oc3\/26.2.3":["{{A}}",19351603,1146332],"chl_oc3\/26.2.4":["{{A}}",20497935,4204963],"chl_oc3\/26.3.0":["{{A}}",24702898,510736],"chl_oc3\/26.3.1":["{{A}}",25213634,1730474],"chl_oc3\/26.3.2":["{{A}}",26944108,1876067],"chl_oc3\/26.3.3":["{{A}}",28820175,2196165],"chl_oc3\/26.3.4":["{{A}}",31016340,2329142],"chl_oc3\/26.4.0":["{{A}}",33345482,21111],"chl_oc3\/26.4.1":["{{A}}",33366593,722755],"chl_oc3\/26.4.2":["{{A}}",34089348,993415],"chl_oc3\/26.4.3":["{{A}}",35082763,2888326],"chl_oc3\/26.4.4":["{{A}}",37971089,232327],"chl_oc3\/27.0.0":["{{B}}",151221,318968],"chl_oc3\/27.0.1":["{{B}}",470189,1393810],"chl_oc3\/27.0.2":["{{B}}",1863999,2629539],"chl_oc3\/27.0.3":["{{B}}",4493538,3592720],"chl_oc3\/27.0.4":["{{B}}",8086258,499999],"chl_oc3\/27.1.0":["{{B}}",8586257,233987],"chl_oc3\/27.1.1":["{{B}}",8820244,2631178],"chl_oc3\/27.1.2":["{{B}}",11451422,1871970],"chl_oc3\/27.1.3":["{{B}}",13323392,1344535],"chl_oc3\/27.1.4":["{{B}}",14667927,460680],"chl_oc3\/27.2.0":["{{B}}",15128607,47257],"chl_oc3\/27.2.1":["{{B}}",15175864,1819450],"chl_oc3\/27.2.2":["{{B}}",16995314,35069],"chl_oc3\/27.2.3":["{{B}}",17030383,2347851],"chl_oc3\/27.2.4":["{{B}}",19378234,2277280],"chl_oc3\/27.3.0":["{{B}}",21655514,10987],"chl_oc3\/27.3.1":["{{B}}",21666501,1371888],"chl_oc3\/27.3.2":["{{B}}",23038389,2702074],"chl_oc3\/27.3.3":["{{B}}",25740463,2796603],"chl_oc3\/27.3.4":["{{B}}",28537066,3133733],"chl_oc3\/27.4.0":["{{B}}",31670799,93957],"chl_oc3\/27.4.1":["{{B}}",31764756,1187798],"chl_oc3\/27.4.2":["{{B}}",32952554,2577589],"chl_oc3\/27.4.3":["{{B}}",35530143,681179],"chl_oc3\/27.4.4":["{{B}}",36211322,2179975]}}