{"version":1,"templates":{"a":"s3:\/\/imos-data\/IMOS\/SRS\/OC\/gridded\/aqua\/P1D\/2006\/04\/A.P1D.20060401T053000Z.aust.K_490.nc","b":"s3:\/\/imos-data\/IMOS\/SRS\/OC\/gridded\/aqua\/P1D\/2006\/04\/A.P1D.20060402T053000Z.aust.K_490.nc","c":"s3:\/\/imos-data\/IMOS\/SRS\/OC\/gridded\/aqua\/P1D\/2006\/04\/A.P1D.20060403T053000Z.aust.K_490.nc","d":"s3:\/\/imos-data\/IMOS\/SRS\/OC\/gridded\/aqua\/P1D\/2006\/04\/A.P1D.20060404T053000Z.aust.K_490.nc","e":"s3:\/\/imos-data\/IMOS\/SRS\/OC\/gridded\/aqua\/P1D\/2006\/04\/A.P1D.20060405T053000Z.aust.K_490.nc","f":"s3:\/\/imos-data\/IMOS\/SRS\/OC\/gridded\/aqua\/P1D\/2006\/04\/A.P1D.20060406T053000Z.aust.K_490.nc","g":"s3:\/\/imos-data\/IMOS\/SRS\/OC\/gridded\/aqua\/P1D\/2006\/04\/A.P1D.20060407T053000Z.aust.K_490.nc","h":"s3:\/\/imos-data\/IMOS\/SRS\/OC\/gridded\/aqua\/P1D\/2006\/04\/A.P1D.20060408T053000Z.aust.K_490.nc","i":"s3:\/\/imos-data\/IMOS\/SRS\/OC\/gridded\/aqua\/P1D\/2006\/04\/A.P1D.20060409T053000Z.aust.K_490.nc","j":"s3:\/\/imos-data\/IMOS\/SRS\/OC\/gridded\/aqua\/P1D\/2006\/04\/A.P1D.20060410T053000Z.aust.K_490.nc","k":"s3:\/\/imos-data\/IMOS\/SRS\/OC\/gridded\/aqua\/P1D\/2006\/04\/A.P1D.20060411T053000Z.aust.K_490.nc","l":"s3:\/\/imos-data\/IMOS\/SRS\/OC\/gridded\/aqua\/P1D\/2006\/04\/A.P1D.20060412T053000Z.aust.K_490.nc","m":"s3:\/\/imos-data\/IMOS\/SRS\/OC\/gridded\/aqua\/P1D\/2006\/04\/A.P1D.20060413T053000Z.aust.K_490.nc","n":"s3:\/\/imos-data\/IMOS\/SRS\/OC\/gridded\/aqua\/P1D\/2006\/04\/A.P1D.20060414T053000Z.aust.K_490.nc","o":"s3:\/\/imos-data\/IMOS\/SRS\/OC\/gridded\/aqua\/P1D\/2006\/04\/A.P1D.20060415T053000Z.aust.K_490.nc","p":"s3:\/\/imos-data\/IMOS\/SRS\/OC\/gridded\/aqua\/P1D\/2006\/04\/A.P1D.20060416T053000Z.aust.K_490.nc","q":"s3:\/\/imos-data\/IMOS\/SRS\/OC\/gridded\/aqua\/P1D\/2006\/04\/A.P1D.20060417T053000Z.aust.K_490.nc","r":"s3:\/\/imos-data\/IMOS\/SRS\/OC\/gridded\/aqua\/P1D\/2006\/04\/A.P1D.20060418T053000Z.aust.K_490.nc","s":"s3:\/\/imos-data\/IMOS\/SRS\/OC\/gridded\/aqua\/P1D\/2006\/04\/A.P1D.20060419T053000Z.aust.K_490.nc","t":"s3:\/\/imos-data\/IMOS\/SRS\/OC\/gridded\/aqua\/P1D\/2006\/04\/A.P1D.20060420T053000Z.aust.K_490.nc","u":"s3:\/\/imos-data\/IMOS\/SRS\/OC\/gridded\/aqua\/P1D\/2006\/04\/A.P1D.20060421T053000Z.aust.K_490.nc","v":"s3:\/\/imos-data\/IMOS\/SRS\/OC\/gridded\/aqua\/P1D\/2006\/04\/A.P1D.20060422T053000Z.aust.K_490.nc","w":"s3:\/\/imos-data\/IMOS\/SRS\/OC\/gridded\/aqua\/P1D\/2006\/04\/A.P1D.20060423T053000Z.aust.K_490.nc","x":"s3:\/\/imos-data\/IMOS\/SRS\/OC\/gridded\/aqua\/P1D\/2006\/04\/A.P1D.20060424T053000Z.aust.K_490.nc","y":"s3:\/\/imos-data\/IMOS\/SRS\/OC\/gridded\/aqua\/P1D\/2006\/04\/A.P1D.20060425T053000Z.aust.K_490.nc","z":"s3:\/\/imos-data\/IMOS\/SRS\/OC\/gridded\/aqua\/P1D\/2006\/04\/A.P1D.20060426T053000Z.aust.K_490.nc","A":"s3:\/\/imos-data\/IMOS\/SRS\/OC\/gridded\/aqua\/P1D\/2006\/04\/A.P1D.20060427T053000Z.aust.K_490.nc","B":"s3:\/\/imos-data\/IMOS\/SRS\/OC\/gridded\/aqua\/P1D\/2006\/04\/A.P1D.20060428T053000Z.aust.K_490.nc","C":"s3:\/\/imos-data\/IMOS\/SRS\/OC\/gridded\/aqua\/P1D\/2006\/04\/A.P1D.20060429T053000Z.aust.K_490.nc","D":"s3:\/\/imos-data\/IMOS\/SRS\/OC\/gridded\/aqua\/P1D\/2006\/04\/A.P1D.20060430T053000Z.aust.K_490.nc"},"refs":{".zgroup":"{\"zarr_format\":2}",".zattrs":"{\"Conventions\":\"CF-1.6\",\"_NCProperties\":\"version=1|netcdflibversion=4.6.1|hdf5libversion=1.10.4\",\"_nc3_strict\":1,\"history\":\"File initialised at 2020-08-06T03:09:13.049171\\nInitialised var K_490 at 2020-08-06T03:10:21.730745\\nAdd Granule A20060401_0230.20190920085356.L2OC_BASE.K_490.nc at 2020-08-06T03:10:23.253976\\nAdd Granule A20060401_0235.20190920084820.L2OC_BASE.K_490.nc at 2020-08-06T03:10:23.438697\\nAdd Granule A20060401_0240.20190920074612.L2OC_BASE.K_490.nc at 2020-08-06T03:10:23.654741\\nAdd Granule A20060401_0245.20190920082926.L2OC_BASE.K_490.nc at 2020-08-06T03:10:23.830937\\nAdd Granule A20060401_0405.20190920082022.L2OC_BASE.K_490.nc at 2020-08-06T03:10:24.017347\\nAdd Granule A20060401_0410.20190920080336.L2OC_BASE.K_490.nc at 2020-08-06T03:10:24.267889\\nAdd Granule A20060401_0415.20190920090536.L2OC_BASE.K_490.nc at 2020-08-06T03:10:24.454454\\nAdd Granule A20060401_0420.20190920082526.L2OC_BASE.K_490.nc at 2020-08-06T03:10:24.657413\\nAdd Granule A20060401_0425.20190920081538.L2OC_BASE.K_490.nc at 2020-08-06T03:10:24.817632\\nAdd Granule A20060401_0545.20190920084302.L2OC_BASE.K_490.nc at 2020-08-06T03:10:25.090042\\nAdd Granule A20060401_0550.20190920090033.L2OC_BASE.K_490.nc at 2020-08-06T03:10:25.346012\\nAdd Granule A20060401_0555.20190920080933.L2OC_BASE.K_490.nc at 2020-08-06T03:10:25.580527\\nAdd Granule A20060401_0600.20190920090919.L2OC_BASE.K_490.nc at 2020-08-06T03:10:25.761504\\nAdd Granule A20060401_0725.20190920072516.L2OC_BASE.K_490.nc at 2020-08-06T03:10:26.085880\\nAdd Granule A20060401_0730.20190920075528.L2OC_BASE.K_490.nc at 2020-08-06T03:10:26.331486\\nAdd Granule A20060401_0735.20190920073744.L2OC_BASE.K_490.nc at 2020-08-06T03:10:26.563362\\nAdd Granule A20060401_0740.20190920073121.L2OC_BASE.K_490.nc at 2020-08-06T03:10:26.749141\\nAdd Granule A20060401_0745.20190920083714.L2OC_BASE.K_490.nc at 2020-08-06T03:10:26.852096\",\"source_path\":\"imos-srs\\\/archive\\\/oc\\\/aqua\\\/1d\\\/v201909\\\/2006\\\/04\\\/A20060401.L2OC_BASE.aust.K_490.nc\"}","K_490\/.zarray":"{\"chunks\":[1,1401,2001],\"compressor\":{\"id\":\"zlib\",\"level\":4},\"dtype\":\"<f4\",\"fill_value\":-999.0,\"filters\":[{\"elementsize\":4,\"id\":\"shuffle\"}],\"order\":\"C\",\"shape\":[30,7001,10001],\"zarr_format\":2}","K_490\/.zattrs":"{\"_ARRAY_DIMENSIONS\":[\"time\",\"latitude\",\"longitude\"],\"flag_applied\":\"HISATZEN LAND CLDICE NAVFAIL\",\"long_name\":\"Diffuse attenuation coefficient at 490 nm (OBPG)\",\"units\":\"m^-1\"}","latitude\/.zarray":"{\n    \"chunks\": [\n        7001\n    ],\n    \"compressor\": null,\n    \"dtype\": \"<f8\",\n    \"fill_value\": 9.969209968386869e+36,\n    \"filters\": null,\n    \"order\": \"C\",\n    \"shape\": [\n        7001\n    ],\n    \"zarr_format\": 2\n}","latitude\/.zattrs":"{\n    \"NAME\": \"latitude\",\n    \"_ARRAY_DIMENSIONS\": [\n        \"latitude\"\n    ],\n    \"_Netcdf4Dimid\": 1,\n    \"axis\": \"Y\",\n    \"long_name\": \"latitude\",\n    \"standard_name\": \"latitude\",\n    \"units\": \"degrees_north\"\n}","latitude\/0":["{{a}}",2392,56008],"longitude\/.zarray":"{\n    \"chunks\": [\n        10001\n    ],\n    \"compressor\": null,\n    \"dtype\": \"<f8\",\n    \"fill_value\": 9.969209968386869e+36,\n    \"filters\": null,\n    \"order\": \"C\",\n    \"shape\": [\n        10001\n    ],\n    \"zarr_format\": 2\n}","longitude\/.zattrs":"{\n    \"NAME\": \"longitude\",\n    \"_ARRAY_DIMENSIONS\": [\n        \"longitude\"\n    ],\n    \"_Netcdf4Dimid\": 2,\n    \"axis\": \"X\",\n    \"long_name\": \"longitude\",\n    \"standard_name\": \"longitude\",\n    \"units\": \"degrees_east\"\n}","longitude\/0":["{{a}}",58400,80008],"time\/.zarray":"{\"chunks\":[30],\"compressor\":{\"blocksize\":0,\"clevel\":5,\"cname\":\"lz4\",\"id\":\"blosc\",\"shuffle\":1},\"dtype\":\"<M8[us]\",\"fill_value\":0,\"filters\":null,\"order\":\"C\",\"shape\":[30],\"zarr_format\":2}","time\/0":"base64:AgExCPAAAADwAAAAsAAAABQAAACYAAAAHwABAAr6AaYGZsYmhuZGpgZmxiaG5kYQAPRZQRnwx592TSX81KuCWjEI4LePZj0V7MObckoh+NCn2fcUMlBujKrH5QMhP117mLbU8hAuS2mHpcPh\/hw6V2uAlKi80OT4DCE1SV1xhZmtwdbq\/hImOk5idoufEBAQEBAQEBAQEREREREFABMSAQAfBAEACg\/RAAZQAAAAAAA=","time\/.zattrs":"{\"NAME\":\"time\",\"_ARRAY_DIMENSIONS\":[\"time\"],\"_Netcdf4Dimid\":0,\"axis\":\"T\",\"long_name\":\"time\",\"standard_name\":\"time\"}","K_490\/0.0.0":["{{a}}",151229,1165182],"K_490\/0.0.1":["{{a}}",1316411,165350],"K_490\/0.0.2":["{{a}}",1481761,273405],"K_490\/0.0.3":["{{a}}",1755166,232005],"K_490\/0.0.4":["{{a}}",1987171,1625425],"K_490\/0.1.0":["{{a}}",3612596,2254227],"K_490\/0.1.1":["{{a}}",5866823,595583],"K_490\/0.1.2":["{{a}}",6462406,150732],"K_490\/0.1.3":["{{a}}",6613138,370872],"K_490\/0.1.4":["{{a}}",6984010,2933768],"K_490\/0.2.0":["{{a}}",9917778,2436377],"K_490\/0.2.1":["{{a}}",12354155,1598905],"K_490\/0.2.2":["{{a}}",13953060,86711],"K_490\/0.2.3":["{{a}}",14039771,437439],"K_490\/0.2.4":["{{a}}",14477210,1412557],"K_490\/0.3.0":["{{a}}",15889767,1548478],"K_490\/0.3.1":["{{a}}",17438245,2155591],"K_490\/0.3.2":["{{a}}",19593836,45322],"K_490\/0.3.3":["{{a}}",19639158,1104359],"K_490\/0.3.4":["{{a}}",20743517,1733589],"K_490\/0.4.0":["{{a}}",22477106,134794],"K_490\/0.4.1":["{{a}}",22611900,1712334],"K_490\/0.4.2":["{{a}}",24324234,717547],"K_490\/0.4.3":["{{a}}",25041781,1481486],"K_490\/0.4.4":["{{a}}",26523267,1086141],"K_490\/1.0.0":["{{b}}",151229,536564],"K_490\/1.0.1":["{{b}}",687793,225726],"K_490\/1.0.2":["{{b}}",913519,330811],"K_490\/1.0.3":["{{b}}",1244330,550825],"K_490\/1.0.4":["{{b}}",1795155,39509],"K_490\/1.1.0":["{{b}}",1834664,860224],"K_490\/1.1.1":["{{b}}",2694888,975428],"K_490\/1.1.2":["{{b}}",3670316,140152],"K_490\/1.1.3":["{{b}}",3810468,702463],"K_490\/1.1.4":["{{b}}",4512931,219551],"K_490\/1.2.0":["{{b}}",4732482,183599],"K_490\/1.2.1":["{{b}}",4916081,2726446],"K_490\/1.2.2":["{{b}}",7642527,36482],"K_490\/1.2.3":["{{b}}",7679009,1803672],"K_490\/1.2.4":["{{b}}",9482681,534716],"K_490\/1.3.0":["{{b}}",10017397,73562],"K_490\/1.3.1":["{{b}}",10090959,1487875],"K_490\/1.3.2":["{{b}}",11578834,280747],"K_490\/1.3.3":["{{b}}",11859581,1035943],"K_490\/1.3.4":["{{b}}",12895524,1845188],"K_490\/1.4.0":["{{b}}",14740712,10921],"K_490\/1.4.1":["{{b}}",14751633,1218779],"K_490\/1.4.2":["{{b}}",15970412,763786],"K_490\/1.4.3":["{{b}}",16734198,1445420],"K_490\/1.4.4":["{{b}}",18179618,393960],"K_490\/2.0.0":["{{c}}",151229,2331742],"K_490\/2.0.1":["{{c}}",2482971,580441],"K_490\/2.0.2":["{{c}}",3063412,258818],"K_490\/2.0.3":["{{c}}",3322230,582215],"K_490\/2.0.4":["{{c}}",3904445,1134194],"K_490\/2.1.0":["{{c}}",5038639,1612918],"K_490\/2.1.1":["{{c}}",6651557,753698],"K_490\/2.1.2":["{{c}}",7405255,74002],"K_490\/2.1.3":["{{c}}",7479257,433901],"K_490\/2.1.4":["{{c}}",7913158,2609489],"K_490\/2.2.0":["{{c}}",10522647,1860603],"K_490\/2.2.1":["{{c}}",12383250,1767238],"K_490\/2.2.2":["{{c}}",14150488,94474],"K_490\/2.2.3":["{{c}}",14244962,805464],"K_490\/2.2.4":["{{c}}",15050426,2886317],"K_490\/2.3.0":["{{c}}",17936743,1017115],"K_490\/2.3.1":["{{c}}",18953858,882815],"K_490\/2.3.2":["{{c}}",19836673,1505493],"K_490\/2.3.3":["{{c}}",21342166,809390],"K_490\/2.3.4":["{{c}}",22151556,2355235],"K_490\/2.4.0":["{{c}}",24506791,48074],"K_490\/2.4.1":["{{c}}",24554865,425329],"K_490\/2.4.2":["{{c}}",24980194,2275679],"K_490\/2.4.3":["{{c}}",27255873,609346],"K_490\/2.4.4":["{{c}}",27865219,542091],"K_490\/3.0.0":["{{d}}",151229,579319],"K_490\/3.0.1":["{{d}}",730548,1347018],"K_490\/3.0.2":["{{d}}",2077566,647778],"K_490\/3.0.3":["{{d}}",2725344,458596],"K_490\/3.0.4":["{{d}}",3183940,87262],"K_490\/3.1.0":["{{d}}",3271202,129951],"K_490\/3.1.1":["{{d}}",3401153,593274],"K_490\/3.1.2":["{{d}}",3994427,48240],"K_490\/3.1.3":["{{d}}",4042667,1564086],"K_490\/3.1.4":["{{d}}",5606753,447364],"K_490\/3.2.0":["{{d}}",6054117,35267],"K_490\/3.2.1":["{{d}}",6089384,2745013],"K_490\/3.2.2":["{{d}}",8834397,43201],"K_490\/3.2.3":["{{d}}",8877598,2005089],"K_490\/3.2.4":["{{d}}",10882687,1991939],"K_490\/3.3.0":["{{d}}",12874626,10921],"K_490\/3.3.1":["{{d}}",12885547,1134926],"K_490\/3.3.2":["{{d}}",14020473,1815405],"K_490\/3.3.3":["{{d}}",15835878,1236547],"K_490\/3.3.4":["{{d}}",17072425,1253303],"K_490\/3.4.0":["{{d}}",18325728,136365],"K_490\/3.4.1":["{{d}}",18462093,516838],"K_490\/3.4.2":["{{d}}",18978931,729015],"K_490\/3.4.3":["{{d}}",19707946,1902963],"K_490\/3.4.4":["{{d}}",21610909,180648],"K_490\/4.0.0":["{{e}}",151229,2605301],"K_490\/4.0.1":["{{e}}",2756530,297163],"K_490\/4.0.2":["{{e}}",3053693,972874],"K_490\/4.0.3":["{{e}}",4026567,612923],"K_490\/4.0.4":["{{e}}",4639490,1283588],"K_490\/4.1.0":["{{e}}",5923078,1633728],"K_490\/4.1.1":["{{e}}",7556806,817665],"K_490\/4.1.2":["{{e}}",8374471,1470872],"K_490\/4.1.3":["{{e}}",9845343,1634222],"K_490\/4.1.4":["{{e}}",11479565,2858223],"K_490\/4.2.0":["{{e}}",14337788,1814800],"K_490\/4.2.1":["{{e}}",16152588,1348855],"K_490\/4.2.2":["{{e}}",17501443,28524],"K_490\/4.2.3":["{{e}}",17529967,908469],"K_490\/4.2.4":["{{e}}",18438436,1609738],"K_490\/4.3.0":["{{e}}",20048174,835304],"K_490\/4.3.1":["{{e}}",20883478,1352735],"K_490\/4.3.2":["{{e}}",22236213,901195],"K_490\/4.3.3":["{{e}}",23137408,2676669],"K_490\/4.3.4":["{{e}}",25814077,634375],"K_490\/4.4.0":["{{e}}",26448452,607647],"K_490\/4.4.1":["{{e}}",27056099,1204583],"K_490\/4.4.2":["{{e}}",28260682,617184],"K_490\/4.4.3":["{{e}}",28877866,1236822],"K_490\/4.4.4":["{{e}}",30114688,372476],"K_490\/5.0.0":["{{f}}",151229,70139],"K_490\/5.0.1":["{{f}}",221368,909805],"K_490\/5.0.2":["{{f}}",1131173,1715154],"K_490\/5.0.3":["{{f}}",2846327,814011],"K_490\/5.0.4":["{{f}}",3660338,125965],"K_490\/5.1.0":["{{f}}",3786303,1291334],"K_490\/5.1.1":["{{f}}",5077637,1831483],"K_490\/5.1.2":["{{f}}",6909120,1152662],"K_490\/5.1.3":["{{f}}",8061782,1066593],"K_490\/5.1.4":["{{f}}",9128375,1739244],"K_490\/5.2.0":["{{f}}",10867619,3843522],"K_490\/5.2.1":["{{f}}",14711141,2486264],"K_490\/5.2.2":["{{f}}",17197405,23481],"K_490\/5.2.3":["{{f}}",17220886,591734],"K_490\/5.2.4":["{{f}}",17812620,2341005],"K_490\/5.3.0":["{{f}}",20153625,1888679],"K_490\/5.3.1":["{{f}}",22042304,1331768],"K_490\/5.3.2":["{{f}}",23374072,844486],"K_490\/5.3.3":["{{f}}",24218558,850862],"K_490\/5.3.4":["{{f}}",25069420,855068],"K_490\/5.4.0":["{{f}}",25924488,405655],"K_490\/5.4.1":["{{f}}",26330143,150395],"K_490\/5.4.2":["{{f}}",26480538,745556],"K_490\/5.4.3":["{{f}}",27226094,764021],"K_490\/5.4.4":["{{f}}",27990115,538447],"K_490\/6.0.0":["{{g}}",151229,75646],"K_490\/6.0.1":["{{g}}",226875,563748],"K_490\/6.0.2":["{{g}}",790623,1627406],"K_490\/6.0.3":["{{g}}",2418029,2168767],"K_490\/6.0.4":["{{g}}",4586796,1094415],"K_490\/6.1.0":["{{g}}",5681211,1000536],"K_490\/6.1.1":["{{g}}",6681747,1831893],"K_490\/6.1.2":["{{g}}",8513640,887961],"K_490\/6.1.3":["{{g}}",9401601,2310084],"K_490\/6.1.4":["{{g}}",11711685,1090239],"K_490\/6.2.0":["{{g}}",12801924,1297562],"K_490\/6.2.1":["{{g}}",14099486,2743218],"K_490\/6.2.2":["{{g}}",16842704,16423],"K_490\/6.2.3":["{{g}}",16859127,814403],"K_490\/6.2.4":["{{g}}",17673530,89944],"K_490\/6.3.0":["{{g}}",17763474,199466],"K_490\/6.3.1":["{{g}}",17962940,1852257],"K_490\/6.3.2":["{{g}}",19815197,1243958],"K_490\/6.3.3":["{{g}}",21059155,1893348],"K_490\/6.3.4":["{{g}}",22952503,948794],"K_490\/6.4.0":["{{g}}",23901297,16762],"K_490\/6.4.1":["{{g}}",23918059,52808],"K_490\/6.4.2":["{{g}}",23970867,1377116],"K_490\/6.4.3":["{{g}}",25347983,460180],"K_490\/6.4.4":["{{g}}",25808163,349545],"K_490\/7.0.0":["{{h}}",151229,1626640],"K_490\/7.0.1":["{{h}}",1777869,354205],"K_490\/7.0.2":["{{h}}",2132074,1435574],"K_490\/7.0.3":["{{h}}",3567648,1157585],"K_490\/7.0.4":["{{h}}",4725233,1844495],"K_490\/7.1.0":["{{h}}",6569728,2206412],"K_490\/7.1.1":["{{h}}",8776140,2635235],"K_490\/7.1.2":["{{h}}",11411375,526554],"K_490\/7.1.3":["{{h}}",11937929,1347302],"K_490\/7.1.4":["{{h}}",13285231,3498854],"K_490\/7.2.0":["{{h}}",16784085,2473647],"K_490\/7.2.1":["{{h}}",19257732,1561400],"K_490\/7.2.2":["{{h}}",20819132,48385],"K_490\/7.2.3":["{{h}}",20867517,377054],"K_490\/7.2.4":["{{h}}",21244571,2048221],"K_490\/7.3.0":["{{h}}",23292792,588702],"K_490\/7.3.1":["{{h}}",23881494,1531052],"K_490\/7.3.2":["{{h}}",25412546,1328160],"K_490\/7.3.3":["{{h}}",26740706,681698],"K_490\/7.3.4":["{{h}}",27422404,3173360],"K_490\/7.4.0":["{{h}}",30595764,551319],"K_490\/7.4.1":["{{h}}",31147083,1295427],"K_490\/7.4.2":["{{h}}",32442510,743416],"K_490\/7.4.3":["{{h}}",33185926,311084],"K_490\/7.4.4":["{{h}}",33497010,1413337],"K_490\/8.0.0":["{{i}}",151229,182729],"K_490\/8.0.1":["{{i}}",333958,356479],"K_490\/8.0.2":["{{i}}",690437,1293214],"K_490\/8.0.3":["{{i}}",1983651,1307039],"K_490\/8.0.4":["{{i}}",3290690,10921],"K_490\/8.1.0":["{{i}}",3301611,276257],"K_490\/8.1.1":["{{i}}",3577868,1521820],"K_490\/8.1.2":["{{i}}",5099688,2210893],"K_490\/8.1.3":["{{i}}",7310581,1195615],"K_490\/8.1.4":["{{i}}",8506196,253793],"K_490\/8.2.0":["{{i}}",8759989,567976],"K_490\/8.2.1":["{{i}}",9327965,2324749],"K_490\/8.2.2":["{{i}}",11652714,108075],"K_490\/8.2.3":["{{i}}",11760789,423710],"K_490\/8.2.4":["{{i}}",12184499,209473],"K_490\/8.3.0":["{{i}}",12393972,197876],"K_490\/8.3.1":["{{i}}",12591848,2335378],"K_490\/8.3.2":["{{i}}",14927226,1776405],"K_490\/8.3.3":["{{i}}",16703631,1232542],"K_490\/8.3.4":["{{i}}",17936173,1480484],"K_490\/8.4.0":["{{i}}",19416657,12935],"K_490\/8.4.1":["{{i}}",19429592,852483],"K_490\/8.4.2":["{{i}}",20282075,1253572],"K_490\/8.4.3":["{{i}}",21535647,238461],"K_490\/8.4.4":["{{i}}",21774108,1081766],"K_490\/9.0.0":["{{j}}",151229,2830668],"K_490\/9.0.1":["{{j}}",2981897,1386546],"K_490\/9.0.2":["{{j}}",4368443,744516],"K_490\/9.0.3":["{{j}}",5112959,475969],"K_490\/9.0.4":["{{j}}",5588928,1886236],"K_490\/9.1.0":["{{j}}",7475164,2802625],"K_490\/9.1.1":["{{j}}",10277789,2809461],"K_490\/9.1.2":["{{j}}",13087250,1976282],"K_490\/9.1.3":["{{j}}",15063532,1590071],"K_490\/9.1.4":["{{j}}",16653603,3661728],"K_490\/9.2.0":["{{j}}",20315331,1954203],"K_490\/9.2.1":["{{j}}",22269534,1449837],"K_490\/9.2.2":["{{j}}",23719371,127439],"K_490\/9.2.3":["{{j}}",23846810,450205],"K_490\/9.2.4":["{{j}}",24297015,1644228],"K_490\/9.3.0":["{{j}}",25941243,741845],"K_490\/9.3.1":["{{j}}",26683088,512240],"K_490\/9.3.2":["{{j}}",27195328,2126939],"K_490\/9.3.3":["{{j}}",29322267,744106],"K_490\/9.3.4":["{{j}}",30066373,3061013],"K_490\/9.4.0":["{{j}}",33127386,38669],"K_490\/9.4.1":["{{j}}",33166055,1964596],"K_490\/9.4.2":["{{j}}",35130651,429727],"K_490\/9.4.3":["{{j}}",35560378,693226],"K_490\/9.4.4":["{{j}}",36253604,653095],"K_490\/10.0.0":["{{k}}",151229,185339],"K_490\/10.0.1":["{{k}}",336568,1511516],"K_490\/10.0.2":["{{k}}",1848084,1231784],"K_490\/10.0.3":["{{k}}",3079868,1376829],"K_490\/10.0.4":["{{k}}",4456697,44517],"K_490\/10.1.0":["{{k}}",4501214,518310],"K_490\/10.1.1":["{{k}}",5019524,2070238],"K_490\/10.1.2":["{{k}}",7089762,2954744],"K_490\/10.1.3":["{{k}}",10044506,1873236],"K_490\/10.1.4":["{{k}}",11917742,734112],"K_490\/10.2.0":["{{k}}",12651854,104403],"K_490\/10.2.1":["{{k}}",12756257,2646918],"K_490\/10.2.2":["{{k}}",15403175,54065],"K_490\/10.2.3":["{{k}}",15457240,1734062],"K_490\/10.2.4":["{{k}}",17191302,1331061],"K_490\/10.3.0":["{{k}}",18522363,11188],"K_490\/10.3.1":["{{k}}",18533551,227347],"K_490\/10.3.2":["{{k}}",18760898,1383426],"K_490\/10.3.3":["{{k}}",20144324,2651852],"K_490\/10.3.4":["{{k}}",22796176,1870600],"K_490\/10.4.0":["{{k}}",24666776,10921],"K_490\/10.4.1":["{{k}}",24677697,43722],"K_490\/10.4.2":["{{k}}",24721419,482813],"K_490\/10.4.3":["{{k}}",25204232,941735],"K_490\/10.4.4":["{{k}}",26145967,1222784],"K_490\/11.0.0":["{{l}}",151229,1773048],"K_490\/11.0.1":["{{l}}",1924277,1639011],"K_490\/11.0.2":["{{l}}",3563288,1128114],"K_490\/11.0.3":["{{l}}",4691402,906336],"K_490\/11.0.4":["{{l}}",5597738,1608597],"K_490\/11.1.0":["{{l}}",7206335,1844361],"K_490\/11.1.1":["{{l}}",9050696,2618256],"K_490\/11.1.2":["{{l}}",11668952,3252640],"K_490\/11.1.3":["{{l}}",14921592,1511123],"K_490\/11.1.4":["{{l}}",16432715,1709526],"K_490\/11.2.0":["{{l}}",18142241,2126004],"K_490\/11.2.1":["{{l}}",20268245,1790866],"K_490\/11.2.2":["{{l}}",22059111,126169],"K_490\/11.2.3":["{{l}}",22185280,1382460],"K_490\/11.2.4":["{{l}}",23567740,2637624],"K_490\/11.3.0":["{{l}}",26205364,1247949],"K_490\/11.3.1":["{{l}}",27453313,1275466],"K_490\/11.3.2":["{{l}}",28728779,1718076],"K_490\/11.3.3":["{{l}}",30446855,3929898],"K_490\/11.3.4":["{{l}}",34376753,3012309],"K_490\/11.4.0":["{{l}}",37389062,43649],"K_490\/11.4.1":["{{l}}",37432711,815756],"K_490\/11.4.2":["{{l}}",38248467,841082],"K_490\/11.4.3":["{{l}}",39089549,1168672],"K_490\/11.4.4":["{{l}}",40258221,128140],"K_490\/12.0.0":["{{m}}",151229,110713],"K_490\/12.0.1":["{{m}}",261942,227983],"K_490\/12.0.2":["{{m}}",489925,1779694],"K_490\/12.0.3":["{{m}}",2269619,1152152],"K_490\/12.0.4":["{{m}}",3421771,579307],"K_490\/12.1.0":["{{m}}",4001078,109491],"K_490\/12.1.1":["{{m}}",4110569,3032797],"K_490\/12.1.2":["{{m}}",7143366,2794795],"K_490\/12.1.3":["{{m}}",9938161,1970537],"K_490\/12.1.4":["{{m}}",11908698,987053],"K_490\/12.2.0":["{{m}}",12895751,1771823],"K_490\/12.2.1":["{{m}}",14667574,3292934],"K_490\/12.2.2":["{{m}}",17960508,42758],"K_490\/12.2.3":["{{m}}",18003266,1208114],"K_490\/12.2.4":["{{m}}",19211380,1970981],"K_490\/12.3.0":["{{m}}",21182361,1302140],"K_490\/12.3.1":["{{m}}",22484501,1722846],"K_490\/12.3.2":["{{m}}",24207347,2208926],"K_490\/12.3.3":["{{m}}",26416273,2208350],"K_490\/12.3.4":["{{m}}",28624623,4299102],"K_490\/12.4.0":["{{m}}",32923725,331684],"K_490\/12.4.1":["{{m}}",33255409,1038637],"K_490\/12.4.2":["{{m}}",34294046,1111037],"K_490\/12.4.3":["{{m}}",35405083,1738282],"K_490\/12.4.4":["{{m}}",37143365,3055199],"K_490\/13.0.0":["{{n}}",151229,10921],"K_490\/13.0.1":["{{n}}",162150,561274],"K_490\/13.0.2":["{{n}}",723424,1459657],"K_490\/13.0.3":["{{n}}",2183081,1460715],"K_490\/13.0.4":["{{n}}",3643796,3182203],"K_490\/13.1.0":["{{n}}",6825999,1858316],"K_490\/13.1.1":["{{n}}",8684315,2320472],"K_490\/13.1.2":["{{n}}",11004787,2378151],"K_490\/13.1.3":["{{n}}",13382938,1829736],"K_490\/13.1.4":["{{n}}",15212674,3511776],"K_490\/13.2.0":["{{n}}",18724450,1549659],"K_490\/13.2.1":["{{n}}",20274109,2827796],"K_490\/13.2.2":["{{n}}",23101905,135659],"K_490\/13.2.3":["{{n}}",23237564,1338604],"K_490\/13.2.4":["{{n}}",24576168,90184],"K_490\/13.3.0":["{{n}}",24666352,505781],"K_490\/13.3.1":["{{n}}",25172133,2221004],"K_490\/13.3.2":["{{n}}",27393137,2939240],"K_490\/13.3.3":["{{n}}",30332377,2136123],"K_490\/13.3.4":["{{n}}",32468500,104948],"K_490\/13.4.0":["{{n}}",32573448,60310],"K_490\/13.4.1":["{{n}}",32633758,753260],"K_490\/13.4.2":["{{n}}",33387018,2786033],"K_490\/13.4.3":["{{n}}",36173051,1523013],"K_490\/13.4.4":["{{n}}",37696064,356870],"K_490\/14.0.0":["{{o}}",151229,2264355],"K_490\/14.0.1":["{{o}}",2415584,874897],"K_490\/14.0.2":["{{o}}",3290481,1426649],"K_490\/14.0.3":["{{o}}",4717130,592983],"K_490\/14.0.4":["{{o}}",5310113,799255],"K_490\/14.1.0":["{{o}}",6109368,3311644],"K_490\/14.1.1":["{{o}}",9421012,3513928],"K_490\/14.1.2":["{{o}}",12934940,719349],"K_490\/14.1.3":["{{o}}",13654289,819217],"K_490\/14.1.4":["{{o}}",14473506,2144807],"K_490\/14.2.0":["{{o}}",16618313,2619004],"K_490\/14.2.1":["{{o}}",19237317,2853981],"K_490\/14.2.2":["{{o}}",22091298,90370],"K_490\/14.2.3":["{{o}}",22181668,959745],"K_490\/14.2.4":["{{o}}",23141413,2665273],"K_490\/14.3.0":["{{o}}",25806686,602193],"K_490\/14.3.1":["{{o}}",26408879,932779],"K_490\/14.3.2":["{{o}}",27341658,836725],"K_490\/14.3.3":["{{o}}",28178383,1161470],"K_490\/14.3.4":["{{o}}",29339853,1958506],"K_490\/14.4.0":["{{o}}",31298359,700254],"K_490\/14.4.1":["{{o}}",31998613,1065478],"K_490\/14.4.2":["{{o}}",33064091,769448],"K_490\/14.4.3":["{{o}}",33833539,1353331],"K_490\/14.4.4":["{{o}}",35186870,664208],"K_490\/15.0.0":["{{p}}",151229,372109],"K_490\/15.0.1":["{{p}}",523338,423861],"K_490\/15.0.2":["{{p}}",947199,794541],"K_490\/15.0.3":["{{p}}",1741740,1216630],"K_490\/15.0.4":["{{p}}",2958370,1588024],"K_490\/15.1.0":["{{p}}",4546394,838947],"K_490\/15.1.1":["{{p}}",5385341,2653468],"K_490\/15.1.2":["{{p}}",8038809,1445206],"K_490\/15.1.3":["{{p}}",9484015,368143],"K_490\/15.1.4":["{{p}}",9852158,1837112],"K_490\/15.2.0":["{{p}}",11689270,669701],"K_490\/15.2.1":["{{p}}",12358971,1932732],"K_490\/15.2.2":["{{p}}",14291703,111055],"K_490\/15.2.3":["{{p}}",14402758,1455758],"K_490\/15.2.4":["{{p}}",15858516,536188],"K_490\/15.3.0":["{{p}}",16394704,31122],"K_490\/15.3.1":["{{p}}",16425826,1009322],"K_490\/15.3.2":["{{p}}",17435148,974521],"K_490\/15.3.3":["{{p}}",18409669,1336407],"K_490\/15.3.4":["{{p}}",19746076,1044096],"K_490\/15.4.0":["{{p}}",20790172,10921],"K_490\/15.4.1":["{{p}}",20801093,188638],"K_490\/15.4.2":["{{p}}",20989731,651928],"K_490\/15.4.3":["{{p}}",21641659,810800],"K_490\/15.4.4":["{{p}}",22452459,531806],"K_490\/16.0.0":["{{q}}",151229,2683028],"K_490\/16.0.1":["{{q}}",2834257,758551],"K_490\/16.0.2":["{{q}}",3592808,864240],"K_490\/16.0.3":["{{q}}",4457048,374729],"K_490\/16.0.4":["{{q}}",4831777,1193560],"K_490\/16.1.0":["{{q}}",6025337,3075571],"K_490\/16.1.1":["{{q}}",9100908,2557135],"K_490\/16.1.2":["{{q}}",11658043,944475],"K_490\/16.1.3":["{{q}}",12602518,574125],"K_490\/16.1.4":["{{q}}",13176643,2445394],"K_490\/16.2.0":["{{q}}",15622037,1422685],"K_490\/16.2.1":["{{q}}",17044722,1890367],"K_490\/16.2.2":["{{q}}",18935089,106528],"K_490\/16.2.3":["{{q}}",19041617,373770],"K_490\/16.2.4":["{{q}}",19415387,2207699],"K_490\/16.3.0":["{{q}}",21623086,376899],"K_490\/16.3.1":["{{q}}",21999985,437945],"K_490\/16.3.2":["{{q}}",22437930,1025410],"K_490\/16.3.3":["{{q}}",23463340,1605314],"K_490\/16.3.4":["{{q}}",25068654,2204383],"K_490\/16.4.0":["{{q}}",27273037,96196],"K_490\/16.4.1":["{{q}}",27369233,572935],"K_490\/16.4.2":["{{q}}",27942168,1475126],"K_490\/16.4.3":["{{q}}",29417294,183269],"K_490\/16.4.4":["{{q}}",29600563,693575],"K_490\/17.0.0":["{{r}}",151229,639419],"K_490\/17.0.1":["{{r}}",790648,1027728],"K_490\/17.0.2":["{{r}}",1818376,1319811],"K_490\/17.0.3":["{{r}}",3138187,576669],"K_490\/17.0.4":["{{r}}",3714856,17997],"K_490\/17.1.0":["{{r}}",3732853,945705],"K_490\/17.1.1":["{{r}}",4678558,1870708],"K_490\/17.1.2":["{{r}}",6549266,1068409],"K_490\/17.1.3":["{{r}}",7617675,508015],"K_490\/17.1.4":["{{r}}",8125690,365747],"K_490\/17.2.0":["{{r}}",8491437,264965],"K_490\/17.2.1":["{{r}}",8756402,2967793],"K_490\/17.2.2":["{{r}}",11724195,58374],"K_490\/17.2.3":["{{r}}",11782569,2104413],"K_490\/17.2.4":["{{r}}",13886982,1088422],"K_490\/17.3.0":["{{r}}",14975404,13707],"K_490\/17.3.1":["{{r}}",14989111,850967],"K_490\/17.3.2":["{{r}}",15840078,1519050],"K_490\/17.3.3":["{{r}}",17359128,1577747],"K_490\/17.3.4":["{{r}}",18936875,1774082],"K_490\/17.4.0":["{{r}}",20710957,10921],"K_490\/17.4.1":["{{r}}",20721878,83823],"K_490\/17.4.2":["{{r}}",20805701,1368175],"K_490\/17.4.3":["{{r}}",22173876,347731],"K_490\/17.4.4":["{{r}}",22521607,381792],"K_490\/18.0.0":["{{s}}",151229,1010666],"K_490\/18.0.1":["{{s}}",1161895,897565],"K_490\/18.0.2":["{{s}}",2059460,643543],"K_490\/18.0.3":["{{s}}",2703003,373913],"K_490\/18.0.4":["{{s}}",3076916,1526654],"K_490\/18.1.0":["{{s}}",4603570,2087855],"K_490\/18.1.1":["{{s}}",6691425,2478499],"K_490\/18.1.2":["{{s}}",9169924,939828],"K_490\/18.1.3":["{{s}}",10109752,296402],"K_490\/18.1.4":["{{s}}",10406154,3581523],"K_490\/18.2.0":["{{s}}",13987677,2211398],"K_490\/18.2.1":["{{s}}",16199075,1791041],"K_490\/18.2.2":["{{s}}",17990116,111969],"K_490\/18.2.3":["{{s}}",18102085,714031],"K_490\/18.2.4":["{{s}}",18816116,2842923],"K_490\/18.3.0":["{{s}}",21659039,608415],"K_490\/18.3.1":["{{s}}",22267454,431761],"K_490\/18.3.2":["{{s}}",22699215,1527008],"K_490\/18.3.3":["{{s}}",24226223,3062882],"K_490\/18.3.4":["{{s}}",27289105,2581013],"K_490\/18.4.0":["{{s}}",29870118,157889],"K_490\/18.4.1":["{{s}}",30028007,363428],"K_490\/18.4.2":["{{s}}",30391435,426640],"K_490\/18.4.3":["{{s}}",30818075,2325880],"K_490\/18.4.4":["{{s}}",33143955,606341],"K_490\/19.0.0":["{{t}}",151229,78019],"K_490\/19.0.1":["{{t}}",229248,668574],"K_490\/19.0.2":["{{t}}",897822,1090795],"K_490\/19.0.3":["{{t}}",1988617,1307132],"K_490\/19.0.4":["{{t}}",3295749,197627],"K_490\/19.1.0":["{{t}}",3493376,66335],"K_490\/19.1.1":["{{t}}",3559711,1727465],"K_490\/19.1.2":["{{t}}",5287176,290783],"K_490\/19.1.3":["{{t}}",5577959,1796099],"K_490\/19.1.4":["{{t}}",7374058,1320421],"K_490\/19.2.0":["{{t}}",8694479,55285],"K_490\/19.2.1":["{{t}}",8749764,3478883],"K_490\/19.2.2":["{{t}}",12228647,11343],"K_490\/19.2.3":["{{t}}",12239990,1474770],"K_490\/19.2.4":["{{t}}",13714760,1796132],"K_490\/19.3.0":["{{t}}",15510892,10921],"K_490\/19.3.1":["{{t}}",15521813,866782],"K_490\/19.3.2":["{{t}}",16388595,1026933],"K_490\/19.3.3":["{{t}}",17415528,1240427],"K_490\/19.3.4":["{{t}}",18655955,2577688],"K_490\/19.4.0":["{{t}}",21233643,1158669],"K_490\/19.4.1":["{{t}}",22392312,436592],"K_490\/19.4.2":["{{t}}",22828904,238271],"K_490\/19.4.3":["{{t}}",23067175,1559266],"K_490\/19.4.4":["{{t}}",24626441,1053237],"K_490\/20.0.0":["{{u}}",151229,365231],"K_490\/20.0.1":["{{u}}",516460,584861],"K_490\/20.0.2":["{{u}}",1101321,898085],"K_490\/20.0.3":["{{u}}",1999406,1131223],"K_490\/20.0.4":["{{u}}",3130629,1426121],"K_490\/20.1.0":["{{u}}",4556750,1957795],"K_490\/20.1.1":["{{u}}",6514545,1404125],"K_490\/20.1.2":["{{u}}",7918670,1327268],"K_490\/20.1.3":["{{u}}",9245938,818536],"K_490\/20.1.4":["{{u}}",10064474,3711514],"K_490\/20.2.0":["{{u}}",13775988,1877874],"K_490\/20.2.1":["{{u}}",15653862,1635246],"K_490\/20.2.2":["{{u}}",17289108,83092],"K_490\/20.2.3":["{{u}}",17372200,805190],"K_490\/20.2.4":["{{u}}",18177390,1197185],"K_490\/20.3.0":["{{u}}",19374575,539586],"K_490\/20.3.1":["{{u}}",19914161,1150990],"K_490\/20.3.2":["{{u}}",21065151,1242163],"K_490\/20.3.3":["{{u}}",22307314,2212399],"K_490\/20.3.4":["{{u}}",24519713,501124],"K_490\/20.4.0":["{{u}}",25020837,12042],"K_490\/20.4.1":["{{u}}",25032879,113865],"K_490\/20.4.2":["{{u}}",25146744,887614],"K_490\/20.4.3":["{{u}}",26034358,2253556],"K_490\/20.4.4":["{{u}}",28287914,1936284],"K_490\/21.0.0":["{{v}}",151229,73307],"K_490\/21.0.1":["{{v}}",224536,1217874],"K_490\/21.0.2":["{{v}}",1442410,330598],"K_490\/21.0.3":["{{v}}",1773008,1071121],"K_490\/21.0.4":["{{v}}",2844129,449104],"K_490\/21.1.0":["{{v}}",3293233,2711952],"K_490\/21.1.1":["{{v}}",6005185,1921950],"K_490\/21.1.2":["{{v}}",7927135,739675],"K_490\/21.1.3":["{{v}}",8666810,2184269],"K_490\/21.1.4":["{{v}}",10851079,2393508],"K_490\/21.2.0":["{{v}}",13244587,3585038],"K_490\/21.2.1":["{{v}}",16829625,2102399],"K_490\/21.2.2":["{{v}}",18932024,109286],"K_490\/21.2.3":["{{v}}",19041310,814889],"K_490\/21.2.4":["{{v}}",19856199,1493909],"K_490\/21.3.0":["{{v}}",21350108,1158353],"K_490\/21.3.1":["{{v}}",22508461,794409],"K_490\/21.3.2":["{{v}}",23302870,1068032],"K_490\/21.3.3":["{{v}}",24370902,1234583],"K_490\/21.3.4":["{{v}}",25605485,1181138],"K_490\/21.4.0":["{{v}}",26786623,234903],"K_490\/21.4.1":["{{v}}",27021526,786432],"K_490\/21.4.2":["{{v}}",27807958,364026],"K_490\/21.4.3":["{{v}}",28171984,2606212],"K_490\/21.4.4":["{{v}}",30778196,1212349],"K_490\/22.0.0":["{{w}}",151229,57458],"K_490\/22.0.1":["{{w}}",208687,536097],"K_490\/22.0.2":["{{w}}",744784,384339],"K_490\/22.0.3":["{{w}}",1129123,1169829],"K_490\/22.0.4":["{{w}}",2298952,2129981],"K_490\/22.1.0":["{{w}}",4428933,663178],"K_490\/22.1.1":["{{w}}",5092111,1227156],"K_490\/22.1.2":["{{w}}",6319267,1306579],"K_490\/22.1.3":["{{w}}",7625846,1250241],"K_490\/22.1.4":["{{w}}",8876087,3411054],"K_490\/22.2.0":["{{w}}",12287141,1132140],"K_490\/22.2.1":["{{w}}",13419281,1696627],"K_490\/22.2.2":["{{w}}",15115908,145230],"K_490\/22.2.3":["{{w}}",15261138,1646060],"K_490\/22.2.4":["{{w}}",16907198,138109],"K_490\/22.3.0":["{{w}}",17045307,302231],"K_490\/22.3.1":["{{w}}",17347538,817975],"K_490\/22.3.2":["{{w}}",18165513,1964743],"K_490\/22.3.3":["{{w}}",20130256,2209218],"K_490\/22.3.4":["{{w}}",22339474,952591],"K_490\/22.4.0":["{{w}}",23292065,12007],"K_490\/22.4.1":["{{w}}",23304072,17636],"K_490\/22.4.2":["{{w}}",23321708,158587],"K_490\/22.4.3":["{{w}}",23480295,1554660],"K_490\/22.4.4":["{{w}}",25034955,1049179],"K_490\/23.0.0":["{{x}}",151229,637834],"K_490\/23.0.1":["{{x}}",789063,1295551],"K_490\/23.0.2":["{{x}}",2084614,593516],"K_490\/23.0.3":["{{x}}",2678130,1474917],"K_490\/23.0.4":["{{x}}",4153047,1364506],"K_490\/23.1.0":["{{x}}",5517553,2514245],"K_490\/23.1.1":["{{x}}",8031798,2436348],"K_490\/23.1.2":["{{x}}",10468146,631718],"K_490\/23.1.3":["{{x}}",11099864,1020220],"K_490\/23.1.4":["{{x}}",12120084,2425444],"K_490\/23.2.0":["{{x}}",14545528,2966244],"K_490\/23.2.1":["{{x}}",17511772,2270212],"K_490\/23.2.2":["{{x}}",19781984,100932],"K_490\/23.2.3":["{{x}}",19882916,769460],"K_490\/23.2.4":["{{x}}",20652376,2056839],"K_490\/23.3.0":["{{x}}",22709215,1160021],"K_490\/23.3.1":["{{x}}",23869236,1490689],"K_490\/23.3.2":["{{x}}",25359925,1411466],"K_490\/23.3.3":["{{x}}",26771391,1630148],"K_490\/23.3.4":["{{x}}",28401539,1365044],"K_490\/23.4.0":["{{x}}",29766583,314672],"K_490\/23.4.1":["{{x}}",30081255,1253227],"K_490\/23.4.2":["{{x}}",31334482,175232],"K_490\/23.4.3":["{{x}}",31509714,802003],"K_490\/23.4.4":["{{x}}",32311717,2391991],"K_490\/24.0.0":["{{y}}",151229,185539],"K_490\/24.0.1":["{{y}}",336768,441522],"K_490\/24.0.2":["{{y}}",778290,245387],"K_490\/24.0.3":["{{y}}",1023677,1014909],"K_490\/24.0.4":["{{y}}",2038586,10921],"K_490\/24.1.0":["{{y}}",2049507,311270],"K_490\/24.1.1":["{{y}}",2360777,939522],"K_490\/24.1.2":["{{y}}",3300299,1016771],"K_490\/24.1.3":["{{y}}",4317070,1403203],"K_490\/24.1.4":["{{y}}",5720273,73982],"K_490\/24.2.0":["{{y}}",5794255,611180],"K_490\/24.2.1":["{{y}}",6405435,2929479],"K_490\/24.2.2":["{{y}}",9334914,136260],"K_490\/24.2.3":["{{y}}",9471174,2326242],"K_490\/24.2.4":["{{y}}",11797416,1013493],"K_490\/24.3.0":["{{y}}",12810909,92061],"K_490\/24.3.1":["{{y}}",12902970,2183126],"K_490\/24.3.2":["{{y}}",15086096,2837811],"K_490\/24.3.3":["{{y}}",17923907,1671790],"K_490\/24.3.4":["{{y}}",19595697,774677],"K_490\/24.4.0":["{{y}}",20370374,10921],"K_490\/24.4.1":["{{y}}",20381295,2142067],"K_490\/24.4.2":["{{y}}",22523362,381396],"K_490\/24.4.3":["{{y}}",22904758,592380],"K_490\/24.4.4":["{{y}}",23497138,1604422],"K_490\/25.0.0":["{{z}}",151229,517427],"K_490\/25.0.1":["{{z}}",668656,909644],"K_490\/25.0.2":["{{z}}",1578300,1010042],"K_490\/25.0.3":["{{z}}",2588342,791594],"K_490\/25.0.4":["{{z}}",3379936,1665780],"K_490\/25.1.0":["{{z}}",5045716,718304],"K_490\/25.1.1":["{{z}}",5764020,2409916],"K_490\/25.1.2":["{{z}}",8173936,977924],"K_490\/25.1.3":["{{z}}",9151860,630808],"K_490\/25.1.4":["{{z}}",9782668,3066091],"K_490\/25.2.0":["{{z}}",12848759,2301864],"K_490\/25.2.1":["{{z}}",15150623,1935143],"K_490\/25.2.2":["{{z}}",17085766,101919],"K_490\/25.2.3":["{{z}}",17187685,821300],"K_490\/25.2.4":["{{z}}",18008985,3710390],"K_490\/25.3.0":["{{z}}",21719375,641920],"K_490\/25.3.1":["{{z}}",22361295,1412922],"K_490\/25.3.2":["{{z}}",23774217,2030397],"K_490\/25.3.3":["{{z}}",25804614,1709348],"K_490\/25.3.4":["{{z}}",27513962,3205508],"K_490\/25.4.0":["{{z}}",30719470,54518],"K_490\/25.4.1":["{{z}}",30773988,880044],"K_490\/25.4.2":["{{z}}",31654032,915219],"K_490\/25.4.3":["{{z}}",32569251,946482],"K_490\/25.4.4":["{{z}}",33515733,301439],"K_490\/26.0.0":["{{A}}",151229,245667],"K_490\/26.0.1":["{{A}}",396896,823350],"K_490\/26.0.2":["{{A}}",1220246,996720],"K_490\/26.0.3":["{{A}}",2216966,301665],"K_490\/26.0.4":["{{A}}",2518631,22767],"K_490\/26.1.0":["{{A}}",2541398,161760],"K_490\/26.1.1":["{{A}}",2703158,2700313],"K_490\/26.1.2":["{{A}}",5403471,2597873],"K_490\/26.1.3":["{{A}}",8001344,997184],"K_490\/26.1.4":["{{A}}",8998528,330092],"K_490\/26.2.0":["{{A}}",9328620,165063],"K_490\/26.2.1":["{{A}}",9493683,2306361],"K_490\/26.2.2":["{{A}}",11800044,17404],"K_490\/26.2.3":["{{A}}",11817448,2537046],"K_490\/26.2.4":["{{A}}",14354494,2072060],"K_490\/26.3.0":["{{A}}",16426554,10921],"K_490\/26.3.1":["{{A}}",16437475,1482437],"K_490\/26.3.2":["{{A}}",17919912,926722],"K_490\/26.3.3":["{{A}}",18846634,1434102],"K_490\/26.3.4":["{{A}}",20280736,1931813],"K_490\/26.4.0":["{{A}}",22212549,10921],"K_490\/26.4.1":["{{A}}",22223470,1479169],"K_490\/26.4.2":["{{A}}",23702639,994720],"K_490\/26.4.3":["{{A}}",24697359,914785],"K_490\/26.4.4":["{{A}}",25612144,725647],"K_490\/27.0.0":["{{B}}",151229,2816650],"K_490\/27.0.1":["{{B}}",2967879,648401],"K_490\/27.0.2":["{{B}}",3616280,238669],"K_490\/27.0.3":["{{B}}",3854949,461300],"K_490\/27.0.4":["{{B}}",4316249,1513035],"K_490\/27.1.0":["{{B}}",5829284,1420124],"K_490\/27.1.1":["{{B}}",7249408,2531025],"K_490\/27.1.2":["{{B}}",9780433,2159031],"K_490\/27.1.3":["{{B}}",11939464,497240],"K_490\/27.1.4":["{{B}}",12436704,2017476],"K_490\/27.2.0":["{{B}}",14454180,1785705],"K_490\/27.2.1":["{{B}}",16239885,1785469],"K_490\/27.2.2":["{{B}}",18025354,104300],"K_490\/27.2.3":["{{B}}",18129654,1207530],"K_490\/27.2.4":["{{B}}",19337184,2442042],"K_490\/27.3.0":["{{B}}",21779226,556607],"K_490\/27.3.1":["{{B}}",22335833,1534931],"K_490\/27.3.2":["{{B}}",23870764,1984523],"K_490\/27.3.3":["{{B}}",25855287,2011230],"K_490\/27.3.4":["{{B}}",27866517,487839],"K_490\/27.4.0":["{{B}}",28354356,39211],"K_490\/27.4.1":["{{B}}",28393567,463781],"K_490\/27.4.2":["{{B}}",28857348,2845133],"K_490\/27.4.3":["{{B}}",31702481,389071],"K_490\/27.4.4":["{{B}}",32091552,147481],"K_490\/28.0.0":["{{C}}",151229,82462],"K_490\/28.0.1":["{{C}}",233691,1293213],"K_490\/28.0.2":["{{C}}",1526904,867313],"K_490\/28.0.3":["{{C}}",2394217,76257],"K_490\/28.0.4":["{{C}}",2470474,66051],"K_490\/28.1.0":["{{C}}",2536525,93536],"K_490\/28.1.1":["{{C}}",2630061,3974527],"K_490\/28.1.2":["{{C}}",6604588,1124090],"K_490\/28.1.3":["{{C}}",7728678,1520249],"K_490\/28.1.4":["{{C}}",9248927,543112],"K_490\/28.2.0":["{{C}}",9792039,1059298],"K_490\/28.2.1":["{{C}}",10851337,3650302],"K_490\/28.2.2":["{{C}}",14501639,39054],"K_490\/28.2.3":["{{C}}",14540693,2146136],"K_490\/28.2.4":["{{C}}",16686829,2233372],"K_490\/28.3.0":["{{C}}",18920201,948920],"K_490\/28.3.1":["{{C}}",19869121,931318],"K_490\/28.3.2":["{{C}}",20800439,1709050],"K_490\/28.3.3":["{{C}}",22509489,1067817],"K_490\/28.3.4":["{{C}}",23577306,2742606],"K_490\/28.4.0":["{{C}}",26319912,682049],"K_490\/28.4.1":["{{C}}",27001961,178045],"K_490\/28.4.2":["{{C}}",27180006,1287932],"K_490\/28.4.3":["{{C}}",28467938,2288366],"K_490\/28.4.4":["{{C}}",30756304,746297],"K_490\/29.0.0":["{{D}}",151229,10921],"K_490\/29.0.1":["{{D}}",162150,423344],"K_490\/29.0.2":["{{D}}",585494,880375],"K_490\/29.0.3":["{{D}}",1465869,385636],"K_490\/29.0.4":["{{D}}",1851505,1269687],"K_490\/29.1.0":["{{D}}",3121192,1322110],"K_490\/29.1.1":["{{D}}",4443302,2566120],"K_490\/29.1.2":["{{D}}",7009422,2217892],"K_490\/29.1.3":["{{D}}",9227314,533067],"K_490\/29.1.4":["{{D}}",9760381,4085454],"K_490\/29.2.0":["{{D}}",13845835,1582630],"K_490\/29.2.1":["{{D}}",15428465,2565655],"K_490\/29.2.2":["{{D}}",17994120,119510],"K_490\/29.2.3":["{{D}}",18113630,1109443],"K_490\/29.2.4":["{{D}}",19223073,211015],"K_490\/29.3.0":["{{D}}",19434088,636961],"K_490\/29.3.1":["{{D}}",20071049,1712044],"K_490\/29.3.2":["{{D}}",21783093,2466438],"K_490\/29.3.3":["{{D}}",24249531,1241155],"K_490\/29.3.4":["{{D}}",25490686,1030959],"K_490\/29.4.0":["{{D}}",26521645,11135],"K_490\/29.4.1":["{{D}}",26532780,289556],"K_490\/29.4.2":["{{D}}",26822336,806965],"K_490\/29.4.3":["{{D}}",27629301,823521],"K_490\/29.4.4":["{{D}}",28452822,572334]}}