{"version":1,"templates":{"a":"s3:\/\/imos-data\/IMOS\/SRS\/OC\/gridded\/aqua\/P1D\/2006\/11\/A.P1D.20061101T053000Z.aust.chl_oc3.nc","b":"s3:\/\/imos-data\/IMOS\/SRS\/OC\/gridded\/aqua\/P1D\/2006\/11\/A.P1D.20061102T053000Z.aust.chl_oc3.nc","c":"s3:\/\/imos-data\/IMOS\/SRS\/OC\/gridded\/aqua\/P1D\/2006\/11\/A.P1D.20061103T053000Z.aust.chl_oc3.nc","d":"s3:\/\/imos-data\/IMOS\/SRS\/OC\/gridded\/aqua\/P1D\/2006\/11\/A.P1D.20061104T053000Z.aust.chl_oc3.nc","e":"s3:\/\/imos-data\/IMOS\/SRS\/OC\/gridded\/aqua\/P1D\/2006\/11\/A.P1D.20061105T053000Z.aust.chl_oc3.nc","f":"s3:\/\/imos-data\/IMOS\/SRS\/OC\/gridded\/aqua\/P1D\/2006\/11\/A.P1D.20061106T053000Z.aust.chl_oc3.nc","g":"s3:\/\/imos-data\/IMOS\/SRS\/OC\/gridded\/aqua\/P1D\/2006\/11\/A.P1D.20061107T053000Z.aust.chl_oc3.nc","h":"s3:\/\/imos-data\/IMOS\/SRS\/OC\/gridded\/aqua\/P1D\/2006\/11\/A.P1D.20061108T053000Z.aust.chl_oc3.nc","i":"s3:\/\/imos-data\/IMOS\/SRS\/OC\/gridded\/aqua\/P1D\/2006\/11\/A.P1D.20061109T053000Z.aust.chl_oc3.nc","j":"s3:\/\/imos-data\/IMOS\/SRS\/OC\/gridded\/aqua\/P1D\/2006\/11\/A.P1D.20061110T053000Z.aust.chl_oc3.nc","k":"s3:\/\/imos-data\/IMOS\/SRS\/OC\/gridded\/aqua\/P1D\/2006\/11\/A.P1D.20061111T053000Z.aust.chl_oc3.nc","l":"s3:\/\/imos-data\/IMOS\/SRS\/OC\/gridded\/aqua\/P1D\/2006\/11\/A.P1D.20061112T053000Z.aust.chl_oc3.nc","m":"s3:\/\/imos-data\/IMOS\/SRS\/OC\/gridded\/aqua\/P1D\/2006\/11\/A.P1D.20061113T053000Z.aust.chl_oc3.nc","n":"s3:\/\/imos-data\/IMOS\/SRS\/OC\/gridded\/aqua\/P1D\/2006\/11\/A.P1D.20061114T053000Z.aust.chl_oc3.nc","o":"s3:\/\/imos-data\/IMOS\/SRS\/OC\/gridded\/aqua\/P1D\/2006\/11\/A.P1D.20061115T053000Z.aust.chl_oc3.nc","p":"s3:\/\/imos-data\/IMOS\/SRS\/OC\/gridded\/aqua\/P1D\/2006\/11\/A.P1D.20061116T053000Z.aust.chl_oc3.nc","q":"s3:\/\/imos-data\/IMOS\/SRS\/OC\/gridded\/aqua\/P1D\/2006\/11\/A.P1D.20061117T053000Z.aust.chl_oc3.nc","r":"s3:\/\/imos-data\/IMOS\/SRS\/OC\/gridded\/aqua\/P1D\/2006\/11\/A.P1D.20061118T053000Z.aust.chl_oc3.nc","s":"s3:\/\/imos-data\/IMOS\/SRS\/OC\/gridded\/aqua\/P1D\/2006\/11\/A.P1D.20061119T053000Z.aust.chl_oc3.nc","t":"s3:\/\/imos-data\/IMOS\/SRS\/OC\/gridded\/aqua\/P1D\/2006\/11\/A.P1D.20061120T053000Z.aust.chl_oc3.nc","u":"s3:\/\/imos-data\/IMOS\/SRS\/OC\/gridded\/aqua\/P1D\/2006\/11\/A.P1D.20061121T053000Z.aust.chl_oc3.nc","v":"s3:\/\/imos-data\/IMOS\/SRS\/OC\/gridded\/aqua\/P1D\/2006\/11\/A.P1D.20061122T053000Z.aust.chl_oc3.nc","w":"s3:\/\/imos-data\/IMOS\/SRS\/OC\/gridded\/aqua\/P1D\/2006\/11\/A.P1D.20061123T053000Z.aust.chl_oc3.nc","x":"s3:\/\/imos-data\/IMOS\/SRS\/OC\/gridded\/aqua\/P1D\/2006\/11\/A.P1D.20061124T053000Z.aust.chl_oc3.nc","y":"s3:\/\/imos-data\/IMOS\/SRS\/OC\/gridded\/aqua\/P1D\/2006\/11\/A.P1D.20061125T053000Z.aust.chl_oc3.nc","z":"s3:\/\/imos-data\/IMOS\/SRS\/OC\/gridded\/aqua\/P1D\/2006\/11\/A.P1D.20061126T053000Z.aust.chl_oc3.nc","A":"s3:\/\/imos-data\/IMOS\/SRS\/OC\/gridded\/aqua\/P1D\/2006\/11\/A.P1D.20061127T053000Z.aust.chl_oc3.nc","B":"s3:\/\/imos-data\/IMOS\/SRS\/OC\/gridded\/aqua\/P1D\/2006\/11\/A.P1D.20061128T053000Z.aust.chl_oc3.nc","C":"s3:\/\/imos-data\/IMOS\/SRS\/OC\/gridded\/aqua\/P1D\/2006\/11\/A.P1D.20061129T053000Z.aust.chl_oc3.nc","D":"s3:\/\/imos-data\/IMOS\/SRS\/OC\/gridded\/aqua\/P1D\/2006\/11\/A.P1D.20061130T053000Z.aust.chl_oc3.nc"},"refs":{".zgroup":"{\"zarr_format\":2}",".zattrs":"{\"Conventions\":\"CF-1.6\",\"_NCProperties\":\"version=1|netcdflibversion=4.6.1|hdf5libversion=1.10.4\",\"_nc3_strict\":1,\"history\":\"File initialised at 2020-08-06T03:21:20.052061\\nInitialised var chl_oc3 at 2020-08-06T03:23:24.496374\\nAdd Granule A20061101_0205.20190920132416.L2OC_BASE.chl_oc3.nc at 2020-08-06T03:24:06.429296\\nAdd Granule A20061101_0210.20190920140618.L2OC_BASE.chl_oc3.nc at 2020-08-06T03:24:10.689576\\nAdd Granule A20061101_0330.20190920124226.L2OC_BASE.chl_oc3.nc at 2020-08-06T03:24:12.142282\\nAdd Granule A20061101_0335.20190920135049.L2OC_BASE.chl_oc3.nc at 2020-08-06T03:24:28.808890\\nAdd Granule A20061101_0340.20190920130257.L2OC_BASE.chl_oc3.nc at 2020-08-06T03:24:30.893047\\nAdd Granule A20061101_0345.20190920133933.L2OC_BASE.chl_oc3.nc at 2020-08-06T03:24:31.082770\\nAdd Granule A20061101_0350.20190920123239.L2OC_BASE.chl_oc3.nc at 2020-08-06T03:24:31.289061\\nAdd Granule A20061101_0510.20190920131035.L2OC_BASE.chl_oc3.nc at 2020-08-06T03:24:32.604055\\nAdd Granule A20061101_0515.20190920133349.L2OC_BASE.chl_oc3.nc at 2020-08-06T03:24:35.267376\\nAdd Granule A20061101_0520.20190920133011.L2OC_BASE.chl_oc3.nc at 2020-08-06T03:24:35.478121\\nAdd Granule A20061101_0525.20190920124656.L2OC_BASE.chl_oc3.nc at 2020-08-06T03:24:35.666214\\nAdd Granule A20061101_0530.20190920134511.L2OC_BASE.chl_oc3.nc at 2020-08-06T03:24:35.768205\\nAdd Granule A20061101_0650.20190920131511.L2OC_BASE.chl_oc3.nc at 2020-08-06T03:24:38.182188\\nAdd Granule A20061101_0655.20190920125512.L2OC_BASE.chl_oc3.nc at 2020-08-06T03:24:39.341403\\nAdd Granule A20061101_0700.20190920135854.L2OC_BASE.chl_oc3.nc at 2020-08-06T03:24:40.312410\\nAdd Granule A20061101_0705.20190920131941.L2OC_BASE.chl_oc3.nc at 2020-08-06T03:24:42.294832\\nAdd Granule A20061101_0710.20190920141129.L2OC_BASE.chl_oc3.nc at 2020-08-06T03:24:42.434855\",\"source_path\":\"imos-srs\\\/archive\\\/oc\\\/aqua\\\/1d\\\/v201909\\\/2006\\\/11\\\/A20061101.L2OC_BASE.aust.chl_oc3.nc\"}","latitude\/.zarray":"{\n    \"chunks\": [\n        7001\n    ],\n    \"compressor\": null,\n    \"dtype\": \"<f8\",\n    \"fill_value\": 9.969209968386869e+36,\n    \"filters\": null,\n    \"order\": \"C\",\n    \"shape\": [\n        7001\n    ],\n    \"zarr_format\": 2\n}","latitude\/.zattrs":"{\n    \"NAME\": \"latitude\",\n    \"_ARRAY_DIMENSIONS\": [\n        \"latitude\"\n    ],\n    \"_Netcdf4Dimid\": 1,\n    \"axis\": \"Y\",\n    \"long_name\": \"latitude\",\n    \"standard_name\": \"latitude\",\n    \"units\": \"degrees_north\"\n}","latitude\/0":["{{a}}",2392,56008],"longitude\/.zarray":"{\n    \"chunks\": [\n        10001\n    ],\n    \"compressor\": null,\n    \"dtype\": \"<f8\",\n    \"fill_value\": 9.969209968386869e+36,\n    \"filters\": null,\n    \"order\": \"C\",\n    \"shape\": [\n        10001\n    ],\n    \"zarr_format\": 2\n}","longitude\/.zattrs":"{\n    \"NAME\": \"longitude\",\n    \"_ARRAY_DIMENSIONS\": [\n        \"longitude\"\n    ],\n    \"_Netcdf4Dimid\": 2,\n    \"axis\": \"X\",\n    \"long_name\": \"longitude\",\n    \"standard_name\": \"longitude\",\n    \"units\": \"degrees_east\"\n}","longitude\/0":["{{a}}",58400,80008],"chl_oc3\/.zarray":"{\"chunks\":[1,1401,2001],\"compressor\":{\"id\":\"zlib\",\"level\":4},\"dtype\":\"<f4\",\"fill_value\":-999.0,\"filters\":[{\"elementsize\":4,\"id\":\"shuffle\"}],\"order\":\"C\",\"shape\":[30,7001,10001],\"zarr_format\":2}","chl_oc3\/.zattrs":"{\"_ARRAY_DIMENSIONS\":[\"time\",\"latitude\",\"longitude\"],\"flag_applied\":\"HISATZEN LAND CLDICE NAVFAIL\",\"long_name\":\"Chlorophyll Concentration, OC3 Algorithm\",\"units\":\"mg\\\/m^3\"}","time\/.zarray":"{\"chunks\":[30],\"compressor\":{\"blocksize\":0,\"clevel\":5,\"cname\":\"lz4\",\"id\":\"blosc\",\"shuffle\":1},\"dtype\":\"<M8[us]\",\"fill_value\":0,\"filters\":null,\"order\":\"C\",\"shape\":[30],\"zarr_format\":2}","time\/0":"base64:AgExCPAAAADwAAAAqwAAABQAAACTAAAAHwABAAr6AeZGpgZmxiaG5kamBmbGJoYQAPJQSyP60qmAWC8G3rWNZDsT6sGZcEgf9s6lfFQrA9qxy+kGJEJgfpy61\/UTMU9tiqjG5AIgPVt5l7XT8Q4sKDxRZXmNobXJ3fEGGi5CVmp+kqe7z+P3Cx8zR1xwISEhISEFABgiAQARIwEAHwQBAAoP0QAGUAAAAAAA","time\/.zattrs":"{\"NAME\":\"time\",\"_ARRAY_DIMENSIONS\":[\"time\"],\"_Netcdf4Dimid\":0,\"axis\":\"T\",\"long_name\":\"time\",\"standard_name\":\"time\"}","chl_oc3\/0.0.0":["{{a}}",151221,334943],"chl_oc3\/0.0.1":["{{a}}",486164,188139],"chl_oc3\/0.0.2":["{{a}}",674303,2176116],"chl_oc3\/0.0.3":["{{a}}",2850419,1763178],"chl_oc3\/0.0.4":["{{a}}",4613597,203654],"chl_oc3\/0.1.0":["{{a}}",4817251,505631],"chl_oc3\/0.1.1":["{{a}}",5322882,1019445],"chl_oc3\/0.1.2":["{{a}}",6342327,2280161],"chl_oc3\/0.1.3":["{{a}}",8622488,1051745],"chl_oc3\/0.1.4":["{{a}}",9674233,918221],"chl_oc3\/0.2.0":["{{a}}",10592454,858527],"chl_oc3\/0.2.1":["{{a}}",11450981,2984779],"chl_oc3\/0.2.2":["{{a}}",14435760,43217],"chl_oc3\/0.2.3":["{{a}}",14478977,2563468],"chl_oc3\/0.2.4":["{{a}}",17042445,883979],"chl_oc3\/0.3.0":["{{a}}",17926424,328799],"chl_oc3\/0.3.1":["{{a}}",18255223,2176373],"chl_oc3\/0.3.2":["{{a}}",20431596,1208815],"chl_oc3\/0.3.3":["{{a}}",21640411,3055871],"chl_oc3\/0.3.4":["{{a}}",24696282,1283934],"chl_oc3\/0.4.0":["{{a}}",25980216,12141],"chl_oc3\/0.4.1":["{{a}}",25992357,161815],"chl_oc3\/0.4.2":["{{a}}",26154172,652905],"chl_oc3\/0.4.3":["{{a}}",26807077,1006129],"chl_oc3\/0.4.4":["{{a}}",27813206,1635583],"chl_oc3\/1.0.0":["{{b}}",151221,1993652],"chl_oc3\/1.0.1":["{{b}}",2144873,451044],"chl_oc3\/1.0.2":["{{b}}",2595917,662460],"chl_oc3\/1.0.3":["{{b}}",3258377,1085855],"chl_oc3\/1.0.4":["{{b}}",4344232,1151034],"chl_oc3\/1.1.0":["{{b}}",5495266,1896120],"chl_oc3\/1.1.1":["{{b}}",7391386,1795402],"chl_oc3\/1.1.2":["{{b}}",9186788,1546951],"chl_oc3\/1.1.3":["{{b}}",10733739,912671],"chl_oc3\/1.1.4":["{{b}}",11646410,1034844],"chl_oc3\/1.2.0":["{{b}}",12681254,3351215],"chl_oc3\/1.2.1":["{{b}}",16032469,1891239],"chl_oc3\/1.2.2":["{{b}}",17923708,101553],"chl_oc3\/1.2.3":["{{b}}",18025261,1007821],"chl_oc3\/1.2.4":["{{b}}",19033082,2441657],"chl_oc3\/1.3.0":["{{b}}",21474739,1027137],"chl_oc3\/1.3.1":["{{b}}",22501876,876550],"chl_oc3\/1.3.2":["{{b}}",23378426,2314972],"chl_oc3\/1.3.3":["{{b}}",25693398,1304569],"chl_oc3\/1.3.4":["{{b}}",26997967,3577898],"chl_oc3\/1.4.0":["{{b}}",30575865,890965],"chl_oc3\/1.4.1":["{{b}}",31466830,655258],"chl_oc3\/1.4.2":["{{b}}",32122088,1216993],"chl_oc3\/1.4.3":["{{b}}",33339081,1544153],"chl_oc3\/1.4.4":["{{b}}",34883234,1023837],"chl_oc3\/2.0.0":["{{c}}",151221,378973],"chl_oc3\/2.0.1":["{{c}}",530194,191791],"chl_oc3\/2.0.2":["{{c}}",721985,2168595],"chl_oc3\/2.0.3":["{{c}}",2890580,1231982],"chl_oc3\/2.0.4":["{{c}}",4122562,10921],"chl_oc3\/2.1.0":["{{c}}",4133483,81839],"chl_oc3\/2.1.1":["{{c}}",4215322,1562604],"chl_oc3\/2.1.2":["{{c}}",5777926,1613113],"chl_oc3\/2.1.3":["{{c}}",7391039,1188308],"chl_oc3\/2.1.4":["{{c}}",8579347,22013],"chl_oc3\/2.2.0":["{{c}}",8601360,843834],"chl_oc3\/2.2.1":["{{c}}",9445194,2977056],"chl_oc3\/2.2.2":["{{c}}",12422250,114264],"chl_oc3\/2.2.3":["{{c}}",12536514,1452766],"chl_oc3\/2.2.4":["{{c}}",13989280,839396],"chl_oc3\/2.3.0":["{{c}}",14828676,319442],"chl_oc3\/2.3.1":["{{c}}",15148118,2530598],"chl_oc3\/2.3.2":["{{c}}",17678716,2523528],"chl_oc3\/2.3.3":["{{c}}",20202244,1272790],"chl_oc3\/2.3.4":["{{c}}",21475034,830897],"chl_oc3\/2.4.0":["{{c}}",22305931,40476],"chl_oc3\/2.4.1":["{{c}}",22346407,2602495],"chl_oc3\/2.4.2":["{{c}}",24948902,2176040],"chl_oc3\/2.4.3":["{{c}}",27124942,702902],"chl_oc3\/2.4.4":["{{c}}",27827844,260481],"chl_oc3\/3.0.0":["{{d}}",151221,1410743],"chl_oc3\/3.0.1":["{{d}}",1561964,540146],"chl_oc3\/3.0.2":["{{d}}",2102110,1710605],"chl_oc3\/3.0.3":["{{d}}",3812715,433722],"chl_oc3\/3.0.4":["{{d}}",4246437,1519154],"chl_oc3\/3.1.0":["{{d}}",5765591,2146560],"chl_oc3\/3.1.1":["{{d}}",7912151,1491867],"chl_oc3\/3.1.2":["{{d}}",9404018,919106],"chl_oc3\/3.1.3":["{{d}}",10323124,716498],"chl_oc3\/3.1.4":["{{d}}",11039622,1143964],"chl_oc3\/3.2.0":["{{d}}",12183586,2492531],"chl_oc3\/3.2.1":["{{d}}",14676117,1892860],"chl_oc3\/3.2.2":["{{d}}",16568977,115629],"chl_oc3\/3.2.3":["{{d}}",16684606,487466],"chl_oc3\/3.2.4":["{{d}}",17172072,3139414],"chl_oc3\/3.3.0":["{{d}}",20311486,1290669],"chl_oc3\/3.3.1":["{{d}}",21602155,1803246],"chl_oc3\/3.3.2":["{{d}}",23405401,3125194],"chl_oc3\/3.3.3":["{{d}}",26530595,2208972],"chl_oc3\/3.3.4":["{{d}}",28739567,1812430],"chl_oc3\/3.4.0":["{{d}}",30551997,867538],"chl_oc3\/3.4.1":["{{d}}",31419535,1229485],"chl_oc3\/3.4.2":["{{d}}",32649020,2300023],"chl_oc3\/3.4.3":["{{d}}",34949043,4213850],"chl_oc3\/3.4.4":["{{d}}",39162893,289903],"chl_oc3\/4.0.0":["{{e}}",151221,88316],"chl_oc3\/4.0.1":["{{e}}",239537,97730],"chl_oc3\/4.0.2":["{{e}}",337267,2590965],"chl_oc3\/4.0.3":["{{e}}",2928232,1012033],"chl_oc3\/4.0.4":["{{e}}",3940265,11795],"chl_oc3\/4.1.0":["{{e}}",3952060,318309],"chl_oc3\/4.1.1":["{{e}}",4270369,2414056],"chl_oc3\/4.1.2":["{{e}}",6684425,1502859],"chl_oc3\/4.1.3":["{{e}}",8187284,302128],"chl_oc3\/4.1.4":["{{e}}",8489412,138470],"chl_oc3\/4.2.0":["{{e}}",8627882,256727],"chl_oc3\/4.2.1":["{{e}}",8884609,2990139],"chl_oc3\/4.2.2":["{{e}}",11874748,13410],"chl_oc3\/4.2.3":["{{e}}",11888158,1066909],"chl_oc3\/4.2.4":["{{e}}",12955067,1087583],"chl_oc3\/4.3.0":["{{e}}",14042650,10921],"chl_oc3\/4.3.1":["{{e}}",14053571,920295],"chl_oc3\/4.3.2":["{{e}}",14973866,2498444],"chl_oc3\/4.3.3":["{{e}}",17472310,1541980],"chl_oc3\/4.3.4":["{{e}}",19014290,812616],"chl_oc3\/4.4.0":["{{e}}",19826906,10921],"chl_oc3\/4.4.1":["{{e}}",19837827,1741319],"chl_oc3\/4.4.2":["{{e}}",21579146,814655],"chl_oc3\/4.4.3":["{{e}}",22393801,2655899],"chl_oc3\/4.4.4":["{{e}}",25049700,3676850],"chl_oc3\/5.0.0":["{{f}}",151221,1566360],"chl_oc3\/5.0.1":["{{f}}",1717581,769126],"chl_oc3\/5.0.2":["{{f}}",2486707,932283],"chl_oc3\/5.0.3":["{{f}}",3418990,638266],"chl_oc3\/5.0.4":["{{f}}",4057256,3343681],"chl_oc3\/5.1.0":["{{f}}",7400937,19813],"chl_oc3\/5.1.1":["{{f}}",7420750,953402],"chl_oc3\/5.1.2":["{{f}}",8374152,2348604],"chl_oc3\/5.1.3":["{{f}}",10722756,607199],"chl_oc3\/5.1.4":["{{f}}",11329955,433367],"chl_oc3\/5.2.0":["{{f}}",11763322,957195],"chl_oc3\/5.2.1":["{{f}}",12720517,1540062],"chl_oc3\/5.2.2":["{{f}}",14260579,71807],"chl_oc3\/5.2.3":["{{f}}",14332386,1639001],"chl_oc3\/5.2.4":["{{f}}",15971387,2603346],"chl_oc3\/5.3.0":["{{f}}",18574733,989331],"chl_oc3\/5.3.1":["{{f}}",19564064,440427],"chl_oc3\/5.3.2":["{{f}}",20004491,1804388],"chl_oc3\/5.3.3":["{{f}}",21808879,1872285],"chl_oc3\/5.3.4":["{{f}}",23681164,582344],"chl_oc3\/5.4.0":["{{f}}",24263508,18675],"chl_oc3\/5.4.1":["{{f}}",24282183,1311994],"chl_oc3\/5.4.2":["{{f}}",25594177,1503273],"chl_oc3\/5.4.3":["{{f}}",27097450,1311034],"chl_oc3\/5.4.4":["{{f}}",28408484,1119476],"chl_oc3\/6.0.0":["{{g}}",151221,15749],"chl_oc3\/6.0.1":["{{g}}",166970,681702],"chl_oc3\/6.0.2":["{{g}}",848672,3619160],"chl_oc3\/6.0.3":["{{g}}",4467832,1966122],"chl_oc3\/6.0.4":["{{g}}",6433954,553161],"chl_oc3\/6.1.0":["{{g}}",6987115,12637],"chl_oc3\/6.1.1":["{{g}}",6999752,2266613],"chl_oc3\/6.1.2":["{{g}}",9266365,2077507],"chl_oc3\/6.1.3":["{{g}}",11343872,783567],"chl_oc3\/6.1.4":["{{g}}",12127439,875447],"chl_oc3\/6.2.0":["{{g}}",13002886,10921],"chl_oc3\/6.2.1":["{{g}}",13013807,2504747],"chl_oc3\/6.2.2":["{{g}}",15518554,40423],"chl_oc3\/6.2.3":["{{g}}",15558977,787558],"chl_oc3\/6.2.4":["{{g}}",16346535,1325776],"chl_oc3\/6.3.0":["{{g}}",17672311,3121288],"chl_oc3\/6.3.1":["{{g}}",20793599,281237],"chl_oc3\/6.3.2":["{{g}}",21074836,1562071],"chl_oc3\/6.3.3":["{{g}}",22636907,1743026],"chl_oc3\/6.3.4":["{{g}}",24379933,970956],"chl_oc3\/6.4.0":["{{g}}",25350889,2341498],"chl_oc3\/6.4.1":["{{g}}",27692387,118895],"chl_oc3\/6.4.2":["{{g}}",27811282,1374079],"chl_oc3\/6.4.3":["{{g}}",29185361,1041581],"chl_oc3\/6.4.4":["{{g}}",30226942,1247100],"chl_oc3\/7.0.0":["{{h}}",151221,798924],"chl_oc3\/7.0.1":["{{h}}",950145,841036],"chl_oc3\/7.0.2":["{{h}}",1791181,2936780],"chl_oc3\/7.0.3":["{{h}}",4727961,3262859],"chl_oc3\/7.0.4":["{{h}}",7990820,2820415],"chl_oc3\/7.1.0":["{{h}}",10811235,1147806],"chl_oc3\/7.1.1":["{{h}}",11959041,1620101],"chl_oc3\/7.1.2":["{{h}}",13579142,2391605],"chl_oc3\/7.1.3":["{{h}}",15970747,773016],"chl_oc3\/7.1.4":["{{h}}",16743763,2365785],"chl_oc3\/7.2.0":["{{h}}",19109548,1040883],"chl_oc3\/7.2.1":["{{h}}",20150431,2826431],"chl_oc3\/7.2.2":["{{h}}",22976862,14150],"chl_oc3\/7.2.3":["{{h}}",22991012,1836570],"chl_oc3\/7.2.4":["{{h}}",24827582,823625],"chl_oc3\/7.3.0":["{{h}}",25651207,459695],"chl_oc3\/7.3.1":["{{h}}",26110902,1090596],"chl_oc3\/7.3.2":["{{h}}",27201498,708489],"chl_oc3\/7.3.3":["{{h}}",27909987,1842487],"chl_oc3\/7.3.4":["{{h}}",29752474,346299],"chl_oc3\/7.4.0":["{{h}}",30098773,444534],"chl_oc3\/7.4.1":["{{h}}",30543307,1469527],"chl_oc3\/7.4.2":["{{h}}",32012834,218939],"chl_oc3\/7.4.3":["{{h}}",32231773,467024],"chl_oc3\/7.4.4":["{{h}}",32698797,1095496],"chl_oc3\/8.0.0":["{{i}}",151221,1584411],"chl_oc3\/8.0.1":["{{i}}",1735632,949629],"chl_oc3\/8.0.2":["{{i}}",2685261,3836824],"chl_oc3\/8.0.3":["{{i}}",6522085,1522432],"chl_oc3\/8.0.4":["{{i}}",8044517,1407414],"chl_oc3\/8.1.0":["{{i}}",9451931,1787160],"chl_oc3\/8.1.1":["{{i}}",11239091,3211545],"chl_oc3\/8.1.2":["{{i}}",14450636,2046951],"chl_oc3\/8.1.3":["{{i}}",16497587,1317025],"chl_oc3\/8.1.4":["{{i}}",17814612,2205626],"chl_oc3\/8.2.0":["{{i}}",20020238,2968508],"chl_oc3\/8.2.1":["{{i}}",22988746,1756847],"chl_oc3\/8.2.2":["{{i}}",24745593,115936],"chl_oc3\/8.2.3":["{{i}}",24861529,353218],"chl_oc3\/8.2.4":["{{i}}",25214747,1404228],"chl_oc3\/8.3.0":["{{i}}",26618975,1432872],"chl_oc3\/8.3.1":["{{i}}",28051847,1615439],"chl_oc3\/8.3.2":["{{i}}",29667286,1608545],"chl_oc3\/8.3.3":["{{i}}",31275831,1545021],"chl_oc3\/8.3.4":["{{i}}",32820852,3476846],"chl_oc3\/8.4.0":["{{i}}",36297698,234500],"chl_oc3\/8.4.1":["{{i}}",36532198,1627752],"chl_oc3\/8.4.2":["{{i}}",38159950,155053],"chl_oc3\/8.4.3":["{{i}}",38315003,441366],"chl_oc3\/8.4.4":["{{i}}",38756369,1144095],"chl_oc3\/9.0.0":["{{j}}",151221,1103896],"chl_oc3\/9.0.1":["{{j}}",1255117,680717],"chl_oc3\/9.0.2":["{{j}}",1935834,2887690],"chl_oc3\/9.0.3":["{{j}}",4823524,2729922],"chl_oc3\/9.0.4":["{{j}}",7553446,2336374],"chl_oc3\/9.1.0":["{{j}}",9889820,355328],"chl_oc3\/9.1.1":["{{j}}",10245148,2263357],"chl_oc3\/9.1.2":["{{j}}",12508505,2226655],"chl_oc3\/9.1.3":["{{j}}",14735160,2468598],"chl_oc3\/9.1.4":["{{j}}",17203758,1080837],"chl_oc3\/9.2.0":["{{j}}",18284595,448012],"chl_oc3\/9.2.1":["{{j}}",18732607,2801930],"chl_oc3\/9.2.2":["{{j}}",21534537,87164],"chl_oc3\/9.2.3":["{{j}}",21621701,1236529],"chl_oc3\/9.2.4":["{{j}}",22858230,383705],"chl_oc3\/9.3.0":["{{j}}",23241935,21920],"chl_oc3\/9.3.1":["{{j}}",23263855,1236810],"chl_oc3\/9.3.2":["{{j}}",24500665,2616950],"chl_oc3\/9.3.3":["{{j}}",27117615,1853129],"chl_oc3\/9.3.4":["{{j}}",28970744,1644058],"chl_oc3\/9.4.0":["{{j}}",30614802,47165],"chl_oc3\/9.4.1":["{{j}}",30661967,551767],"chl_oc3\/9.4.2":["{{j}}",31213734,745527],"chl_oc3\/9.4.3":["{{j}}",31959261,541921],"chl_oc3\/9.4.4":["{{j}}",32501182,801448],"chl_oc3\/10.0.0":["{{k}}",151221,1240266],"chl_oc3\/10.0.1":["{{k}}",1391487,812169],"chl_oc3\/10.0.2":["{{k}}",2203656,3334585],"chl_oc3\/10.0.3":["{{k}}",5538241,1503092],"chl_oc3\/10.0.4":["{{k}}",7041333,221017],"chl_oc3\/10.1.0":["{{k}}",7262350,1358867],"chl_oc3\/10.1.1":["{{k}}",8621217,2099916],"chl_oc3\/10.1.2":["{{k}}",10721133,1595462],"chl_oc3\/10.1.3":["{{k}}",12316595,1691914],"chl_oc3\/10.1.4":["{{k}}",14008509,1642027],"chl_oc3\/10.2.0":["{{k}}",15650536,2382108],"chl_oc3\/10.2.1":["{{k}}",18032644,1370669],"chl_oc3\/10.2.2":["{{k}}",19403313,107214],"chl_oc3\/10.2.3":["{{k}}",19510527,846112],"chl_oc3\/10.2.4":["{{k}}",20356639,1105242],"chl_oc3\/10.3.0":["{{k}}",21461881,1134529],"chl_oc3\/10.3.1":["{{k}}",22596410,705702],"chl_oc3\/10.3.2":["{{k}}",23302112,1316306],"chl_oc3\/10.3.3":["{{k}}",24618418,2356504],"chl_oc3\/10.3.4":["{{k}}",26974922,3753644],"chl_oc3\/10.4.0":["{{k}}",30728566,1207021],"chl_oc3\/10.4.1":["{{k}}",31935587,2685350],"chl_oc3\/10.4.2":["{{k}}",34620937,272357],"chl_oc3\/10.4.3":["{{k}}",34893294,918942],"chl_oc3\/10.4.4":["{{k}}",35812236,316158],"chl_oc3\/11.0.0":["{{l}}",151221,526089],"chl_oc3\/11.0.1":["{{l}}",677310,933890],"chl_oc3\/11.0.2":["{{l}}",1611200,3847053],"chl_oc3\/11.0.3":["{{l}}",5458253,4429459],"chl_oc3\/11.0.4":["{{l}}",9887712,35100],"chl_oc3\/11.1.0":["{{l}}",9922812,128112],"chl_oc3\/11.1.1":["{{l}}",10050924,2218686],"chl_oc3\/11.1.2":["{{l}}",12269610,2559918],"chl_oc3\/11.1.3":["{{l}}",14829528,1953101],"chl_oc3\/11.1.4":["{{l}}",16782629,387909],"chl_oc3\/11.2.0":["{{l}}",17170538,611187],"chl_oc3\/11.2.1":["{{l}}",17781725,2787897],"chl_oc3\/11.2.2":["{{l}}",20569622,28725],"chl_oc3\/11.2.3":["{{l}}",20598347,1882135],"chl_oc3\/11.2.4":["{{l}}",22480482,1931820],"chl_oc3\/11.3.0":["{{l}}",24412302,46959],"chl_oc3\/11.3.1":["{{l}}",24459261,896329],"chl_oc3\/11.3.2":["{{l}}",25355590,2010374],"chl_oc3\/11.3.3":["{{l}}",27365964,1331381],"chl_oc3\/11.3.4":["{{l}}",28697345,3021023],"chl_oc3\/11.4.0":["{{l}}",31718368,10921],"chl_oc3\/11.4.1":["{{l}}",31729289,1008807],"chl_oc3\/11.4.2":["{{l}}",32738096,1813158],"chl_oc3\/11.4.3":["{{l}}",34551254,1394927],"chl_oc3\/11.4.4":["{{l}}",35946181,1361439],"chl_oc3\/12.0.0":["{{m}}",151221,1879487],"chl_oc3\/12.0.1":["{{m}}",2030708,528780],"chl_oc3\/12.0.2":["{{m}}",2559488,3140758],"chl_oc3\/12.0.3":["{{m}}",5700246,2681447],"chl_oc3\/12.0.4":["{{m}}",8381693,2917547],"chl_oc3\/12.1.0":["{{m}}",11299240,1146987],"chl_oc3\/12.1.1":["{{m}}",12446227,1551184],"chl_oc3\/12.1.2":["{{m}}",13997411,1985370],"chl_oc3\/12.1.3":["{{m}}",15982781,1950504],"chl_oc3\/12.1.4":["{{m}}",17933285,982910],"chl_oc3\/12.2.0":["{{m}}",18916195,2054426],"chl_oc3\/12.2.1":["{{m}}",20970621,2061943],"chl_oc3\/12.2.2":["{{m}}",23032564,130239],"chl_oc3\/12.2.3":["{{m}}",23162803,1242987],"chl_oc3\/12.2.4":["{{m}}",24405790,2833258],"chl_oc3\/12.3.0":["{{m}}",27239048,996406],"chl_oc3\/12.3.1":["{{m}}",28235454,2281611],"chl_oc3\/12.3.2":["{{m}}",30517065,902545],"chl_oc3\/12.3.3":["{{m}}",31419610,1008207],"chl_oc3\/12.3.4":["{{m}}",32427817,1594962],"chl_oc3\/12.4.0":["{{m}}",34022779,925740],"chl_oc3\/12.4.1":["{{m}}",34948519,761258],"chl_oc3\/12.4.2":["{{m}}",35709777,772697],"chl_oc3\/12.4.3":["{{m}}",36482474,1122169],"chl_oc3\/12.4.4":["{{m}}",37604643,133237],"chl_oc3\/13.0.0":["{{n}}",151221,110711],"chl_oc3\/13.0.1":["{{n}}",261932,1079187],"chl_oc3\/13.0.2":["{{n}}",1341119,2767021],"chl_oc3\/13.0.3":["{{n}}",4108140,5120787],"chl_oc3\/13.0.4":["{{n}}",9228927,523874],"chl_oc3\/13.1.0":["{{n}}",9752801,22970],"chl_oc3\/13.1.1":["{{n}}",9775771,2513773],"chl_oc3\/13.1.2":["{{n}}",12289544,2053408],"chl_oc3\/13.1.3":["{{n}}",14342952,1838436],"chl_oc3\/13.1.4":["{{n}}",16181388,658237],"chl_oc3\/13.2.0":["{{n}}",16839625,12762],"chl_oc3\/13.2.1":["{{n}}",16852387,1314484],"chl_oc3\/13.2.2":["{{n}}",18166871,14582],"chl_oc3\/13.2.3":["{{n}}",18181453,1175013],"chl_oc3\/13.2.4":["{{n}}",19356466,2775801],"chl_oc3\/13.3.0":["{{n}}",22132267,10921],"chl_oc3\/13.3.1":["{{n}}",22143188,2324632],"chl_oc3\/13.3.2":["{{n}}",24467820,1405197],"chl_oc3\/13.3.3":["{{n}}",25873017,1946872],"chl_oc3\/13.3.4":["{{n}}",27819889,1884830],"chl_oc3\/13.4.0":["{{n}}",29704719,10976],"chl_oc3\/13.4.1":["{{n}}",29715695,1231031],"chl_oc3\/13.4.2":["{{n}}",30946726,402287],"chl_oc3\/13.4.3":["{{n}}",31349013,1427876],"chl_oc3\/13.4.4":["{{n}}",32776889,1743559],"chl_oc3\/14.0.0":["{{o}}",151221,861549],"chl_oc3\/14.0.1":["{{o}}",1012770,748062],"chl_oc3\/14.0.2":["{{o}}",1760832,2807204],"chl_oc3\/14.0.3":["{{o}}",4568036,3602430],"chl_oc3\/14.0.4":["{{o}}",8170466,2596106],"chl_oc3\/14.1.0":["{{o}}",10766572,955250],"chl_oc3\/14.1.1":["{{o}}",11721822,921305],"chl_oc3\/14.1.2":["{{o}}",12643127,1385633],"chl_oc3\/14.1.3":["{{o}}",14028760,2118767],"chl_oc3\/14.1.4":["{{o}}",16147527,2953758],"chl_oc3\/14.2.0":["{{o}}",19101285,1735510],"chl_oc3\/14.2.1":["{{o}}",20836795,3339578],"chl_oc3\/14.2.2":["{{o}}",24176373,20261],"chl_oc3\/14.2.3":["{{o}}",24196634,1459990],"chl_oc3\/14.2.4":["{{o}}",25656624,3307060],"chl_oc3\/14.3.0":["{{o}}",28963684,1380589],"chl_oc3\/14.3.1":["{{o}}",30344273,1649009],"chl_oc3\/14.3.2":["{{o}}",31993282,1619711],"chl_oc3\/14.3.3":["{{o}}",33612993,2156574],"chl_oc3\/14.3.4":["{{o}}",35769567,301352],"chl_oc3\/14.4.0":["{{o}}",36070919,496774],"chl_oc3\/14.4.1":["{{o}}",36567693,747513],"chl_oc3\/14.4.2":["{{o}}",37315206,124895],"chl_oc3\/14.4.3":["{{o}}",37440101,1796673],"chl_oc3\/14.4.4":["{{o}}",39236774,654967],"chl_oc3\/15.0.0":["{{p}}",151221,36024],"chl_oc3\/15.0.1":["{{p}}",187245,1217597],"chl_oc3\/15.0.2":["{{p}}",1404842,2860258],"chl_oc3\/15.0.3":["{{p}}",4265100,3750330],"chl_oc3\/15.0.4":["{{p}}",8015430,1835219],"chl_oc3\/15.1.0":["{{p}}",9850649,1089113],"chl_oc3\/15.1.1":["{{p}}",10939762,2010445],"chl_oc3\/15.1.2":["{{p}}",12950207,1146378],"chl_oc3\/15.1.3":["{{p}}",14096585,982574],"chl_oc3\/15.1.4":["{{p}}",15079159,2456117],"chl_oc3\/15.2.0":["{{p}}",17535276,2219511],"chl_oc3\/15.2.1":["{{p}}",19754787,2399314],"chl_oc3\/15.2.2":["{{p}}",22154101,42261],"chl_oc3\/15.2.3":["{{p}}",22196362,460964],"chl_oc3\/15.2.4":["{{p}}",22657326,3034723],"chl_oc3\/15.3.0":["{{p}}",25692049,2289323],"chl_oc3\/15.3.1":["{{p}}",27981372,833070],"chl_oc3\/15.3.2":["{{p}}",28814442,602885],"chl_oc3\/15.3.3":["{{p}}",29417327,1305569],"chl_oc3\/15.3.4":["{{p}}",30722896,870899],"chl_oc3\/15.4.0":["{{p}}",31593795,1121819],"chl_oc3\/15.4.1":["{{p}}",32715614,1310794],"chl_oc3\/15.4.2":["{{p}}",34026408,329642],"chl_oc3\/15.4.3":["{{p}}",34356050,515642],"chl_oc3\/15.4.4":["{{p}}",34871692,1828388],"chl_oc3\/16.0.0":["{{q}}",151221,655640],"chl_oc3\/16.0.1":["{{q}}",806861,1119603],"chl_oc3\/16.0.2":["{{q}}",1926464,3073253],"chl_oc3\/16.0.3":["{{q}}",4999717,4129549],"chl_oc3\/16.0.4":["{{q}}",9129266,2656510],"chl_oc3\/16.1.0":["{{q}}",11785776,465745],"chl_oc3\/16.1.1":["{{q}}",12251521,521364],"chl_oc3\/16.1.2":["{{q}}",12772885,1796374],"chl_oc3\/16.1.3":["{{q}}",14569259,2018843],"chl_oc3\/16.1.4":["{{q}}",16588102,542131],"chl_oc3\/16.2.0":["{{q}}",17130233,319166],"chl_oc3\/16.2.1":["{{q}}",17449399,1795089],"chl_oc3\/16.2.2":["{{q}}",19244488,34815],"chl_oc3\/16.2.3":["{{q}}",19279303,2446109],"chl_oc3\/16.2.4":["{{q}}",21725412,777818],"chl_oc3\/16.3.0":["{{q}}",22503230,151662],"chl_oc3\/16.3.1":["{{q}}",22654892,797693],"chl_oc3\/16.3.2":["{{q}}",23452585,1180868],"chl_oc3\/16.3.3":["{{q}}",24633453,1984811],"chl_oc3\/16.3.4":["{{q}}",26618264,757061],"chl_oc3\/16.4.0":["{{q}}",27375325,239545],"chl_oc3\/16.4.1":["{{q}}",27614870,2679244],"chl_oc3\/16.4.2":["{{q}}",30294114,1695542],"chl_oc3\/16.4.3":["{{q}}",31989656,261478],"chl_oc3\/16.4.4":["{{q}}",32251134,1241629],"chl_oc3\/17.0.0":["{{r}}",151221,261471],"chl_oc3\/17.0.1":["{{r}}",412692,1861565],"chl_oc3\/17.0.2":["{{r}}",2274257,1795830],"chl_oc3\/17.0.3":["{{r}}",4070087,2467554],"chl_oc3\/17.0.4":["{{r}}",6537641,1255256],"chl_oc3\/17.1.0":["{{r}}",7792897,2009096],"chl_oc3\/17.1.1":["{{r}}",9801993,1753089],"chl_oc3\/17.1.2":["{{r}}",11555082,346469],"chl_oc3\/17.1.3":["{{r}}",11901551,190228],"chl_oc3\/17.1.4":["{{r}}",12091779,513809],"chl_oc3\/17.2.0":["{{r}}",12605588,2587169],"chl_oc3\/17.2.1":["{{r}}",15192757,1101307],"chl_oc3\/17.2.2":["{{r}}",16294064,59535],"chl_oc3\/17.2.3":["{{r}}",16353599,942575],"chl_oc3\/17.2.4":["{{r}}",17296174,2089014],"chl_oc3\/17.3.0":["{{r}}",19385188,2135946],"chl_oc3\/17.3.1":["{{r}}",21521134,769651],"chl_oc3\/17.3.2":["{{r}}",22290785,1437771],"chl_oc3\/17.3.3":["{{r}}",23728556,1550852],"chl_oc3\/17.3.4":["{{r}}",25279408,2006590],"chl_oc3\/17.4.0":["{{r}}",27285998,533444],"chl_oc3\/17.4.1":["{{r}}",27819442,814537],"chl_oc3\/17.4.2":["{{r}}",28633979,2084744],"chl_oc3\/17.4.3":["{{r}}",30718723,2400963],"chl_oc3\/17.4.4":["{{r}}",33119686,417872],"chl_oc3\/18.0.0":["{{s}}",151221,383468],"chl_oc3\/18.0.1":["{{s}}",534689,697325],"chl_oc3\/18.0.2":["{{s}}",1232014,3125756],"chl_oc3\/18.0.3":["{{s}}",4357770,3043641],"chl_oc3\/18.0.4":["{{s}}",7401411,10921],"chl_oc3\/18.1.0":["{{s}}",7412332,96046],"chl_oc3\/18.1.1":["{{s}}",7508378,1166869],"chl_oc3\/18.1.2":["{{s}}",8675247,1300147],"chl_oc3\/18.1.3":["{{s}}",9975394,837557],"chl_oc3\/18.1.4":["{{s}}",10812951,11097],"chl_oc3\/18.2.0":["{{s}}",10824048,970606],"chl_oc3\/18.2.1":["{{s}}",11794654,2121743],"chl_oc3\/18.2.2":["{{s}}",13916397,35426],"chl_oc3\/18.2.3":["{{s}}",13951823,1860708],"chl_oc3\/18.2.4":["{{s}}",15812531,824023],"chl_oc3\/18.3.0":["{{s}}",16636554,153544],"chl_oc3\/18.3.1":["{{s}}",16790098,1987190],"chl_oc3\/18.3.2":["{{s}}",18777288,1427320],"chl_oc3\/18.3.3":["{{s}}",20204608,1882924],"chl_oc3\/18.3.4":["{{s}}",22087532,1249133],"chl_oc3\/18.4.0":["{{s}}",23336665,22246],"chl_oc3\/18.4.1":["{{s}}",23358911,182879],"chl_oc3\/18.4.2":["{{s}}",23541790,969491],"chl_oc3\/18.4.3":["{{s}}",24511281,747739],"chl_oc3\/18.4.4":["{{s}}",25259020,1202709],"chl_oc3\/19.0.0":["{{t}}",151221,602462],"chl_oc3\/19.0.1":["{{t}}",753683,732291],"chl_oc3\/19.0.2":["{{t}}",1485974,2797610],"chl_oc3\/19.0.3":["{{t}}",4283584,3652947],"chl_oc3\/19.0.4":["{{t}}",7936531,2733287],"chl_oc3\/19.1.0":["{{t}}",10669818,542959],"chl_oc3\/19.1.1":["{{t}}",11212777,1665141],"chl_oc3\/19.1.2":["{{t}}",12877918,385963],"chl_oc3\/19.1.3":["{{t}}",13263881,1194714],"chl_oc3\/19.1.4":["{{t}}",14458595,797726],"chl_oc3\/19.2.0":["{{t}}",15256321,2712732],"chl_oc3\/19.2.1":["{{t}}",17969053,2479749],"chl_oc3\/19.2.2":["{{t}}",20448802,105609],"chl_oc3\/19.2.3":["{{t}}",20554411,785923],"chl_oc3\/19.2.4":["{{t}}",21340334,2440946],"chl_oc3\/19.3.0":["{{t}}",23781280,268486],"chl_oc3\/19.3.1":["{{t}}",24049766,2323482],"chl_oc3\/19.3.2":["{{t}}",26373248,593371],"chl_oc3\/19.3.3":["{{t}}",26966619,2186477],"chl_oc3\/19.3.4":["{{t}}",29153096,1939265],"chl_oc3\/19.4.0":["{{t}}",31092361,654097],"chl_oc3\/19.4.1":["{{t}}",31746458,2177320],"chl_oc3\/19.4.2":["{{t}}",33923778,597479],"chl_oc3\/19.4.3":["{{t}}",34521257,391455],"chl_oc3\/19.4.4":["{{t}}",34912712,47387],"chl_oc3\/20.0.0":["{{u}}",151221,311155],"chl_oc3\/20.0.1":["{{u}}",462376,795140],"chl_oc3\/20.0.2":["{{u}}",1257516,2120884],"chl_oc3\/20.0.3":["{{u}}",3378400,5222916],"chl_oc3\/20.0.4":["{{u}}",8601316,252893],"chl_oc3\/20.1.0":["{{u}}",8854209,13307],"chl_oc3\/20.1.1":["{{u}}",8867516,464927],"chl_oc3\/20.1.2":["{{u}}",9332443,623276],"chl_oc3\/20.1.3":["{{u}}",9955719,1189826],"chl_oc3\/20.1.4":["{{u}}",11145545,94762],"chl_oc3\/20.2.0":["{{u}}",11240307,140960],"chl_oc3\/20.2.1":["{{u}}",11381267,2660009],"chl_oc3\/20.2.2":["{{u}}",14041276,11505],"chl_oc3\/20.2.3":["{{u}}",14052781,1110304],"chl_oc3\/20.2.4":["{{u}}",15163085,1601187],"chl_oc3\/20.3.0":["{{u}}",16764272,11881],"chl_oc3\/20.3.1":["{{u}}",16776153,1970627],"chl_oc3\/20.3.2":["{{u}}",18746780,1697243],"chl_oc3\/20.3.3":["{{u}}",20444023,787127],"chl_oc3\/20.3.4":["{{u}}",21231150,2123079],"chl_oc3\/20.4.0":["{{u}}",23354229,10921],"chl_oc3\/20.4.1":["{{u}}",23365150,1251609],"chl_oc3\/20.4.2":["{{u}}",24616759,1118365],"chl_oc3\/20.4.3":["{{u}}",25735124,260594],"chl_oc3\/20.4.4":["{{u}}",25995718,478517],"chl_oc3\/21.0.0":["{{v}}",151221,727669],"chl_oc3\/21.0.1":["{{v}}",878890,1009793],"chl_oc3\/21.0.2":["{{v}}",1888683,1999495],"chl_oc3\/21.0.3":["{{v}}",3888178,2675957],"chl_oc3\/21.0.4":["{{v}}",6564135,2168114],"chl_oc3\/21.1.0":["{{v}}",8732249,14906],"chl_oc3\/21.1.1":["{{v}}",8747155,429241],"chl_oc3\/21.1.2":["{{v}}",9176396,1401505],"chl_oc3\/21.1.3":["{{v}}",10577901,1784498],"chl_oc3\/21.1.4":["{{v}}",12362399,1366041],"chl_oc3\/21.2.0":["{{v}}",13728440,1106391],"chl_oc3\/21.2.1":["{{v}}",14834831,1417996],"chl_oc3\/21.2.2":["{{v}}",16252827,89267],"chl_oc3\/21.2.3":["{{v}}",16342094,1362771],"chl_oc3\/21.2.4":["{{v}}",17704865,2330347],"chl_oc3\/21.3.0":["{{v}}",20035212,1742479],"chl_oc3\/21.3.1":["{{v}}",21777691,1725108],"chl_oc3\/21.3.2":["{{v}}",23502799,3695806],"chl_oc3\/21.3.3":["{{v}}",27198605,942122],"chl_oc3\/21.3.4":["{{v}}",28140727,930853],"chl_oc3\/21.4.0":["{{v}}",29071580,602851],"chl_oc3\/21.4.1":["{{v}}",29674431,996167],"chl_oc3\/21.4.2":["{{v}}",30670598,1136920],"chl_oc3\/21.4.3":["{{v}}",31807518,272768],"chl_oc3\/21.4.4":["{{v}}",32080286,265549],"chl_oc3\/22.0.0":["{{w}}",151221,253299],"chl_oc3\/22.0.1":["{{w}}",404520,1526226],"chl_oc3\/22.0.2":["{{w}}",1930746,3792730],"chl_oc3\/22.0.3":["{{w}}",5723476,1748577],"chl_oc3\/22.0.4":["{{w}}",7472053,14406],"chl_oc3\/22.1.0":["{{w}}",7486459,10953],"chl_oc3\/22.1.1":["{{w}}",7497412,1456853],"chl_oc3\/22.1.2":["{{w}}",8954265,1698650],"chl_oc3\/22.1.3":["{{w}}",10652915,1096506],"chl_oc3\/22.1.4":["{{w}}",11749421,150064],"chl_oc3\/22.2.0":["{{w}}",11899485,10921],"chl_oc3\/22.2.1":["{{w}}",11910406,1557851],"chl_oc3\/22.2.2":["{{w}}",13468257,51626],"chl_oc3\/22.2.3":["{{w}}",13519883,831420],"chl_oc3\/22.2.4":["{{w}}",14351303,2452663],"chl_oc3\/22.3.0":["{{w}}",16803966,2085732],"chl_oc3\/22.3.1":["{{w}}",18889698,3826264],"chl_oc3\/22.3.2":["{{w}}",22715962,3274579],"chl_oc3\/22.3.3":["{{w}}",25990541,1445416],"chl_oc3\/22.3.4":["{{w}}",27435957,2047053],"chl_oc3\/22.4.0":["{{w}}",29483010,1719728],"chl_oc3\/22.4.1":["{{w}}",31202738,2490552],"chl_oc3\/22.4.2":["{{w}}",33693290,1052444],"chl_oc3\/22.4.3":["{{w}}",34745734,498431],"chl_oc3\/22.4.4":["{{w}}",35244165,256387],"chl_oc3\/23.0.0":["{{x}}",151221,2078129],"chl_oc3\/23.0.1":["{{x}}",2229350,1025777],"chl_oc3\/23.0.2":["{{x}}",3255127,2138317],"chl_oc3\/23.0.3":["{{x}}",5393444,1211905],"chl_oc3\/23.0.4":["{{x}}",6605349,2655575],"chl_oc3\/23.1.0":["{{x}}",9260924,393037],"chl_oc3\/23.1.1":["{{x}}",9653961,556122],"chl_oc3\/23.1.2":["{{x}}",10210083,2248192],"chl_oc3\/23.1.3":["{{x}}",12458275,1757065],"chl_oc3\/23.1.4":["{{x}}",14215340,1565553],"chl_oc3\/23.2.0":["{{x}}",15780893,364295],"chl_oc3\/23.2.1":["{{x}}",16145188,1474332],"chl_oc3\/23.2.2":["{{x}}",17619520,41971],"chl_oc3\/23.2.3":["{{x}}",17661491,2566586],"chl_oc3\/23.2.4":["{{x}}",20228077,859114],"chl_oc3\/23.3.0":["{{x}}",21087191,1091826],"chl_oc3\/23.3.1":["{{x}}",22179017,3800963],"chl_oc3\/23.3.2":["{{x}}",25979980,4400566],"chl_oc3\/23.3.3":["{{x}}",30380546,2542009],"chl_oc3\/23.3.4":["{{x}}",32922555,1249692],"chl_oc3\/23.4.0":["{{x}}",34172247,243565],"chl_oc3\/23.4.1":["{{x}}",34415812,3358107],"chl_oc3\/23.4.2":["{{x}}",37773919,2896007],"chl_oc3\/23.4.3":["{{x}}",40669926,1490925],"chl_oc3\/23.4.4":["{{x}}",42160851,158368],"chl_oc3\/24.0.0":["{{y}}",151221,660355],"chl_oc3\/24.0.1":["{{y}}",811576,739538],"chl_oc3\/24.0.2":["{{y}}",1551114,2908197],"chl_oc3\/24.0.3":["{{y}}",4459311,891762],"chl_oc3\/24.0.4":["{{y}}",5351073,814348],"chl_oc3\/24.1.0":["{{y}}",6165421,1574678],"chl_oc3\/24.1.1":["{{y}}",7740099,2546066],"chl_oc3\/24.1.2":["{{y}}",10286165,1555669],"chl_oc3\/24.1.3":["{{y}}",11841834,1166783],"chl_oc3\/24.1.4":["{{y}}",13008617,1740815],"chl_oc3\/24.2.0":["{{y}}",14749432,3050030],"chl_oc3\/24.2.1":["{{y}}",17799462,524723],"chl_oc3\/24.2.2":["{{y}}",18324185,14069],"chl_oc3\/24.2.3":["{{y}}",18338254,940949],"chl_oc3\/24.2.4":["{{y}}",19279203,2328006],"chl_oc3\/24.3.0":["{{y}}",21607209,1190688],"chl_oc3\/24.3.1":["{{y}}",22797897,3054527],"chl_oc3\/24.3.2":["{{y}}",25852424,3575749],"chl_oc3\/24.3.3":["{{y}}",29428173,2213403],"chl_oc3\/24.3.4":["{{y}}",31641576,4161025],"chl_oc3\/24.4.0":["{{y}}",35802601,1163689],"chl_oc3\/24.4.1":["{{y}}",36966290,443559],"chl_oc3\/24.4.2":["{{y}}",37409849,2993981],"chl_oc3\/24.4.3":["{{y}}",40403830,2537540],"chl_oc3\/24.4.4":["{{y}}",42941370,1376015],"chl_oc3\/25.0.0":["{{z}}",151221,1459202],"chl_oc3\/25.0.1":["{{z}}",1610423,1115187],"chl_oc3\/25.0.2":["{{z}}",2725610,1748162],"chl_oc3\/25.0.3":["{{z}}",4473772,1808139],"chl_oc3\/25.0.4":["{{z}}",6281911,1849169],"chl_oc3\/25.1.0":["{{z}}",8131080,209760],"chl_oc3\/25.1.1":["{{z}}",8340840,1677972],"chl_oc3\/25.1.2":["{{z}}",10018812,2241477],"chl_oc3\/25.1.3":["{{z}}",12260289,1430642],"chl_oc3\/25.1.4":["{{z}}",13690931,1342739],"chl_oc3\/25.2.0":["{{z}}",15033670,751138],"chl_oc3\/25.2.1":["{{z}}",15784808,1829640],"chl_oc3\/25.2.2":["{{z}}",17614448,44387],"chl_oc3\/25.2.3":["{{z}}",17658835,2244790],"chl_oc3\/25.2.4":["{{z}}",19903625,930740],"chl_oc3\/25.3.0":["{{z}}",20834365,146154],"chl_oc3\/25.3.1":["{{z}}",20980519,1674885],"chl_oc3\/25.3.2":["{{z}}",22655404,3057990],"chl_oc3\/25.3.3":["{{z}}",25713394,2311534],"chl_oc3\/25.3.4":["{{z}}",28024928,1798703],"chl_oc3\/25.4.0":["{{z}}",29823631,98654],"chl_oc3\/25.4.1":["{{z}}",29922285,1232985],"chl_oc3\/25.4.2":["{{z}}",31155270,104575],"chl_oc3\/25.4.3":["{{z}}",31259845,2144743],"chl_oc3\/25.4.4":["{{z}}",33404588,1606970],"chl_oc3\/26.0.0":["{{A}}",151221,2731797],"chl_oc3\/26.0.1":["{{A}}",2883018,1558944],"chl_oc3\/26.0.2":["{{A}}",4441962,1211022],"chl_oc3\/26.0.3":["{{A}}",5652984,1388939],"chl_oc3\/26.0.4":["{{A}}",7041923,1233974],"chl_oc3\/26.1.0":["{{A}}",8275897,2427288],"chl_oc3\/26.1.1":["{{A}}",10703185,2161783],"chl_oc3\/26.1.2":["{{A}}",12864968,1284956],"chl_oc3\/26.1.3":["{{A}}",14149924,1433401],"chl_oc3\/26.1.4":["{{A}}",15583325,1386974],"chl_oc3\/26.2.0":["{{A}}",16970299,2096656],"chl_oc3\/26.2.1":["{{A}}",19066955,787530],"chl_oc3\/26.2.2":["{{A}}",19854485,35938],"chl_oc3\/26.2.3":["{{A}}",19890423,770721],"chl_oc3\/26.2.4":["{{A}}",20661144,2816786],"chl_oc3\/26.3.0":["{{A}}",23477930,389041],"chl_oc3\/26.3.1":["{{A}}",23866971,1338244],"chl_oc3\/26.3.2":["{{A}}",25205215,1554702],"chl_oc3\/26.3.3":["{{A}}",26759917,2863567],"chl_oc3\/26.3.4":["{{A}}",29623484,3527961],"chl_oc3\/26.4.0":["{{A}}",33151445,31183],"chl_oc3\/26.4.1":["{{A}}",33182628,831746],"chl_oc3\/26.4.2":["{{A}}",34014374,1560300],"chl_oc3\/26.4.3":["{{A}}",35574674,798533],"chl_oc3\/26.4.4":["{{A}}",36373207,294268],"chl_oc3\/27.0.0":["{{B}}",151221,715852],"chl_oc3\/27.0.1":["{{B}}",867073,1089519],"chl_oc3\/27.0.2":["{{B}}",1956592,1785041],"chl_oc3\/27.0.3":["{{B}}",3741633,1822811],"chl_oc3\/27.0.4":["{{B}}",5564444,21016],"chl_oc3\/27.1.0":["{{B}}",5585460,246772],"chl_oc3\/27.1.1":["{{B}}",5832232,1890781],"chl_oc3\/27.1.2":["{{B}}",7723013,1801378],"chl_oc3\/27.1.3":["{{B}}",9524391,1247485],"chl_oc3\/27.1.4":["{{B}}",10771876,149276],"chl_oc3\/27.2.0":["{{B}}",10921152,475144],"chl_oc3\/27.2.1":["{{B}}",11396296,1988645],"chl_oc3\/27.2.2":["{{B}}",13384941,12290],"chl_oc3\/27.2.3":["{{B}}",13397231,1092322],"chl_oc3\/27.2.4":["{{B}}",14489553,1573849],"chl_oc3\/27.3.0":["{{B}}",16063402,11089],"chl_oc3\/27.3.1":["{{B}}",16074491,1172624],"chl_oc3\/27.3.2":["{{B}}",17247115,1676258],"chl_oc3\/27.3.3":["{{B}}",18923373,1375320],"chl_oc3\/27.3.4":["{{B}}",20298693,2397755],"chl_oc3\/27.4.0":["{{B}}",22696448,10921],"chl_oc3\/27.4.1":["{{B}}",22707369,354441],"chl_oc3\/27.4.2":["{{B}}",23061810,2118067],"chl_oc3\/27.4.3":["{{B}}",25179877,825938],"chl_oc3\/27.4.4":["{{B}}",26005815,924298],"chl_oc3\/28.0.0":["{{C}}",151221,2301574],"chl_oc3\/28.0.1":["{{C}}",2452795,745898],"chl_oc3\/28.0.2":["{{C}}",3198693,882540],"chl_oc3\/28.0.3":["{{C}}",4081233,1480696],"chl_oc3\/28.0.4":["{{C}}",5561929,265408],"chl_oc3\/28.1.0":["{{C}}",5827337,532967],"chl_oc3\/28.1.1":["{{C}}",6360304,1178131],"chl_oc3\/28.1.2":["{{C}}",7538435,1213131],"chl_oc3\/28.1.3":["{{C}}",8751566,1300321],"chl_oc3\/28.1.4":["{{C}}",10051887,718948],"chl_oc3\/28.2.0":["{{C}}",10770835,30586],"chl_oc3\/28.2.1":["{{C}}",10801421,855103],"chl_oc3\/28.2.2":["{{C}}",11656524,65623],"chl_oc3\/28.2.3":["{{C}}",11722147,744246],"chl_oc3\/28.2.4":["{{C}}",12466393,3607426],"chl_oc3\/28.3.0":["{{C}}",16073819,1367735],"chl_oc3\/28.3.1":["{{C}}",17441554,1191895],"chl_oc3\/28.3.2":["{{C}}",18633449,647102],"chl_oc3\/28.3.3":["{{C}}",19280551,1721285],"chl_oc3\/28.3.4":["{{C}}",21001836,967286],"chl_oc3\/28.4.0":["{{C}}",21969122,180001],"chl_oc3\/28.4.1":["{{C}}",22149123,1019145],"chl_oc3\/28.4.2":["{{C}}",23168268,306598],"chl_oc3\/28.4.3":["{{C}}",23474866,825045],"chl_oc3\/28.4.4":["{{C}}",24299911,697553],"chl_oc3\/29.0.0":["{{D}}",151221,123324],"chl_oc3\/29.0.1":["{{D}}",274545,792206],"chl_oc3\/29.0.2":["{{D}}",1066751,2357537],"chl_oc3\/29.0.3":["{{D}}",3424288,2230107],"chl_oc3\/29.0.4":["{{D}}",5654395,177780],"chl_oc3\/29.1.0":["{{D}}",5832175,111834],"chl_oc3\/29.1.1":["{{D}}",5944009,1979620],"chl_oc3\/29.1.2":["{{D}}",7923629,1807700],"chl_oc3\/29.1.3":["{{D}}",9731329,1442679],"chl_oc3\/29.1.4":["{{D}}",11174008,150722],"chl_oc3\/29.2.0":["{{D}}",11324730,36952],"chl_oc3\/29.2.1":["{{D}}",11361682,2537471],"chl_oc3\/29.2.2":["{{D}}",13899153,39971],"chl_oc3\/29.2.3":["{{D}}",13939124,913410],"chl_oc3\/29.2.4":["{{D}}",14852534,2201523],"chl_oc3\/29.3.0":["{{D}}",17054057,10921],"chl_oc3\/29.3.1":["{{D}}",17064978,2180426],"chl_oc3\/29.3.2":["{{D}}",19245404,3521758],"chl_oc3\/29.3.3":["{{D}}",22767162,1576204],"chl_oc3\/29.3.4":["{{D}}",24343366,2249466],"chl_oc3\/29.4.0":["{{D}}",26592832,11842],"chl_oc3\/29.4.1":["{{D}}",26604674,1186349],"chl_oc3\/29.4.2":["{{D}}",27791023,64116],"chl_oc3\/29.4.3":["{{D}}",27855139,814305],"chl_oc3\/29.4.4":["{{D}}",28669444,2271036]}}