{"version":1,"templates":{"a":"s3:\/\/imos-data\/IMOS\/SRS\/OC\/gridded\/aqua\/P1D\/2007\/10\/A.P1D.20071001T053000Z.aust.K_490.nc","b":"s3:\/\/imos-data\/IMOS\/SRS\/OC\/gridded\/aqua\/P1D\/2007\/10\/A.P1D.20071002T053000Z.aust.K_490.nc","c":"s3:\/\/imos-data\/IMOS\/SRS\/OC\/gridded\/aqua\/P1D\/2007\/10\/A.P1D.20071003T053000Z.aust.K_490.nc","d":"s3:\/\/imos-data\/IMOS\/SRS\/OC\/gridded\/aqua\/P1D\/2007\/10\/A.P1D.20071004T053000Z.aust.K_490.nc","e":"s3:\/\/imos-data\/IMOS\/SRS\/OC\/gridded\/aqua\/P1D\/2007\/10\/A.P1D.20071005T053000Z.aust.K_490.nc","f":"s3:\/\/imos-data\/IMOS\/SRS\/OC\/gridded\/aqua\/P1D\/2007\/10\/A.P1D.20071006T053000Z.aust.K_490.nc","g":"s3:\/\/imos-data\/IMOS\/SRS\/OC\/gridded\/aqua\/P1D\/2007\/10\/A.P1D.20071007T053000Z.aust.K_490.nc","h":"s3:\/\/imos-data\/IMOS\/SRS\/OC\/gridded\/aqua\/P1D\/2007\/10\/A.P1D.20071008T053000Z.aust.K_490.nc","i":"s3:\/\/imos-data\/IMOS\/SRS\/OC\/gridded\/aqua\/P1D\/2007\/10\/A.P1D.20071009T053000Z.aust.K_490.nc","j":"s3:\/\/imos-data\/IMOS\/SRS\/OC\/gridded\/aqua\/P1D\/2007\/10\/A.P1D.20071010T053000Z.aust.K_490.nc","k":"s3:\/\/imos-data\/IMOS\/SRS\/OC\/gridded\/aqua\/P1D\/2007\/10\/A.P1D.20071011T053000Z.aust.K_490.nc","l":"s3:\/\/imos-data\/IMOS\/SRS\/OC\/gridded\/aqua\/P1D\/2007\/10\/A.P1D.20071012T053000Z.aust.K_490.nc","m":"s3:\/\/imos-data\/IMOS\/SRS\/OC\/gridded\/aqua\/P1D\/2007\/10\/A.P1D.20071013T053000Z.aust.K_490.nc","n":"s3:\/\/imos-data\/IMOS\/SRS\/OC\/gridded\/aqua\/P1D\/2007\/10\/A.P1D.20071014T053000Z.aust.K_490.nc","o":"s3:\/\/imos-data\/IMOS\/SRS\/OC\/gridded\/aqua\/P1D\/2007\/10\/A.P1D.20071015T053000Z.aust.K_490.nc","p":"s3:\/\/imos-data\/IMOS\/SRS\/OC\/gridded\/aqua\/P1D\/2007\/10\/A.P1D.20071016T053000Z.aust.K_490.nc","q":"s3:\/\/imos-data\/IMOS\/SRS\/OC\/gridded\/aqua\/P1D\/2007\/10\/A.P1D.20071017T053000Z.aust.K_490.nc","r":"s3:\/\/imos-data\/IMOS\/SRS\/OC\/gridded\/aqua\/P1D\/2007\/10\/A.P1D.20071018T053000Z.aust.K_490.nc","s":"s3:\/\/imos-data\/IMOS\/SRS\/OC\/gridded\/aqua\/P1D\/2007\/10\/A.P1D.20071019T053000Z.aust.K_490.nc","t":"s3:\/\/imos-data\/IMOS\/SRS\/OC\/gridded\/aqua\/P1D\/2007\/10\/A.P1D.20071020T053000Z.aust.K_490.nc","u":"s3:\/\/imos-data\/IMOS\/SRS\/OC\/gridded\/aqua\/P1D\/2007\/10\/A.P1D.20071021T053000Z.aust.K_490.nc","v":"s3:\/\/imos-data\/IMOS\/SRS\/OC\/gridded\/aqua\/P1D\/2007\/10\/A.P1D.20071022T053000Z.aust.K_490.nc","w":"s3:\/\/imos-data\/IMOS\/SRS\/OC\/gridded\/aqua\/P1D\/2007\/10\/A.P1D.20071023T053000Z.aust.K_490.nc","x":"s3:\/\/imos-data\/IMOS\/SRS\/OC\/gridded\/aqua\/P1D\/2007\/10\/A.P1D.20071024T053000Z.aust.K_490.nc","y":"s3:\/\/imos-data\/IMOS\/SRS\/OC\/gridded\/aqua\/P1D\/2007\/10\/A.P1D.20071025T053000Z.aust.K_490.nc","z":"s3:\/\/imos-data\/IMOS\/SRS\/OC\/gridded\/aqua\/P1D\/2007\/10\/A.P1D.20071026T053000Z.aust.K_490.nc","A":"s3:\/\/imos-data\/IMOS\/SRS\/OC\/gridded\/aqua\/P1D\/2007\/10\/A.P1D.20071027T053000Z.aust.K_490.nc","B":"s3:\/\/imos-data\/IMOS\/SRS\/OC\/gridded\/aqua\/P1D\/2007\/10\/A.P1D.20071028T053000Z.aust.K_490.nc","C":"s3:\/\/imos-data\/IMOS\/SRS\/OC\/gridded\/aqua\/P1D\/2007\/10\/A.P1D.20071029T053000Z.aust.K_490.nc","D":"s3:\/\/imos-data\/IMOS\/SRS\/OC\/gridded\/aqua\/P1D\/2007\/10\/A.P1D.20071030T053000Z.aust.K_490.nc","E":"s3:\/\/imos-data\/IMOS\/SRS\/OC\/gridded\/aqua\/P1D\/2007\/10\/A.P1D.20071031T053000Z.aust.K_490.nc"},"refs":{".zgroup":"{\"zarr_format\":2}",".zattrs":"{\"Conventions\":\"CF-1.6\",\"_NCProperties\":\"version=1|netcdflibversion=4.6.1|hdf5libversion=1.10.4\",\"_nc3_strict\":1,\"history\":\"File initialised at 2020-08-06T03:20:57.165423\\nInitialised var K_490 at 2020-08-06T03:21:53.002356\\nAdd Granule A20071001_0215.20190924232434.L2OC_BASE.K_490.nc at 2020-08-06T03:21:53.941396\\nAdd Granule A20071001_0220.20190920225541.L2OC_BASE.K_490.nc at 2020-08-06T03:21:54.163220\\nAdd Granule A20071001_0345.20190924234248.L2OC_BASE.K_490.nc at 2020-08-06T03:21:54.421033\\nAdd Granule A20071001_0350.20190920224737.L2OC_BASE.K_490.nc at 2020-08-06T03:21:54.624721\\nAdd Granule A20071001_0355.20190925001913.L2OC_BASE.K_490.nc at 2020-08-06T03:21:54.804858\\nAdd Granule A20071001_0400.20190925001441.L2OC_BASE.K_490.nc at 2020-08-06T03:21:54.975439\\nAdd Granule A20071001_0520.20190924231002.L2OC_BASE.K_490.nc at 2020-08-06T03:21:55.101911\\nAdd Granule A20071001_0525.20190925000334.L2OC_BASE.K_490.nc at 2020-08-06T03:21:55.422228\\nAdd Granule A20071001_0530.20190924234816.L2OC_BASE.K_490.nc at 2020-08-06T03:21:55.629877\\nAdd Granule A20071001_0535.20190924231719.L2OC_BASE.K_490.nc at 2020-08-06T03:21:55.816322\\nAdd Granule A20071001_0540.20190924235422.L2OC_BASE.K_490.nc at 2020-08-06T03:21:55.973622\\nAdd Granule A20071001_0700.20190924235928.L2OC_BASE.K_490.nc at 2020-08-06T03:21:56.158884\\nAdd Granule A20071001_0705.20190924230419.L2OC_BASE.K_490.nc at 2020-08-06T03:21:56.376676\\nAdd Granule A20071001_0710.20190924233505.L2OC_BASE.K_490.nc at 2020-08-06T03:21:56.590001\\nAdd Granule A20071001_0720.20190925001023.L2OC_BASE.K_490.nc at 2020-08-06T03:21:56.721541\",\"source_path\":\"imos-srs\\\/archive\\\/oc\\\/aqua\\\/1d\\\/v201909\\\/2007\\\/10\\\/A20071001.L2OC_BASE.aust.K_490.nc\"}","K_490\/.zarray":"{\"chunks\":[1,1401,2001],\"compressor\":{\"id\":\"zlib\",\"level\":4},\"dtype\":\"<f4\",\"fill_value\":-999.0,\"filters\":[{\"elementsize\":4,\"id\":\"shuffle\"}],\"order\":\"C\",\"shape\":[31,7001,10001],\"zarr_format\":2}","K_490\/.zattrs":"{\"_ARRAY_DIMENSIONS\":[\"time\",\"latitude\",\"longitude\"],\"flag_applied\":\"HISATZEN LAND CLDICE NAVFAIL\",\"long_name\":\"Diffuse attenuation coefficient at 490 nm (OBPG)\",\"units\":\"m^-1\"}","longitude\/.zarray":"{\n    \"chunks\": [\n        10001\n    ],\n    \"compressor\": null,\n    \"dtype\": \"<f8\",\n    \"fill_value\": 9.969209968386869e+36,\n    \"filters\": null,\n    \"order\": \"C\",\n    \"shape\": [\n        10001\n    ],\n    \"zarr_format\": 2\n}","longitude\/.zattrs":"{\n    \"NAME\": \"longitude\",\n    \"_ARRAY_DIMENSIONS\": [\n        \"longitude\"\n    ],\n    \"_Netcdf4Dimid\": 2,\n    \"axis\": \"X\",\n    \"long_name\": \"longitude\",\n    \"standard_name\": \"longitude\",\n    \"units\": \"degrees_east\"\n}","longitude\/0":["{{a}}",58400,80008],"latitude\/.zarray":"{\n    \"chunks\": [\n        7001\n    ],\n    \"compressor\": null,\n    \"dtype\": \"<f8\",\n    \"fill_value\": 9.969209968386869e+36,\n    \"filters\": null,\n    \"order\": \"C\",\n    \"shape\": [\n        7001\n    ],\n    \"zarr_format\": 2\n}","latitude\/.zattrs":"{\n    \"NAME\": \"latitude\",\n    \"_ARRAY_DIMENSIONS\": [\n        \"latitude\"\n    ],\n    \"_Netcdf4Dimid\": 1,\n    \"axis\": \"Y\",\n    \"long_name\": \"latitude\",\n    \"standard_name\": \"latitude\",\n    \"units\": \"degrees_north\"\n}","latitude\/0":["{{a}}",2392,56008],"time\/.zarray":"{\"chunks\":[31],\"compressor\":{\"blocksize\":0,\"clevel\":5,\"cname\":\"lz4\",\"id\":\"blosc\",\"shuffle\":1},\"dtype\":\"<M8[us]\",\"fill_value\":0,\"filters\":null,\"order\":\"C\",\"shape\":[31],\"zarr_format\":2}","time\/0":"base64:AgExCPgAAAD4AAAAsgAAABQAAACaAAAAHwABAAv7ASaG5kamBmbGJobmRqYGZsYQAPRbSyL50aiAVy4G3bSMYzsS6cGYb0ce9s2kfFMqAtmxiLrY9RMxT22LqcbkAiA+XHmXtdPxDyxKaIakwuD9Gzlne4+kuMzg9AgcMEVZbYGVqb3R5foOIjZKXnKGmq\/DOzs7Ozs7Ozs8PDw8PAUAFT0BAB8EAQALD9gAB1AAAAAAAA==","time\/.zattrs":"{\"NAME\":\"time\",\"_ARRAY_DIMENSIONS\":[\"time\"],\"_Netcdf4Dimid\":0,\"axis\":\"T\",\"long_name\":\"time\",\"standard_name\":\"time\"}","K_490\/0.0.0":["{{a}}",151229,59026],"K_490\/0.0.1":["{{a}}",210255,391972],"K_490\/0.0.2":["{{a}}",602227,1296640],"K_490\/0.0.3":["{{a}}",1898867,550358],"K_490\/0.0.4":["{{a}}",2449225,1460433],"K_490\/0.1.0":["{{a}}",3909658,79259],"K_490\/0.1.1":["{{a}}",3988917,1034342],"K_490\/0.1.2":["{{a}}",5023259,1878201],"K_490\/0.1.3":["{{a}}",6901460,662371],"K_490\/0.1.4":["{{a}}",7563831,3091156],"K_490\/0.2.0":["{{a}}",10654987,1503451],"K_490\/0.2.1":["{{a}}",12158438,1782803],"K_490\/0.2.2":["{{a}}",13941241,126902],"K_490\/0.2.3":["{{a}}",14068143,1546843],"K_490\/0.2.4":["{{a}}",15614986,3716323],"K_490\/0.3.0":["{{a}}",19331309,470019],"K_490\/0.3.1":["{{a}}",19801328,1010449],"K_490\/0.3.2":["{{a}}",20811777,3506340],"K_490\/0.3.3":["{{a}}",24318117,2855182],"K_490\/0.3.4":["{{a}}",27173299,663009],"K_490\/0.4.0":["{{a}}",27836308,159053],"K_490\/0.4.1":["{{a}}",27995361,461115],"K_490\/0.4.2":["{{a}}",28456476,1664922],"K_490\/0.4.3":["{{a}}",30121398,1124173],"K_490\/0.4.4":["{{a}}",31245571,749880],"K_490\/1.0.0":["{{b}}",151229,11705],"K_490\/1.0.1":["{{b}}",162934,214308],"K_490\/1.0.2":["{{b}}",377242,1282334],"K_490\/1.0.3":["{{b}}",1659576,1344336],"K_490\/1.0.4":["{{b}}",3003912,1216695],"K_490\/1.1.0":["{{b}}",4220607,833777],"K_490\/1.1.1":["{{b}}",5054384,3157484],"K_490\/1.1.2":["{{b}}",8211868,1315878],"K_490\/1.1.3":["{{b}}",9527746,1030193],"K_490\/1.1.4":["{{b}}",10557939,1243586],"K_490\/1.2.0":["{{b}}",11801525,2170295],"K_490\/1.2.1":["{{b}}",13971820,2146340],"K_490\/1.2.2":["{{b}}",16118160,99786],"K_490\/1.2.3":["{{b}}",16217946,790814],"K_490\/1.2.4":["{{b}}",17008760,2869294],"K_490\/1.3.0":["{{b}}",19878054,1345421],"K_490\/1.3.1":["{{b}}",21223475,2059869],"K_490\/1.3.2":["{{b}}",23283344,1757577],"K_490\/1.3.3":["{{b}}",25040921,2077056],"K_490\/1.3.4":["{{b}}",27117977,3236740],"K_490\/1.4.0":["{{b}}",30354717,1192369],"K_490\/1.4.1":["{{b}}",31547086,1065422],"K_490\/1.4.2":["{{b}}",32612508,470079],"K_490\/1.4.3":["{{b}}",33082587,1282669],"K_490\/1.4.4":["{{b}}",34365256,703648],"K_490\/2.0.0":["{{c}}",151229,184972],"K_490\/2.0.1":["{{c}}",336201,28852],"K_490\/2.0.2":["{{c}}",365053,1386138],"K_490\/2.0.3":["{{c}}",1751191,2074211],"K_490\/2.0.4":["{{c}}",3825402,2784838],"K_490\/2.1.0":["{{c}}",6610240,1059741],"K_490\/2.1.1":["{{c}}",7669981,1418229],"K_490\/2.1.2":["{{c}}",9088210,1870284],"K_490\/2.1.3":["{{c}}",10958494,1348486],"K_490\/2.1.4":["{{c}}",12306980,2011547],"K_490\/2.2.0":["{{c}}",14318527,1009667],"K_490\/2.2.1":["{{c}}",15328194,1856666],"K_490\/2.2.2":["{{c}}",17184860,121221],"K_490\/2.2.3":["{{c}}",17306081,1823042],"K_490\/2.2.4":["{{c}}",19129123,1212652],"K_490\/2.3.0":["{{c}}",20341775,623633],"K_490\/2.3.1":["{{c}}",20965408,1803554],"K_490\/2.3.2":["{{c}}",22768962,3221998],"K_490\/2.3.3":["{{c}}",25990960,2239451],"K_490\/2.3.4":["{{c}}",28230411,1439155],"K_490\/2.4.0":["{{c}}",29669566,279362],"K_490\/2.4.1":["{{c}}",29948928,1213065],"K_490\/2.4.2":["{{c}}",31161993,1642872],"K_490\/2.4.3":["{{c}}",32804865,488317],"K_490\/2.4.4":["{{c}}",33293182,586800],"K_490\/3.0.0":["{{d}}",151229,80307],"K_490\/3.0.1":["{{d}}",231536,501873],"K_490\/3.0.2":["{{d}}",733409,1700646],"K_490\/3.0.3":["{{d}}",2434055,1493563],"K_490\/3.0.4":["{{d}}",3927618,1495019],"K_490\/3.1.0":["{{d}}",5422637,1357649],"K_490\/3.1.1":["{{d}}",6780286,2548939],"K_490\/3.1.2":["{{d}}",9329225,1357826],"K_490\/3.1.3":["{{d}}",10687051,1206345],"K_490\/3.1.4":["{{d}}",11893396,2006543],"K_490\/3.2.0":["{{d}}",13899939,3260725],"K_490\/3.2.1":["{{d}}",17160664,1959806],"K_490\/3.2.2":["{{d}}",19120470,102186],"K_490\/3.2.3":["{{d}}",19222656,1011894],"K_490\/3.2.4":["{{d}}",20234550,3371339],"K_490\/3.3.0":["{{d}}",23605889,1673508],"K_490\/3.3.1":["{{d}}",25279397,2811168],"K_490\/3.3.2":["{{d}}",28090565,1934045],"K_490\/3.3.3":["{{d}}",30024610,1799298],"K_490\/3.3.4":["{{d}}",31823908,1962326],"K_490\/3.4.0":["{{d}}",33786234,20473],"K_490\/3.4.1":["{{d}}",33806707,414035],"K_490\/3.4.2":["{{d}}",34220742,2544353],"K_490\/3.4.3":["{{d}}",36765095,1990560],"K_490\/3.4.4":["{{d}}",38755655,671881],"K_490\/4.0.0":["{{e}}",151229,183066],"K_490\/4.0.1":["{{e}}",334295,365233],"K_490\/4.0.2":["{{e}}",699528,1074234],"K_490\/4.0.3":["{{e}}",1773762,2696518],"K_490\/4.0.4":["{{e}}",4470280,10921],"K_490\/4.1.0":["{{e}}",4481201,314104],"K_490\/4.1.1":["{{e}}",4795305,2187985],"K_490\/4.1.2":["{{e}}",6983290,2151478],"K_490\/4.1.3":["{{e}}",9134768,1866674],"K_490\/4.1.4":["{{e}}",11001442,92534],"K_490\/4.2.0":["{{e}}",11093976,717585],"K_490\/4.2.1":["{{e}}",11811561,2738212],"K_490\/4.2.2":["{{e}}",14549773,112335],"K_490\/4.2.3":["{{e}}",14662108,2608329],"K_490\/4.2.4":["{{e}}",17270437,1059524],"K_490\/4.3.0":["{{e}}",18329961,276994],"K_490\/4.3.1":["{{e}}",18606955,2713626],"K_490\/4.3.2":["{{e}}",21320581,3380800],"K_490\/4.3.3":["{{e}}",24701381,2438332],"K_490\/4.3.4":["{{e}}",27139713,1816020],"K_490\/4.4.0":["{{e}}",28955733,21164],"K_490\/4.4.1":["{{e}}",28976897,573017],"K_490\/4.4.2":["{{e}}",29549914,1651002],"K_490\/4.4.3":["{{e}}",31200916,2724542],"K_490\/4.4.4":["{{e}}",33925458,1725950],"K_490\/5.0.0":["{{f}}",151229,90066],"K_490\/5.0.1":["{{f}}",241295,407152],"K_490\/5.0.2":["{{f}}",648447,1157239],"K_490\/5.0.3":["{{f}}",1805686,1746283],"K_490\/5.0.4":["{{f}}",3551969,2272954],"K_490\/5.1.0":["{{f}}",5824923,2247898],"K_490\/5.1.1":["{{f}}",8072821,1956223],"K_490\/5.1.2":["{{f}}",10029044,1559364],"K_490\/5.1.3":["{{f}}",11588408,1496830],"K_490\/5.1.4":["{{f}}",13085238,1456549],"K_490\/5.2.0":["{{f}}",14541787,2401048],"K_490\/5.2.1":["{{f}}",16942835,1957158],"K_490\/5.2.2":["{{f}}",18899993,97957],"K_490\/5.2.3":["{{f}}",18997950,1005443],"K_490\/5.2.4":["{{f}}",20003393,3860195],"K_490\/5.3.0":["{{f}}",23863588,1007140],"K_490\/5.3.1":["{{f}}",24870728,1985458],"K_490\/5.3.2":["{{f}}",26856186,2392960],"K_490\/5.3.3":["{{f}}",29249146,2199153],"K_490\/5.3.4":["{{f}}",31448299,2837464],"K_490\/5.4.0":["{{f}}",34285763,10921],"K_490\/5.4.1":["{{f}}",34296684,111029],"K_490\/5.4.2":["{{f}}",34407713,1878918],"K_490\/5.4.3":["{{f}}",36286631,2846504],"K_490\/5.4.4":["{{f}}",39133135,508566],"K_490\/6.0.0":["{{g}}",151229,13286],"K_490\/6.0.1":["{{g}}",164515,256764],"K_490\/6.0.2":["{{g}}",421279,2369205],"K_490\/6.0.3":["{{g}}",2790484,2626838],"K_490\/6.0.4":["{{g}}",5417322,238779],"K_490\/6.1.0":["{{g}}",5656101,272442],"K_490\/6.1.1":["{{g}}",5928543,2193188],"K_490\/6.1.2":["{{g}}",8121731,2364008],"K_490\/6.1.3":["{{g}}",10485739,1458589],"K_490\/6.1.4":["{{g}}",11944328,434710],"K_490\/6.2.0":["{{g}}",12379038,171700],"K_490\/6.2.1":["{{g}}",12550738,3102445],"K_490\/6.2.2":["{{g}}",15653183,36726],"K_490\/6.2.3":["{{g}}",15689909,1653541],"K_490\/6.2.4":["{{g}}",17343450,1610322],"K_490\/6.3.0":["{{g}}",18953772,10921],"K_490\/6.3.1":["{{g}}",18964693,891340],"K_490\/6.3.2":["{{g}}",19856033,2823795],"K_490\/6.3.3":["{{g}}",22679828,1941058],"K_490\/6.3.4":["{{g}}",24620886,1266746],"K_490\/6.4.0":["{{g}}",25887632,10921],"K_490\/6.4.1":["{{g}}",25898553,326201],"K_490\/6.4.2":["{{g}}",26224754,728709],"K_490\/6.4.3":["{{g}}",26953463,2827259],"K_490\/6.4.4":["{{g}}",29780722,3611114],"K_490\/7.0.0":["{{h}}",151229,406095],"K_490\/7.0.1":["{{h}}",557324,1252552],"K_490\/7.0.2":["{{h}}",1809876,1429913],"K_490\/7.0.3":["{{h}}",3239789,2118005],"K_490\/7.0.4":["{{h}}",5357794,2692525],"K_490\/7.1.0":["{{h}}",8050319,11010],"K_490\/7.1.1":["{{h}}",8061329,1117295],"K_490\/7.1.2":["{{h}}",9178624,2387067],"K_490\/7.1.3":["{{h}}",11565691,1349346],"K_490\/7.1.4":["{{h}}",12915037,2603841],"K_490\/7.2.0":["{{h}}",15518878,1239674],"K_490\/7.2.1":["{{h}}",16758552,1377035],"K_490\/7.2.2":["{{h}}",18135587,127278],"K_490\/7.2.3":["{{h}}",18262865,895507],"K_490\/7.2.4":["{{h}}",19158372,2268583],"K_490\/7.3.0":["{{h}}",21426955,1028371],"K_490\/7.3.1":["{{h}}",22455326,1008137],"K_490\/7.3.2":["{{h}}",23463463,2026671],"K_490\/7.3.3":["{{h}}",25490134,2592396],"K_490\/7.3.4":["{{h}}",28082530,1065055],"K_490\/7.4.0":["{{h}}",29147585,383279],"K_490\/7.4.1":["{{h}}",29530864,2264552],"K_490\/7.4.2":["{{h}}",31795416,774759],"K_490\/7.4.3":["{{h}}",32570175,1979820],"K_490\/7.4.4":["{{h}}",34549995,1857020],"K_490\/8.0.0":["{{i}}",151229,388523],"K_490\/8.0.1":["{{i}}",539752,1011490],"K_490\/8.0.2":["{{i}}",1551242,1676637],"K_490\/8.0.3":["{{i}}",3227879,2119608],"K_490\/8.0.4":["{{i}}",5347487,932598],"K_490\/8.1.0":["{{i}}",6280085,17158],"K_490\/8.1.1":["{{i}}",6297243,2660120],"K_490\/8.1.2":["{{i}}",8957363,2156119],"K_490\/8.1.3":["{{i}}",11113482,1506358],"K_490\/8.1.4":["{{i}}",12619840,1300245],"K_490\/8.2.0":["{{i}}",13920085,27802],"K_490\/8.2.1":["{{i}}",13947887,2325028],"K_490\/8.2.2":["{{i}}",16272915,39582],"K_490\/8.2.3":["{{i}}",16312497,665681],"K_490\/8.2.4":["{{i}}",16978178,1540064],"K_490\/8.3.0":["{{i}}",18518242,978330],"K_490\/8.3.1":["{{i}}",19496572,1447877],"K_490\/8.3.2":["{{i}}",20944449,1557936],"K_490\/8.3.3":["{{i}}",22502385,2599247],"K_490\/8.3.4":["{{i}}",25101632,1985403],"K_490\/8.4.0":["{{i}}",27087035,693366],"K_490\/8.4.1":["{{i}}",27780401,1659314],"K_490\/8.4.2":["{{i}}",29439715,2201753],"K_490\/8.4.3":["{{i}}",31641468,1435127],"K_490\/8.4.4":["{{i}}",33076595,2660474],"K_490\/9.0.0":["{{j}}",151229,650477],"K_490\/9.0.1":["{{j}}",801706,199445],"K_490\/9.0.2":["{{j}}",1001151,1698414],"K_490\/9.0.3":["{{j}}",2699565,2349489],"K_490\/9.0.4":["{{j}}",5049054,3398961],"K_490\/9.1.0":["{{j}}",8448015,1106146],"K_490\/9.1.1":["{{j}}",9554161,1890854],"K_490\/9.1.2":["{{j}}",11445015,1538117],"K_490\/9.1.3":["{{j}}",12983132,2789105],"K_490\/9.1.4":["{{j}}",15772237,1114771],"K_490\/9.2.0":["{{j}}",16887008,854638],"K_490\/9.2.1":["{{j}}",17741646,2163472],"K_490\/9.2.2":["{{j}}",19905118,38178],"K_490\/9.2.3":["{{j}}",19943296,1441346],"K_490\/9.2.4":["{{j}}",21384642,1553313],"K_490\/9.3.0":["{{j}}",22937955,98314],"K_490\/9.3.1":["{{j}}",23036269,2667514],"K_490\/9.3.2":["{{j}}",25703783,1850210],"K_490\/9.3.3":["{{j}}",27553993,3514015],"K_490\/9.3.4":["{{j}}",31068008,1487336],"K_490\/9.4.0":["{{j}}",32555344,10921],"K_490\/9.4.1":["{{j}}",32566265,817100],"K_490\/9.4.2":["{{j}}",33383365,2665780],"K_490\/9.4.3":["{{j}}",36049145,1248446],"K_490\/9.4.4":["{{j}}",37297591,1049826],"K_490\/10.0.0":["{{k}}",151229,1005427],"K_490\/10.0.1":["{{k}}",1156656,539615],"K_490\/10.0.2":["{{k}}",1696271,2343253],"K_490\/10.0.3":["{{k}}",4039524,1018954],"K_490\/10.0.4":["{{k}}",5058478,409885],"K_490\/10.1.0":["{{k}}",5468363,1760276],"K_490\/10.1.1":["{{k}}",7228639,3041056],"K_490\/10.1.2":["{{k}}",10269695,1353688],"K_490\/10.1.3":["{{k}}",11623383,1438889],"K_490\/10.1.4":["{{k}}",13062272,1287530],"K_490\/10.2.0":["{{k}}",14349802,4281341],"K_490\/10.2.1":["{{k}}",18631143,2711732],"K_490\/10.2.2":["{{k}}",21342875,100004],"K_490\/10.2.3":["{{k}}",21442879,338776],"K_490\/10.2.4":["{{k}}",21781655,2571812],"K_490\/10.3.0":["{{k}}",24353467,1143032],"K_490\/10.3.1":["{{k}}",25496499,1907440],"K_490\/10.3.2":["{{k}}",27403939,2579903],"K_490\/10.3.3":["{{k}}",29983842,1723438],"K_490\/10.3.4":["{{k}}",31707280,2835447],"K_490\/10.4.0":["{{k}}",34542727,2158241],"K_490\/10.4.1":["{{k}}",36700968,497639],"K_490\/10.4.2":["{{k}}",37198607,2934344],"K_490\/10.4.3":["{{k}}",40132951,501690],"K_490\/10.4.4":["{{k}}",40634641,867451],"K_490\/11.0.0":["{{l}}",151229,516931],"K_490\/11.0.1":["{{l}}",668160,955628],"K_490\/11.0.2":["{{l}}",1623788,2172009],"K_490\/11.0.3":["{{l}}",3795797,941289],"K_490\/11.0.4":["{{l}}",4737086,2804078],"K_490\/11.1.0":["{{l}}",7541164,354814],"K_490\/11.1.1":["{{l}}",7895978,2495763],"K_490\/11.1.2":["{{l}}",10391741,1957075],"K_490\/11.1.3":["{{l}}",12348816,995019],"K_490\/11.1.4":["{{l}}",13343835,1271600],"K_490\/11.2.0":["{{l}}",14615435,1322129],"K_490\/11.2.1":["{{l}}",15937564,3563958],"K_490\/11.2.2":["{{l}}",19501522,110790],"K_490\/11.2.3":["{{l}}",19612312,1786017],"K_490\/11.2.4":["{{l}}",21398329,560232],"K_490\/11.3.0":["{{l}}",21958561,131595],"K_490\/11.3.1":["{{l}}",22090156,1440689],"K_490\/11.3.2":["{{l}}",23530845,1967201],"K_490\/11.3.3":["{{l}}",25498046,1043002],"K_490\/11.3.4":["{{l}}",26541048,951716],"K_490\/11.4.0":["{{l}}",27492764,68818],"K_490\/11.4.1":["{{l}}",27561582,885218],"K_490\/11.4.2":["{{l}}",28446800,587273],"K_490\/11.4.3":["{{l}}",29034073,2206538],"K_490\/11.4.4":["{{l}}",31240611,517724],"K_490\/12.0.0":["{{m}}",151229,342227],"K_490\/12.0.1":["{{m}}",493456,1948579],"K_490\/12.0.2":["{{m}}",2442035,1083887],"K_490\/12.0.3":["{{m}}",3525922,913106],"K_490\/12.0.4":["{{m}}",4439028,2287005],"K_490\/12.1.0":["{{m}}",6726033,2064270],"K_490\/12.1.1":["{{m}}",8790303,2469109],"K_490\/12.1.2":["{{m}}",11259412,1376180],"K_490\/12.1.3":["{{m}}",12635592,1380853],"K_490\/12.1.4":["{{m}}",14016445,923581],"K_490\/12.2.0":["{{m}}",14940026,2903518],"K_490\/12.2.1":["{{m}}",17843544,2028327],"K_490\/12.2.2":["{{m}}",19871871,114982],"K_490\/12.2.3":["{{m}}",19986853,710132],"K_490\/12.2.4":["{{m}}",20696985,2933490],"K_490\/12.3.0":["{{m}}",23630475,2778931],"K_490\/12.3.1":["{{m}}",26409406,1080533],"K_490\/12.3.2":["{{m}}",27489939,1993145],"K_490\/12.3.3":["{{m}}",29483084,1183016],"K_490\/12.3.4":["{{m}}",30666100,1596226],"K_490\/12.4.0":["{{m}}",32262326,1027918],"K_490\/12.4.1":["{{m}}",33290244,2052028],"K_490\/12.4.2":["{{m}}",35342272,163009],"K_490\/12.4.3":["{{m}}",35505281,871563],"K_490\/12.4.4":["{{m}}",36376844,517891],"K_490\/13.0.0":["{{n}}",151229,39907],"K_490\/13.0.1":["{{n}}",191136,736846],"K_490\/13.0.2":["{{n}}",927982,1001935],"K_490\/13.0.3":["{{n}}",1929917,2674475],"K_490\/13.0.4":["{{n}}",4604392,31388],"K_490\/13.1.0":["{{n}}",4635780,389905],"K_490\/13.1.1":["{{n}}",5025685,2057180],"K_490\/13.1.2":["{{n}}",7082865,1225140],"K_490\/13.1.3":["{{n}}",8308005,1231135],"K_490\/13.1.4":["{{n}}",9539140,208476],"K_490\/13.2.0":["{{n}}",9747616,405959],"K_490\/13.2.1":["{{n}}",10153575,3007049],"K_490\/13.2.2":["{{n}}",13160624,76959],"K_490\/13.2.3":["{{n}}",13237583,2494058],"K_490\/13.2.4":["{{n}}",15731641,1136774],"K_490\/13.3.0":["{{n}}",16868415,130410],"K_490\/13.3.1":["{{n}}",16998825,4254678],"K_490\/13.3.2":["{{n}}",21253503,3293092],"K_490\/13.3.3":["{{n}}",24546595,1254800],"K_490\/13.3.4":["{{n}}",25801395,1887019],"K_490\/13.4.0":["{{n}}",27688414,10921],"K_490\/13.4.1":["{{n}}",27699335,2129740],"K_490\/13.4.2":["{{n}}",29829075,1587320],"K_490\/13.4.3":["{{n}}",31416395,709736],"K_490\/13.4.4":["{{n}}",32126131,1509627],"K_490\/14.0.0":["{{o}}",151229,729443],"K_490\/14.0.1":["{{o}}",880672,677105],"K_490\/14.0.2":["{{o}}",1557777,883683],"K_490\/14.0.3":["{{o}}",2441460,1757391],"K_490\/14.0.4":["{{o}}",4198851,2022409],"K_490\/14.1.0":["{{o}}",6221260,1240299],"K_490\/14.1.1":["{{o}}",7461559,1211496],"K_490\/14.1.2":["{{o}}",8673055,1501898],"K_490\/14.1.3":["{{o}}",10174953,979066],"K_490\/14.1.4":["{{o}}",11154019,1379475],"K_490\/14.2.0":["{{o}}",12533494,1919160],"K_490\/14.2.1":["{{o}}",14452654,1833358],"K_490\/14.2.2":["{{o}}",16286012,117730],"K_490\/14.2.3":["{{o}}",16403742,1375605],"K_490\/14.2.4":["{{o}}",17779347,3866574],"K_490\/14.3.0":["{{o}}",21645921,1196841],"K_490\/14.3.1":["{{o}}",22842762,2175483],"K_490\/14.3.2":["{{o}}",25018245,3873874],"K_490\/14.3.3":["{{o}}",28892119,2610395],"K_490\/14.3.4":["{{o}}",31502514,1513601],"K_490\/14.4.0":["{{o}}",33016115,623194],"K_490\/14.4.1":["{{o}}",33639309,1014264],"K_490\/14.4.2":["{{o}}",34653573,2557078],"K_490\/14.4.3":["{{o}}",37210651,655765],"K_490\/14.4.4":["{{o}}",37866416,408170],"K_490\/15.0.0":["{{p}}",151229,186900],"K_490\/15.0.1":["{{p}}",338129,800899],"K_490\/15.0.2":["{{p}}",1139028,1366650],"K_490\/15.0.3":["{{p}}",2505678,1177254],"K_490\/15.0.4":["{{p}}",3682932,444804],"K_490\/15.1.0":["{{p}}",4127736,169999],"K_490\/15.1.1":["{{p}}",4297735,1582028],"K_490\/15.1.2":["{{p}}",5879763,1108797],"K_490\/15.1.3":["{{p}}",6988560,1492855],"K_490\/15.1.4":["{{p}}",8481415,718757],"K_490\/15.2.0":["{{p}}",9200172,33125],"K_490\/15.2.1":["{{p}}",9233297,3063296],"K_490\/15.2.2":["{{p}}",12296593,44589],"K_490\/15.2.3":["{{p}}",12341182,2060147],"K_490\/15.2.4":["{{p}}",14401329,2300498],"K_490\/15.3.0":["{{p}}",16701827,10921],"K_490\/15.3.1":["{{p}}",16712748,1772882],"K_490\/15.3.2":["{{p}}",18485630,2693472],"K_490\/15.3.3":["{{p}}",21179102,2385404],"K_490\/15.3.4":["{{p}}",23564506,2253868],"K_490\/15.4.0":["{{p}}",25818374,34064],"K_490\/15.4.1":["{{p}}",25852438,767460],"K_490\/15.4.2":["{{p}}",26619898,1502918],"K_490\/15.4.3":["{{p}}",28122816,1730157],"K_490\/15.4.4":["{{p}}",29852973,573041],"K_490\/16.0.0":["{{q}}",151229,442674],"K_490\/16.0.1":["{{q}}",593903,221067],"K_490\/16.0.2":["{{q}}",814970,1500631],"K_490\/16.0.3":["{{q}}",2315601,2126920],"K_490\/16.0.4":["{{q}}",4442521,2712468],"K_490\/16.1.0":["{{q}}",7154989,119257],"K_490\/16.1.1":["{{q}}",7274246,512320],"K_490\/16.1.2":["{{q}}",7786566,1289910],"K_490\/16.1.3":["{{q}}",9076476,1120508],"K_490\/16.1.4":["{{q}}",10196984,1556277],"K_490\/16.2.0":["{{q}}",11753261,1318580],"K_490\/16.2.1":["{{q}}",13071841,1407476],"K_490\/16.2.2":["{{q}}",14479317,78954],"K_490\/16.2.3":["{{q}}",14558271,1514966],"K_490\/16.2.4":["{{q}}",16073237,1615132],"K_490\/16.3.0":["{{q}}",17688369,367663],"K_490\/16.3.1":["{{q}}",18056032,1831121],"K_490\/16.3.2":["{{q}}",19887153,1848135],"K_490\/16.3.3":["{{q}}",21735288,3091906],"K_490\/16.3.4":["{{q}}",24827194,244606],"K_490\/16.4.0":["{{q}}",25071800,43429],"K_490\/16.4.1":["{{q}}",25115229,416405],"K_490\/16.4.2":["{{q}}",25531634,1090065],"K_490\/16.4.3":["{{q}}",26621699,1583179],"K_490\/16.4.4":["{{q}}",28204878,783686],"K_490\/17.0.0":["{{r}}",151229,68017],"K_490\/17.0.1":["{{r}}",219246,363606],"K_490\/17.0.2":["{{r}}",582852,1928702],"K_490\/17.0.3":["{{r}}",2511554,1518715],"K_490\/17.0.4":["{{r}}",4030269,625925],"K_490\/17.1.0":["{{r}}",4656194,833031],"K_490\/17.1.1":["{{r}}",5489225,2328145],"K_490\/17.1.2":["{{r}}",7817370,1552954],"K_490\/17.1.3":["{{r}}",9370324,943964],"K_490\/17.1.4":["{{r}}",10314288,297937],"K_490\/17.2.0":["{{r}}",10612225,2265300],"K_490\/17.2.1":["{{r}}",12877525,1738399],"K_490\/17.2.2":["{{r}}",14615924,75873],"K_490\/17.2.3":["{{r}}",14691797,672798],"K_490\/17.2.4":["{{r}}",15364595,2275714],"K_490\/17.3.0":["{{r}}",17640309,2692995],"K_490\/17.3.1":["{{r}}",20333304,2326337],"K_490\/17.3.2":["{{r}}",22659641,1613725],"K_490\/17.3.3":["{{r}}",24273366,1473498],"K_490\/17.3.4":["{{r}}",25746864,3410079],"K_490\/17.4.0":["{{r}}",29156943,1395603],"K_490\/17.4.1":["{{r}}",30552546,607419],"K_490\/17.4.2":["{{r}}",31159965,542622],"K_490\/17.4.3":["{{r}}",31702587,1170703],"K_490\/17.4.4":["{{r}}",32873290,1681629],"K_490\/18.0.0":["{{s}}",151229,197609],"K_490\/18.0.1":["{{s}}",348838,96484],"K_490\/18.0.2":["{{s}}",445322,1286978],"K_490\/18.0.3":["{{s}}",1732300,1750402],"K_490\/18.0.4":["{{s}}",3482702,2821455],"K_490\/18.1.0":["{{s}}",6304157,524282],"K_490\/18.1.1":["{{s}}",6828439,785355],"K_490\/18.1.2":["{{s}}",7613794,1569474],"K_490\/18.1.3":["{{s}}",9183268,1184221],"K_490\/18.1.4":["{{s}}",10367489,1623548],"K_490\/18.2.0":["{{s}}",11991037,1078089],"K_490\/18.2.1":["{{s}}",13069126,2296427],"K_490\/18.2.2":["{{s}}",15365553,90684],"K_490\/18.2.3":["{{s}}",15456237,1771817],"K_490\/18.2.4":["{{s}}",17228054,250410],"K_490\/18.3.0":["{{s}}",17478464,1099265],"K_490\/18.3.1":["{{s}}",18577729,2835672],"K_490\/18.3.2":["{{s}}",21413401,3836105],"K_490\/18.3.3":["{{s}}",25249506,1991396],"K_490\/18.3.4":["{{s}}",27240902,642018],"K_490\/18.4.0":["{{s}}",27882920,64939],"K_490\/18.4.1":["{{s}}",27947859,1820979],"K_490\/18.4.2":["{{s}}",29768838,393600],"K_490\/18.4.3":["{{s}}",30162438,652311],"K_490\/18.4.4":["{{s}}",30814749,234962],"K_490\/19.0.0":["{{t}}",151229,208291],"K_490\/19.0.1":["{{t}}",359520,283788],"K_490\/19.0.2":["{{t}}",643308,558632],"K_490\/19.0.3":["{{t}}",1201940,912840],"K_490\/19.0.4":["{{t}}",2114780,1522393],"K_490\/19.1.0":["{{t}}",3637173,799695],"K_490\/19.1.1":["{{t}}",4436868,1142537],"K_490\/19.1.2":["{{t}}",5579405,595969],"K_490\/19.1.3":["{{t}}",6175374,471886],"K_490\/19.1.4":["{{t}}",6647260,1066603],"K_490\/19.2.0":["{{t}}",7713863,2915198],"K_490\/19.2.1":["{{t}}",10629061,1751904],"K_490\/19.2.2":["{{t}}",12380965,20415],"K_490\/19.2.3":["{{t}}",12401380,790717],"K_490\/19.2.4":["{{t}}",13192097,1751373],"K_490\/19.3.0":["{{t}}",14943470,2630262],"K_490\/19.3.1":["{{t}}",17573732,2034490],"K_490\/19.3.2":["{{t}}",19608222,1328526],"K_490\/19.3.3":["{{t}}",20936748,2885142],"K_490\/19.3.4":["{{t}}",23821890,2847263],"K_490\/19.4.0":["{{t}}",26669153,1226263],"K_490\/19.4.1":["{{t}}",27895416,944976],"K_490\/19.4.2":["{{t}}",28840392,2083827],"K_490\/19.4.3":["{{t}}",30924219,688204],"K_490\/19.4.4":["{{t}}",31612423,439657],"K_490\/20.0.0":["{{u}}",151229,93059],"K_490\/20.0.1":["{{u}}",244288,295874],"K_490\/20.0.2":["{{u}}",540162,630641],"K_490\/20.0.3":["{{u}}",1170803,1771778],"K_490\/20.0.4":["{{u}}",2942581,10921],"K_490\/20.1.0":["{{u}}",2953502,186276],"K_490\/20.1.1":["{{u}}",3139778,981001],"K_490\/20.1.2":["{{u}}",4120779,1116800],"K_490\/20.1.3":["{{u}}",5237579,618836],"K_490\/20.1.4":["{{u}}",5856415,10921],"K_490\/20.2.0":["{{u}}",5867336,480718],"K_490\/20.2.1":["{{u}}",6348054,1876179],"K_490\/20.2.2":["{{u}}",8224233,14671],"K_490\/20.2.3":["{{u}}",8238904,1535660],"K_490\/20.2.4":["{{u}}",9774564,579114],"K_490\/20.3.0":["{{u}}",10353678,178416],"K_490\/20.3.1":["{{u}}",10532094,2277205],"K_490\/20.3.2":["{{u}}",12809299,1124094],"K_490\/20.3.3":["{{u}}",13933393,1684302],"K_490\/20.3.4":["{{u}}",15617695,1464318],"K_490\/20.4.0":["{{u}}",17082013,10921],"K_490\/20.4.1":["{{u}}",17092934,760454],"K_490\/20.4.2":["{{u}}",17853388,520934],"K_490\/20.4.3":["{{u}}",18374322,2203081],"K_490\/20.4.4":["{{u}}",20577403,618399],"K_490\/21.0.0":["{{v}}",151229,343346],"K_490\/21.0.1":["{{v}}",494575,774572],"K_490\/21.0.2":["{{v}}",1269147,589875],"K_490\/21.0.3":["{{v}}",1859022,876326],"K_490\/21.0.4":["{{v}}",2735348,2029473],"K_490\/21.1.0":["{{v}}",4764821,1214100],"K_490\/21.1.1":["{{v}}",5978921,1472560],"K_490\/21.1.2":["{{v}}",7451481,906753],"K_490\/21.1.3":["{{v}}",8358234,1097168],"K_490\/21.1.4":["{{v}}",9455402,1212037],"K_490\/21.2.0":["{{v}}",10667439,2955377],"K_490\/21.2.1":["{{v}}",13622816,2030641],"K_490\/21.2.2":["{{v}}",15653457,94291],"K_490\/21.2.3":["{{v}}",15747748,737322],"K_490\/21.2.4":["{{v}}",16485070,1255583],"K_490\/21.3.0":["{{v}}",17740653,848084],"K_490\/21.3.1":["{{v}}",18588737,882708],"K_490\/21.3.2":["{{v}}",19471445,471890],"K_490\/21.3.3":["{{v}}",19943335,1855857],"K_490\/21.3.4":["{{v}}",21799192,2516111],"K_490\/21.4.0":["{{v}}",24315303,96978],"K_490\/21.4.1":["{{v}}",24412281,385601],"K_490\/21.4.2":["{{v}}",24797882,404502],"K_490\/21.4.3":["{{v}}",25202384,1765629],"K_490\/21.4.4":["{{v}}",26968013,288179],"K_490\/22.0.0":["{{w}}",151229,28184],"K_490\/22.0.1":["{{w}}",179413,246573],"K_490\/22.0.2":["{{w}}",425986,546771],"K_490\/22.0.3":["{{w}}",972757,1564650],"K_490\/22.0.4":["{{w}}",2537407,63935],"K_490\/22.1.0":["{{w}}",2601342,85474],"K_490\/22.1.1":["{{w}}",2686816,716328],"K_490\/22.1.2":["{{w}}",3403144,1889379],"K_490\/22.1.3":["{{w}}",5292523,1161015],"K_490\/22.1.4":["{{w}}",6453538,466735],"K_490\/22.2.0":["{{w}}",6920273,210488],"K_490\/22.2.1":["{{w}}",7130761,3574939],"K_490\/22.2.2":["{{w}}",10705700,12798],"K_490\/22.2.3":["{{w}}",10718498,1650427],"K_490\/22.2.4":["{{w}}",12368925,1119062],"K_490\/22.3.0":["{{w}}",13487987,10966],"K_490\/22.3.1":["{{w}}",13498953,1424796],"K_490\/22.3.2":["{{w}}",14923749,438699],"K_490\/22.3.3":["{{w}}",15362448,1582932],"K_490\/22.3.4":["{{w}}",16945380,2487738],"K_490\/22.4.0":["{{w}}",19433118,10921],"K_490\/22.4.1":["{{w}}",19444039,25464],"K_490\/22.4.2":["{{w}}",19469503,879971],"K_490\/22.4.3":["{{w}}",20349474,653150],"K_490\/22.4.4":["{{w}}",21002624,1838807],"K_490\/23.0.0":["{{x}}",151229,121758],"K_490\/23.0.1":["{{x}}",272987,337688],"K_490\/23.0.2":["{{x}}",610675,862964],"K_490\/23.0.3":["{{x}}",1473639,256520],"K_490\/23.0.4":["{{x}}",1730159,1810823],"K_490\/23.1.0":["{{x}}",3540982,10921],"K_490\/23.1.1":["{{x}}",3551903,653676],"K_490\/23.1.2":["{{x}}",4205579,1811982],"K_490\/23.1.3":["{{x}}",6017561,1457414],"K_490\/23.1.4":["{{x}}",7474975,2632477],"K_490\/23.2.0":["{{x}}",10107452,1641455],"K_490\/23.2.1":["{{x}}",11748907,1509024],"K_490\/23.2.2":["{{x}}",13257931,112368],"K_490\/23.2.3":["{{x}}",13370299,1326713],"K_490\/23.2.4":["{{x}}",14697012,2379791],"K_490\/23.3.0":["{{x}}",17076803,802860],"K_490\/23.3.1":["{{x}}",17879663,1497634],"K_490\/23.3.2":["{{x}}",19377297,835540],"K_490\/23.3.3":["{{x}}",20212837,2438820],"K_490\/23.3.4":["{{x}}",22651657,690188],"K_490\/23.4.0":["{{x}}",23341845,270243],"K_490\/23.4.1":["{{x}}",23612088,2642207],"K_490\/23.4.2":["{{x}}",26254295,870986],"K_490\/23.4.3":["{{x}}",27125281,239887],"K_490\/23.4.4":["{{x}}",27365168,780955],"K_490\/24.0.0":["{{y}}",151229,60201],"K_490\/24.0.1":["{{y}}",211430,311643],"K_490\/24.0.2":["{{y}}",523073,1144831],"K_490\/24.0.3":["{{y}}",1667904,685660],"K_490\/24.0.4":["{{y}}",2353564,354594],"K_490\/24.1.0":["{{y}}",2708158,12738],"K_490\/24.1.1":["{{y}}",2720896,1680517],"K_490\/24.1.2":["{{y}}",4401413,814584],"K_490\/24.1.3":["{{y}}",5215997,1144186],"K_490\/24.1.4":["{{y}}",6360183,1436620],"K_490\/24.2.0":["{{y}}",7796803,42906],"K_490\/24.2.1":["{{y}}",7839709,2806253],"K_490\/24.2.2":["{{y}}",10645962,35445],"K_490\/24.2.3":["{{y}}",10681407,776851],"K_490\/24.2.4":["{{y}}",11458258,2595288],"K_490\/24.3.0":["{{y}}",14053546,923795],"K_490\/24.3.1":["{{y}}",14977341,1503504],"K_490\/24.3.2":["{{y}}",16480845,983288],"K_490\/24.3.3":["{{y}}",17464133,1101653],"K_490\/24.3.4":["{{y}}",18565786,3255483],"K_490\/24.4.0":["{{y}}",21821269,176718],"K_490\/24.4.1":["{{y}}",21997987,1425073],"K_490\/24.4.2":["{{y}}",23423060,2766876],"K_490\/24.4.3":["{{y}}",26189936,1696714],"K_490\/24.4.4":["{{y}}",27886650,844611],"K_490\/25.0.0":["{{z}}",151229,510617],"K_490\/25.0.1":["{{z}}",661846,175535],"K_490\/25.0.2":["{{z}}",837381,574402],"K_490\/25.0.3":["{{z}}",1411783,1300175],"K_490\/25.0.4":["{{z}}",2711958,1600435],"K_490\/25.1.0":["{{z}}",4312393,546378],"K_490\/25.1.1":["{{z}}",4858771,1271599],"K_490\/25.1.2":["{{z}}",6130370,1924268],"K_490\/25.1.3":["{{z}}",8054638,1611568],"K_490\/25.1.4":["{{z}}",9666206,2846212],"K_490\/25.2.0":["{{z}}",12512418,923512],"K_490\/25.2.1":["{{z}}",13435930,2163818],"K_490\/25.2.2":["{{z}}",15599748,13381],"K_490\/25.2.3":["{{z}}",15613129,1466155],"K_490\/25.2.4":["{{z}}",17079284,1067797],"K_490\/25.3.0":["{{z}}",18147081,510551],"K_490\/25.3.1":["{{z}}",18657632,1766845],"K_490\/25.3.2":["{{z}}",20424477,1320150],"K_490\/25.3.3":["{{z}}",21744627,961220],"K_490\/25.3.4":["{{z}}",22705847,830826],"K_490\/25.4.0":["{{z}}",23536673,24486],"K_490\/25.4.1":["{{z}}",23561159,778095],"K_490\/25.4.2":["{{z}}",24339254,729309],"K_490\/25.4.3":["{{z}}",25068563,2886347],"K_490\/25.4.4":["{{z}}",27954910,1340610],"K_490\/26.0.0":["{{A}}",151229,326441],"K_490\/26.0.1":["{{A}}",477670,774683],"K_490\/26.0.2":["{{A}}",1252353,973218],"K_490\/26.0.3":["{{A}}",2225571,982712],"K_490\/26.0.4":["{{A}}",3208283,520050],"K_490\/26.1.0":["{{A}}",3728333,1130773],"K_490\/26.1.1":["{{A}}",4859106,1661068],"K_490\/26.1.2":["{{A}}",6520174,1508412],"K_490\/26.1.3":["{{A}}",8028586,1018409],"K_490\/26.1.4":["{{A}}",9046995,1863115],"K_490\/26.2.0":["{{A}}",10910110,1998380],"K_490\/26.2.1":["{{A}}",12908490,1528010],"K_490\/26.2.2":["{{A}}",14436500,91276],"K_490\/26.2.3":["{{A}}",14527776,540244],"K_490\/26.2.4":["{{A}}",15068020,2394077],"K_490\/26.3.0":["{{A}}",17462097,284546],"K_490\/26.3.1":["{{A}}",17746643,1188365],"K_490\/26.3.2":["{{A}}",18935008,589159],"K_490\/26.3.3":["{{A}}",19524167,628955],"K_490\/26.3.4":["{{A}}",20153122,2967197],"K_490\/26.4.0":["{{A}}",23120319,368007],"K_490\/26.4.1":["{{A}}",23488326,649531],"K_490\/26.4.2":["{{A}}",24137857,684340],"K_490\/26.4.3":["{{A}}",24822197,229566],"K_490\/26.4.4":["{{A}}",25051763,2090077],"K_490\/27.0.0":["{{B}}",151229,262965],"K_490\/27.0.1":["{{B}}",414194,183837],"K_490\/27.0.2":["{{B}}",598031,1310052],"K_490\/27.0.3":["{{B}}",1908083,1032761],"K_490\/27.0.4":["{{B}}",2940844,2225401],"K_490\/27.1.0":["{{B}}",5166245,275406],"K_490\/27.1.1":["{{B}}",5441651,1542937],"K_490\/27.1.2":["{{B}}",6984588,1762871],"K_490\/27.1.3":["{{B}}",8747459,2177477],"K_490\/27.1.4":["{{B}}",10924936,1524185],"K_490\/27.2.0":["{{B}}",12449121,640307],"K_490\/27.2.1":["{{B}}",13089428,1758826],"K_490\/27.2.2":["{{B}}",14848254,93938],"K_490\/27.2.3":["{{B}}",14942192,2178098],"K_490\/27.2.4":["{{B}}",17120290,661406],"K_490\/27.3.0":["{{B}}",17781696,146413],"K_490\/27.3.1":["{{B}}",17928109,545084],"K_490\/27.3.2":["{{B}}",18473193,1260360],"K_490\/27.3.3":["{{B}}",19733553,947444],"K_490\/27.3.4":["{{B}}",20680997,1543394],"K_490\/27.4.0":["{{B}}",22224391,19862],"K_490\/27.4.1":["{{B}}",22244253,807438],"K_490\/27.4.2":["{{B}}",23051691,511453],"K_490\/27.4.3":["{{B}}",23563144,126855],"K_490\/27.4.4":["{{B}}",23689999,1232167],"K_490\/28.0.0":["{{C}}",151229,1001698],"K_490\/28.0.1":["{{C}}",1152927,125208],"K_490\/28.0.2":["{{C}}",1278135,1349993],"K_490\/28.0.3":["{{C}}",2628128,1163315],"K_490\/28.0.4":["{{C}}",3791443,2229710],"K_490\/28.1.0":["{{C}}",6021153,1416062],"K_490\/28.1.1":["{{C}}",7437215,1312701],"K_490\/28.1.2":["{{C}}",8749916,1550103],"K_490\/28.1.3":["{{C}}",10300019,1767419],"K_490\/28.1.4":["{{C}}",12067438,1708079],"K_490\/28.2.0":["{{C}}",13775517,2387257],"K_490\/28.2.1":["{{C}}",16162774,1116544],"K_490\/28.2.2":["{{C}}",17279318,114449],"K_490\/28.2.3":["{{C}}",17393767,560389],"K_490\/28.2.4":["{{C}}",17954156,2107218],"K_490\/28.3.0":["{{C}}",20061374,1558042],"K_490\/28.3.1":["{{C}}",21619416,1143106],"K_490\/28.3.2":["{{C}}",22762522,1643461],"K_490\/28.3.3":["{{C}}",24405983,2269968],"K_490\/28.3.4":["{{C}}",26675951,3780377],"K_490\/28.4.0":["{{C}}",30456328,169848],"K_490\/28.4.1":["{{C}}",30626176,254987],"K_490\/28.4.2":["{{C}}",30881163,493464],"K_490\/28.4.3":["{{C}}",31374627,1187519],"K_490\/28.4.4":["{{C}}",32562146,10921],"K_490\/29.0.0":["{{D}}",151229,33027],"K_490\/29.0.1":["{{D}}",184256,635432],"K_490\/29.0.2":["{{D}}",819688,2095062],"K_490\/29.0.3":["{{D}}",2914750,2563559],"K_490\/29.0.4":["{{D}}",5478309,19820],"K_490\/29.1.0":["{{D}}",5498129,178939],"K_490\/29.1.1":["{{D}}",5677068,1117029],"K_490\/29.1.2":["{{D}}",6794097,1633806],"K_490\/29.1.3":["{{D}}",8427903,2108075],"K_490\/29.1.4":["{{D}}",10535978,192081],"K_490\/29.2.0":["{{D}}",10728059,443064],"K_490\/29.2.1":["{{D}}",11171123,3010847],"K_490\/29.2.2":["{{D}}",14181970,10921],"K_490\/29.2.3":["{{D}}",14192891,1586227],"K_490\/29.2.4":["{{D}}",15779118,534148],"K_490\/29.3.0":["{{D}}",16313266,95633],"K_490\/29.3.1":["{{D}}",16408899,2257969],"K_490\/29.3.2":["{{D}}",18666868,2825162],"K_490\/29.3.3":["{{D}}",21492030,2377734],"K_490\/29.3.4":["{{D}}",23869764,717128],"K_490\/29.4.0":["{{D}}",24586892,10921],"K_490\/29.4.1":["{{D}}",24597813,141825],"K_490\/29.4.2":["{{D}}",24739638,1316635],"K_490\/29.4.3":["{{D}}",26056273,1554898],"K_490\/29.4.4":["{{D}}",27611171,1806127],"K_490\/30.0.0":["{{E}}",151229,487001],"K_490\/30.0.1":["{{E}}",638230,255842],"K_490\/30.0.2":["{{E}}",894072,622751],"K_490\/30.0.3":["{{E}}",1516823,1591102],"K_490\/30.0.4":["{{E}}",3107925,1893060],"K_490\/30.1.0":["{{E}}",5000985,1380830],"K_490\/30.1.1":["{{E}}",6381815,626935],"K_490\/30.1.2":["{{E}}",7008750,1076261],"K_490\/30.1.3":["{{E}}",8085011,1593304],"K_490\/30.1.4":["{{E}}",9678315,2501970],"K_490\/30.2.0":["{{E}}",12180285,1955081],"K_490\/30.2.1":["{{E}}",14135366,2076679],"K_490\/30.2.2":["{{E}}",16212045,100189],"K_490\/30.2.3":["{{E}}",16312234,783677],"K_490\/30.2.4":["{{E}}",17095911,1645749],"K_490\/30.3.0":["{{E}}",18741660,1319185],"K_490\/30.3.1":["{{E}}",20060845,1751008],"K_490\/30.3.2":["{{E}}",21811853,2906521],"K_490\/30.3.3":["{{E}}",24718374,2801716],"K_490\/30.3.4":["{{E}}",27520090,1378486],"K_490\/30.4.0":["{{E}}",28898576,126783],"K_490\/30.4.1":["{{E}}",29025359,463105],"K_490\/30.4.2":["{{E}}",29488464,650213],"K_490\/30.4.3":["{{E}}",30138677,3033864],"K_490\/30.4.4":["{{E}}",33172541,813675]}}