{"version":1,"templates":{"a":"s3:\/\/imos-data\/IMOS\/SRS\/OC\/gridded\/aqua\/P1D\/2007\/01\/A.P1D.20070101T053000Z.aust.chl_oc3.nc","b":"s3:\/\/imos-data\/IMOS\/SRS\/OC\/gridded\/aqua\/P1D\/2007\/01\/A.P1D.20070102T053000Z.aust.chl_oc3.nc","c":"s3:\/\/imos-data\/IMOS\/SRS\/OC\/gridded\/aqua\/P1D\/2007\/01\/A.P1D.20070103T053000Z.aust.chl_oc3.nc","d":"s3:\/\/imos-data\/IMOS\/SRS\/OC\/gridded\/aqua\/P1D\/2007\/01\/A.P1D.20070104T053000Z.aust.chl_oc3.nc","e":"s3:\/\/imos-data\/IMOS\/SRS\/OC\/gridded\/aqua\/P1D\/2007\/01\/A.P1D.20070105T053000Z.aust.chl_oc3.nc","f":"s3:\/\/imos-data\/IMOS\/SRS\/OC\/gridded\/aqua\/P1D\/2007\/01\/A.P1D.20070106T053000Z.aust.chl_oc3.nc","g":"s3:\/\/imos-data\/IMOS\/SRS\/OC\/gridded\/aqua\/P1D\/2007\/01\/A.P1D.20070107T053000Z.aust.chl_oc3.nc","h":"s3:\/\/imos-data\/IMOS\/SRS\/OC\/gridded\/aqua\/P1D\/2007\/01\/A.P1D.20070108T053000Z.aust.chl_oc3.nc","i":"s3:\/\/imos-data\/IMOS\/SRS\/OC\/gridded\/aqua\/P1D\/2007\/01\/A.P1D.20070109T053000Z.aust.chl_oc3.nc","j":"s3:\/\/imos-data\/IMOS\/SRS\/OC\/gridded\/aqua\/P1D\/2007\/01\/A.P1D.20070110T053000Z.aust.chl_oc3.nc","k":"s3:\/\/imos-data\/IMOS\/SRS\/OC\/gridded\/aqua\/P1D\/2007\/01\/A.P1D.20070111T053000Z.aust.chl_oc3.nc","l":"s3:\/\/imos-data\/IMOS\/SRS\/OC\/gridded\/aqua\/P1D\/2007\/01\/A.P1D.20070112T053000Z.aust.chl_oc3.nc","m":"s3:\/\/imos-data\/IMOS\/SRS\/OC\/gridded\/aqua\/P1D\/2007\/01\/A.P1D.20070113T053000Z.aust.chl_oc3.nc","n":"s3:\/\/imos-data\/IMOS\/SRS\/OC\/gridded\/aqua\/P1D\/2007\/01\/A.P1D.20070114T053000Z.aust.chl_oc3.nc","o":"s3:\/\/imos-data\/IMOS\/SRS\/OC\/gridded\/aqua\/P1D\/2007\/01\/A.P1D.20070115T053000Z.aust.chl_oc3.nc","p":"s3:\/\/imos-data\/IMOS\/SRS\/OC\/gridded\/aqua\/P1D\/2007\/01\/A.P1D.20070116T053000Z.aust.chl_oc3.nc","q":"s3:\/\/imos-data\/IMOS\/SRS\/OC\/gridded\/aqua\/P1D\/2007\/01\/A.P1D.20070117T053000Z.aust.chl_oc3.nc","r":"s3:\/\/imos-data\/IMOS\/SRS\/OC\/gridded\/aqua\/P1D\/2007\/01\/A.P1D.20070118T053000Z.aust.chl_oc3.nc","s":"s3:\/\/imos-data\/IMOS\/SRS\/OC\/gridded\/aqua\/P1D\/2007\/01\/A.P1D.20070119T053000Z.aust.chl_oc3.nc","t":"s3:\/\/imos-data\/IMOS\/SRS\/OC\/gridded\/aqua\/P1D\/2007\/01\/A.P1D.20070120T053000Z.aust.chl_oc3.nc","u":"s3:\/\/imos-data\/IMOS\/SRS\/OC\/gridded\/aqua\/P1D\/2007\/01\/A.P1D.20070121T053000Z.aust.chl_oc3.nc","v":"s3:\/\/imos-data\/IMOS\/SRS\/OC\/gridded\/aqua\/P1D\/2007\/01\/A.P1D.20070122T053000Z.aust.chl_oc3.nc","w":"s3:\/\/imos-data\/IMOS\/SRS\/OC\/gridded\/aqua\/P1D\/2007\/01\/A.P1D.20070123T053000Z.aust.chl_oc3.nc","x":"s3:\/\/imos-data\/IMOS\/SRS\/OC\/gridded\/aqua\/P1D\/2007\/01\/A.P1D.20070124T053000Z.aust.chl_oc3.nc","y":"s3:\/\/imos-data\/IMOS\/SRS\/OC\/gridded\/aqua\/P1D\/2007\/01\/A.P1D.20070125T053000Z.aust.chl_oc3.nc","z":"s3:\/\/imos-data\/IMOS\/SRS\/OC\/gridded\/aqua\/P1D\/2007\/01\/A.P1D.20070126T053000Z.aust.chl_oc3.nc","A":"s3:\/\/imos-data\/IMOS\/SRS\/OC\/gridded\/aqua\/P1D\/2007\/01\/A.P1D.20070127T053000Z.aust.chl_oc3.nc","B":"s3:\/\/imos-data\/IMOS\/SRS\/OC\/gridded\/aqua\/P1D\/2007\/01\/A.P1D.20070128T053000Z.aust.chl_oc3.nc","C":"s3:\/\/imos-data\/IMOS\/SRS\/OC\/gridded\/aqua\/P1D\/2007\/01\/A.P1D.20070129T053000Z.aust.chl_oc3.nc","D":"s3:\/\/imos-data\/IMOS\/SRS\/OC\/gridded\/aqua\/P1D\/2007\/01\/A.P1D.20070130T053000Z.aust.chl_oc3.nc","E":"s3:\/\/imos-data\/IMOS\/SRS\/OC\/gridded\/aqua\/P1D\/2007\/01\/A.P1D.20070131T053000Z.aust.chl_oc3.nc"},"refs":{".zgroup":"{\"zarr_format\":2}",".zattrs":"{\"Conventions\":\"CF-1.6\",\"_NCProperties\":\"version=1|netcdflibversion=4.6.1|hdf5libversion=1.10.4\",\"_nc3_strict\":1,\"history\":\"File initialised at 2020-08-06T03:10:35.616780\\nInitialised var chl_oc3 at 2020-08-06T03:10:48.355304\\nAdd Granule A20070101_0300.20190919033647.L2OC_BASE.chl_oc3.nc at 2020-08-06T03:10:49.864877\\nAdd Granule A20070101_0305.20190919032506.L2OC_BASE.chl_oc3.nc at 2020-08-06T03:10:50.111995\\nAdd Granule A20070101_0310.20190919042139.L2OC_BASE.chl_oc3.nc at 2020-08-06T03:10:50.306469\\nAdd Granule A20070101_0315.20190919042728.L2OC_BASE.chl_oc3.nc at 2020-08-06T03:10:50.482126\\nAdd Granule A20070101_0320.20190919030353.L2OC_BASE.chl_oc3.nc at 2020-08-06T03:10:50.587616\\nAdd Granule A20070101_0440.20190919031334.L2OC_BASE.chl_oc3.nc at 2020-08-06T03:10:50.859917\\nAdd Granule A20070101_0445.20190919041108.L2OC_BASE.chl_oc3.nc at 2020-08-06T03:10:51.084383\\nAdd Granule A20070101_0450.20190919033300.L2OC_BASE.chl_oc3.nc at 2020-08-06T03:10:51.284068\\nAdd Granule A20070101_0455.20190919034138.L2OC_BASE.chl_oc3.nc at 2020-08-06T03:10:51.466087\\nAdd Granule A20070101_0615.20190919043232.L2OC_BASE.chl_oc3.nc at 2020-08-06T03:10:51.593212\\nAdd Granule A20070101_0620.20190919034559.L2OC_BASE.chl_oc3.nc at 2020-08-06T03:10:51.848037\\nAdd Granule A20070101_0625.20190919031843.L2OC_BASE.chl_oc3.nc at 2020-08-06T03:10:52.114648\\nAdd Granule A20070101_0630.20190919041641.L2OC_BASE.chl_oc3.nc at 2020-08-06T03:10:52.307492\\nAdd Granule A20070101_0635.20190919043612.L2OC_BASE.chl_oc3.nc at 2020-08-06T03:10:52.475191\\nAdd Granule A20070101_0755.20190919025932.L2OC_BASE.chl_oc3.nc at 2020-08-06T03:10:52.660825\",\"source_path\":\"imos-srs\\\/archive\\\/oc\\\/aqua\\\/1d\\\/v201909\\\/2007\\\/01\\\/A20070101.L2OC_BASE.aust.chl_oc3.nc\"}","longitude\/.zarray":"{\n    \"chunks\": [\n        10001\n    ],\n    \"compressor\": null,\n    \"dtype\": \"<f8\",\n    \"fill_value\": 9.969209968386869e+36,\n    \"filters\": null,\n    \"order\": \"C\",\n    \"shape\": [\n        10001\n    ],\n    \"zarr_format\": 2\n}","longitude\/.zattrs":"{\n    \"NAME\": \"longitude\",\n    \"_ARRAY_DIMENSIONS\": [\n        \"longitude\"\n    ],\n    \"_Netcdf4Dimid\": 2,\n    \"axis\": \"X\",\n    \"long_name\": \"longitude\",\n    \"standard_name\": \"longitude\",\n    \"units\": \"degrees_east\"\n}","longitude\/0":["{{a}}",58400,80008],"latitude\/.zarray":"{\n    \"chunks\": [\n        7001\n    ],\n    \"compressor\": null,\n    \"dtype\": \"<f8\",\n    \"fill_value\": 9.969209968386869e+36,\n    \"filters\": null,\n    \"order\": \"C\",\n    \"shape\": [\n        7001\n    ],\n    \"zarr_format\": 2\n}","latitude\/.zattrs":"{\n    \"NAME\": \"latitude\",\n    \"_ARRAY_DIMENSIONS\": [\n        \"latitude\"\n    ],\n    \"_Netcdf4Dimid\": 1,\n    \"axis\": \"Y\",\n    \"long_name\": \"latitude\",\n    \"standard_name\": \"latitude\",\n    \"units\": \"degrees_north\"\n}","latitude\/0":["{{a}}",2392,56008],"chl_oc3\/.zarray":"{\"chunks\":[1,1401,2001],\"compressor\":{\"id\":\"zlib\",\"level\":4},\"dtype\":\"<f4\",\"fill_value\":-999.0,\"filters\":[{\"elementsize\":4,\"id\":\"shuffle\"}],\"order\":\"C\",\"shape\":[31,7001,10001],\"zarr_format\":2}","chl_oc3\/.zattrs":"{\"_ARRAY_DIMENSIONS\":[\"time\",\"latitude\",\"longitude\"],\"flag_applied\":\"HISATZEN LAND CLDICE NAVFAIL\",\"long_name\":\"Chlorophyll Concentration, OC3 Algorithm\",\"units\":\"mg\\\/m^3\"}","time\/.zarray":"{\"chunks\":[31],\"compressor\":{\"blocksize\":0,\"clevel\":5,\"cname\":\"lz4\",\"id\":\"blosc\",\"shuffle\":1},\"dtype\":\"<M8[us]\",\"fill_value\":0,\"filters\":null,\"order\":\"C\",\"shape\":[31],\"zarr_format\":2}","time\/0":"base64:AgExCPgAAAD4AAAAswAAABQAAACbAAAAHwABAAv7AcYmhuZGpgZmxiaG5kamBmYQAPRUnXVMI\/vSqoFYMAfeto1lPBPrwplxSCD3zqZ9VCwD2+cFI0FefJq41vQSL01riafF4gAePFp4lbPR7w0rSWbzCBwwRFhsgJSovdHl+Q0hNUlecoaarsLW6v4TJztPJSYmJiYmBQAYJwEAnygoKCgEBAQEBAUABw\/YAAdQAAAAAAA=","time\/.zattrs":"{\"NAME\":\"time\",\"_ARRAY_DIMENSIONS\":[\"time\"],\"_Netcdf4Dimid\":0,\"axis\":\"T\",\"long_name\":\"time\",\"standard_name\":\"time\"}","chl_oc3\/0.0.0":["{{a}}",151221,18931],"chl_oc3\/0.0.1":["{{a}}",170152,15056],"chl_oc3\/0.0.2":["{{a}}",185208,219342],"chl_oc3\/0.0.3":["{{a}}",404550,878332],"chl_oc3\/0.0.4":["{{a}}",1282882,22982],"chl_oc3\/0.1.0":["{{a}}",1305864,97743],"chl_oc3\/0.1.1":["{{a}}",1403607,297072],"chl_oc3\/0.1.2":["{{a}}",1700679,401637],"chl_oc3\/0.1.3":["{{a}}",2102316,839951],"chl_oc3\/0.1.4":["{{a}}",2942267,320177],"chl_oc3\/0.2.0":["{{a}}",3262444,58223],"chl_oc3\/0.2.1":["{{a}}",3320667,2071402],"chl_oc3\/0.2.2":["{{a}}",5392069,46184],"chl_oc3\/0.2.3":["{{a}}",5438253,481875],"chl_oc3\/0.2.4":["{{a}}",5920128,1196771],"chl_oc3\/0.3.0":["{{a}}",7116899,10921],"chl_oc3\/0.3.1":["{{a}}",7127820,812037],"chl_oc3\/0.3.2":["{{a}}",7939857,1907337],"chl_oc3\/0.3.3":["{{a}}",9847194,1432040],"chl_oc3\/0.3.4":["{{a}}",11279234,2977390],"chl_oc3\/0.4.0":["{{a}}",14256624,222962],"chl_oc3\/0.4.1":["{{a}}",14479586,1148301],"chl_oc3\/0.4.2":["{{a}}",15627887,617912],"chl_oc3\/0.4.3":["{{a}}",16245799,1156117],"chl_oc3\/0.4.4":["{{a}}",17401916,1104748],"chl_oc3\/1.0.0":["{{b}}",151221,1142301],"chl_oc3\/1.0.1":["{{b}}",1293522,83439],"chl_oc3\/1.0.2":["{{b}}",1376961,105815],"chl_oc3\/1.0.3":["{{b}}",1482776,104218],"chl_oc3\/1.0.4":["{{b}}",1586994,625740],"chl_oc3\/1.1.0":["{{b}}",2212734,1820992],"chl_oc3\/1.1.1":["{{b}}",4033726,568421],"chl_oc3\/1.1.2":["{{b}}",4602147,215671],"chl_oc3\/1.1.3":["{{b}}",4817818,1079214],"chl_oc3\/1.1.4":["{{b}}",5897032,2796342],"chl_oc3\/1.2.0":["{{b}}",8693374,1746251],"chl_oc3\/1.2.1":["{{b}}",10439625,1636988],"chl_oc3\/1.2.2":["{{b}}",12076613,55301],"chl_oc3\/1.2.3":["{{b}}",12131914,1041706],"chl_oc3\/1.2.4":["{{b}}",13173620,1046346],"chl_oc3\/1.3.0":["{{b}}",14219966,628388],"chl_oc3\/1.3.1":["{{b}}",14848354,2237035],"chl_oc3\/1.3.2":["{{b}}",17085389,1588299],"chl_oc3\/1.3.3":["{{b}}",18673688,1985844],"chl_oc3\/1.3.4":["{{b}}",20659532,487479],"chl_oc3\/1.4.0":["{{b}}",21147011,50092],"chl_oc3\/1.4.1":["{{b}}",21197103,3607242],"chl_oc3\/1.4.2":["{{b}}",24804345,585021],"chl_oc3\/1.4.3":["{{b}}",25389366,1451286],"chl_oc3\/1.4.4":["{{b}}",26840652,1152358],"chl_oc3\/2.0.0":["{{c}}",151221,66141],"chl_oc3\/2.0.1":["{{c}}",217362,159497],"chl_oc3\/2.0.2":["{{c}}",376859,371100],"chl_oc3\/2.0.3":["{{c}}",747959,560563],"chl_oc3\/2.0.4":["{{c}}",1308522,465793],"chl_oc3\/2.1.0":["{{c}}",1774315,1330894],"chl_oc3\/2.1.1":["{{c}}",3105209,780367],"chl_oc3\/2.1.2":["{{c}}",3885576,342172],"chl_oc3\/2.1.3":["{{c}}",4227748,1116472],"chl_oc3\/2.1.4":["{{c}}",5344220,1470457],"chl_oc3\/2.2.0":["{{c}}",6814677,2575505],"chl_oc3\/2.2.1":["{{c}}",9390182,1729677],"chl_oc3\/2.2.2":["{{c}}",11119859,11748],"chl_oc3\/2.2.3":["{{c}}",11131607,97452],"chl_oc3\/2.2.4":["{{c}}",11229059,1506168],"chl_oc3\/2.3.0":["{{c}}",12735227,757877],"chl_oc3\/2.3.1":["{{c}}",13493104,2132688],"chl_oc3\/2.3.2":["{{c}}",15625792,2047119],"chl_oc3\/2.3.3":["{{c}}",17672911,2354481],"chl_oc3\/2.3.4":["{{c}}",20027392,3380974],"chl_oc3\/2.4.0":["{{c}}",23408366,1618702],"chl_oc3\/2.4.1":["{{c}}",25027068,1589571],"chl_oc3\/2.4.2":["{{c}}",26616639,683952],"chl_oc3\/2.4.3":["{{c}}",27300591,649460],"chl_oc3\/2.4.4":["{{c}}",27950051,532175],"chl_oc3\/3.0.0":["{{d}}",151221,948073],"chl_oc3\/3.0.1":["{{d}}",1099294,187799],"chl_oc3\/3.0.2":["{{d}}",1287093,83708],"chl_oc3\/3.0.3":["{{d}}",1370801,344384],"chl_oc3\/3.0.4":["{{d}}",1715185,2857425],"chl_oc3\/3.1.0":["{{d}}",4572610,1456709],"chl_oc3\/3.1.1":["{{d}}",6029319,1798314],"chl_oc3\/3.1.2":["{{d}}",7827633,68512],"chl_oc3\/3.1.3":["{{d}}",7896145,710734],"chl_oc3\/3.1.4":["{{d}}",8606879,2015453],"chl_oc3\/3.2.0":["{{d}}",10622332,1096268],"chl_oc3\/3.2.1":["{{d}}",11718600,2125109],"chl_oc3\/3.2.2":["{{d}}",13843709,42122],"chl_oc3\/3.2.3":["{{d}}",13885831,735063],"chl_oc3\/3.2.4":["{{d}}",14620894,275563],"chl_oc3\/3.3.0":["{{d}}",14896457,247891],"chl_oc3\/3.3.1":["{{d}}",15144348,1905968],"chl_oc3\/3.3.2":["{{d}}",17050316,1260104],"chl_oc3\/3.3.3":["{{d}}",18310420,2592724],"chl_oc3\/3.3.4":["{{d}}",20903144,1063694],"chl_oc3\/3.4.0":["{{d}}",21966838,35920],"chl_oc3\/3.4.1":["{{d}}",22002758,1618260],"chl_oc3\/3.4.2":["{{d}}",23621018,1489413],"chl_oc3\/3.4.3":["{{d}}",25110431,390619],"chl_oc3\/3.4.4":["{{d}}",25501050,165709],"chl_oc3\/4.0.0":["{{e}}",151221,1366912],"chl_oc3\/4.0.1":["{{e}}",1518133,54234],"chl_oc3\/4.0.2":["{{e}}",1572367,18238],"chl_oc3\/4.0.3":["{{e}}",1590605,343271],"chl_oc3\/4.0.4":["{{e}}",1933876,452868],"chl_oc3\/4.1.0":["{{e}}",2386744,3563375],"chl_oc3\/4.1.1":["{{e}}",5950119,1747619],"chl_oc3\/4.1.2":["{{e}}",7697738,331279],"chl_oc3\/4.1.3":["{{e}}",8029017,638885],"chl_oc3\/4.1.4":["{{e}}",8667902,2043019],"chl_oc3\/4.2.0":["{{e}}",10710921,2370382],"chl_oc3\/4.2.1":["{{e}}",13081303,1208003],"chl_oc3\/4.2.2":["{{e}}",14289306,93808],"chl_oc3\/4.2.3":["{{e}}",14383114,378395],"chl_oc3\/4.2.4":["{{e}}",14761509,231679],"chl_oc3\/4.3.0":["{{e}}",14993188,2355462],"chl_oc3\/4.3.1":["{{e}}",17348650,1803209],"chl_oc3\/4.3.2":["{{e}}",19151859,1425546],"chl_oc3\/4.3.3":["{{e}}",20577405,1548085],"chl_oc3\/4.3.4":["{{e}}",22125490,3344381],"chl_oc3\/4.4.0":["{{e}}",25469871,1403828],"chl_oc3\/4.4.1":["{{e}}",26873699,2775429],"chl_oc3\/4.4.2":["{{e}}",29649128,2153931],"chl_oc3\/4.4.3":["{{e}}",31803059,1477586],"chl_oc3\/4.4.4":["{{e}}",33280645,450805],"chl_oc3\/5.0.0":["{{f}}",151221,349882],"chl_oc3\/5.0.1":["{{f}}",501103,816996],"chl_oc3\/5.0.2":["{{f}}",1318099,1390443],"chl_oc3\/5.0.3":["{{f}}",2708542,270788],"chl_oc3\/5.0.4":["{{f}}",2979330,10921],"chl_oc3\/5.1.0":["{{f}}",2990251,1373744],"chl_oc3\/5.1.1":["{{f}}",4363995,2200983],"chl_oc3\/5.1.2":["{{f}}",6564978,354045],"chl_oc3\/5.1.3":["{{f}}",6919023,575526],"chl_oc3\/5.1.4":["{{f}}",7494549,46841],"chl_oc3\/5.2.0":["{{f}}",7541390,550902],"chl_oc3\/5.2.1":["{{f}}",8092292,2378255],"chl_oc3\/5.2.2":["{{f}}",10470547,55951],"chl_oc3\/5.2.3":["{{f}}",10526498,1518542],"chl_oc3\/5.2.4":["{{f}}",12045040,368858],"chl_oc3\/5.3.0":["{{f}}",12413898,375164],"chl_oc3\/5.3.1":["{{f}}",12789062,1979001],"chl_oc3\/5.3.2":["{{f}}",14768063,1114774],"chl_oc3\/5.3.3":["{{f}}",15882837,1017558],"chl_oc3\/5.3.4":["{{f}}",16900395,2386126],"chl_oc3\/5.4.0":["{{f}}",19286521,10921],"chl_oc3\/5.4.1":["{{f}}",19297442,679360],"chl_oc3\/5.4.2":["{{f}}",19976802,1866262],"chl_oc3\/5.4.3":["{{f}}",21843064,1879769],"chl_oc3\/5.4.4":["{{f}}",23722833,1384852],"chl_oc3\/6.0.0":["{{g}}",151221,2880420],"chl_oc3\/6.0.1":["{{g}}",3031641,253041],"chl_oc3\/6.0.2":["{{g}}",3284682,1418740],"chl_oc3\/6.0.3":["{{g}}",4703422,335664],"chl_oc3\/6.0.4":["{{g}}",5039086,923507],"chl_oc3\/6.1.0":["{{g}}",5962593,4249767],"chl_oc3\/6.1.1":["{{g}}",10212360,1551449],"chl_oc3\/6.1.2":["{{g}}",11763809,740933],"chl_oc3\/6.1.3":["{{g}}",12504742,565151],"chl_oc3\/6.1.4":["{{g}}",13069893,542367],"chl_oc3\/6.2.0":["{{g}}",13612260,1801451],"chl_oc3\/6.2.1":["{{g}}",15413711,1836972],"chl_oc3\/6.2.2":["{{g}}",17250683,78561],"chl_oc3\/6.2.3":["{{g}}",17329244,1030431],"chl_oc3\/6.2.4":["{{g}}",18359675,1066628],"chl_oc3\/6.3.0":["{{g}}",19426303,1132476],"chl_oc3\/6.3.1":["{{g}}",20558779,2429301],"chl_oc3\/6.3.2":["{{g}}",22988080,1306361],"chl_oc3\/6.3.3":["{{g}}",24294441,542463],"chl_oc3\/6.3.4":["{{g}}",24836904,1721847],"chl_oc3\/6.4.0":["{{g}}",26558751,207161],"chl_oc3\/6.4.1":["{{g}}",26765912,1260020],"chl_oc3\/6.4.2":["{{g}}",28025932,1155411],"chl_oc3\/6.4.3":["{{g}}",29181343,2378384],"chl_oc3\/6.4.4":["{{g}}",31559727,60520],"chl_oc3\/7.0.0":["{{h}}",151221,355066],"chl_oc3\/7.0.1":["{{h}}",506287,318555],"chl_oc3\/7.0.2":["{{h}}",824842,1172032],"chl_oc3\/7.0.3":["{{h}}",1996874,806002],"chl_oc3\/7.0.4":["{{h}}",2802876,14302],"chl_oc3\/7.1.0":["{{h}}",2817178,553670],"chl_oc3\/7.1.1":["{{h}}",3370848,2608549],"chl_oc3\/7.1.2":["{{h}}",5979397,246836],"chl_oc3\/7.1.3":["{{h}}",6226233,1095774],"chl_oc3\/7.1.4":["{{h}}",7322007,722324],"chl_oc3\/7.2.0":["{{h}}",8044331,249568],"chl_oc3\/7.2.1":["{{h}}",8293899,2924463],"chl_oc3\/7.2.2":["{{h}}",11218362,28250],"chl_oc3\/7.2.3":["{{h}}",11246612,1610962],"chl_oc3\/7.2.4":["{{h}}",12857574,1807525],"chl_oc3\/7.3.0":["{{h}}",14665099,14586],"chl_oc3\/7.3.1":["{{h}}",14679685,1837490],"chl_oc3\/7.3.2":["{{h}}",16517175,1823649],"chl_oc3\/7.3.3":["{{h}}",18340824,1411790],"chl_oc3\/7.3.4":["{{h}}",19752614,1153953],"chl_oc3\/7.4.0":["{{h}}",20906567,10921],"chl_oc3\/7.4.1":["{{h}}",20917488,511704],"chl_oc3\/7.4.2":["{{h}}",21429192,1085039],"chl_oc3\/7.4.3":["{{h}}",22514231,2447230],"chl_oc3\/7.4.4":["{{h}}",24961461,1194837],"chl_oc3\/8.0.0":["{{i}}",151221,2766804],"chl_oc3\/8.0.1":["{{i}}",2918025,249004],"chl_oc3\/8.0.2":["{{i}}",3167029,369859],"chl_oc3\/8.0.3":["{{i}}",3536888,699592],"chl_oc3\/8.0.4":["{{i}}",4236480,1547191],"chl_oc3\/8.1.0":["{{i}}",5783671,193075],"chl_oc3\/8.1.1":["{{i}}",5976746,844857],"chl_oc3\/8.1.2":["{{i}}",6821603,1199462],"chl_oc3\/8.1.3":["{{i}}",8021065,1210561],"chl_oc3\/8.1.4":["{{i}}",9231626,3320265],"chl_oc3\/8.2.0":["{{i}}",12551891,929424],"chl_oc3\/8.2.1":["{{i}}",13481315,1847596],"chl_oc3\/8.2.2":["{{i}}",15328911,65713],"chl_oc3\/8.2.3":["{{i}}",15394624,1087011],"chl_oc3\/8.2.4":["{{i}}",16481635,2329121],"chl_oc3\/8.3.0":["{{i}}",18810756,212967],"chl_oc3\/8.3.1":["{{i}}",19023723,1260470],"chl_oc3\/8.3.2":["{{i}}",20284193,2131279],"chl_oc3\/8.3.3":["{{i}}",22415472,1516132],"chl_oc3\/8.3.4":["{{i}}",23931604,454471],"chl_oc3\/8.4.0":["{{i}}",24386075,476781],"chl_oc3\/8.4.1":["{{i}}",24862856,1379356],"chl_oc3\/8.4.2":["{{i}}",26242212,575684],"chl_oc3\/8.4.3":["{{i}}",26817896,2044972],"chl_oc3\/8.4.4":["{{i}}",28862868,654677],"chl_oc3\/9.0.0":["{{j}}",151221,276200],"chl_oc3\/9.0.1":["{{j}}",427421,489867],"chl_oc3\/9.0.2":["{{j}}",917288,935243],"chl_oc3\/9.0.3":["{{j}}",1852531,880288],"chl_oc3\/9.0.4":["{{j}}",2732819,327381],"chl_oc3\/9.1.0":["{{j}}",3060200,206608],"chl_oc3\/9.1.1":["{{j}}",3266808,3283088],"chl_oc3\/9.1.2":["{{j}}",6549896,1204049],"chl_oc3\/9.1.3":["{{j}}",7753945,1324825],"chl_oc3\/9.1.4":["{{j}}",9078770,1255610],"chl_oc3\/9.2.0":["{{j}}",10334380,10921],"chl_oc3\/9.2.1":["{{j}}",10345301,2011793],"chl_oc3\/9.2.2":["{{j}}",12357094,55014],"chl_oc3\/9.2.3":["{{j}}",12412108,987898],"chl_oc3\/9.2.4":["{{j}}",13400006,1871976],"chl_oc3\/9.3.0":["{{j}}",15271982,1045776],"chl_oc3\/9.3.1":["{{j}}",16317758,2019181],"chl_oc3\/9.3.2":["{{j}}",18336939,2223976],"chl_oc3\/9.3.3":["{{j}}",20560915,921297],"chl_oc3\/9.3.4":["{{j}}",21482212,1969939],"chl_oc3\/9.4.0":["{{j}}",23452151,1943403],"chl_oc3\/9.4.1":["{{j}}",25395554,1098526],"chl_oc3\/9.4.2":["{{j}}",26494080,2242214],"chl_oc3\/9.4.3":["{{j}}",28736294,565049],"chl_oc3\/9.4.4":["{{j}}",29301343,1969059],"chl_oc3\/10.0.0":["{{k}}",151221,2395301],"chl_oc3\/10.0.1":["{{k}}",2546522,284573],"chl_oc3\/10.0.2":["{{k}}",2831095,1436109],"chl_oc3\/10.0.3":["{{k}}",4267204,543042],"chl_oc3\/10.0.4":["{{k}}",4810246,2912837],"chl_oc3\/10.1.0":["{{k}}",7723083,1926924],"chl_oc3\/10.1.1":["{{k}}",9650007,2240165],"chl_oc3\/10.1.2":["{{k}}",11890172,403060],"chl_oc3\/10.1.3":["{{k}}",12293232,1936991],"chl_oc3\/10.1.4":["{{k}}",14230223,2416120],"chl_oc3\/10.2.0":["{{k}}",16646343,965883],"chl_oc3\/10.2.1":["{{k}}",17612226,2031294],"chl_oc3\/10.2.2":["{{k}}",19643520,57506],"chl_oc3\/10.2.3":["{{k}}",19701026,2714174],"chl_oc3\/10.2.4":["{{k}}",22415200,1424031],"chl_oc3\/10.3.0":["{{k}}",23839231,699913],"chl_oc3\/10.3.1":["{{k}}",24539144,980593],"chl_oc3\/10.3.2":["{{k}}",25519737,3365679],"chl_oc3\/10.3.3":["{{k}}",28885416,3078717],"chl_oc3\/10.3.4":["{{k}}",31964133,511147],"chl_oc3\/10.4.0":["{{k}}",32475280,24158],"chl_oc3\/10.4.1":["{{k}}",32499438,307775],"chl_oc3\/10.4.2":["{{k}}",32807213,2673448],"chl_oc3\/10.4.3":["{{k}}",35480661,1744782],"chl_oc3\/10.4.4":["{{k}}",37225443,966189],"chl_oc3\/11.0.0":["{{l}}",151221,2115350],"chl_oc3\/11.0.1":["{{l}}",2266571,122208],"chl_oc3\/11.0.2":["{{l}}",2388779,2420778],"chl_oc3\/11.0.3":["{{l}}",4809557,784323],"chl_oc3\/11.0.4":["{{l}}",5593880,192866],"chl_oc3\/11.1.0":["{{l}}",5786746,3374105],"chl_oc3\/11.1.1":["{{l}}",9160851,2514596],"chl_oc3\/11.1.2":["{{l}}",11675447,750097],"chl_oc3\/11.1.3":["{{l}}",12425544,965897],"chl_oc3\/11.1.4":["{{l}}",13391441,781082],"chl_oc3\/11.2.0":["{{l}}",14172523,4245351],"chl_oc3\/11.2.1":["{{l}}",18417874,1904005],"chl_oc3\/11.2.2":["{{l}}",20321879,103034],"chl_oc3\/11.2.3":["{{l}}",20424913,1583352],"chl_oc3\/11.2.4":["{{l}}",22008265,2634065],"chl_oc3\/11.3.0":["{{l}}",24642330,1364263],"chl_oc3\/11.3.1":["{{l}}",26006593,1543293],"chl_oc3\/11.3.2":["{{l}}",27549886,2837311],"chl_oc3\/11.3.3":["{{l}}",30387197,1139641],"chl_oc3\/11.3.4":["{{l}}",31526838,1410592],"chl_oc3\/11.4.0":["{{l}}",32937430,827218],"chl_oc3\/11.4.1":["{{l}}",33764648,131818],"chl_oc3\/11.4.2":["{{l}}",33896466,1125840],"chl_oc3\/11.4.3":["{{l}}",35022306,1871306],"chl_oc3\/11.4.4":["{{l}}",36893612,334929],"chl_oc3\/12.0.0":["{{m}}",151221,1649045],"chl_oc3\/12.0.1":["{{m}}",1800266,381843],"chl_oc3\/12.0.2":["{{m}}",2182109,1107659],"chl_oc3\/12.0.3":["{{m}}",3289768,2360050],"chl_oc3\/12.0.4":["{{m}}",5649818,1030943],"chl_oc3\/12.1.0":["{{m}}",6680761,1587137],"chl_oc3\/12.1.1":["{{m}}",8267898,2875572],"chl_oc3\/12.1.2":["{{m}}",11143470,322526],"chl_oc3\/12.1.3":["{{m}}",11465996,1426549],"chl_oc3\/12.1.4":["{{m}}",12892545,52376],"chl_oc3\/12.2.0":["{{m}}",12944921,1355551],"chl_oc3\/12.2.1":["{{m}}",14300472,2943650],"chl_oc3\/12.2.2":["{{m}}",17244122,46564],"chl_oc3\/12.2.3":["{{m}}",17290686,731262],"chl_oc3\/12.2.4":["{{m}}",18021948,703557],"chl_oc3\/12.3.0":["{{m}}",18725505,412294],"chl_oc3\/12.3.1":["{{m}}",19137799,2258765],"chl_oc3\/12.3.2":["{{m}}",21396564,2247326],"chl_oc3\/12.3.3":["{{m}}",23643890,2342454],"chl_oc3\/12.3.4":["{{m}}",25986344,380500],"chl_oc3\/12.4.0":["{{m}}",26366844,136083],"chl_oc3\/12.4.1":["{{m}}",26502927,1224774],"chl_oc3\/12.4.2":["{{m}}",27727701,320472],"chl_oc3\/12.4.3":["{{m}}",28048173,1921350],"chl_oc3\/12.4.4":["{{m}}",29969523,196167],"chl_oc3\/13.0.0":["{{n}}",151221,2041579],"chl_oc3\/13.0.1":["{{n}}",2192800,365808],"chl_oc3\/13.0.2":["{{n}}",2558608,2057582],"chl_oc3\/13.0.3":["{{n}}",4616190,1876859],"chl_oc3\/13.0.4":["{{n}}",6493049,587976],"chl_oc3\/13.1.0":["{{n}}",7081025,4334484],"chl_oc3\/13.1.1":["{{n}}",11415509,1169617],"chl_oc3\/13.1.2":["{{n}}",12585126,343683],"chl_oc3\/13.1.3":["{{n}}",12928809,1466335],"chl_oc3\/13.1.4":["{{n}}",14395144,395438],"chl_oc3\/13.2.0":["{{n}}",14790582,3251156],"chl_oc3\/13.2.1":["{{n}}",18041738,2116772],"chl_oc3\/13.2.2":["{{n}}",20158510,40552],"chl_oc3\/13.2.3":["{{n}}",20199062,795833],"chl_oc3\/13.2.4":["{{n}}",20994895,2158693],"chl_oc3\/13.3.0":["{{n}}",23153588,2881966],"chl_oc3\/13.3.1":["{{n}}",26035554,2327691],"chl_oc3\/13.3.2":["{{n}}",28363245,2326660],"chl_oc3\/13.3.3":["{{n}}",30689905,2424093],"chl_oc3\/13.3.4":["{{n}}",33113998,2204681],"chl_oc3\/13.4.0":["{{n}}",35318679,1107020],"chl_oc3\/13.4.1":["{{n}}",36425699,2513527],"chl_oc3\/13.4.2":["{{n}}",38939226,613417],"chl_oc3\/13.4.3":["{{n}}",39552643,796137],"chl_oc3\/13.4.4":["{{n}}",40348780,105723],"chl_oc3\/14.0.0":["{{o}}",151221,1682386],"chl_oc3\/14.0.1":["{{o}}",1833607,502277],"chl_oc3\/14.0.2":["{{o}}",2335884,1779237],"chl_oc3\/14.0.3":["{{o}}",4115121,2559164],"chl_oc3\/14.0.4":["{{o}}",6674285,13356],"chl_oc3\/14.1.0":["{{o}}",6687641,1180817],"chl_oc3\/14.1.1":["{{o}}",7868458,1296591],"chl_oc3\/14.1.2":["{{o}}",9165049,1010986],"chl_oc3\/14.1.3":["{{o}}",10176035,1656395],"chl_oc3\/14.1.4":["{{o}}",11832430,383489],"chl_oc3\/14.2.0":["{{o}}",12215919,487373],"chl_oc3\/14.2.1":["{{o}}",12703292,2204878],"chl_oc3\/14.2.2":["{{o}}",14908170,31061],"chl_oc3\/14.2.3":["{{o}}",14939231,1258452],"chl_oc3\/14.2.4":["{{o}}",16197683,1827091],"chl_oc3\/14.3.0":["{{o}}",18024774,55384],"chl_oc3\/14.3.1":["{{o}}",18080158,3111040],"chl_oc3\/14.3.2":["{{o}}",21191198,2022041],"chl_oc3\/14.3.3":["{{o}}",23213239,2385429],"chl_oc3\/14.3.4":["{{o}}",25598668,2758705],"chl_oc3\/14.4.0":["{{o}}",28357373,10921],"chl_oc3\/14.4.1":["{{o}}",28368294,1355384],"chl_oc3\/14.4.2":["{{o}}",29723678,1565303],"chl_oc3\/14.4.3":["{{o}}",31288981,770207],"chl_oc3\/14.4.4":["{{o}}",32059188,1432691],"chl_oc3\/15.0.0":["{{p}}",151221,2608652],"chl_oc3\/15.0.1":["{{p}}",2759873,430115],"chl_oc3\/15.0.2":["{{p}}",3189988,2552821],"chl_oc3\/15.0.3":["{{p}}",5742809,2364969],"chl_oc3\/15.0.4":["{{p}}",8107778,1958383],"chl_oc3\/15.1.0":["{{p}}",10066161,939273],"chl_oc3\/15.1.1":["{{p}}",11005434,834295],"chl_oc3\/15.1.2":["{{p}}",11839729,314753],"chl_oc3\/15.1.3":["{{p}}",12154482,1045319],"chl_oc3\/15.1.4":["{{p}}",13199801,534948],"chl_oc3\/15.2.0":["{{p}}",13734749,150402],"chl_oc3\/15.2.1":["{{p}}",13885151,1302048],"chl_oc3\/15.2.2":["{{p}}",15187199,40344],"chl_oc3\/15.2.3":["{{p}}",15227543,750295],"chl_oc3\/15.2.4":["{{p}}",15977838,3207952],"chl_oc3\/15.3.0":["{{p}}",19185790,1144705],"chl_oc3\/15.3.1":["{{p}}",20330495,1838020],"chl_oc3\/15.3.2":["{{p}}",22168515,2166168],"chl_oc3\/15.3.3":["{{p}}",24334683,3600912],"chl_oc3\/15.3.4":["{{p}}",27935595,2110241],"chl_oc3\/15.4.0":["{{p}}",30045836,657073],"chl_oc3\/15.4.1":["{{p}}",30702909,1099173],"chl_oc3\/15.4.2":["{{p}}",31802082,1058703],"chl_oc3\/15.4.3":["{{p}}",32860785,3592469],"chl_oc3\/15.4.4":["{{p}}",36453254,560363],"chl_oc3\/16.0.0":["{{q}}",151221,698260],"chl_oc3\/16.0.1":["{{q}}",849481,609965],"chl_oc3\/16.0.2":["{{q}}",1459446,2386794],"chl_oc3\/16.0.3":["{{q}}",3846240,1311913],"chl_oc3\/16.0.4":["{{q}}",5158153,23805],"chl_oc3\/16.1.0":["{{q}}",5181958,351933],"chl_oc3\/16.1.1":["{{q}}",5533891,2039237],"chl_oc3\/16.1.2":["{{q}}",7573128,854242],"chl_oc3\/16.1.3":["{{q}}",8427370,1072661],"chl_oc3\/16.1.4":["{{q}}",9500031,749485],"chl_oc3\/16.2.0":["{{q}}",10249516,53655],"chl_oc3\/16.2.1":["{{q}}",10303171,2132763],"chl_oc3\/16.2.2":["{{q}}",12435934,40944],"chl_oc3\/16.2.3":["{{q}}",12476878,571066],"chl_oc3\/16.2.4":["{{q}}",13047944,1787453],"chl_oc3\/16.3.0":["{{q}}",14835397,10921],"chl_oc3\/16.3.1":["{{q}}",14846318,2102740],"chl_oc3\/16.3.2":["{{q}}",16949058,3169659],"chl_oc3\/16.3.3":["{{q}}",20118717,2334062],"chl_oc3\/16.3.4":["{{q}}",22452779,2753715],"chl_oc3\/16.4.0":["{{q}}",25206494,131067],"chl_oc3\/16.4.1":["{{q}}",25337561,741875],"chl_oc3\/16.4.2":["{{q}}",26079436,3162446],"chl_oc3\/16.4.3":["{{q}}",29241882,2627735],"chl_oc3\/16.4.4":["{{q}}",31869617,2148128],"chl_oc3\/17.0.0":["{{r}}",151221,1259658],"chl_oc3\/17.0.1":["{{r}}",1410879,935714],"chl_oc3\/17.0.2":["{{r}}",2346593,1793228],"chl_oc3\/17.0.3":["{{r}}",4139821,1675173],"chl_oc3\/17.0.4":["{{r}}",5814994,578458],"chl_oc3\/17.1.0":["{{r}}",6393452,1410784],"chl_oc3\/17.1.1":["{{r}}",7804236,1301391],"chl_oc3\/17.1.2":["{{r}}",9105627,1054753],"chl_oc3\/17.1.3":["{{r}}",10160380,898881],"chl_oc3\/17.1.4":["{{r}}",11059261,399916],"chl_oc3\/17.2.0":["{{r}}",11459177,1179845],"chl_oc3\/17.2.1":["{{r}}",12639022,1935617],"chl_oc3\/17.2.2":["{{r}}",14574639,26989],"chl_oc3\/17.2.3":["{{r}}",14601628,1393002],"chl_oc3\/17.2.4":["{{r}}",15994630,2303169],"chl_oc3\/17.3.0":["{{r}}",18297799,312285],"chl_oc3\/17.3.1":["{{r}}",18610084,1381122],"chl_oc3\/17.3.2":["{{r}}",19991206,2535045],"chl_oc3\/17.3.3":["{{r}}",22526251,2960094],"chl_oc3\/17.3.4":["{{r}}",25486345,585582],"chl_oc3\/17.4.0":["{{r}}",26071927,10921],"chl_oc3\/17.4.1":["{{r}}",26082848,1681923],"chl_oc3\/17.4.2":["{{r}}",27764771,2607975],"chl_oc3\/17.4.3":["{{r}}",30372746,3623489],"chl_oc3\/17.4.4":["{{r}}",33996235,419625],"chl_oc3\/18.0.0":["{{s}}",151221,198406],"chl_oc3\/18.0.1":["{{s}}",349627,1000044],"chl_oc3\/18.0.2":["{{s}}",1349671,2534740],"chl_oc3\/18.0.3":["{{s}}",3884411,1699298],"chl_oc3\/18.0.4":["{{s}}",5583709,615871],"chl_oc3\/18.1.0":["{{s}}",6199580,1211834],"chl_oc3\/18.1.1":["{{s}}",7411414,2518507],"chl_oc3\/18.1.2":["{{s}}",9929921,396065],"chl_oc3\/18.1.3":["{{s}}",10325986,674763],"chl_oc3\/18.1.4":["{{s}}",11000749,761802],"chl_oc3\/18.2.0":["{{s}}",11762551,2662963],"chl_oc3\/18.2.1":["{{s}}",14425514,2115351],"chl_oc3\/18.2.2":["{{s}}",16540865,43067],"chl_oc3\/18.2.3":["{{s}}",16583932,917981],"chl_oc3\/18.2.4":["{{s}}",17501913,1914437],"chl_oc3\/18.3.0":["{{s}}",19416350,3128752],"chl_oc3\/18.3.1":["{{s}}",22545102,2573235],"chl_oc3\/18.3.2":["{{s}}",25118337,1732092],"chl_oc3\/18.3.3":["{{s}}",26850429,1163945],"chl_oc3\/18.3.4":["{{s}}",28014374,2853852],"chl_oc3\/18.4.0":["{{s}}",30868226,979256],"chl_oc3\/18.4.1":["{{s}}",31847482,516852],"chl_oc3\/18.4.2":["{{s}}",32364334,1818241],"chl_oc3\/18.4.3":["{{s}}",34182575,1307201],"chl_oc3\/18.4.4":["{{s}}",35489776,1522372],"chl_oc3\/19.0.0":["{{t}}",151221,1448622],"chl_oc3\/19.0.1":["{{t}}",1599843,899844],"chl_oc3\/19.0.2":["{{t}}",2499687,1477165],"chl_oc3\/19.0.3":["{{t}}",3976852,1693997],"chl_oc3\/19.0.4":["{{t}}",5670849,657217],"chl_oc3\/19.1.0":["{{t}}",6328066,1031085],"chl_oc3\/19.1.1":["{{t}}",7359151,2575380],"chl_oc3\/19.1.2":["{{t}}",9934531,1112029],"chl_oc3\/19.1.3":["{{t}}",11046560,2055042],"chl_oc3\/19.1.4":["{{t}}",13101602,720953],"chl_oc3\/19.2.0":["{{t}}",13822555,854445],"chl_oc3\/19.2.1":["{{t}}",14677000,3117186],"chl_oc3\/19.2.2":["{{t}}",17794186,83497],"chl_oc3\/19.2.3":["{{t}}",17877683,1998690],"chl_oc3\/19.2.4":["{{t}}",19876373,837235],"chl_oc3\/19.3.0":["{{t}}",20713608,246606],"chl_oc3\/19.3.1":["{{t}}",20960214,1856326],"chl_oc3\/19.3.2":["{{t}}",22816540,2267175],"chl_oc3\/19.3.3":["{{t}}",25083715,1725873],"chl_oc3\/19.3.4":["{{t}}",26809588,1107790],"chl_oc3\/19.4.0":["{{t}}",27917378,61817],"chl_oc3\/19.4.1":["{{t}}",27979195,1372162],"chl_oc3\/19.4.2":["{{t}}",29351357,1098387],"chl_oc3\/19.4.3":["{{t}}",30449744,2279108],"chl_oc3\/19.4.4":["{{t}}",32728852,536686],"chl_oc3\/20.0.0":["{{u}}",151221,448002],"chl_oc3\/20.0.1":["{{u}}",599223,2123486],"chl_oc3\/20.0.2":["{{u}}",2722709,1385622],"chl_oc3\/20.0.3":["{{u}}",4108331,614358],"chl_oc3\/20.0.4":["{{u}}",4722689,247147],"chl_oc3\/20.1.0":["{{u}}",4969836,2833341],"chl_oc3\/20.1.1":["{{u}}",7803177,2257080],"chl_oc3\/20.1.2":["{{u}}",10060257,443683],"chl_oc3\/20.1.3":["{{u}}",10503940,858130],"chl_oc3\/20.1.4":["{{u}}",11362070,935897],"chl_oc3\/20.2.0":["{{u}}",12297967,3668824],"chl_oc3\/20.2.1":["{{u}}",15966791,1995371],"chl_oc3\/20.2.2":["{{u}}",17962162,71557],"chl_oc3\/20.2.3":["{{u}}",18033719,701500],"chl_oc3\/20.2.4":["{{u}}",18735219,3371955],"chl_oc3\/20.3.0":["{{u}}",22107174,2043798],"chl_oc3\/20.3.1":["{{u}}",24150972,1464544],"chl_oc3\/20.3.2":["{{u}}",25615516,1440435],"chl_oc3\/20.3.3":["{{u}}",27055951,1453956],"chl_oc3\/20.3.4":["{{u}}",28509907,3785675],"chl_oc3\/20.4.0":["{{u}}",32295582,716378],"chl_oc3\/20.4.1":["{{u}}",33011960,1272205],"chl_oc3\/20.4.2":["{{u}}",34284165,3426906],"chl_oc3\/20.4.3":["{{u}}",37711071,1993619],"chl_oc3\/20.4.4":["{{u}}",39704690,1374276],"chl_oc3\/21.0.0":["{{v}}",151221,502333],"chl_oc3\/21.0.1":["{{v}}",653554,1065386],"chl_oc3\/21.0.2":["{{v}}",1718940,2665630],"chl_oc3\/21.0.3":["{{v}}",4384570,1760612],"chl_oc3\/21.0.4":["{{v}}",6145182,10921],"chl_oc3\/21.1.0":["{{v}}",6156103,756638],"chl_oc3\/21.1.1":["{{v}}",6912741,1554954],"chl_oc3\/21.1.2":["{{v}}",8467695,549826],"chl_oc3\/21.1.3":["{{v}}",9017521,2384331],"chl_oc3\/21.1.4":["{{v}}",11401852,133571],"chl_oc3\/21.2.0":["{{v}}",11535423,1265749],"chl_oc3\/21.2.1":["{{v}}",12801172,3336913],"chl_oc3\/21.2.2":["{{v}}",16138085,105570],"chl_oc3\/21.2.3":["{{v}}",16243655,1294387],"chl_oc3\/21.2.4":["{{v}}",17538042,1179651],"chl_oc3\/21.3.0":["{{v}}",18717693,167664],"chl_oc3\/21.3.1":["{{v}}",18885357,2422339],"chl_oc3\/21.3.2":["{{v}}",21307696,2182243],"chl_oc3\/21.3.3":["{{v}}",23489939,1844211],"chl_oc3\/21.3.4":["{{v}}",25334150,1615770],"chl_oc3\/21.4.0":["{{v}}",26949920,58574],"chl_oc3\/21.4.1":["{{v}}",27008494,697671],"chl_oc3\/21.4.2":["{{v}}",27706165,2910596],"chl_oc3\/21.4.3":["{{v}}",30616761,3666738],"chl_oc3\/21.4.4":["{{v}}",34283499,1136983],"chl_oc3\/22.0.0":["{{w}}",151221,1292420],"chl_oc3\/22.0.1":["{{w}}",1443641,393523],"chl_oc3\/22.0.2":["{{w}}",1837164,2215475],"chl_oc3\/22.0.3":["{{w}}",4052639,1145609],"chl_oc3\/22.0.4":["{{w}}",5198248,986835],"chl_oc3\/22.1.0":["{{w}}",6185083,1983534],"chl_oc3\/22.1.1":["{{w}}",8168617,1263546],"chl_oc3\/22.1.2":["{{w}}",9432163,931604],"chl_oc3\/22.1.3":["{{w}}",10363767,1590858],"chl_oc3\/22.1.4":["{{w}}",11954625,1480899],"chl_oc3\/22.2.0":["{{w}}",13435524,3863122],"chl_oc3\/22.2.1":["{{w}}",17298646,2703767],"chl_oc3\/22.2.2":["{{w}}",20002413,131339],"chl_oc3\/22.2.3":["{{w}}",20133752,450515],"chl_oc3\/22.2.4":["{{w}}",20584267,2991546],"chl_oc3\/22.3.0":["{{w}}",23575813,1758527],"chl_oc3\/22.3.1":["{{w}}",25334340,1525207],"chl_oc3\/22.3.2":["{{w}}",26859547,3392602],"chl_oc3\/22.3.3":["{{w}}",30252149,1903868],"chl_oc3\/22.3.4":["{{w}}",32156017,2419854],"chl_oc3\/22.4.0":["{{w}}",34575871,1268806],"chl_oc3\/22.4.1":["{{w}}",35844677,562035],"chl_oc3\/22.4.2":["{{w}}",36406712,2153689],"chl_oc3\/22.4.3":["{{w}}",38560401,2129730],"chl_oc3\/22.4.4":["{{w}}",40690131,731137],"chl_oc3\/23.0.0":["{{x}}",151221,260016],"chl_oc3\/23.0.1":["{{x}}",411237,338223],"chl_oc3\/23.0.2":["{{x}}",749460,1112283],"chl_oc3\/23.0.3":["{{x}}",1861743,2040644],"chl_oc3\/23.0.4":["{{x}}",3902387,51183],"chl_oc3\/23.1.0":["{{x}}",3953570,347775],"chl_oc3\/23.1.1":["{{x}}",4301345,878326],"chl_oc3\/23.1.2":["{{x}}",5179671,830539],"chl_oc3\/23.1.3":["{{x}}",6010210,2494464],"chl_oc3\/23.1.4":["{{x}}",8504674,688253],"chl_oc3\/23.2.0":["{{x}}",9192927,394575],"chl_oc3\/23.2.1":["{{x}}",9587502,3212494],"chl_oc3\/23.2.2":["{{x}}",12799996,16153],"chl_oc3\/23.2.3":["{{x}}",12816149,953770],"chl_oc3\/23.2.4":["{{x}}",13769919,2411289],"chl_oc3\/23.3.0":["{{x}}",16181208,15466],"chl_oc3\/23.3.1":["{{x}}",16196674,2379193],"chl_oc3\/23.3.2":["{{x}}",18575867,2461479],"chl_oc3\/23.3.3":["{{x}}",21037346,2217550],"chl_oc3\/23.3.4":["{{x}}",23254896,1436425],"chl_oc3\/23.4.0":["{{x}}",24691321,10921],"chl_oc3\/23.4.1":["{{x}}",24702242,414576],"chl_oc3\/23.4.2":["{{x}}",25116818,893799],"chl_oc3\/23.4.3":["{{x}}",26010617,2793267],"chl_oc3\/23.4.4":["{{x}}",28803884,440598],"chl_oc3\/24.0.0":["{{y}}",151221,1517007],"chl_oc3\/24.0.1":["{{y}}",1668228,291605],"chl_oc3\/24.0.2":["{{y}}",1959833,1097167],"chl_oc3\/24.0.3":["{{y}}",3057000,900390],"chl_oc3\/24.0.4":["{{y}}",3957390,1525014],"chl_oc3\/24.1.0":["{{y}}",5482404,367873],"chl_oc3\/24.1.1":["{{y}}",5850277,671193],"chl_oc3\/24.1.2":["{{y}}",6521470,1533973],"chl_oc3\/24.1.3":["{{y}}",8055443,1940446],"chl_oc3\/24.1.4":["{{y}}",9995889,1860032],"chl_oc3\/24.2.0":["{{y}}",11855921,1485862],"chl_oc3\/24.2.1":["{{y}}",13341783,1948989],"chl_oc3\/24.2.2":["{{y}}",15290772,59365],"chl_oc3\/24.2.3":["{{y}}",15350137,1583018],"chl_oc3\/24.2.4":["{{y}}",16933155,3787711],"chl_oc3\/24.3.0":["{{y}}",20720866,778072],"chl_oc3\/24.3.1":["{{y}}",21498938,3109369],"chl_oc3\/24.3.2":["{{y}}",24608307,2324090],"chl_oc3\/24.3.3":["{{y}}",26932397,1776933],"chl_oc3\/24.3.4":["{{y}}",28709330,710825],"chl_oc3\/24.4.0":["{{y}}",29420155,80999],"chl_oc3\/24.4.1":["{{y}}",29501154,1888893],"chl_oc3\/24.4.2":["{{y}}",31390047,557585],"chl_oc3\/24.4.3":["{{y}}",31947632,2437685],"chl_oc3\/24.4.4":["{{y}}",34385317,1459163],"chl_oc3\/25.0.0":["{{z}}",151221,515442],"chl_oc3\/25.0.1":["{{z}}",666663,534459],"chl_oc3\/25.0.2":["{{z}}",1201122,1002181],"chl_oc3\/25.0.3":["{{z}}",2203303,445075],"chl_oc3\/25.0.4":["{{z}}",2648378,90347],"chl_oc3\/25.1.0":["{{z}}",2738725,177357],"chl_oc3\/25.1.1":["{{z}}",2916082,2942306],"chl_oc3\/25.1.2":["{{z}}",5858388,1224751],"chl_oc3\/25.1.3":["{{z}}",7083139,751845],"chl_oc3\/25.1.4":["{{z}}",7834984,992299],"chl_oc3\/25.2.0":["{{z}}",8827283,10921],"chl_oc3\/25.2.1":["{{z}}",8838204,2402741],"chl_oc3\/25.2.2":["{{z}}",11240945,11352],"chl_oc3\/25.2.3":["{{z}}",11252297,1577640],"chl_oc3\/25.2.4":["{{z}}",12829937,2947554],"chl_oc3\/25.3.0":["{{z}}",15777491,1689284],"chl_oc3\/25.3.1":["{{z}}",17466775,3469332],"chl_oc3\/25.3.2":["{{z}}",20936107,1694820],"chl_oc3\/25.3.3":["{{z}}",22630927,1648784],"chl_oc3\/25.3.4":["{{z}}",24279711,3069507],"chl_oc3\/25.4.0":["{{z}}",27349218,2075787],"chl_oc3\/25.4.1":["{{z}}",29425005,1351051],"chl_oc3\/25.4.2":["{{z}}",30776056,1066710],"chl_oc3\/25.4.3":["{{z}}",31842766,1390821],"chl_oc3\/25.4.4":["{{z}}",33233587,3430586],"chl_oc3\/26.0.0":["{{A}}",151221,2620601],"chl_oc3\/26.0.1":["{{A}}",2771822,458345],"chl_oc3\/26.0.2":["{{A}}",3230167,899090],"chl_oc3\/26.0.3":["{{A}}",4129257,475057],"chl_oc3\/26.0.4":["{{A}}",4604314,454238],"chl_oc3\/26.1.0":["{{A}}",5058552,2008102],"chl_oc3\/26.1.1":["{{A}}",7066654,2514175],"chl_oc3\/26.1.2":["{{A}}",9580829,607350],"chl_oc3\/26.1.3":["{{A}}",10188179,848244],"chl_oc3\/26.1.4":["{{A}}",11036423,1749626],"chl_oc3\/26.2.0":["{{A}}",12786049,1370340],"chl_oc3\/26.2.1":["{{A}}",14156389,2275964],"chl_oc3\/26.2.2":["{{A}}",16432353,34353],"chl_oc3\/26.2.3":["{{A}}",16466706,1895864],"chl_oc3\/26.2.4":["{{A}}",18362570,2225347],"chl_oc3\/26.3.0":["{{A}}",20587917,562400],"chl_oc3\/26.3.1":["{{A}}",21150317,1097855],"chl_oc3\/26.3.2":["{{A}}",22248172,2651064],"chl_oc3\/26.3.3":["{{A}}",24899236,1373838],"chl_oc3\/26.3.4":["{{A}}",26273074,519074],"chl_oc3\/26.4.0":["{{A}}",26792148,10948],"chl_oc3\/26.4.1":["{{A}}",26803096,671115],"chl_oc3\/26.4.2":["{{A}}",27474211,383562],"chl_oc3\/26.4.3":["{{A}}",27857773,472883],"chl_oc3\/26.4.4":["{{A}}",28330656,1629842],"chl_oc3\/27.0.0":["{{B}}",151221,2339210],"chl_oc3\/27.0.1":["{{B}}",2490431,103967],"chl_oc3\/27.0.2":["{{B}}",2594398,985406],"chl_oc3\/27.0.3":["{{B}}",3579804,787998],"chl_oc3\/27.0.4":["{{B}}",4367802,23059],"chl_oc3\/27.1.0":["{{B}}",4390861,3219990],"chl_oc3\/27.1.1":["{{B}}",7610851,2552753],"chl_oc3\/27.1.2":["{{B}}",10163604,85197],"chl_oc3\/27.1.3":["{{B}}",10248801,786649],"chl_oc3\/27.1.4":["{{B}}",11035450,714200],"chl_oc3\/27.2.0":["{{B}}",11749650,3001258],"chl_oc3\/27.2.1":["{{B}}",14750908,2074371],"chl_oc3\/27.2.2":["{{B}}",16825279,91144],"chl_oc3\/27.2.3":["{{B}}",16916423,1345101],"chl_oc3\/27.2.4":["{{B}}",18261524,2205115],"chl_oc3\/27.3.0":["{{B}}",20466639,2514047],"chl_oc3\/27.3.1":["{{B}}",22980686,1104300],"chl_oc3\/27.3.2":["{{B}}",24084986,1934416],"chl_oc3\/27.3.3":["{{B}}",26019402,1764369],"chl_oc3\/27.3.4":["{{B}}",27783771,2514627],"chl_oc3\/27.4.0":["{{B}}",30298398,1372778],"chl_oc3\/27.4.1":["{{B}}",31671176,1130494],"chl_oc3\/27.4.2":["{{B}}",32801670,888315],"chl_oc3\/27.4.3":["{{B}}",33689985,1142949],"chl_oc3\/27.4.4":["{{B}}",34832934,1123288],"chl_oc3\/28.0.0":["{{C}}",151221,1965428],"chl_oc3\/28.0.1":["{{C}}",2116649,286070],"chl_oc3\/28.0.2":["{{C}}",2402719,1548800],"chl_oc3\/28.0.3":["{{C}}",3951519,716521],"chl_oc3\/28.0.4":["{{C}}",4668040,613150],"chl_oc3\/28.1.0":["{{C}}",5281190,1504737],"chl_oc3\/28.1.1":["{{C}}",6785927,2192148],"chl_oc3\/28.1.2":["{{C}}",8978075,235829],"chl_oc3\/28.1.3":["{{C}}",9213904,901609],"chl_oc3\/28.1.4":["{{C}}",10115513,18838],"chl_oc3\/28.2.0":["{{C}}",10134351,775743],"chl_oc3\/28.2.1":["{{C}}",10910094,2382026],"chl_oc3\/28.2.2":["{{C}}",13292120,99516],"chl_oc3\/28.2.3":["{{C}}",13391636,1810531],"chl_oc3\/28.2.4":["{{C}}",15202167,1026382],"chl_oc3\/28.3.0":["{{C}}",16228549,133662],"chl_oc3\/28.3.1":["{{C}}",16362211,960774],"chl_oc3\/28.3.2":["{{C}}",17322985,1297016],"chl_oc3\/28.3.3":["{{C}}",18620001,2136641],"chl_oc3\/28.3.4":["{{C}}",20756642,1501176],"chl_oc3\/28.4.0":["{{C}}",22257818,10993],"chl_oc3\/28.4.1":["{{C}}",22268811,1067228],"chl_oc3\/28.4.2":["{{C}}",23336039,657760],"chl_oc3\/28.4.3":["{{C}}",23993799,1391459],"chl_oc3\/28.4.4":["{{C}}",25385258,2152708],"chl_oc3\/29.0.0":["{{D}}",151221,3094178],"chl_oc3\/29.0.1":["{{D}}",3245399,792717],"chl_oc3\/29.0.2":["{{D}}",4038116,547040],"chl_oc3\/29.0.3":["{{D}}",4585156,161089],"chl_oc3\/29.0.4":["{{D}}",4746245,70727],"chl_oc3\/29.1.0":["{{D}}",4816972,3721534],"chl_oc3\/29.1.1":["{{D}}",8538506,1406427],"chl_oc3\/29.1.2":["{{D}}",9944933,531235],"chl_oc3\/29.1.3":["{{D}}",10476168,616205],"chl_oc3\/29.1.4":["{{D}}",11092373,1586041],"chl_oc3\/29.2.0":["{{D}}",12678414,3604696],"chl_oc3\/29.2.1":["{{D}}",16283110,2047322],"chl_oc3\/29.2.2":["{{D}}",18330432,51528],"chl_oc3\/29.2.3":["{{D}}",18381960,607486],"chl_oc3\/29.2.4":["{{D}}",18989446,3813289],"chl_oc3\/29.3.0":["{{D}}",22802735,1900995],"chl_oc3\/29.3.1":["{{D}}",24703730,397657],"chl_oc3\/29.3.2":["{{D}}",25101387,2193955],"chl_oc3\/29.3.3":["{{D}}",27295342,1867769],"chl_oc3\/29.3.4":["{{D}}",29163111,5248416],"chl_oc3\/29.4.0":["{{D}}",34411527,954128],"chl_oc3\/29.4.1":["{{D}}",35365655,637806],"chl_oc3\/29.4.2":["{{D}}",36003461,504923],"chl_oc3\/29.4.3":["{{D}}",36508384,1014906],"chl_oc3\/29.4.4":["{{D}}",37523290,1638935],"chl_oc3\/30.0.0":["{{E}}",151221,1388902],"chl_oc3\/30.0.1":["{{E}}",1540123,375731],"chl_oc3\/30.0.2":["{{E}}",1915854,665390],"chl_oc3\/30.0.3":["{{E}}",2581244,546567],"chl_oc3\/30.0.4":["{{E}}",3127811,10921],"chl_oc3\/30.1.0":["{{E}}",3138732,688848],"chl_oc3\/30.1.1":["{{E}}",3827580,1928207],"chl_oc3\/30.1.2":["{{E}}",5755787,650104],"chl_oc3\/30.1.3":["{{E}}",6405891,684480],"chl_oc3\/30.1.4":["{{E}}",7090371,198923],"chl_oc3\/30.2.0":["{{E}}",7289294,718240],"chl_oc3\/30.2.1":["{{E}}",8007534,3189550],"chl_oc3\/30.2.2":["{{E}}",11197084,52574],"chl_oc3\/30.2.3":["{{E}}",11249658,714014],"chl_oc3\/30.2.4":["{{E}}",11963672,1358039],"chl_oc3\/30.3.0":["{{E}}",13321711,152206],"chl_oc3\/30.3.1":["{{E}}",13473917,1824247],"chl_oc3\/30.3.2":["{{E}}",15298164,2613766],"chl_oc3\/30.3.3":["{{E}}",17911930,2067399],"chl_oc3\/30.3.4":["{{E}}",19979329,2290981],"chl_oc3\/30.4.0":["{{E}}",22270310,10921],"chl_oc3\/30.4.1":["{{E}}",22281231,142330],"chl_oc3\/30.4.2":["{{E}}",22423561,84227],"chl_oc3\/30.4.3":["{{E}}",22507788,790977],"chl_oc3\/30.4.4":["{{E}}",23298765,2201952]}}