{"version":1,"templates":{"a":"s3:\/\/imos-data\/IMOS\/SRS\/OC\/gridded\/aqua\/P1D\/2008\/08\/A.P1D.20080801T053000Z.aust.K_490.nc","b":"s3:\/\/imos-data\/IMOS\/SRS\/OC\/gridded\/aqua\/P1D\/2008\/08\/A.P1D.20080802T053000Z.aust.K_490.nc","c":"s3:\/\/imos-data\/IMOS\/SRS\/OC\/gridded\/aqua\/P1D\/2008\/08\/A.P1D.20080803T053000Z.aust.K_490.nc","d":"s3:\/\/imos-data\/IMOS\/SRS\/OC\/gridded\/aqua\/P1D\/2008\/08\/A.P1D.20080804T053000Z.aust.K_490.nc","e":"s3:\/\/imos-data\/IMOS\/SRS\/OC\/gridded\/aqua\/P1D\/2008\/08\/A.P1D.20080805T053000Z.aust.K_490.nc","f":"s3:\/\/imos-data\/IMOS\/SRS\/OC\/gridded\/aqua\/P1D\/2008\/08\/A.P1D.20080806T053000Z.aust.K_490.nc","g":"s3:\/\/imos-data\/IMOS\/SRS\/OC\/gridded\/aqua\/P1D\/2008\/08\/A.P1D.20080807T053000Z.aust.K_490.nc","h":"s3:\/\/imos-data\/IMOS\/SRS\/OC\/gridded\/aqua\/P1D\/2008\/08\/A.P1D.20080808T053000Z.aust.K_490.nc","i":"s3:\/\/imos-data\/IMOS\/SRS\/OC\/gridded\/aqua\/P1D\/2008\/08\/A.P1D.20080809T053000Z.aust.K_490.nc","j":"s3:\/\/imos-data\/IMOS\/SRS\/OC\/gridded\/aqua\/P1D\/2008\/08\/A.P1D.20080810T053000Z.aust.K_490.nc","k":"s3:\/\/imos-data\/IMOS\/SRS\/OC\/gridded\/aqua\/P1D\/2008\/08\/A.P1D.20080811T053000Z.aust.K_490.nc","l":"s3:\/\/imos-data\/IMOS\/SRS\/OC\/gridded\/aqua\/P1D\/2008\/08\/A.P1D.20080812T053000Z.aust.K_490.nc","m":"s3:\/\/imos-data\/IMOS\/SRS\/OC\/gridded\/aqua\/P1D\/2008\/08\/A.P1D.20080813T053000Z.aust.K_490.nc","n":"s3:\/\/imos-data\/IMOS\/SRS\/OC\/gridded\/aqua\/P1D\/2008\/08\/A.P1D.20080814T053000Z.aust.K_490.nc","o":"s3:\/\/imos-data\/IMOS\/SRS\/OC\/gridded\/aqua\/P1D\/2008\/08\/A.P1D.20080815T053000Z.aust.K_490.nc","p":"s3:\/\/imos-data\/IMOS\/SRS\/OC\/gridded\/aqua\/P1D\/2008\/08\/A.P1D.20080816T053000Z.aust.K_490.nc","q":"s3:\/\/imos-data\/IMOS\/SRS\/OC\/gridded\/aqua\/P1D\/2008\/08\/A.P1D.20080817T053000Z.aust.K_490.nc","r":"s3:\/\/imos-data\/IMOS\/SRS\/OC\/gridded\/aqua\/P1D\/2008\/08\/A.P1D.20080818T053000Z.aust.K_490.nc","s":"s3:\/\/imos-data\/IMOS\/SRS\/OC\/gridded\/aqua\/P1D\/2008\/08\/A.P1D.20080819T053000Z.aust.K_490.nc","t":"s3:\/\/imos-data\/IMOS\/SRS\/OC\/gridded\/aqua\/P1D\/2008\/08\/A.P1D.20080820T053000Z.aust.K_490.nc","u":"s3:\/\/imos-data\/IMOS\/SRS\/OC\/gridded\/aqua\/P1D\/2008\/08\/A.P1D.20080821T053000Z.aust.K_490.nc","v":"s3:\/\/imos-data\/IMOS\/SRS\/OC\/gridded\/aqua\/P1D\/2008\/08\/A.P1D.20080822T053000Z.aust.K_490.nc","w":"s3:\/\/imos-data\/IMOS\/SRS\/OC\/gridded\/aqua\/P1D\/2008\/08\/A.P1D.20080823T053000Z.aust.K_490.nc","x":"s3:\/\/imos-data\/IMOS\/SRS\/OC\/gridded\/aqua\/P1D\/2008\/08\/A.P1D.20080824T053000Z.aust.K_490.nc","y":"s3:\/\/imos-data\/IMOS\/SRS\/OC\/gridded\/aqua\/P1D\/2008\/08\/A.P1D.20080825T053000Z.aust.K_490.nc","z":"s3:\/\/imos-data\/IMOS\/SRS\/OC\/gridded\/aqua\/P1D\/2008\/08\/A.P1D.20080826T053000Z.aust.K_490.nc","A":"s3:\/\/imos-data\/IMOS\/SRS\/OC\/gridded\/aqua\/P1D\/2008\/08\/A.P1D.20080827T053000Z.aust.K_490.nc","B":"s3:\/\/imos-data\/IMOS\/SRS\/OC\/gridded\/aqua\/P1D\/2008\/08\/A.P1D.20080828T053000Z.aust.K_490.nc","C":"s3:\/\/imos-data\/IMOS\/SRS\/OC\/gridded\/aqua\/P1D\/2008\/08\/A.P1D.20080829T053000Z.aust.K_490.nc","D":"s3:\/\/imos-data\/IMOS\/SRS\/OC\/gridded\/aqua\/P1D\/2008\/08\/A.P1D.20080830T053000Z.aust.K_490.nc","E":"s3:\/\/imos-data\/IMOS\/SRS\/OC\/gridded\/aqua\/P1D\/2008\/08\/A.P1D.20080831T053000Z.aust.K_490.nc"},"refs":{".zgroup":"{\"zarr_format\":2}",".zattrs":"{\"Conventions\":\"CF-1.6\",\"_NCProperties\":\"version=1|netcdflibversion=4.6.1|hdf5libversion=1.10.4\",\"_nc3_strict\":1,\"history\":\"File initialised at 2020-08-06T03:30:45.404773\\nInitialised var K_490 at 2020-08-06T03:31:42.660599\\nAdd Granule A20080801_0250.20190919002907.L2OC_BASE.K_490.nc at 2020-08-06T03:31:43.514456\\nAdd Granule A20080801_0255.20190919010647.L2OC_BASE.K_490.nc at 2020-08-06T03:31:43.739228\\nAdd Granule A20080801_0300.20190919004400.L2OC_BASE.K_490.nc at 2020-08-06T03:31:43.987101\\nAdd Granule A20080801_0305.20190919002251.L2OC_BASE.K_490.nc at 2020-08-06T03:31:44.160384\\nAdd Granule A20080801_0425.20190919005552.L2OC_BASE.K_490.nc at 2020-08-06T03:31:44.248216\\nAdd Granule A20080801_0430.20190919000551.L2OC_BASE.K_490.nc at 2020-08-06T03:31:44.506146\\nAdd Granule A20080801_0435.20190919012557.L2OC_BASE.K_490.nc at 2020-08-06T03:31:44.709554\\nAdd Granule A20080801_0440.20190919012031.L2OC_BASE.K_490.nc at 2020-08-06T03:31:44.880213\\nAdd Granule A20080801_0445.20190919013948.L2OC_BASE.K_490.nc at 2020-08-06T03:31:45.060067\\nAdd Granule A20080801_0605.20190918235656.L2OC_BASE.K_490.nc at 2020-08-06T03:31:45.252436\\nAdd Granule A20080801_0610.20190919001155.L2OC_BASE.K_490.nc at 2020-08-06T03:31:45.499879\\nAdd Granule A20080801_0615.20190919005959.L2OC_BASE.K_490.nc at 2020-08-06T03:31:45.713861\\nAdd Granule A20080801_0620.20190919003342.L2OC_BASE.K_490.nc at 2020-08-06T03:31:45.913229\\nAdd Granule A20080801_0625.20190919001726.L2OC_BASE.K_490.nc at 2020-08-06T03:31:46.062949\\nAdd Granule A20080801_0745.20190919000130.L2OC_BASE.K_490.nc at 2020-08-06T03:31:46.249248\\nAdd Granule A20080801_0750.20190919011513.L2OC_BASE.K_490.nc at 2020-08-06T03:31:46.456539\\nAdd Granule A20080801_0755.20190919013048.L2OC_BASE.K_490.nc at 2020-08-06T03:31:46.646742\",\"source_path\":\"imos-srs\\\/archive\\\/oc\\\/aqua\\\/1d\\\/v201909\\\/2008\\\/08\\\/A20080801.L2OC_BASE.aust.K_490.nc\"}","K_490\/.zarray":"{\"chunks\":[1,1401,2001],\"compressor\":{\"id\":\"zlib\",\"level\":4},\"dtype\":\"<f4\",\"fill_value\":-999.0,\"filters\":[{\"elementsize\":4,\"id\":\"shuffle\"}],\"order\":\"C\",\"shape\":[31,7001,10001],\"zarr_format\":2}","K_490\/.zattrs":"{\"_ARRAY_DIMENSIONS\":[\"time\",\"latitude\",\"longitude\"],\"flag_applied\":\"HISATZEN LAND CLDICE NAVFAIL\",\"long_name\":\"Diffuse attenuation coefficient at 490 nm (OBPG)\",\"units\":\"m^-1\"}","longitude\/.zarray":"{\n    \"chunks\": [\n        10001\n    ],\n    \"compressor\": null,\n    \"dtype\": \"<f8\",\n    \"fill_value\": 9.969209968386869e+36,\n    \"filters\": null,\n    \"order\": \"C\",\n    \"shape\": [\n        10001\n    ],\n    \"zarr_format\": 2\n}","longitude\/.zattrs":"{\n    \"NAME\": \"longitude\",\n    \"_ARRAY_DIMENSIONS\": [\n        \"longitude\"\n    ],\n    \"_Netcdf4Dimid\": 2,\n    \"axis\": \"X\",\n    \"long_name\": \"longitude\",\n    \"standard_name\": \"longitude\",\n    \"units\": \"degrees_east\"\n}","longitude\/0":["{{a}}",58400,80008],"latitude\/.zarray":"{\n    \"chunks\": [\n        7001\n    ],\n    \"compressor\": null,\n    \"dtype\": \"<f8\",\n    \"fill_value\": 9.969209968386869e+36,\n    \"filters\": null,\n    \"order\": \"C\",\n    \"shape\": [\n        7001\n    ],\n    \"zarr_format\": 2\n}","latitude\/.zattrs":"{\n    \"NAME\": \"latitude\",\n    \"_ARRAY_DIMENSIONS\": [\n        \"latitude\"\n    ],\n    \"_Netcdf4Dimid\": 1,\n    \"axis\": \"Y\",\n    \"long_name\": \"latitude\",\n    \"standard_name\": \"latitude\",\n    \"units\": \"degrees_north\"\n}","latitude\/0":["{{a}}",2392,56008],"time\/.zarray":"{\"chunks\":[31],\"compressor\":{\"blocksize\":0,\"clevel\":5,\"cname\":\"lz4\",\"id\":\"blosc\",\"shuffle\":1},\"dtype\":\"<M8[us]\",\"fill_value\":0,\"filters\":null,\"order\":\"C\",\"shape\":[31],\"zarr_format\":2}","time\/0":"base64:AgExCPgAAAD4AAAAsgAAABQAAACaAAAAHwABAAv7AYbmRqYGZsYmhuZGpgZmxiYQAPRb5LuTakIZ8Mifdk4l\/dSrg1oxCeC4j2Y+FezEm3NKIUdlg6G\/3foYNlRykK3L6QclQ2F+nLrY9hQxT22Lqcdfc4ebr8PX7AAUKDxQZHiNobXJ3fEFGS1CVmp+kqa6U1NTU1NTU1NUVFRUVAUAFVUBAB8EAQALD9gAB1AAAAAAAA==","time\/.zattrs":"{\"NAME\":\"time\",\"_ARRAY_DIMENSIONS\":[\"time\"],\"_Netcdf4Dimid\":0,\"axis\":\"T\",\"long_name\":\"time\",\"standard_name\":\"time\"}","K_490\/0.0.0":["{{a}}",151229,41705],"K_490\/0.0.1":["{{a}}",192934,1560724],"K_490\/0.0.2":["{{a}}",1753658,277714],"K_490\/0.0.3":["{{a}}",2031372,757499],"K_490\/0.0.4":["{{a}}",2788871,435263],"K_490\/0.1.0":["{{a}}",3224134,309510],"K_490\/0.1.1":["{{a}}",3533644,4436402],"K_490\/0.1.2":["{{a}}",7970046,1455428],"K_490\/0.1.3":["{{a}}",9425474,1556012],"K_490\/0.1.4":["{{a}}",10981486,952683],"K_490\/0.2.0":["{{a}}",11934169,3449721],"K_490\/0.2.1":["{{a}}",15383890,2219842],"K_490\/0.2.2":["{{a}}",17603732,92615],"K_490\/0.2.3":["{{a}}",17696347,2193798],"K_490\/0.2.4":["{{a}}",19890145,3808131],"K_490\/0.3.0":["{{a}}",23698276,869702],"K_490\/0.3.1":["{{a}}",24567978,1296910],"K_490\/0.3.2":["{{a}}",25864888,2181233],"K_490\/0.3.3":["{{a}}",28046121,1293514],"K_490\/0.3.4":["{{a}}",29339635,2497194],"K_490\/0.4.0":["{{a}}",31836829,27513],"K_490\/0.4.1":["{{a}}",31864342,974453],"K_490\/0.4.2":["{{a}}",32838795,986139],"K_490\/0.4.3":["{{a}}",33824934,1071931],"K_490\/0.4.4":["{{a}}",34896865,101091],"K_490\/1.0.0":["{{b}}",151229,1473048],"K_490\/1.0.1":["{{b}}",1624277,655647],"K_490\/1.0.2":["{{b}}",2279924,1226876],"K_490\/1.0.3":["{{b}}",3506800,600840],"K_490\/1.0.4":["{{b}}",4107640,2412952],"K_490\/1.1.0":["{{b}}",6520592,1157919],"K_490\/1.1.1":["{{b}}",7678511,2827673],"K_490\/1.1.2":["{{b}}",10506184,2083807],"K_490\/1.1.3":["{{b}}",12589991,1958863],"K_490\/1.1.4":["{{b}}",14548854,804954],"K_490\/1.2.0":["{{b}}",15353808,1184049],"K_490\/1.2.1":["{{b}}",16537857,2257976],"K_490\/1.2.2":["{{b}}",18795833,139521],"K_490\/1.2.3":["{{b}}",18935354,2819422],"K_490\/1.2.4":["{{b}}",21754776,276724],"K_490\/1.3.0":["{{b}}",22031500,175465],"K_490\/1.3.1":["{{b}}",22206965,1787441],"K_490\/1.3.2":["{{b}}",23994406,2352742],"K_490\/1.3.3":["{{b}}",26347148,1852888],"K_490\/1.3.4":["{{b}}",28200036,269121],"K_490\/1.4.0":["{{b}}",28469157,10921],"K_490\/1.4.1":["{{b}}",28480078,199032],"K_490\/1.4.2":["{{b}}",28679110,1425587],"K_490\/1.4.3":["{{b}}",30104697,930732],"K_490\/1.4.4":["{{b}}",31035429,68954],"K_490\/2.0.0":["{{c}}",151229,1227994],"K_490\/2.0.1":["{{c}}",1379223,949878],"K_490\/2.0.2":["{{c}}",2329101,806536],"K_490\/2.0.3":["{{c}}",3135637,1220483],"K_490\/2.0.4":["{{c}}",4356120,1049837],"K_490\/2.1.0":["{{c}}",5405957,2113456],"K_490\/2.1.1":["{{c}}",7519413,4151296],"K_490\/2.1.2":["{{c}}",11670709,1755473],"K_490\/2.1.3":["{{c}}",13426182,1469779],"K_490\/2.1.4":["{{c}}",14895961,1613066],"K_490\/2.2.0":["{{c}}",16509027,2405781],"K_490\/2.2.1":["{{c}}",18914808,2542959],"K_490\/2.2.2":["{{c}}",21457767,100764],"K_490\/2.2.3":["{{c}}",21558531,1083221],"K_490\/2.2.4":["{{c}}",22641752,4250451],"K_490\/2.3.0":["{{c}}",26892203,397402],"K_490\/2.3.1":["{{c}}",27289605,1171693],"K_490\/2.3.2":["{{c}}",28461298,1542673],"K_490\/2.3.3":["{{c}}",30003971,2162023],"K_490\/2.3.4":["{{c}}",32165994,2626015],"K_490\/2.4.0":["{{c}}",34792009,375800],"K_490\/2.4.1":["{{c}}",35167809,694780],"K_490\/2.4.2":["{{c}}",35862589,435727],"K_490\/2.4.3":["{{c}}",36298316,1795268],"K_490\/2.4.4":["{{c}}",38093584,287395],"K_490\/3.0.0":["{{d}}",151229,1055601],"K_490\/3.0.1":["{{d}}",1206830,866676],"K_490\/3.0.2":["{{d}}",2073506,1040262],"K_490\/3.0.3":["{{d}}",3113768,2190589],"K_490\/3.0.4":["{{d}}",5304357,10921],"K_490\/3.1.0":["{{d}}",5315278,1487417],"K_490\/3.1.1":["{{d}}",6802695,2790352],"K_490\/3.1.2":["{{d}}",9593047,3046352],"K_490\/3.1.3":["{{d}}",12639399,2969263],"K_490\/3.1.4":["{{d}}",15608662,118886],"K_490\/3.2.0":["{{d}}",15727548,556706],"K_490\/3.2.1":["{{d}}",16284254,4013846],"K_490\/3.2.2":["{{d}}",20298100,124734],"K_490\/3.2.3":["{{d}}",20422834,2586126],"K_490\/3.2.4":["{{d}}",23008960,1149661],"K_490\/3.3.0":["{{d}}",24158621,252108],"K_490\/3.3.1":["{{d}}",24410729,1498387],"K_490\/3.3.2":["{{d}}",25909116,1460233],"K_490\/3.3.3":["{{d}}",27369349,3416394],"K_490\/3.3.4":["{{d}}",30785743,2097846],"K_490\/3.4.0":["{{d}}",32883589,11533],"K_490\/3.4.1":["{{d}}",32895122,1089915],"K_490\/3.4.2":["{{d}}",33985037,86714],"K_490\/3.4.3":["{{d}}",34071751,581830],"K_490\/3.4.4":["{{d}}",34653581,1740109],"K_490\/4.0.0":["{{e}}",151229,1762720],"K_490\/4.0.1":["{{e}}",1913949,831321],"K_490\/4.0.2":["{{e}}",2745270,2026696],"K_490\/4.0.3":["{{e}}",4771966,2346913],"K_490\/4.0.4":["{{e}}",7118879,1822099],"K_490\/4.1.0":["{{e}}",8940978,2686709],"K_490\/4.1.1":["{{e}}",11627687,3900684],"K_490\/4.1.2":["{{e}}",15528371,2856448],"K_490\/4.1.3":["{{e}}",18384819,1161282],"K_490\/4.1.4":["{{e}}",19546101,1442595],"K_490\/4.2.0":["{{e}}",20988696,1984092],"K_490\/4.2.1":["{{e}}",22972788,2635945],"K_490\/4.2.2":["{{e}}",25608733,106918],"K_490\/4.2.3":["{{e}}",25715651,1273290],"K_490\/4.2.4":["{{e}}",26988941,4032873],"K_490\/4.3.0":["{{e}}",31021814,527363],"K_490\/4.3.1":["{{e}}",31549177,1530034],"K_490\/4.3.2":["{{e}}",33079211,1831991],"K_490\/4.3.3":["{{e}}",34911202,2635537],"K_490\/4.3.4":["{{e}}",37546739,3525379],"K_490\/4.4.0":["{{e}}",41072118,166934],"K_490\/4.4.1":["{{e}}",41239052,424533],"K_490\/4.4.2":["{{e}}",41663585,1849643],"K_490\/4.4.3":["{{e}}",43513228,386399],"K_490\/4.4.4":["{{e}}",43899627,171182],"K_490\/5.0.0":["{{f}}",151229,146600],"K_490\/5.0.1":["{{f}}",297829,689159],"K_490\/5.0.2":["{{f}}",986988,2043969],"K_490\/5.0.3":["{{f}}",3030957,3854011],"K_490\/5.0.4":["{{f}}",6884968,247723],"K_490\/5.1.0":["{{f}}",7132691,348693],"K_490\/5.1.1":["{{f}}",7481384,3299501],"K_490\/5.1.2":["{{f}}",10780885,3869466],"K_490\/5.1.3":["{{f}}",14650351,2632822],"K_490\/5.1.4":["{{f}}",17283173,611912],"K_490\/5.2.0":["{{f}}",17895085,152962],"K_490\/5.2.1":["{{f}}",18048047,4079807],"K_490\/5.2.2":["{{f}}",22127854,44688],"K_490\/5.2.3":["{{f}}",22172542,1818440],"K_490\/5.2.4":["{{f}}",23990982,1125519],"K_490\/5.3.0":["{{f}}",25116501,10921],"K_490\/5.3.1":["{{f}}",25127422,2687857],"K_490\/5.3.2":["{{f}}",27815279,2207068],"K_490\/5.3.3":["{{f}}",30022347,1158136],"K_490\/5.3.4":["{{f}}",31180483,1727805],"K_490\/5.4.0":["{{f}}",32908288,10921],"K_490\/5.4.1":["{{f}}",32919209,646585],"K_490\/5.4.2":["{{f}}",33565794,981648],"K_490\/5.4.3":["{{f}}",34547442,1629886],"K_490\/5.4.4":["{{f}}",36177328,1167921],"K_490\/6.0.0":["{{g}}",151229,787429],"K_490\/6.0.1":["{{g}}",938658,827366],"K_490\/6.0.2":["{{g}}",1766024,1319726],"K_490\/6.0.3":["{{g}}",3085750,2589762],"K_490\/6.0.4":["{{g}}",5675512,2048986],"K_490\/6.1.0":["{{g}}",7724498,1546957],"K_490\/6.1.1":["{{g}}",9271455,2449344],"K_490\/6.1.2":["{{g}}",11720799,3142821],"K_490\/6.1.3":["{{g}}",14863620,1891372],"K_490\/6.1.4":["{{g}}",16754992,3839631],"K_490\/6.2.0":["{{g}}",20594623,2023769],"K_490\/6.2.1":["{{g}}",22618392,1906513],"K_490\/6.2.2":["{{g}}",24524905,125152],"K_490\/6.2.3":["{{g}}",24650057,1828888],"K_490\/6.2.4":["{{g}}",26478945,2543941],"K_490\/6.3.0":["{{g}}",29022886,1397548],"K_490\/6.3.1":["{{g}}",30420434,2728615],"K_490\/6.3.2":["{{g}}",33149049,2964570],"K_490\/6.3.3":["{{g}}",36113619,2132144],"K_490\/6.3.4":["{{g}}",38245763,1080431],"K_490\/6.4.0":["{{g}}",39326194,126317],"K_490\/6.4.1":["{{g}}",39452511,1650167],"K_490\/6.4.2":["{{g}}",41102678,1722455],"K_490\/6.4.3":["{{g}}",42825133,678527],"K_490\/6.4.4":["{{g}}",43503660,433083],"K_490\/7.0.0":["{{h}}",151229,40016],"K_490\/7.0.1":["{{h}}",191245,227110],"K_490\/7.0.2":["{{h}}",418355,1269500],"K_490\/7.0.3":["{{h}}",1687855,3183941],"K_490\/7.0.4":["{{h}}",4871796,940661],"K_490\/7.1.0":["{{h}}",5812457,10921],"K_490\/7.1.1":["{{h}}",5823378,2295481],"K_490\/7.1.2":["{{h}}",8118859,2338850],"K_490\/7.1.3":["{{h}}",10457709,2300971],"K_490\/7.1.4":["{{h}}",12758680,1358100],"K_490\/7.2.0":["{{h}}",14116780,10921],"K_490\/7.2.1":["{{h}}",14127701,3772965],"K_490\/7.2.2":["{{h}}",17900666,40893],"K_490\/7.2.3":["{{h}}",17941559,1986816],"K_490\/7.2.4":["{{h}}",19928375,2111024],"K_490\/7.3.0":["{{h}}",22039399,1028771],"K_490\/7.3.1":["{{h}}",23068170,3560119],"K_490\/7.3.2":["{{h}}",26628289,2929037],"K_490\/7.3.3":["{{h}}",29557326,1235199],"K_490\/7.3.4":["{{h}}",30792525,2340086],"K_490\/7.4.0":["{{h}}",33132611,1522104],"K_490\/7.4.1":["{{h}}",34654715,567900],"K_490\/7.4.2":["{{h}}",35222615,1177257],"K_490\/7.4.3":["{{h}}",36399872,419538],"K_490\/7.4.4":["{{h}}",36819410,897940],"K_490\/8.0.0":["{{i}}",151229,1645279],"K_490\/8.0.1":["{{i}}",1796508,797807],"K_490\/8.0.2":["{{i}}",2594315,827909],"K_490\/8.0.3":["{{i}}",3422224,1342231],"K_490\/8.0.4":["{{i}}",4764455,2908487],"K_490\/8.1.0":["{{i}}",7672942,1402084],"K_490\/8.1.1":["{{i}}",9075026,1980487],"K_490\/8.1.2":["{{i}}",11055513,2432427],"K_490\/8.1.3":["{{i}}",13487940,1375352],"K_490\/8.1.4":["{{i}}",14863292,3272664],"K_490\/8.2.0":["{{i}}",18135956,1638774],"K_490\/8.2.1":["{{i}}",19774730,2757476],"K_490\/8.2.2":["{{i}}",22532206,119399],"K_490\/8.2.3":["{{i}}",22651605,2280400],"K_490\/8.2.4":["{{i}}",24932005,1779313],"K_490\/8.3.0":["{{i}}",26711318,1143685],"K_490\/8.3.1":["{{i}}",27855003,3122261],"K_490\/8.3.2":["{{i}}",30977264,2692439],"K_490\/8.3.3":["{{i}}",33669703,2446439],"K_490\/8.3.4":["{{i}}",36116142,829605],"K_490\/8.4.0":["{{i}}",36945747,10921],"K_490\/8.4.1":["{{i}}",36956668,345463],"K_490\/8.4.2":["{{i}}",37302131,712537],"K_490\/8.4.3":["{{i}}",38014668,1529608],"K_490\/8.4.4":["{{i}}",39544276,542046],"K_490\/9.0.0":["{{j}}",151229,1860674],"K_490\/9.0.1":["{{j}}",2011903,990885],"K_490\/9.0.2":["{{j}}",3002788,1200975],"K_490\/9.0.3":["{{j}}",4203763,1052913],"K_490\/9.0.4":["{{j}}",5256676,1058726],"K_490\/9.1.0":["{{j}}",6315402,2347099],"K_490\/9.1.1":["{{j}}",8662501,3332373],"K_490\/9.1.2":["{{j}}",11994874,1223166],"K_490\/9.1.3":["{{j}}",13218040,1797448],"K_490\/9.1.4":["{{j}}",15015488,2091593],"K_490\/9.2.0":["{{j}}",17107081,2781430],"K_490\/9.2.1":["{{j}}",19888511,2321887],"K_490\/9.2.2":["{{j}}",22210398,104612],"K_490\/9.2.3":["{{j}}",22315010,1197810],"K_490\/9.2.4":["{{j}}",23512820,3768679],"K_490\/9.3.0":["{{j}}",27281499,1133930],"K_490\/9.3.1":["{{j}}",28415429,2067964],"K_490\/9.3.2":["{{j}}",30483393,1693345],"K_490\/9.3.3":["{{j}}",32176738,1358427],"K_490\/9.3.4":["{{j}}",33535165,3247359],"K_490\/9.4.0":["{{j}}",36782524,1259627],"K_490\/9.4.1":["{{j}}",38042151,862374],"K_490\/9.4.2":["{{j}}",38904525,154906],"K_490\/9.4.3":["{{j}}",39059431,1363875],"K_490\/9.4.4":["{{j}}",40423306,560336],"K_490\/10.0.0":["{{k}}",151229,1282010],"K_490\/10.0.1":["{{k}}",1433239,435833],"K_490\/10.0.2":["{{k}}",1869072,1580882],"K_490\/10.0.3":["{{k}}",3449954,1633817],"K_490\/10.0.4":["{{k}}",5083771,2384238],"K_490\/10.1.0":["{{k}}",7468009,820235],"K_490\/10.1.1":["{{k}}",8288244,1176962],"K_490\/10.1.2":["{{k}}",9465206,2000905],"K_490\/10.1.3":["{{k}}",11466111,2067088],"K_490\/10.1.4":["{{k}}",13533199,166144],"K_490\/10.2.0":["{{k}}",13699343,654923],"K_490\/10.2.1":["{{k}}",14354266,2592408],"K_490\/10.2.2":["{{k}}",16946674,76723],"K_490\/10.2.3":["{{k}}",17023397,2414057],"K_490\/10.2.4":["{{k}}",19437454,421877],"K_490\/10.3.0":["{{k}}",19859331,136158],"K_490\/10.3.1":["{{k}}",19995489,1899620],"K_490\/10.3.2":["{{k}}",21895109,1962744],"K_490\/10.3.3":["{{k}}",23857853,1552117],"K_490\/10.3.4":["{{k}}",25409970,490485],"K_490\/10.4.0":["{{k}}",25900455,11302],"K_490\/10.4.1":["{{k}}",25911757,497457],"K_490\/10.4.2":["{{k}}",26409214,870953],"K_490\/10.4.3":["{{k}}",27280167,1079534],"K_490\/10.4.4":["{{k}}",28359701,1702338],"K_490\/11.0.0":["{{l}}",151229,2794301],"K_490\/11.0.1":["{{l}}",2945530,721826],"K_490\/11.0.2":["{{l}}",3667356,946588],"K_490\/11.0.3":["{{l}}",4613944,1231607],"K_490\/11.0.4":["{{l}}",5845551,1073457],"K_490\/11.1.0":["{{l}}",6919008,2154319],"K_490\/11.1.1":["{{l}}",9073327,2742063],"K_490\/11.1.2":["{{l}}",11815390,1890686],"K_490\/11.1.3":["{{l}}",13706076,617634],"K_490\/11.1.4":["{{l}}",14323710,1633526],"K_490\/11.2.0":["{{l}}",15957236,928138],"K_490\/11.2.1":["{{l}}",16885374,2007028],"K_490\/11.2.2":["{{l}}",18892402,103421],"K_490\/11.2.3":["{{l}}",18995823,848553],"K_490\/11.2.4":["{{l}}",19844376,2371665],"K_490\/11.3.0":["{{l}}",22216041,528352],"K_490\/11.3.1":["{{l}}",22744393,1294415],"K_490\/11.3.2":["{{l}}",24038808,1961915],"K_490\/11.3.3":["{{l}}",26000723,1667023],"K_490\/11.3.4":["{{l}}",27667746,1416702],"K_490\/11.4.0":["{{l}}",29084448,191028],"K_490\/11.4.1":["{{l}}",29275476,30055],"K_490\/11.4.2":["{{l}}",29305531,477937],"K_490\/11.4.3":["{{l}}",29783468,935062],"K_490\/11.4.4":["{{l}}",30718530,1075868],"K_490\/12.0.0":["{{m}}",151229,956688],"K_490\/12.0.1":["{{m}}",1107917,1181336],"K_490\/12.0.2":["{{m}}",2289253,367353],"K_490\/12.0.3":["{{m}}",2656606,2823307],"K_490\/12.0.4":["{{m}}",5479913,15571],"K_490\/12.1.0":["{{m}}",5495484,603747],"K_490\/12.1.1":["{{m}}",6099231,2853964],"K_490\/12.1.2":["{{m}}",8953195,2206541],"K_490\/12.1.3":["{{m}}",11159736,1509851],"K_490\/12.1.4":["{{m}}",12669587,85928],"K_490\/12.2.0":["{{m}}",12755515,507339],"K_490\/12.2.1":["{{m}}",13262854,4730043],"K_490\/12.2.2":["{{m}}",17992897,54448],"K_490\/12.2.3":["{{m}}",18047345,1345578],"K_490\/12.2.4":["{{m}}",19392923,904641],"K_490\/12.3.0":["{{m}}",20297564,61657],"K_490\/12.3.1":["{{m}}",20359221,2894342],"K_490\/12.3.2":["{{m}}",23253563,2075843],"K_490\/12.3.3":["{{m}}",25329406,1779572],"K_490\/12.3.4":["{{m}}",27108978,1684908],"K_490\/12.4.0":["{{m}}",28793886,10921],"K_490\/12.4.1":["{{m}}",28804807,512336],"K_490\/12.4.2":["{{m}}",29317143,133665],"K_490\/12.4.3":["{{m}}",29450808,1829733],"K_490\/12.4.4":["{{m}}",31280541,196916],"K_490\/13.0.0":["{{n}}",151229,3367122],"K_490\/13.0.1":["{{n}}",3518351,1099111],"K_490\/13.0.2":["{{n}}",4617462,552732],"K_490\/13.0.3":["{{n}}",5170194,1877704],"K_490\/13.0.4":["{{n}}",7047898,1412354],"K_490\/13.1.0":["{{n}}",8460252,2340549],"K_490\/13.1.1":["{{n}}",10800801,2982666],"K_490\/13.1.2":["{{n}}",13783467,2089391],"K_490\/13.1.3":["{{n}}",15872858,1314810],"K_490\/13.1.4":["{{n}}",17187668,2503681],"K_490\/13.2.0":["{{n}}",19691349,2983476],"K_490\/13.2.1":["{{n}}",22674825,2883545],"K_490\/13.2.2":["{{n}}",25558370,135688],"K_490\/13.2.3":["{{n}}",25694058,642860],"K_490\/13.2.4":["{{n}}",26336918,2656999],"K_490\/13.3.0":["{{n}}",28993917,1297679],"K_490\/13.3.1":["{{n}}",30291596,2130883],"K_490\/13.3.2":["{{n}}",32422479,1657975],"K_490\/13.3.3":["{{n}}",34080454,1064252],"K_490\/13.3.4":["{{n}}",35144706,2193357],"K_490\/13.4.0":["{{n}}",37338063,380290],"K_490\/13.4.1":["{{n}}",37718353,486419],"K_490\/13.4.2":["{{n}}",38204772,333437],"K_490\/13.4.3":["{{n}}",38538209,890667],"K_490\/13.4.4":["{{n}}",39428876,366871],"K_490\/14.0.0":["{{o}}",151229,327861],"K_490\/14.0.1":["{{o}}",479090,1205929],"K_490\/14.0.2":["{{o}}",1685019,485057],"K_490\/14.0.3":["{{o}}",2170076,3369474],"K_490\/14.0.4":["{{o}}",5539550,309011],"K_490\/14.1.0":["{{o}}",5848561,201697],"K_490\/14.1.1":["{{o}}",6050258,3497714],"K_490\/14.1.2":["{{o}}",9547972,1660845],"K_490\/14.1.3":["{{o}}",11208817,1862863],"K_490\/14.1.4":["{{o}}",13071680,625591],"K_490\/14.2.0":["{{o}}",13697271,44941],"K_490\/14.2.1":["{{o}}",13742212,4108725],"K_490\/14.2.2":["{{o}}",17850937,29466],"K_490\/14.2.3":["{{o}}",17880403,2263250],"K_490\/14.2.4":["{{o}}",20143653,1553951],"K_490\/14.3.0":["{{o}}",21697604,223734],"K_490\/14.3.1":["{{o}}",21921338,2907413],"K_490\/14.3.2":["{{o}}",24828751,1857679],"K_490\/14.3.3":["{{o}}",26686430,1359070],"K_490\/14.3.4":["{{o}}",28045500,1362367],"K_490\/14.4.0":["{{o}}",29407867,825940],"K_490\/14.4.1":["{{o}}",30233807,194220],"K_490\/14.4.2":["{{o}}",30428027,652462],"K_490\/14.4.3":["{{o}}",31080489,783314],"K_490\/14.4.4":["{{o}}",31863803,1031292],"K_490\/15.0.0":["{{p}}",151229,1790674],"K_490\/15.0.1":["{{p}}",1941903,453367],"K_490\/15.0.2":["{{p}}",2395270,585403],"K_490\/15.0.3":["{{p}}",2980673,2453974],"K_490\/15.0.4":["{{p}}",5434647,2565863],"K_490\/15.1.0":["{{p}}",8000510,2359306],"K_490\/15.1.1":["{{p}}",10359816,3120298],"K_490\/15.1.2":["{{p}}",13480114,2255337],"K_490\/15.1.3":["{{p}}",15735451,1673458],"K_490\/15.1.4":["{{p}}",17408909,3970549],"K_490\/15.2.0":["{{p}}",21379458,2293186],"K_490\/15.2.1":["{{p}}",23672644,3542308],"K_490\/15.2.2":["{{p}}",27214952,116586],"K_490\/15.2.3":["{{p}}",27331538,2142238],"K_490\/15.2.4":["{{p}}",29473776,2013630],"K_490\/15.3.0":["{{p}}",31487406,682291],"K_490\/15.3.1":["{{p}}",32169697,1426038],"K_490\/15.3.2":["{{p}}",33595735,2593638],"K_490\/15.3.3":["{{p}}",36189373,1852746],"K_490\/15.3.4":["{{p}}",38042119,1440741],"K_490\/15.4.0":["{{p}}",39482860,346281],"K_490\/15.4.1":["{{p}}",39829141,1454250],"K_490\/15.4.2":["{{p}}",41283391,680183],"K_490\/15.4.3":["{{p}}",41963574,555190],"K_490\/15.4.4":["{{p}}",42518764,555299],"K_490\/16.0.0":["{{q}}",151229,189855],"K_490\/16.0.1":["{{q}}",341084,1238252],"K_490\/16.0.2":["{{q}}",1579336,2462911],"K_490\/16.0.3":["{{q}}",4042247,1383287],"K_490\/16.0.4":["{{q}}",5425534,547383],"K_490\/16.1.0":["{{q}}",5972917,84805],"K_490\/16.1.1":["{{q}}",6057722,3123131],"K_490\/16.1.2":["{{q}}",9180853,2405110],"K_490\/16.1.3":["{{q}}",11585963,2017069],"K_490\/16.1.4":["{{q}}",13603032,1845339],"K_490\/16.2.0":["{{q}}",15448371,1569970],"K_490\/16.2.1":["{{q}}",17018341,4300159],"K_490\/16.2.2":["{{q}}",21318500,90057],"K_490\/16.2.3":["{{q}}",21408557,1672002],"K_490\/16.2.4":["{{q}}",23080559,2835365],"K_490\/16.3.0":["{{q}}",25915924,3280518],"K_490\/16.3.1":["{{q}}",29196442,2641652],"K_490\/16.3.2":["{{q}}",31838094,2465564],"K_490\/16.3.3":["{{q}}",34303658,1696231],"K_490\/16.3.4":["{{q}}",35999889,2594868],"K_490\/16.4.0":["{{q}}",38594757,1287963],"K_490\/16.4.1":["{{q}}",39882720,1683707],"K_490\/16.4.2":["{{q}}",41566427,466307],"K_490\/16.4.3":["{{q}}",42032734,2095935],"K_490\/16.4.4":["{{q}}",44128669,1269403],"K_490\/17.0.0":["{{r}}",151229,146969],"K_490\/17.0.1":["{{r}}",298198,621290],"K_490\/17.0.2":["{{r}}",919488,2388229],"K_490\/17.0.3":["{{r}}",3307717,1545434],"K_490\/17.0.4":["{{r}}",4853151,2507526],"K_490\/17.1.0":["{{r}}",7360677,1748181],"K_490\/17.1.1":["{{r}}",9108858,1955340],"K_490\/17.1.2":["{{r}}",11064198,2845798],"K_490\/17.1.3":["{{r}}",13909996,1247437],"K_490\/17.1.4":["{{r}}",15157433,1844382],"K_490\/17.2.0":["{{r}}",17001815,615309],"K_490\/17.2.1":["{{r}}",17617124,3805288],"K_490\/17.2.2":["{{r}}",21422412,140919],"K_490\/17.2.3":["{{r}}",21563331,438497],"K_490\/17.2.4":["{{r}}",22001828,45300],"K_490\/17.3.0":["{{r}}",22047128,559341],"K_490\/17.3.1":["{{r}}",22606469,2606136],"K_490\/17.3.2":["{{r}}",25212605,2443744],"K_490\/17.3.3":["{{r}}",27656349,2295022],"K_490\/17.3.4":["{{r}}",29951371,1415590],"K_490\/17.4.0":["{{r}}",31366961,10921],"K_490\/17.4.1":["{{r}}",31377882,1718045],"K_490\/17.4.2":["{{r}}",33095927,1288506],"K_490\/17.4.3":["{{r}}",34384433,1335152],"K_490\/17.4.4":["{{r}}",35719585,1620275],"K_490\/18.0.0":["{{s}}",151229,1496377],"K_490\/18.0.1":["{{s}}",1647606,495410],"K_490\/18.0.2":["{{s}}",2143016,1464493],"K_490\/18.0.3":["{{s}}",3607509,1225368],"K_490\/18.0.4":["{{s}}",4832877,1884925],"K_490\/18.1.0":["{{s}}",6717802,1972399],"K_490\/18.1.1":["{{s}}",8690201,3364741],"K_490\/18.1.2":["{{s}}",12054942,1744650],"K_490\/18.1.3":["{{s}}",13799592,1008584],"K_490\/18.1.4":["{{s}}",14808176,1819113],"K_490\/18.2.0":["{{s}}",16627289,597459],"K_490\/18.2.1":["{{s}}",17224748,1944028],"K_490\/18.2.2":["{{s}}",19168776,101114],"K_490\/18.2.3":["{{s}}",19269890,665160],"K_490\/18.2.4":["{{s}}",19935050,1157387],"K_490\/18.3.0":["{{s}}",21092437,1597981],"K_490\/18.3.1":["{{s}}",22690418,1334206],"K_490\/18.3.2":["{{s}}",24024624,1415976],"K_490\/18.3.3":["{{s}}",25440600,647630],"K_490\/18.3.4":["{{s}}",26088230,3895160],"K_490\/18.4.0":["{{s}}",29983390,191774],"K_490\/18.4.1":["{{s}}",30175164,736095],"K_490\/18.4.2":["{{s}}",30911259,927651],"K_490\/18.4.3":["{{s}}",31838910,2405943],"K_490\/18.4.4":["{{s}}",34244853,1512330],"K_490\/19.0.0":["{{t}}",151229,350024],"K_490\/19.0.1":["{{t}}",501253,1106589],"K_490\/19.0.2":["{{t}}",1607842,972974],"K_490\/19.0.3":["{{t}}",2580816,3191805],"K_490\/19.0.4":["{{t}}",5772621,10921],"K_490\/19.1.0":["{{t}}",5783542,945045],"K_490\/19.1.1":["{{t}}",6728587,2164161],"K_490\/19.1.2":["{{t}}",8892748,2291413],"K_490\/19.1.3":["{{t}}",11184161,1446998],"K_490\/19.1.4":["{{t}}",12631159,35579],"K_490\/19.2.0":["{{t}}",12666738,581559],"K_490\/19.2.1":["{{t}}",13248297,1963021],"K_490\/19.2.2":["{{t}}",15211318,99670],"K_490\/19.2.3":["{{t}}",15310988,2055039],"K_490\/19.2.4":["{{t}}",17366027,1328781],"K_490\/19.3.0":["{{t}}",18694808,181281],"K_490\/19.3.1":["{{t}}",18876089,1763484],"K_490\/19.3.2":["{{t}}",20639573,1390096],"K_490\/19.3.3":["{{t}}",22029669,1913954],"K_490\/19.3.4":["{{t}}",23943623,951437],"K_490\/19.4.0":["{{t}}",24895060,10921],"K_490\/19.4.1":["{{t}}",24905981,79416],"K_490\/19.4.2":["{{t}}",24985397,736874],"K_490\/19.4.3":["{{t}}",25722271,2092869],"K_490\/19.4.4":["{{t}}",27815140,1550274],"K_490\/20.0.0":["{{u}}",151229,801118],"K_490\/20.0.1":["{{u}}",952347,687004],"K_490\/20.0.2":["{{u}}",1639351,1278731],"K_490\/20.0.3":["{{u}}",2918082,1780497],"K_490\/20.0.4":["{{u}}",4698579,2156485],"K_490\/20.1.0":["{{u}}",6855064,2573617],"K_490\/20.1.1":["{{u}}",9428681,3256835],"K_490\/20.1.2":["{{u}}",12685516,2191373],"K_490\/20.1.3":["{{u}}",14876889,834914],"K_490\/20.1.4":["{{u}}",15711803,2385671],"K_490\/20.2.0":["{{u}}",18097474,3622126],"K_490\/20.2.1":["{{u}}",21719600,2047312],"K_490\/20.2.2":["{{u}}",23766912,111733],"K_490\/20.2.3":["{{u}}",23878645,373497],"K_490\/20.2.4":["{{u}}",24252142,4163279],"K_490\/20.3.0":["{{u}}",28415421,1486181],"K_490\/20.3.1":["{{u}}",29901602,1068813],"K_490\/20.3.2":["{{u}}",30970415,1559613],"K_490\/20.3.3":["{{u}}",32530028,790025],"K_490\/20.3.4":["{{u}}",33320053,3126698],"K_490\/20.4.0":["{{u}}",36446751,103849],"K_490\/20.4.1":["{{u}}",36550600,18744],"K_490\/20.4.2":["{{u}}",36569344,283251],"K_490\/20.4.3":["{{u}}",36852595,1703398],"K_490\/20.4.4":["{{u}}",38555993,330227],"K_490\/21.0.0":["{{v}}",151229,14496],"K_490\/21.0.1":["{{v}}",165725,814775],"K_490\/21.0.2":["{{v}}",980500,2219627],"K_490\/21.0.3":["{{v}}",3200127,1786610],"K_490\/21.0.4":["{{v}}",4986737,203604],"K_490\/21.1.0":["{{v}}",5190341,145304],"K_490\/21.1.1":["{{v}}",5335645,1686987],"K_490\/21.1.2":["{{v}}",7022632,3038133],"K_490\/21.1.3":["{{v}}",10060765,1848524],"K_490\/21.1.4":["{{v}}",11909289,339429],"K_490\/21.2.0":["{{v}}",12248718,290211],"K_490\/21.2.1":["{{v}}",12538929,4283882],"K_490\/21.2.2":["{{v}}",16822811,46589],"K_490\/21.2.3":["{{v}}",16869400,604548],"K_490\/21.2.4":["{{v}}",17473948,1030258],"K_490\/21.3.0":["{{v}}",18504206,13386],"K_490\/21.3.1":["{{v}}",18517592,1300575],"K_490\/21.3.2":["{{v}}",19818167,2269375],"K_490\/21.3.3":["{{v}}",22087542,1764079],"K_490\/21.3.4":["{{v}}",23851621,870749],"K_490\/21.4.0":["{{v}}",24722370,10921],"K_490\/21.4.1":["{{v}}",24733291,307812],"K_490\/21.4.2":["{{v}}",25041103,492832],"K_490\/21.4.3":["{{v}}",25533935,544031],"K_490\/21.4.4":["{{v}}",26077966,1209262],"K_490\/22.0.0":["{{w}}",151229,252824],"K_490\/22.0.1":["{{w}}",404053,630440],"K_490\/22.0.2":["{{w}}",1034493,1726705],"K_490\/22.0.3":["{{w}}",2761198,2060777],"K_490\/22.0.4":["{{w}}",4821975,3331407],"K_490\/22.1.0":["{{w}}",8153382,1234507],"K_490\/22.1.1":["{{w}}",9387889,2387150],"K_490\/22.1.2":["{{w}}",11775039,2242123],"K_490\/22.1.3":["{{w}}",14017162,925571],"K_490\/22.1.4":["{{w}}",14942733,1651409],"K_490\/22.2.0":["{{w}}",16594142,2670915],"K_490\/22.2.1":["{{w}}",19265057,2744152],"K_490\/22.2.2":["{{w}}",22009209,94883],"K_490\/22.2.3":["{{w}}",22104092,1384606],"K_490\/22.2.4":["{{w}}",23488698,1858111],"K_490\/22.3.0":["{{w}}",25346809,526071],"K_490\/22.3.1":["{{w}}",25872880,1201539],"K_490\/22.3.2":["{{w}}",27074419,1986626],"K_490\/22.3.3":["{{w}}",29061045,2388893],"K_490\/22.3.4":["{{w}}",31449938,521245],"K_490\/22.4.0":["{{w}}",31971183,96860],"K_490\/22.4.1":["{{w}}",32068043,1477509],"K_490\/22.4.2":["{{w}}",33545552,466509],"K_490\/22.4.3":["{{w}}",34012061,1376096],"K_490\/22.4.4":["{{w}}",35388157,629036],"K_490\/23.0.0":["{{x}}",151229,31098],"K_490\/23.0.1":["{{x}}",182327,170375],"K_490\/23.0.2":["{{x}}",352702,2046958],"K_490\/23.0.3":["{{x}}",2399660,2442926],"K_490\/23.0.4":["{{x}}",4842586,927021],"K_490\/23.1.0":["{{x}}",5769607,33142],"K_490\/23.1.1":["{{x}}",5802749,3244461],"K_490\/23.1.2":["{{x}}",9047210,1447011],"K_490\/23.1.3":["{{x}}",10494221,620913],"K_490\/23.1.4":["{{x}}",11115134,642354],"K_490\/23.2.0":["{{x}}",11757488,10921],"K_490\/23.2.1":["{{x}}",11768409,3738099],"K_490\/23.2.2":["{{x}}",15506508,33125],"K_490\/23.2.3":["{{x}}",15539633,1148626],"K_490\/23.2.4":["{{x}}",16688259,1818760],"K_490\/23.3.0":["{{x}}",18507019,291489],"K_490\/23.3.1":["{{x}}",18798508,1777868],"K_490\/23.3.2":["{{x}}",20576376,920352],"K_490\/23.3.3":["{{x}}",21496728,1553911],"K_490\/23.3.4":["{{x}}",23050639,1046279],"K_490\/23.4.0":["{{x}}",24096918,30463],"K_490\/23.4.1":["{{x}}",24127381,761876],"K_490\/23.4.2":["{{x}}",24889257,1364684],"K_490\/23.4.3":["{{x}}",26253941,819742],"K_490\/23.4.4":["{{x}}",27073683,2114330],"K_490\/24.0.0":["{{y}}",151229,676179],"K_490\/24.0.1":["{{y}}",827408,542635],"K_490\/24.0.2":["{{y}}",1370043,1758403],"K_490\/24.0.3":["{{y}}",3128446,2300872],"K_490\/24.0.4":["{{y}}",5429318,2440712],"K_490\/24.1.0":["{{y}}",7870030,1858910],"K_490\/24.1.1":["{{y}}",9728940,2650209],"K_490\/24.1.2":["{{y}}",12379149,2663065],"K_490\/24.1.3":["{{y}}",15042214,904368],"K_490\/24.1.4":["{{y}}",15946582,3159060],"K_490\/24.2.0":["{{y}}",19105642,1361991],"K_490\/24.2.1":["{{y}}",20467633,2104504],"K_490\/24.2.2":["{{y}}",22572137,118513],"K_490\/24.2.3":["{{y}}",22690650,1040087],"K_490\/24.2.4":["{{y}}",23730737,2365325],"K_490\/24.3.0":["{{y}}",26096062,229036],"K_490\/24.3.1":["{{y}}",26325098,1018294],"K_490\/24.3.2":["{{y}}",27343392,3344327],"K_490\/24.3.3":["{{y}}",30687719,2229193],"K_490\/24.3.4":["{{y}}",32916912,447517],"K_490\/24.4.0":["{{y}}",33364429,11597],"K_490\/24.4.1":["{{y}}",33376026,286589],"K_490\/24.4.2":["{{y}}",33662615,2098438],"K_490\/24.4.3":["{{y}}",35761053,1100105],"K_490\/24.4.4":["{{y}}",36861158,491390],"K_490\/25.0.0":["{{z}}",151229,56362],"K_490\/25.0.1":["{{z}}",207591,1094595],"K_490\/25.0.2":["{{z}}",1302186,1862811],"K_490\/25.0.3":["{{z}}",3164997,1355982],"K_490\/25.0.4":["{{z}}",4520979,906311],"K_490\/25.1.0":["{{z}}",5427290,1349136],"K_490\/25.1.1":["{{z}}",6776426,3784985],"K_490\/25.1.2":["{{z}}",10561411,1379145],"K_490\/25.1.3":["{{z}}",11940556,929849],"K_490\/25.1.4":["{{z}}",12870405,1324628],"K_490\/25.2.0":["{{z}}",14195033,3050070],"K_490\/25.2.1":["{{z}}",17245103,1860983],"K_490\/25.2.2":["{{z}}",19106086,106137],"K_490\/25.2.3":["{{z}}",19212223,1059885],"K_490\/25.2.4":["{{z}}",20272108,2163664],"K_490\/25.3.0":["{{z}}",22435772,797328],"K_490\/25.3.1":["{{z}}",23233100,1791375],"K_490\/25.3.2":["{{z}}",25024475,1942608],"K_490\/25.3.3":["{{z}}",26967083,1546751],"K_490\/25.3.4":["{{z}}",28513834,1523730],"K_490\/25.4.0":["{{z}}",30037564,172333],"K_490\/25.4.1":["{{z}}",30209897,198919],"K_490\/25.4.2":["{{z}}",30408816,85241],"K_490\/25.4.3":["{{z}}",30494057,1000566],"K_490\/25.4.4":["{{z}}",31494623,840432],"K_490\/26.0.0":["{{A}}",151229,29535],"K_490\/26.0.1":["{{A}}",180764,839837],"K_490\/26.0.2":["{{A}}",1020601,1894549],"K_490\/26.0.3":["{{A}}",2915150,2160787],"K_490\/26.0.4":["{{A}}",5075937,2203471],"K_490\/26.1.0":["{{A}}",7279408,925686],"K_490\/26.1.1":["{{A}}",8205094,2554902],"K_490\/26.1.2":["{{A}}",10759996,2974980],"K_490\/26.1.3":["{{A}}",13734976,402363],"K_490\/26.1.4":["{{A}}",14137339,256729],"K_490\/26.2.0":["{{A}}",14394068,1027726],"K_490\/26.2.1":["{{A}}",15421794,2298011],"K_490\/26.2.2":["{{A}}",17719805,130674],"K_490\/26.2.3":["{{A}}",17850479,1638261],"K_490\/26.2.4":["{{A}}",19488740,694002],"K_490\/26.3.0":["{{A}}",20182742,79994],"K_490\/26.3.1":["{{A}}",20262736,2185272],"K_490\/26.3.2":["{{A}}",22448008,2237778],"K_490\/26.3.3":["{{A}}",24685786,2838161],"K_490\/26.3.4":["{{A}}",27523947,1366321],"K_490\/26.4.0":["{{A}}",28890268,13172],"K_490\/26.4.1":["{{A}}",28903440,1619687],"K_490\/26.4.2":["{{A}}",30523127,721089],"K_490\/26.4.3":["{{A}}",31244216,482590],"K_490\/26.4.4":["{{A}}",31726806,513541],"K_490\/27.0.0":["{{B}}",151229,413964],"K_490\/27.0.1":["{{B}}",565193,1515350],"K_490\/27.0.2":["{{B}}",2080543,347675],"K_490\/27.0.3":["{{B}}",2428218,1362182],"K_490\/27.0.4":["{{B}}",3790400,1310315],"K_490\/27.1.0":["{{B}}",5100715,1515436],"K_490\/27.1.1":["{{B}}",6616151,3451273],"K_490\/27.1.2":["{{B}}",10067424,2358679],"K_490\/27.1.3":["{{B}}",12426103,763134],"K_490\/27.1.4":["{{B}}",13189237,1224347],"K_490\/27.2.0":["{{B}}",14413584,2615662],"K_490\/27.2.1":["{{B}}",17029246,1568187],"K_490\/27.2.2":["{{B}}",18597433,93328],"K_490\/27.2.3":["{{B}}",18690761,592363],"K_490\/27.2.4":["{{B}}",19283124,3370352],"K_490\/27.3.0":["{{B}}",22653476,1238480],"K_490\/27.3.1":["{{B}}",23891956,1890929],"K_490\/27.3.2":["{{B}}",25782885,1389229],"K_490\/27.3.3":["{{B}}",27172114,2448411],"K_490\/27.3.4":["{{B}}",29620525,2756994],"K_490\/27.4.0":["{{B}}",32377519,298936],"K_490\/27.4.1":["{{B}}",32676455,1230587],"K_490\/27.4.2":["{{B}}",33907042,389299],"K_490\/27.4.3":["{{B}}",34296341,1871440],"K_490\/27.4.4":["{{B}}",36167781,586954],"K_490\/28.0.0":["{{C}}",151229,143053],"K_490\/28.0.1":["{{C}}",294282,750883],"K_490\/28.0.2":["{{C}}",1045165,725449],"K_490\/28.0.3":["{{C}}",1770614,1641017],"K_490\/28.0.4":["{{C}}",3411631,16603],"K_490\/28.1.0":["{{C}}",3428234,447877],"K_490\/28.1.1":["{{C}}",3876111,1988769],"K_490\/28.1.2":["{{C}}",5864880,2724942],"K_490\/28.1.3":["{{C}}",8589822,1592786],"K_490\/28.1.4":["{{C}}",10182608,47958],"K_490\/28.2.0":["{{C}}",10230566,370920],"K_490\/28.2.1":["{{C}}",10601486,3043496],"K_490\/28.2.2":["{{C}}",13644982,46951],"K_490\/28.2.3":["{{C}}",13691933,2042649],"K_490\/28.2.4":["{{C}}",15734582,1298710],"K_490\/28.3.0":["{{C}}",17033292,35092],"K_490\/28.3.1":["{{C}}",17068384,2320832],"K_490\/28.3.2":["{{C}}",19389216,1365690],"K_490\/28.3.3":["{{C}}",20754906,2240684],"K_490\/28.3.4":["{{C}}",22995590,2005787],"K_490\/28.4.0":["{{C}}",25001377,10921],"K_490\/28.4.1":["{{C}}",25012298,707076],"K_490\/28.4.2":["{{C}}",25719374,995607],"K_490\/28.4.3":["{{C}}",26714981,346868],"K_490\/28.4.4":["{{C}}",27061849,1339164],"K_490\/29.0.0":["{{D}}",151229,767312],"K_490\/29.0.1":["{{D}}",918541,704689],"K_490\/29.0.2":["{{D}}",1623230,1093086],"K_490\/29.0.3":["{{D}}",2716316,899913],"K_490\/29.0.4":["{{D}}",3616229,2251991],"K_490\/29.1.0":["{{D}}",5868220,1260380],"K_490\/29.1.1":["{{D}}",7128600,2765554],"K_490\/29.1.2":["{{D}}",9894154,2305401],"K_490\/29.1.3":["{{D}}",12199555,1009862],"K_490\/29.1.4":["{{D}}",13209417,1498137],"K_490\/29.2.0":["{{D}}",14707554,2685113],"K_490\/29.2.1":["{{D}}",17392667,2050702],"K_490\/29.2.2":["{{D}}",19443369,106427],"K_490\/29.2.3":["{{D}}",19549796,1110350],"K_490\/29.2.4":["{{D}}",20660146,3276020],"K_490\/29.3.0":["{{D}}",23936166,630409],"K_490\/29.3.1":["{{D}}",24566575,739626],"K_490\/29.3.2":["{{D}}",25306201,2409258],"K_490\/29.3.3":["{{D}}",27715459,2464980],"K_490\/29.3.4":["{{D}}",30180439,1995515],"K_490\/29.4.0":["{{D}}",32175954,94666],"K_490\/29.4.1":["{{D}}",32270620,400856],"K_490\/29.4.2":["{{D}}",32671476,1979167],"K_490\/29.4.3":["{{D}}",34650643,897996],"K_490\/29.4.4":["{{D}}",35548639,226556],"K_490\/30.0.0":["{{E}}",151229,264810],"K_490\/30.0.1":["{{E}}",416039,534828],"K_490\/30.0.2":["{{E}}",950867,858839],"K_490\/30.0.3":["{{E}}",1809706,1208484],"K_490\/30.0.4":["{{E}}",3018190,224642],"K_490\/30.1.0":["{{E}}",3242832,108680],"K_490\/30.1.1":["{{E}}",3351512,2790717],"K_490\/30.1.2":["{{E}}",6142229,2110744],"K_490\/30.1.3":["{{E}}",8252973,1743643],"K_490\/30.1.4":["{{E}}",9996616,381853],"K_490\/30.2.0":["{{E}}",10378469,31222],"K_490\/30.2.1":["{{E}}",10409691,3208404],"K_490\/30.2.2":["{{E}}",13618095,43667],"K_490\/30.2.3":["{{E}}",13661762,2475278],"K_490\/30.2.4":["{{E}}",16137040,2440903],"K_490\/30.3.0":["{{E}}",18577943,78777],"K_490\/30.3.1":["{{E}}",18656720,1885597],"K_490\/30.3.2":["{{E}}",20542317,1938723],"K_490\/30.3.3":["{{E}}",22481040,482456],"K_490\/30.3.4":["{{E}}",22963496,2754462],"K_490\/30.4.0":["{{E}}",25717958,100764],"K_490\/30.4.1":["{{E}}",25818722,361039],"K_490\/30.4.2":["{{E}}",26179761,1206348],"K_490\/30.4.3":["{{E}}",27386109,151153],"K_490\/30.4.4":["{{E}}",27537262,946037]}}