{"version":1,"templates":{"a":"s3:\/\/imos-data\/IMOS\/SRS\/OC\/gridded\/aqua\/P1D\/2008\/07\/A.P1D.20080701T053000Z.aust.K_490.nc","b":"s3:\/\/imos-data\/IMOS\/SRS\/OC\/gridded\/aqua\/P1D\/2008\/07\/A.P1D.20080702T053000Z.aust.K_490.nc","c":"s3:\/\/imos-data\/IMOS\/SRS\/OC\/gridded\/aqua\/P1D\/2008\/07\/A.P1D.20080703T053000Z.aust.K_490.nc","d":"s3:\/\/imos-data\/IMOS\/SRS\/OC\/gridded\/aqua\/P1D\/2008\/07\/A.P1D.20080704T053000Z.aust.K_490.nc","e":"s3:\/\/imos-data\/IMOS\/SRS\/OC\/gridded\/aqua\/P1D\/2008\/07\/A.P1D.20080705T053000Z.aust.K_490.nc","f":"s3:\/\/imos-data\/IMOS\/SRS\/OC\/gridded\/aqua\/P1D\/2008\/07\/A.P1D.20080706T053000Z.aust.K_490.nc","g":"s3:\/\/imos-data\/IMOS\/SRS\/OC\/gridded\/aqua\/P1D\/2008\/07\/A.P1D.20080707T053000Z.aust.K_490.nc","h":"s3:\/\/imos-data\/IMOS\/SRS\/OC\/gridded\/aqua\/P1D\/2008\/07\/A.P1D.20080708T053000Z.aust.K_490.nc","i":"s3:\/\/imos-data\/IMOS\/SRS\/OC\/gridded\/aqua\/P1D\/2008\/07\/A.P1D.20080709T053000Z.aust.K_490.nc","j":"s3:\/\/imos-data\/IMOS\/SRS\/OC\/gridded\/aqua\/P1D\/2008\/07\/A.P1D.20080710T053000Z.aust.K_490.nc","k":"s3:\/\/imos-data\/IMOS\/SRS\/OC\/gridded\/aqua\/P1D\/2008\/07\/A.P1D.20080711T053000Z.aust.K_490.nc","l":"s3:\/\/imos-data\/IMOS\/SRS\/OC\/gridded\/aqua\/P1D\/2008\/07\/A.P1D.20080712T053000Z.aust.K_490.nc","m":"s3:\/\/imos-data\/IMOS\/SRS\/OC\/gridded\/aqua\/P1D\/2008\/07\/A.P1D.20080713T053000Z.aust.K_490.nc","n":"s3:\/\/imos-data\/IMOS\/SRS\/OC\/gridded\/aqua\/P1D\/2008\/07\/A.P1D.20080714T053000Z.aust.K_490.nc","o":"s3:\/\/imos-data\/IMOS\/SRS\/OC\/gridded\/aqua\/P1D\/2008\/07\/A.P1D.20080715T053000Z.aust.K_490.nc","p":"s3:\/\/imos-data\/IMOS\/SRS\/OC\/gridded\/aqua\/P1D\/2008\/07\/A.P1D.20080716T053000Z.aust.K_490.nc","q":"s3:\/\/imos-data\/IMOS\/SRS\/OC\/gridded\/aqua\/P1D\/2008\/07\/A.P1D.20080717T053000Z.aust.K_490.nc","r":"s3:\/\/imos-data\/IMOS\/SRS\/OC\/gridded\/aqua\/P1D\/2008\/07\/A.P1D.20080718T053000Z.aust.K_490.nc","s":"s3:\/\/imos-data\/IMOS\/SRS\/OC\/gridded\/aqua\/P1D\/2008\/07\/A.P1D.20080719T053000Z.aust.K_490.nc","t":"s3:\/\/imos-data\/IMOS\/SRS\/OC\/gridded\/aqua\/P1D\/2008\/07\/A.P1D.20080720T053000Z.aust.K_490.nc","u":"s3:\/\/imos-data\/IMOS\/SRS\/OC\/gridded\/aqua\/P1D\/2008\/07\/A.P1D.20080721T053000Z.aust.K_490.nc","v":"s3:\/\/imos-data\/IMOS\/SRS\/OC\/gridded\/aqua\/P1D\/2008\/07\/A.P1D.20080722T053000Z.aust.K_490.nc","w":"s3:\/\/imos-data\/IMOS\/SRS\/OC\/gridded\/aqua\/P1D\/2008\/07\/A.P1D.20080723T053000Z.aust.K_490.nc","x":"s3:\/\/imos-data\/IMOS\/SRS\/OC\/gridded\/aqua\/P1D\/2008\/07\/A.P1D.20080724T053000Z.aust.K_490.nc","y":"s3:\/\/imos-data\/IMOS\/SRS\/OC\/gridded\/aqua\/P1D\/2008\/07\/A.P1D.20080725T053000Z.aust.K_490.nc","z":"s3:\/\/imos-data\/IMOS\/SRS\/OC\/gridded\/aqua\/P1D\/2008\/07\/A.P1D.20080726T053000Z.aust.K_490.nc","A":"s3:\/\/imos-data\/IMOS\/SRS\/OC\/gridded\/aqua\/P1D\/2008\/07\/A.P1D.20080727T053000Z.aust.K_490.nc","B":"s3:\/\/imos-data\/IMOS\/SRS\/OC\/gridded\/aqua\/P1D\/2008\/07\/A.P1D.20080728T053000Z.aust.K_490.nc","C":"s3:\/\/imos-data\/IMOS\/SRS\/OC\/gridded\/aqua\/P1D\/2008\/07\/A.P1D.20080729T053000Z.aust.K_490.nc","D":"s3:\/\/imos-data\/IMOS\/SRS\/OC\/gridded\/aqua\/P1D\/2008\/07\/A.P1D.20080730T053000Z.aust.K_490.nc","E":"s3:\/\/imos-data\/IMOS\/SRS\/OC\/gridded\/aqua\/P1D\/2008\/07\/A.P1D.20080731T053000Z.aust.K_490.nc"},"refs":{".zgroup":"{\"zarr_format\":2}",".zattrs":"{\"Conventions\":\"CF-1.6\",\"_NCProperties\":\"version=1|netcdflibversion=4.6.1|hdf5libversion=1.10.4\",\"_nc3_strict\":1,\"history\":\"File initialised at 2020-08-06T03:27:00.677126\\nInitialised var K_490 at 2020-08-06T03:27:57.985973\\nAdd Granule A20080701_0210.20190919202509.L2OC_BASE.K_490.nc at 2020-08-06T03:27:58.826017\\nAdd Granule A20080701_0335.20190919201927.L2OC_BASE.K_490.nc at 2020-08-06T03:27:59.023822\\nAdd Granule A20080701_0340.20190919195728.L2OC_BASE.K_490.nc at 2020-08-06T03:27:59.225895\\nAdd Granule A20080701_0345.20190919194903.L2OC_BASE.K_490.nc at 2020-08-06T03:27:59.428273\\nAdd Granule A20080701_0350.20190919211335.L2OC_BASE.K_490.nc at 2020-08-06T03:27:59.595700\\nAdd Granule A20080701_0510.20190919210129.L2OC_BASE.K_490.nc at 2020-08-06T03:27:59.793815\\nAdd Granule A20080701_0515.20190919193740.L2OC_BASE.K_490.nc at 2020-08-06T03:28:00.052058\\nAdd Granule A20080701_0520.20190919205710.L2OC_BASE.K_490.nc at 2020-08-06T03:28:00.222373\\nAdd Granule A20080701_0525.20190919204259.L2OC_BASE.K_490.nc at 2020-08-06T03:28:00.413032\\nAdd Granule A20080701_0530.20190919210559.L2OC_BASE.K_490.nc at 2020-08-06T03:28:00.538011\\nAdd Granule A20080701_0650.20190919205233.L2OC_BASE.K_490.nc at 2020-08-06T03:28:00.749091\\nAdd Granule A20080701_0655.20190919194306.L2OC_BASE.K_490.nc at 2020-08-06T03:28:00.959506\\nAdd Granule A20080701_0700.20190919203322.L2OC_BASE.K_490.nc at 2020-08-06T03:28:01.211037\\nAdd Granule A20080701_0705.20190919200947.L2OC_BASE.K_490.nc at 2020-08-06T03:28:01.421256\\nAdd Granule A20080701_0710.20190919200513.L2OC_BASE.K_490.nc at 2020-08-06T03:28:01.539327\",\"source_path\":\"imos-srs\\\/archive\\\/oc\\\/aqua\\\/1d\\\/v201909\\\/2008\\\/07\\\/A20080701.L2OC_BASE.aust.K_490.nc\"}","K_490\/.zarray":"{\"chunks\":[1,1401,2001],\"compressor\":{\"id\":\"zlib\",\"level\":4},\"dtype\":\"<f4\",\"fill_value\":-999.0,\"filters\":[{\"elementsize\":4,\"id\":\"shuffle\"}],\"order\":\"C\",\"shape\":[31,7001,10001],\"zarr_format\":2}","K_490\/.zattrs":"{\"_ARRAY_DIMENSIONS\":[\"time\",\"latitude\",\"longitude\"],\"flag_applied\":\"HISATZEN LAND CLDICE NAVFAIL\",\"long_name\":\"Diffuse attenuation coefficient at 490 nm (OBPG)\",\"units\":\"m^-1\"}","longitude\/.zarray":"{\n    \"chunks\": [\n        10001\n    ],\n    \"compressor\": null,\n    \"dtype\": \"<f8\",\n    \"fill_value\": 9.969209968386869e+36,\n    \"filters\": null,\n    \"order\": \"C\",\n    \"shape\": [\n        10001\n    ],\n    \"zarr_format\": 2\n}","longitude\/.zattrs":"{\n    \"NAME\": \"longitude\",\n    \"_ARRAY_DIMENSIONS\": [\n        \"longitude\"\n    ],\n    \"_Netcdf4Dimid\": 2,\n    \"axis\": \"X\",\n    \"long_name\": \"longitude\",\n    \"standard_name\": \"longitude\",\n    \"units\": \"degrees_east\"\n}","longitude\/0":["{{a}}",58400,80008],"latitude\/.zarray":"{\n    \"chunks\": [\n        7001\n    ],\n    \"compressor\": null,\n    \"dtype\": \"<f8\",\n    \"fill_value\": 9.969209968386869e+36,\n    \"filters\": null,\n    \"order\": \"C\",\n    \"shape\": [\n        7001\n    ],\n    \"zarr_format\": 2\n}","latitude\/.zattrs":"{\n    \"NAME\": \"latitude\",\n    \"_ARRAY_DIMENSIONS\": [\n        \"latitude\"\n    ],\n    \"_Netcdf4Dimid\": 1,\n    \"axis\": \"Y\",\n    \"long_name\": \"latitude\",\n    \"standard_name\": \"latitude\",\n    \"units\": \"degrees_north\"\n}","latitude\/0":["{{a}}",2392,56008],"time\/.zarray":"{\"chunks\":[31],\"compressor\":{\"blocksize\":0,\"clevel\":5,\"cname\":\"lz4\",\"id\":\"blosc\",\"shuffle\":1},\"dtype\":\"<M8[us]\",\"fill_value\":0,\"filters\":null,\"order\":\"C\",\"shape\":[31],\"zarr_format\":2}","time\/0":"base64:AgExCPgAAAD4AAAAswAAABQAAACbAAAAHwABAAv7AeZGpgZmxiaG5kamBmbGJoYQAPRUz6d+Vi0E3LOKYjkR6L+XbkUd9MyjelIpANivh141DarI5gQiQF17mbfV8xAuTGqIpsPh\/x07WXeUstDuDCrvAxcsQFRofJCkuMzh9QkdMUVZbYGWqr7S5voOIjdLUFFRUVFRBQAYUgEAn1NTU1MEBAQEBAUABw\/YAAdQAAAAAAA=","time\/.zattrs":"{\"NAME\":\"time\",\"_ARRAY_DIMENSIONS\":[\"time\"],\"_Netcdf4Dimid\":0,\"axis\":\"T\",\"long_name\":\"time\",\"standard_name\":\"time\"}","K_490\/0.0.0":["{{a}}",151229,2335071],"K_490\/0.0.1":["{{a}}",2486300,795752],"K_490\/0.0.2":["{{a}}",3282052,2078800],"K_490\/0.0.3":["{{a}}",5360852,2127960],"K_490\/0.0.4":["{{a}}",7488812,2495384],"K_490\/0.1.0":["{{a}}",9984196,2078211],"K_490\/0.1.1":["{{a}}",12062407,2734543],"K_490\/0.1.2":["{{a}}",14796950,2532100],"K_490\/0.1.3":["{{a}}",17329050,2841992],"K_490\/0.1.4":["{{a}}",20171042,685019],"K_490\/0.2.0":["{{a}}",20856061,1392590],"K_490\/0.2.1":["{{a}}",22248651,3309486],"K_490\/0.2.2":["{{a}}",25558137,133992],"K_490\/0.2.3":["{{a}}",25692129,2126210],"K_490\/0.2.4":["{{a}}",27818339,387266],"K_490\/0.3.0":["{{a}}",28205605,97267],"K_490\/0.3.1":["{{a}}",28302872,1314473],"K_490\/0.3.2":["{{a}}",29617345,1495172],"K_490\/0.3.3":["{{a}}",31112517,1800475],"K_490\/0.3.4":["{{a}}",32912992,1069380],"K_490\/0.4.0":["{{a}}",33982372,12307],"K_490\/0.4.1":["{{a}}",33994679,52311],"K_490\/0.4.2":["{{a}}",34046990,379647],"K_490\/0.4.3":["{{a}}",34426637,360636],"K_490\/0.4.4":["{{a}}",34787273,66957],"K_490\/1.0.0":["{{b}}",151229,3178750],"K_490\/1.0.1":["{{b}}",3329979,1147423],"K_490\/1.0.2":["{{b}}",4477402,1011233],"K_490\/1.0.3":["{{b}}",5488635,2122709],"K_490\/1.0.4":["{{b}}",7611344,1462135],"K_490\/1.1.0":["{{b}}",9073479,2835755],"K_490\/1.1.1":["{{b}}",11909234,4141960],"K_490\/1.1.2":["{{b}}",16051194,2484370],"K_490\/1.1.3":["{{b}}",18535564,1989696],"K_490\/1.1.4":["{{b}}",20525260,1230778],"K_490\/1.2.0":["{{b}}",21756038,4631999],"K_490\/1.2.1":["{{b}}",26388037,2624984],"K_490\/1.2.2":["{{b}}",29013021,84845],"K_490\/1.2.3":["{{b}}",29097866,943746],"K_490\/1.2.4":["{{b}}",30041612,2845389],"K_490\/1.3.0":["{{b}}",32887001,1390785],"K_490\/1.3.1":["{{b}}",34277786,1282349],"K_490\/1.3.2":["{{b}}",35560135,1188873],"K_490\/1.3.3":["{{b}}",36749008,1382631],"K_490\/1.3.4":["{{b}}",38131639,2885360],"K_490\/1.4.0":["{{b}}",41016999,249230],"K_490\/1.4.1":["{{b}}",41266229,197264],"K_490\/1.4.2":["{{b}}",41463493,514269],"K_490\/1.4.3":["{{b}}",41977762,479047],"K_490\/1.4.4":["{{b}}",42456809,244389],"K_490\/2.0.0":["{{c}}",151229,65334],"K_490\/2.0.1":["{{c}}",216563,577494],"K_490\/2.0.2":["{{c}}",794057,672273],"K_490\/2.0.3":["{{c}}",1466330,2225347],"K_490\/2.0.4":["{{c}}",3691677,10921],"K_490\/2.1.0":["{{c}}",3702598,1200750],"K_490\/2.1.1":["{{c}}",4903348,2973617],"K_490\/2.1.2":["{{c}}",7876965,3123063],"K_490\/2.1.3":["{{c}}",11000028,2984606],"K_490\/2.1.4":["{{c}}",13984634,184089],"K_490\/2.2.0":["{{c}}",14168723,1044199],"K_490\/2.2.1":["{{c}}",15212922,4091818],"K_490\/2.2.2":["{{c}}",19304740,129461],"K_490\/2.2.3":["{{c}}",19434201,2939769],"K_490\/2.2.4":["{{c}}",22373970,1351845],"K_490\/2.3.0":["{{c}}",23725815,172704],"K_490\/2.3.1":["{{c}}",23898519,2431981],"K_490\/2.3.2":["{{c}}",26330500,2096758],"K_490\/2.3.3":["{{c}}",28427258,2088946],"K_490\/2.3.4":["{{c}}",30516204,2044544],"K_490\/2.4.0":["{{c}}",32560748,13600],"K_490\/2.4.1":["{{c}}",32574348,739800],"K_490\/2.4.2":["{{c}}",33314148,333590],"K_490\/2.4.3":["{{c}}",33647738,541460],"K_490\/2.4.4":["{{c}}",34189198,954782],"K_490\/3.0.0":["{{d}}",151229,2082568],"K_490\/3.0.1":["{{d}}",2233797,630041],"K_490\/3.0.2":["{{d}}",2863838,801258],"K_490\/3.0.3":["{{d}}",3665096,1523542],"K_490\/3.0.4":["{{d}}",5188638,2644593],"K_490\/3.1.0":["{{d}}",7833231,2238809],"K_490\/3.1.1":["{{d}}",10072040,3545311],"K_490\/3.1.2":["{{d}}",13617351,2527560],"K_490\/3.1.3":["{{d}}",16144911,1917609],"K_490\/3.1.4":["{{d}}",18062520,3604934],"K_490\/3.2.0":["{{d}}",21667454,10921],"K_490\/3.2.1":["{{d}}",21678375,1764581],"K_490\/3.2.2":["{{d}}",23442956,96514],"K_490\/3.2.3":["{{d}}",23539470,793718],"K_490\/3.2.4":["{{d}}",24333188,2853726],"K_490\/3.3.0":["{{d}}",27186914,936651],"K_490\/3.3.1":["{{d}}",28123565,2005865],"K_490\/3.3.2":["{{d}}",30129430,2430325],"K_490\/3.3.3":["{{d}}",32559755,2135079],"K_490\/3.3.4":["{{d}}",34694834,2127360],"K_490\/3.4.0":["{{d}}",36822194,195175],"K_490\/3.4.1":["{{d}}",37017369,865054],"K_490\/3.4.2":["{{d}}",37882423,1091075],"K_490\/3.4.3":["{{d}}",38973498,602316],"K_490\/3.4.4":["{{d}}",39575814,70420],"K_490\/4.0.0":["{{e}}",151229,542531],"K_490\/4.0.1":["{{e}}",693760,697149],"K_490\/4.0.2":["{{e}}",1390909,1416759],"K_490\/4.0.3":["{{e}}",2807668,3502945],"K_490\/4.0.4":["{{e}}",6310613,249897],"K_490\/4.1.0":["{{e}}",6560510,448557],"K_490\/4.1.1":["{{e}}",7009067,3222608],"K_490\/4.1.2":["{{e}}",10231675,3212545],"K_490\/4.1.3":["{{e}}",13444220,2621460],"K_490\/4.1.4":["{{e}}",16065680,778120],"K_490\/4.2.0":["{{e}}",16843800,211295],"K_490\/4.2.1":["{{e}}",17055095,4037041],"K_490\/4.2.2":["{{e}}",21092136,47020],"K_490\/4.2.3":["{{e}}",21139156,2012673],"K_490\/4.2.4":["{{e}}",23151829,1374653],"K_490\/4.3.0":["{{e}}",24526482,10921],"K_490\/4.3.1":["{{e}}",24537403,2458886],"K_490\/4.3.2":["{{e}}",26996289,2250635],"K_490\/4.3.3":["{{e}}",29246924,1741560],"K_490\/4.3.4":["{{e}}",30988484,1828228],"K_490\/4.4.0":["{{e}}",32816712,10921],"K_490\/4.4.1":["{{e}}",32827633,946327],"K_490\/4.4.2":["{{e}}",33773960,609680],"K_490\/4.4.3":["{{e}}",34383640,260852],"K_490\/4.4.4":["{{e}}",34644492,847413],"K_490\/5.0.0":["{{f}}",151229,1866006],"K_490\/5.0.1":["{{f}}",2017235,553767],"K_490\/5.0.2":["{{f}}",2571002,1578790],"K_490\/5.0.3":["{{f}}",4149792,1978989],"K_490\/5.0.4":["{{f}}",6128781,2813458],"K_490\/5.1.0":["{{f}}",8942239,3114374],"K_490\/5.1.1":["{{f}}",12056613,2565082],"K_490\/5.1.2":["{{f}}",14621695,2192352],"K_490\/5.1.3":["{{f}}",16814047,1934715],"K_490\/5.1.4":["{{f}}",18748762,4156475],"K_490\/5.2.0":["{{f}}",22905237,1209441],"K_490\/5.2.1":["{{f}}",24114678,2142552],"K_490\/5.2.2":["{{f}}",26257230,130710],"K_490\/5.2.3":["{{f}}",26387940,1133215],"K_490\/5.2.4":["{{f}}",27521155,2900997],"K_490\/5.3.0":["{{f}}",30422152,143642],"K_490\/5.3.1":["{{f}}",30565794,209746],"K_490\/5.3.2":["{{f}}",30775540,2124149],"K_490\/5.3.3":["{{f}}",32899689,2612480],"K_490\/5.3.4":["{{f}}",35512169,1692448],"K_490\/5.4.0":["{{f}}",37204617,137636],"K_490\/5.4.1":["{{f}}",37342253,288270],"K_490\/5.4.2":["{{f}}",37630523,678792],"K_490\/5.4.3":["{{f}}",38309315,694644],"K_490\/5.4.4":["{{f}}",39003959,178053],"K_490\/6.0.0":["{{g}}",151229,65662],"K_490\/6.0.1":["{{g}}",216891,905532],"K_490\/6.0.2":["{{g}}",1122423,1516396],"K_490\/6.0.3":["{{g}}",2638819,2564314],"K_490\/6.0.4":["{{g}}",5203133,737186],"K_490\/6.1.0":["{{g}}",5940319,120608],"K_490\/6.1.1":["{{g}}",6060927,4518612],"K_490\/6.1.2":["{{g}}",10579539,1259557],"K_490\/6.1.3":["{{g}}",11839096,2192931],"K_490\/6.1.4":["{{g}}",14032027,914615],"K_490\/6.2.0":["{{g}}",14946642,10921],"K_490\/6.2.1":["{{g}}",14957563,3373904],"K_490\/6.2.2":["{{g}}",18331467,31162],"K_490\/6.2.3":["{{g}}",18362629,1591131],"K_490\/6.2.4":["{{g}}",19953760,2455913],"K_490\/6.3.0":["{{g}}",22409673,1025329],"K_490\/6.3.1":["{{g}}",23435002,528916],"K_490\/6.3.2":["{{g}}",23963918,1404864],"K_490\/6.3.3":["{{g}}",25368782,1741009],"K_490\/6.3.4":["{{g}}",27109791,3211105],"K_490\/6.4.0":["{{g}}",30320896,646723],"K_490\/6.4.1":["{{g}}",30967619,657434],"K_490\/6.4.2":["{{g}}",31625053,122381],"K_490\/6.4.3":["{{g}}",31747434,324506],"K_490\/6.4.4":["{{g}}",32071940,784452],"K_490\/7.0.0":["{{h}}",151229,820662],"K_490\/7.0.1":["{{h}}",971891,1229857],"K_490\/7.0.2":["{{h}}",2201748,2199862],"K_490\/7.0.3":["{{h}}",4401610,1331195],"K_490\/7.0.4":["{{h}}",5732805,2298700],"K_490\/7.1.0":["{{h}}",8031505,2826134],"K_490\/7.1.1":["{{h}}",10857639,3083804],"K_490\/7.1.2":["{{h}}",13941443,3060467],"K_490\/7.1.3":["{{h}}",17001910,1722209],"K_490\/7.1.4":["{{h}}",18724119,1117276],"K_490\/7.2.0":["{{h}}",19841395,566080],"K_490\/7.2.1":["{{h}}",20407475,2006754],"K_490\/7.2.2":["{{h}}",22414229,136822],"K_490\/7.2.3":["{{h}}",22551051,102651],"K_490\/7.2.4":["{{h}}",22653702,3219417],"K_490\/7.3.0":["{{h}}",25873119,839475],"K_490\/7.3.1":["{{h}}",26712594,1489721],"K_490\/7.3.2":["{{h}}",28202315,482765],"K_490\/7.3.3":["{{h}}",28685080,1376950],"K_490\/7.3.4":["{{h}}",30062030,1200990],"K_490\/7.4.0":["{{h}}",31263020,24338],"K_490\/7.4.1":["{{h}}",31287358,807883],"K_490\/7.4.2":["{{h}}",32095241,1055563],"K_490\/7.4.3":["{{h}}",33150804,396147],"K_490\/7.4.4":["{{h}}",33546951,484664],"K_490\/8.0.0":["{{i}}",151229,679091],"K_490\/8.0.1":["{{i}}",830320,1515008],"K_490\/8.0.2":["{{i}}",2345328,2481568],"K_490\/8.0.3":["{{i}}",4826896,2180663],"K_490\/8.0.4":["{{i}}",7007559,1335495],"K_490\/8.1.0":["{{i}}",8343054,2193462],"K_490\/8.1.1":["{{i}}",10536516,4337598],"K_490\/8.1.2":["{{i}}",14874114,1251057],"K_490\/8.1.3":["{{i}}",16125171,648269],"K_490\/8.1.4":["{{i}}",16773440,1172377],"K_490\/8.2.0":["{{i}}",17945817,3842508],"K_490\/8.2.1":["{{i}}",21788325,2531903],"K_490\/8.2.2":["{{i}}",24320228,96534],"K_490\/8.2.3":["{{i}}",24416762,169493],"K_490\/8.2.4":["{{i}}",24586255,692651],"K_490\/8.3.0":["{{i}}",25278906,3126909],"K_490\/8.3.1":["{{i}}",28405815,555186],"K_490\/8.3.2":["{{i}}",28961001,751852],"K_490\/8.3.3":["{{i}}",29712853,310878],"K_490\/8.3.4":["{{i}}",30023731,1568405],"K_490\/8.4.0":["{{i}}",31592136,158422],"K_490\/8.4.1":["{{i}}",31750558,43121],"K_490\/8.4.2":["{{i}}",31793679,333691],"K_490\/8.4.3":["{{i}}",32127370,81697],"K_490\/8.4.4":["{{i}}",32209067,387407],"K_490\/9.0.0":["{{j}}",151229,142126],"K_490\/9.0.1":["{{j}}",293355,557052],"K_490\/9.0.2":["{{j}}",850407,1273919],"K_490\/9.0.3":["{{j}}",2124326,3126512],"K_490\/9.0.4":["{{j}}",5250838,3821800],"K_490\/9.1.0":["{{j}}",9072638,1209526],"K_490\/9.1.1":["{{j}}",10282164,3169615],"K_490\/9.1.2":["{{j}}",13451779,2488251],"K_490\/9.1.3":["{{j}}",15940030,647356],"K_490\/9.1.4":["{{j}}",16587386,14835],"K_490\/9.2.0":["{{j}}",16602221,887844],"K_490\/9.2.1":["{{j}}",17490065,2808324],"K_490\/9.2.2":["{{j}}",20298389,96680],"K_490\/9.2.3":["{{j}}",20395069,1912746],"K_490\/9.2.4":["{{j}}",22307815,504774],"K_490\/9.3.0":["{{j}}",22812589,458873],"K_490\/9.3.1":["{{j}}",23271462,2350721],"K_490\/9.3.2":["{{j}}",25622183,1320359],"K_490\/9.3.3":["{{j}}",26942542,658956],"K_490\/9.3.4":["{{j}}",27601498,541291],"K_490\/9.4.0":["{{j}}",28142789,10975],"K_490\/9.4.1":["{{j}}",28153764,431973],"K_490\/9.4.2":["{{j}}",28585737,462669],"K_490\/9.4.3":["{{j}}",29048406,148680],"K_490\/9.4.4":["{{j}}",29197086,201059],"K_490\/10.0.0":["{{k}}",151229,1284660],"K_490\/10.0.1":["{{k}}",1435889,1732730],"K_490\/10.0.2":["{{k}}",3168619,1503348],"K_490\/10.0.3":["{{k}}",4671967,2270067],"K_490\/10.0.4":["{{k}}",6942034,1401240],"K_490\/10.1.0":["{{k}}",8343274,2300035],"K_490\/10.1.1":["{{k}}",10643309,3472788],"K_490\/10.1.2":["{{k}}",14116097,2109867],"K_490\/10.1.3":["{{k}}",16225964,1083328],"K_490\/10.1.4":["{{k}}",17309292,1103435],"K_490\/10.2.0":["{{k}}",18412727,2836508],"K_490\/10.2.1":["{{k}}",21249235,2036651],"K_490\/10.2.2":["{{k}}",23285886,100423],"K_490\/10.2.3":["{{k}}",23386309,440980],"K_490\/10.2.4":["{{k}}",23827289,897008],"K_490\/10.3.0":["{{k}}",24724297,991319],"K_490\/10.3.1":["{{k}}",25715616,1312971],"K_490\/10.3.2":["{{k}}",27028587,273417],"K_490\/10.3.3":["{{k}}",27302004,1319288],"K_490\/10.3.4":["{{k}}",28621292,789476],"K_490\/10.4.0":["{{k}}",29410768,58472],"K_490\/10.4.1":["{{k}}",29469240,694421],"K_490\/10.4.2":["{{k}}",30163661,601559],"K_490\/10.4.3":["{{k}}",30765220,457338],"K_490\/10.4.4":["{{k}}",31222558,380092],"K_490\/11.0.0":["{{l}}",151229,889575],"K_490\/11.0.1":["{{l}}",1040804,1623897],"K_490\/11.0.2":["{{l}}",2664701,2435478],"K_490\/11.0.3":["{{l}}",5100179,3306223],"K_490\/11.0.4":["{{l}}",8406402,46199],"K_490\/11.1.0":["{{l}}",8452601,1142668],"K_490\/11.1.1":["{{l}}",9595269,3104517],"K_490\/11.1.2":["{{l}}",12699786,3001476],"K_490\/11.1.3":["{{l}}",15701262,2673541],"K_490\/11.1.4":["{{l}}",18374803,301892],"K_490\/11.2.0":["{{l}}",18676695,223796],"K_490\/11.2.1":["{{l}}",18900491,3635269],"K_490\/11.2.2":["{{l}}",22535760,91271],"K_490\/11.2.3":["{{l}}",22627031,1261615],"K_490\/11.2.4":["{{l}}",23888646,89040],"K_490\/11.3.0":["{{l}}",23977686,69661],"K_490\/11.3.1":["{{l}}",24047347,2329435],"K_490\/11.3.2":["{{l}}",26376782,756532],"K_490\/11.3.3":["{{l}}",27133314,1836858],"K_490\/11.3.4":["{{l}}",28970172,2227132],"K_490\/11.4.0":["{{l}}",31197304,10921],"K_490\/11.4.1":["{{l}}",31208225,163581],"K_490\/11.4.2":["{{l}}",31371806,1028638],"K_490\/11.4.3":["{{l}}",32400444,678232],"K_490\/11.4.4":["{{l}}",33078676,1283305],"K_490\/12.0.0":["{{m}}",151229,312271],"K_490\/12.0.1":["{{m}}",463500,2486275],"K_490\/12.0.2":["{{m}}",2949775,1400796],"K_490\/12.0.3":["{{m}}",4350571,1513831],"K_490\/12.0.4":["{{m}}",5864402,2094272],"K_490\/12.1.0":["{{m}}",7958674,2163514],"K_490\/12.1.1":["{{m}}",10122188,2963156],"K_490\/12.1.2":["{{m}}",13085344,2535406],"K_490\/12.1.3":["{{m}}",15620750,1535607],"K_490\/12.1.4":["{{m}}",17156357,1571390],"K_490\/12.2.0":["{{m}}",18727747,2670228],"K_490\/12.2.1":["{{m}}",21397975,2415104],"K_490\/12.2.2":["{{m}}",23813079,108488],"K_490\/12.2.3":["{{m}}",23921567,703891],"K_490\/12.2.4":["{{m}}",24625458,1385356],"K_490\/12.3.0":["{{m}}",26010814,954282],"K_490\/12.3.1":["{{m}}",26965096,514662],"K_490\/12.3.2":["{{m}}",27479758,1759724],"K_490\/12.3.3":["{{m}}",29239482,1015798],"K_490\/12.3.4":["{{m}}",30255280,2045460],"K_490\/12.4.0":["{{m}}",32300740,119458],"K_490\/12.4.1":["{{m}}",32420198,126615],"K_490\/12.4.2":["{{m}}",32546813,568327],"K_490\/12.4.3":["{{m}}",33115140,800885],"K_490\/12.4.4":["{{m}}",33916025,129838],"K_490\/13.0.0":["{{n}}",151229,31120],"K_490\/13.0.1":["{{n}}",182349,854476],"K_490\/13.0.2":["{{n}}",1036825,1808111],"K_490\/13.0.3":["{{n}}",2844936,2870144],"K_490\/13.0.4":["{{n}}",5715080,377365],"K_490\/13.1.0":["{{n}}",6092445,212762],"K_490\/13.1.1":["{{n}}",6305207,3856118],"K_490\/13.1.2":["{{n}}",10161325,3295105],"K_490\/13.1.3":["{{n}}",13456430,1784517],"K_490\/13.1.4":["{{n}}",15240947,496943],"K_490\/13.2.0":["{{n}}",15737890,69376],"K_490\/13.2.1":["{{n}}",15807266,3327770],"K_490\/13.2.2":["{{n}}",19135036,28464],"K_490\/13.2.3":["{{n}}",19163500,1823239],"K_490\/13.2.4":["{{n}}",20986739,2376824],"K_490\/13.3.0":["{{n}}",23363563,685306],"K_490\/13.3.1":["{{n}}",24048869,809868],"K_490\/13.3.2":["{{n}}",24858737,1255246],"K_490\/13.3.3":["{{n}}",26113983,1436336],"K_490\/13.3.4":["{{n}}",27550319,1602471],"K_490\/13.4.0":["{{n}}",29152790,869637],"K_490\/13.4.1":["{{n}}",30022427,460858],"K_490\/13.4.2":["{{n}}",30483285,231645],"K_490\/13.4.3":["{{n}}",30714930,813842],"K_490\/13.4.4":["{{n}}",31528772,978467],"K_490\/14.0.0":["{{o}}",151229,1470472],"K_490\/14.0.1":["{{o}}",1621701,725948],"K_490\/14.0.2":["{{o}}",2347649,1016848],"K_490\/14.0.3":["{{o}}",3364497,464264],"K_490\/14.0.4":["{{o}}",3828761,2212089],"K_490\/14.1.0":["{{o}}",6040850,1764610],"K_490\/14.1.1":["{{o}}",7805460,3691458],"K_490\/14.1.2":["{{o}}",11496918,3188734],"K_490\/14.1.3":["{{o}}",14685652,1386612],"K_490\/14.1.4":["{{o}}",16072264,1999267],"K_490\/14.2.0":["{{o}}",18071531,1817559],"K_490\/14.2.1":["{{o}}",19889090,2525978],"K_490\/14.2.2":["{{o}}",22415068,136290],"K_490\/14.2.3":["{{o}}",22551358,760755],"K_490\/14.2.4":["{{o}}",23312113,3861760],"K_490\/14.3.0":["{{o}}",27173873,1296262],"K_490\/14.3.1":["{{o}}",28470135,2947079],"K_490\/14.3.2":["{{o}}",31417214,1476576],"K_490\/14.3.3":["{{o}}",32893790,2768428],"K_490\/14.3.4":["{{o}}",35662218,777148],"K_490\/14.4.0":["{{o}}",36439366,306080],"K_490\/14.4.1":["{{o}}",36745446,1670491],"K_490\/14.4.2":["{{o}}",38415937,48443],"K_490\/14.4.3":["{{o}}",38464380,508445],"K_490\/14.4.4":["{{o}}",38972825,178689],"K_490\/15.0.0":["{{p}}",151229,111614],"K_490\/15.0.1":["{{p}}",262843,1616782],"K_490\/15.0.2":["{{p}}",1879625,2087202],"K_490\/15.0.3":["{{p}}",3966827,209462],"K_490\/15.0.4":["{{p}}",4176289,106432],"K_490\/15.1.0":["{{p}}",4282721,343174],"K_490\/15.1.1":["{{p}}",4625895,3878010],"K_490\/15.1.2":["{{p}}",8503905,2783766],"K_490\/15.1.3":["{{p}}",11287671,1784999],"K_490\/15.1.4":["{{p}}",13072670,1317034],"K_490\/15.2.0":["{{p}}",14389704,3718205],"K_490\/15.2.1":["{{p}}",18107909,2583476],"K_490\/15.2.2":["{{p}}",20691385,76634],"K_490\/15.2.3":["{{p}}",20768019,472480],"K_490\/15.2.4":["{{p}}",21240499,1435995],"K_490\/15.3.0":["{{p}}",22676494,2254140],"K_490\/15.3.1":["{{p}}",24930634,3230292],"K_490\/15.3.2":["{{p}}",28160926,1152000],"K_490\/15.3.3":["{{p}}",29312926,1820366],"K_490\/15.3.4":["{{p}}",31133292,1389500],"K_490\/15.4.0":["{{p}}",32522792,530808],"K_490\/15.4.1":["{{p}}",33053600,1347571],"K_490\/15.4.2":["{{p}}",34401171,448331],"K_490\/15.4.3":["{{p}}",34849502,406149],"K_490\/15.4.4":["{{p}}",35255651,264281],"K_490\/16.0.0":["{{q}}",151229,77693],"K_490\/16.0.1":["{{q}}",228922,583762],"K_490\/16.0.2":["{{q}}",812684,1385745],"K_490\/16.0.3":["{{q}}",2198429,1867687],"K_490\/16.0.4":["{{q}}",4066116,1793512],"K_490\/16.1.0":["{{q}}",5859628,1296205],"K_490\/16.1.1":["{{q}}",7155833,3421538],"K_490\/16.1.2":["{{q}}",10577371,3168180],"K_490\/16.1.3":["{{q}}",13745551,1734884],"K_490\/16.1.4":["{{q}}",15480435,906253],"K_490\/16.2.0":["{{q}}",16386688,1165577],"K_490\/16.2.1":["{{q}}",17552265,2627304],"K_490\/16.2.2":["{{q}}",20179569,137740],"K_490\/16.2.3":["{{q}}",20317309,2384049],"K_490\/16.2.4":["{{q}}",22701358,387812],"K_490\/16.3.0":["{{q}}",23089170,86839],"K_490\/16.3.1":["{{q}}",23176009,1347008],"K_490\/16.3.2":["{{q}}",24523017,3492460],"K_490\/16.3.3":["{{q}}",28015477,1782446],"K_490\/16.3.4":["{{q}}",29797923,1063455],"K_490\/16.4.0":["{{q}}",30861378,63715],"K_490\/16.4.1":["{{q}}",30925093,1106276],"K_490\/16.4.2":["{{q}}",32031369,874432],"K_490\/16.4.3":["{{q}}",32905801,349723],"K_490\/16.4.4":["{{q}}",33255524,404832],"K_490\/17.0.0":["{{r}}",151229,276998],"K_490\/17.0.1":["{{r}}",428227,1059531],"K_490\/17.0.2":["{{r}}",1487758,737748],"K_490\/17.0.3":["{{r}}",2225506,1430820],"K_490\/17.0.4":["{{r}}",3656326,1438752],"K_490\/17.1.0":["{{r}}",5095078,701181],"K_490\/17.1.1":["{{r}}",5796259,4335476],"K_490\/17.1.2":["{{r}}",10131735,2080602],"K_490\/17.1.3":["{{r}}",12212337,1506750],"K_490\/17.1.4":["{{r}}",13719087,1781805],"K_490\/17.2.0":["{{r}}",15500892,1046228],"K_490\/17.2.1":["{{r}}",16547120,1440229],"K_490\/17.2.2":["{{r}}",17987349,98069],"K_490\/17.2.3":["{{r}}",18085418,975148],"K_490\/17.2.4":["{{r}}",19060566,3664102],"K_490\/17.3.0":["{{r}}",22724668,952099],"K_490\/17.3.1":["{{r}}",23676767,667379],"K_490\/17.3.2":["{{r}}",24344146,1491567],"K_490\/17.3.3":["{{r}}",25835713,1907537],"K_490\/17.3.4":["{{r}}",27743250,939632],"K_490\/17.4.0":["{{r}}",28682882,50061],"K_490\/17.4.1":["{{r}}",28732943,646434],"K_490\/17.4.2":["{{r}}",29379377,645252],"K_490\/17.4.3":["{{r}}",30024629,158215],"K_490\/17.4.4":["{{r}}",30182844,425031],"K_490\/18.0.0":["{{s}}",151229,240783],"K_490\/18.0.1":["{{s}}",392012,406971],"K_490\/18.0.2":["{{s}}",798983,986358],"K_490\/18.0.3":["{{s}}",1785341,1302599],"K_490\/18.0.4":["{{s}}",3087940,10921],"K_490\/18.1.0":["{{s}}",3098861,854570],"K_490\/18.1.1":["{{s}}",3953431,2663349],"K_490\/18.1.2":["{{s}}",6616780,3198899],"K_490\/18.1.3":["{{s}}",9815679,2058350],"K_490\/18.1.4":["{{s}}",11874029,171902],"K_490\/18.2.0":["{{s}}",12045931,703846],"K_490\/18.2.1":["{{s}}",12749777,2498677],"K_490\/18.2.2":["{{s}}",15248454,91059],"K_490\/18.2.3":["{{s}}",15339513,2964380],"K_490\/18.2.4":["{{s}}",18303893,1446524],"K_490\/18.3.0":["{{s}}",19750417,12465],"K_490\/18.3.1":["{{s}}",19762882,2421674],"K_490\/18.3.2":["{{s}}",22184556,596679],"K_490\/18.3.3":["{{s}}",22781235,2630624],"K_490\/18.3.4":["{{s}}",25411859,992136],"K_490\/18.4.0":["{{s}}",26403995,10921],"K_490\/18.4.1":["{{s}}",26414916,393470],"K_490\/18.4.2":["{{s}}",26808386,794869],"K_490\/18.4.3":["{{s}}",27603255,769679],"K_490\/18.4.4":["{{s}}",28372934,124257],"K_490\/19.0.0":["{{t}}",151229,231636],"K_490\/19.0.1":["{{t}}",382865,916505],"K_490\/19.0.2":["{{t}}",1299370,1820946],"K_490\/19.0.3":["{{t}}",3120316,1066077],"K_490\/19.0.4":["{{t}}",4186393,1491470],"K_490\/19.1.0":["{{t}}",5677863,1066610],"K_490\/19.1.1":["{{t}}",6744473,3420575],"K_490\/19.1.2":["{{t}}",10165048,2192430],"K_490\/19.1.3":["{{t}}",12357478,612937],"K_490\/19.1.4":["{{t}}",12970415,2251768],"K_490\/19.2.0":["{{t}}",15222183,10921],"K_490\/19.2.1":["{{t}}",15233104,1474341],"K_490\/19.2.2":["{{t}}",16707445,103555],"K_490\/19.2.3":["{{t}}",16811000,688074],"K_490\/19.2.4":["{{t}}",17499074,5329865],"K_490\/19.3.0":["{{t}}",22828939,1223327],"K_490\/19.3.1":["{{t}}",24052266,1472899],"K_490\/19.3.2":["{{t}}",25525165,1656144],"K_490\/19.3.3":["{{t}}",27181309,1152535],"K_490\/19.3.4":["{{t}}",28333844,2705415],"K_490\/19.4.0":["{{t}}",31039259,131001],"K_490\/19.4.1":["{{t}}",31170260,94514],"K_490\/19.4.2":["{{t}}",31264774,935828],"K_490\/19.4.3":["{{t}}",32200602,1326757],"K_490\/19.4.4":["{{t}}",33527359,46143],"K_490\/20.0.0":["{{u}}",151229,139235],"K_490\/20.0.1":["{{u}}",290464,330334],"K_490\/20.0.2":["{{u}}",620798,1218017],"K_490\/20.0.3":["{{u}}",1838815,2451892],"K_490\/20.0.4":["{{u}}",4290707,101931],"K_490\/20.1.0":["{{u}}",4392638,686391],"K_490\/20.1.1":["{{u}}",5079029,3475024],"K_490\/20.1.2":["{{u}}",8554053,2442569],"K_490\/20.1.3":["{{u}}",10996622,1661503],"K_490\/20.1.4":["{{u}}",12658125,181594],"K_490\/20.2.0":["{{u}}",12839719,270825],"K_490\/20.2.1":["{{u}}",13110544,3509351],"K_490\/20.2.2":["{{u}}",16619895,32406],"K_490\/20.2.3":["{{u}}",16652301,1170619],"K_490\/20.2.4":["{{u}}",17822920,1026842],"K_490\/20.3.0":["{{u}}",18849762,10921],"K_490\/20.3.1":["{{u}}",18860683,1451851],"K_490\/20.3.2":["{{u}}",20312534,1228915],"K_490\/20.3.3":["{{u}}",21541449,1422716],"K_490\/20.3.4":["{{u}}",22964165,658638],"K_490\/20.4.0":["{{u}}",23622803,10921],"K_490\/20.4.1":["{{u}}",23633724,711228],"K_490\/20.4.2":["{{u}}",24344952,307056],"K_490\/20.4.3":["{{u}}",24652008,1136176],"K_490\/20.4.4":["{{u}}",25788184,716789],"K_490\/21.0.0":["{{v}}",151229,1900946],"K_490\/21.0.1":["{{v}}",2052175,188358],"K_490\/21.0.2":["{{v}}",2240533,2284316],"K_490\/21.0.3":["{{v}}",4524849,2173899],"K_490\/21.0.4":["{{v}}",6698748,2126907],"K_490\/21.1.0":["{{v}}",8825655,3148358],"K_490\/21.1.1":["{{v}}",11974013,2897521],"K_490\/21.1.2":["{{v}}",14871534,2323768],"K_490\/21.1.3":["{{v}}",17195302,576289],"K_490\/21.1.4":["{{v}}",17771591,3202067],"K_490\/21.2.0":["{{v}}",20973658,1170549],"K_490\/21.2.1":["{{v}}",22144207,1130692],"K_490\/21.2.2":["{{v}}",23274899,127420],"K_490\/21.2.3":["{{v}}",23402319,137336],"K_490\/21.2.4":["{{v}}",23539655,2942370],"K_490\/21.3.0":["{{v}}",26482025,878117],"K_490\/21.3.1":["{{v}}",27360142,959658],"K_490\/21.3.2":["{{v}}",28319800,2353384],"K_490\/21.3.3":["{{v}}",30673184,1549091],"K_490\/21.3.4":["{{v}}",32222275,445732],"K_490\/21.4.0":["{{v}}",32668007,245116],"K_490\/21.4.1":["{{v}}",32913123,544474],"K_490\/21.4.2":["{{v}}",33457597,205371],"K_490\/21.4.3":["{{v}}",33662968,799780],"K_490\/21.4.4":["{{v}}",34462748,58239],"K_490\/22.0.0":["{{w}}",151229,203445],"K_490\/22.0.1":["{{w}}",354674,735534],"K_490\/22.0.2":["{{w}}",1090208,2299935],"K_490\/22.0.3":["{{w}}",3390143,2938729],"K_490\/22.0.4":["{{w}}",6328872,295775],"K_490\/22.1.0":["{{w}}",6624647,154667],"K_490\/22.1.1":["{{w}}",6779314,3701786],"K_490\/22.1.2":["{{w}}",10481100,2148382],"K_490\/22.1.3":["{{w}}",12629482,1682496],"K_490\/22.1.4":["{{w}}",14311978,842428],"K_490\/22.2.0":["{{w}}",15154406,10921],"K_490\/22.2.1":["{{w}}",15165327,2157906],"K_490\/22.2.2":["{{w}}",17323233,48275],"K_490\/22.2.3":["{{w}}",17371508,159660],"K_490\/22.2.4":["{{w}}",17531168,923183],"K_490\/22.3.0":["{{w}}",18454351,1816317],"K_490\/22.3.1":["{{w}}",20270668,1974646],"K_490\/22.3.2":["{{w}}",22245314,1168973],"K_490\/22.3.3":["{{w}}",23414287,1883958],"K_490\/22.3.4":["{{w}}",25298245,1635343],"K_490\/22.4.0":["{{w}}",26933588,588918],"K_490\/22.4.1":["{{w}}",27522506,1040143],"K_490\/22.4.2":["{{w}}",28562649,300860],"K_490\/22.4.3":["{{w}}",28863509,1254536],"K_490\/22.4.4":["{{w}}",30118045,546206],"K_490\/23.0.0":["{{x}}",151229,700951],"K_490\/23.0.1":["{{x}}",852180,283734],"K_490\/23.0.2":["{{x}}",1135914,1111585],"K_490\/23.0.3":["{{x}}",2247499,2530358],"K_490\/23.0.4":["{{x}}",4777857,1422091],"K_490\/23.1.0":["{{x}}",6199948,2995599],"K_490\/23.1.1":["{{x}}",9195547,2994389],"K_490\/23.1.2":["{{x}}",12189936,2745704],"K_490\/23.1.3":["{{x}}",14935640,1870895],"K_490\/23.1.4":["{{x}}",16806535,2444974],"K_490\/23.2.0":["{{x}}",19251509,1082585],"K_490\/23.2.1":["{{x}}",20334094,2014170],"K_490\/23.2.2":["{{x}}",22348264,135622],"K_490\/23.2.3":["{{x}}",22483886,138669],"K_490\/23.2.4":["{{x}}",22622555,1185814],"K_490\/23.3.0":["{{x}}",23808369,803897],"K_490\/23.3.1":["{{x}}",24612266,3622034],"K_490\/23.3.2":["{{x}}",28234300,1973154],"K_490\/23.3.3":["{{x}}",30207454,1766333],"K_490\/23.3.4":["{{x}}",31973787,656304],"K_490\/23.4.0":["{{x}}",32630091,12773],"K_490\/23.4.1":["{{x}}",32642864,1101740],"K_490\/23.4.2":["{{x}}",33744604,979615],"K_490\/23.4.3":["{{x}}",34724219,932300],"K_490\/23.4.4":["{{x}}",35656519,784655],"K_490\/24.0.0":["{{y}}",151229,622105],"K_490\/24.0.1":["{{y}}",773334,442073],"K_490\/24.0.2":["{{y}}",1215407,1944267],"K_490\/24.0.3":["{{y}}",3159674,2145536],"K_490\/24.0.4":["{{y}}",5305210,658705],"K_490\/24.1.0":["{{y}}",5963915,3312598],"K_490\/24.1.1":["{{y}}",9276513,4130751],"K_490\/24.1.2":["{{y}}",13407264,2041400],"K_490\/24.1.3":["{{y}}",15448664,1731745],"K_490\/24.1.4":["{{y}}",17180409,1290900],"K_490\/24.2.0":["{{y}}",18471309,1987592],"K_490\/24.2.1":["{{y}}",20458901,2162333],"K_490\/24.2.2":["{{y}}",22621234,108417],"K_490\/24.2.3":["{{y}}",22729651,562879],"K_490\/24.2.4":["{{y}}",23292530,668769],"K_490\/24.3.0":["{{y}}",23961299,489082],"K_490\/24.3.1":["{{y}}",24450381,3111216],"K_490\/24.3.2":["{{y}}",27561597,3162153],"K_490\/24.3.3":["{{y}}",30723750,1503832],"K_490\/24.3.4":["{{y}}",32227582,1641637],"K_490\/24.4.0":["{{y}}",33869219,678919],"K_490\/24.4.1":["{{y}}",34548138,373818],"K_490\/24.4.2":["{{y}}",34921956,973954],"K_490\/24.4.3":["{{y}}",35895910,694226],"K_490\/24.4.4":["{{y}}",36590136,488133],"K_490\/25.0.0":["{{z}}",151229,307905],"K_490\/25.0.1":["{{z}}",459134,251264],"K_490\/25.0.2":["{{z}}",710398,1238230],"K_490\/25.0.3":["{{z}}",1948628,2217095],"K_490\/25.0.4":["{{z}}",4165723,1204424],"K_490\/25.1.0":["{{z}}",5370147,1643920],"K_490\/25.1.1":["{{z}}",7014067,2499992],"K_490\/25.1.2":["{{z}}",9514059,2922549],"K_490\/25.1.3":["{{z}}",12436608,2816223],"K_490\/25.1.4":["{{z}}",15252831,95613],"K_490\/25.2.0":["{{z}}",15348444,538672],"K_490\/25.2.1":["{{z}}",15887116,1868288],"K_490\/25.2.2":["{{z}}",17755404,95360],"K_490\/25.2.3":["{{z}}",17850764,2614668],"K_490\/25.2.4":["{{z}}",20465432,814838],"K_490\/25.3.0":["{{z}}",21280270,140560],"K_490\/25.3.1":["{{z}}",21420830,3161759],"K_490\/25.3.2":["{{z}}",24582589,3289839],"K_490\/25.3.3":["{{z}}",27872428,2053299],"K_490\/25.3.4":["{{z}}",29925727,791024],"K_490\/25.4.0":["{{z}}",30716751,78640],"K_490\/25.4.1":["{{z}}",30795391,433973],"K_490\/25.4.2":["{{z}}",31229364,1353977],"K_490\/25.4.3":["{{z}}",32583341,473002],"K_490\/25.4.4":["{{z}}",33056343,225107],"K_490\/26.0.0":["{{A}}",151229,1732079],"K_490\/26.0.1":["{{A}}",1883308,252994],"K_490\/26.0.2":["{{A}}",2136302,1729137],"K_490\/26.0.3":["{{A}}",3865439,1053280],"K_490\/26.0.4":["{{A}}",4918719,1277372],"K_490\/26.1.0":["{{A}}",6196091,2152411],"K_490\/26.1.1":["{{A}}",8348502,3815727],"K_490\/26.1.2":["{{A}}",12164229,2556688],"K_490\/26.1.3":["{{A}}",14720917,2370271],"K_490\/26.1.4":["{{A}}",17091188,2185394],"K_490\/26.2.0":["{{A}}",19276582,3183796],"K_490\/26.2.1":["{{A}}",22460378,1757014],"K_490\/26.2.2":["{{A}}",24217392,97673],"K_490\/26.2.3":["{{A}}",24315065,700333],"K_490\/26.2.4":["{{A}}",25015398,4209087],"K_490\/26.3.0":["{{A}}",29224485,2118547],"K_490\/26.3.1":["{{A}}",31343032,838039],"K_490\/26.3.2":["{{A}}",32181071,1249145],"K_490\/26.3.3":["{{A}}",33430216,1466076],"K_490\/26.3.4":["{{A}}",34896292,1887030],"K_490\/26.4.0":["{{A}}",36783322,281863],"K_490\/26.4.1":["{{A}}",37065185,33844],"K_490\/26.4.2":["{{A}}",37099029,919502],"K_490\/26.4.3":["{{A}}",38018531,622091],"K_490\/26.4.4":["{{A}}",38640622,83108],"K_490\/27.0.0":["{{B}}",151229,710470],"K_490\/27.0.1":["{{B}}",861699,217642],"K_490\/27.0.2":["{{B}}",1079341,650152],"K_490\/27.0.3":["{{B}}",1729493,2003186],"K_490\/27.0.4":["{{B}}",3732679,20945],"K_490\/27.1.0":["{{B}}",3753624,519227],"K_490\/27.1.1":["{{B}}",4272851,2401939],"K_490\/27.1.2":["{{B}}",6674790,4171585],"K_490\/27.1.3":["{{B}}",10846375,2869150],"K_490\/27.1.4":["{{B}}",13715525,330596],"K_490\/27.2.0":["{{B}}",14046121,647174],"K_490\/27.2.1":["{{B}}",14693295,3046557],"K_490\/27.2.2":["{{B}}",17739852,48029],"K_490\/27.2.3":["{{B}}",17787881,1511386],"K_490\/27.2.4":["{{B}}",19299267,744751],"K_490\/27.3.0":["{{B}}",20044018,16336],"K_490\/27.3.1":["{{B}}",20060354,2080397],"K_490\/27.3.2":["{{B}}",22140751,1722326],"K_490\/27.3.3":["{{B}}",23863077,1230864],"K_490\/27.3.4":["{{B}}",25093941,1525037],"K_490\/27.4.0":["{{B}}",26618978,10921],"K_490\/27.4.1":["{{B}}",26629899,339308],"K_490\/27.4.2":["{{B}}",26969207,245988],"K_490\/27.4.3":["{{B}}",27215195,375192],"K_490\/27.4.4":["{{B}}",27590387,439066],"K_490\/28.0.0":["{{C}}",151229,2094189],"K_490\/28.0.1":["{{C}}",2245418,623063],"K_490\/28.0.2":["{{C}}",2868481,585338],"K_490\/28.0.3":["{{C}}",3453819,1288845],"K_490\/28.0.4":["{{C}}",4742664,2093844],"K_490\/28.1.0":["{{C}}",6836508,1534693],"K_490\/28.1.1":["{{C}}",8371201,3154994],"K_490\/28.1.2":["{{C}}",11526195,3280268],"K_490\/28.1.3":["{{C}}",14806463,2184500],"K_490\/28.1.4":["{{C}}",16990963,3256418],"K_490\/28.2.0":["{{C}}",20247381,2360574],"K_490\/28.2.1":["{{C}}",22607955,1582659],"K_490\/28.2.2":["{{C}}",24190614,133475],"K_490\/28.2.3":["{{C}}",24324089,972401],"K_490\/28.2.4":["{{C}}",25296490,308228],"K_490\/28.3.0":["{{C}}",25604718,888484],"K_490\/28.3.1":["{{C}}",26493202,1331646],"K_490\/28.3.2":["{{C}}",27824848,2775059],"K_490\/28.3.3":["{{C}}",30599907,1363521],"K_490\/28.3.4":["{{C}}",31963428,682256],"K_490\/28.4.0":["{{C}}",32645684,211744],"K_490\/28.4.1":["{{C}}",32857428,397750],"K_490\/28.4.2":["{{C}}",33255178,436604],"K_490\/28.4.3":["{{C}}",33691782,686991],"K_490\/28.4.4":["{{C}}",34378773,136211],"K_490\/29.0.0":["{{D}}",151229,550780],"K_490\/29.0.1":["{{D}}",702009,1619264],"K_490\/29.0.2":["{{D}}",2321273,230943],"K_490\/29.0.3":["{{D}}",2552216,1881213],"K_490\/29.0.4":["{{D}}",4433429,267415],"K_490\/29.1.0":["{{D}}",4700844,355728],"K_490\/29.1.1":["{{D}}",5056572,3890407],"K_490\/29.1.2":["{{D}}",8946979,3125903],"K_490\/29.1.3":["{{D}}",12072882,2873745],"K_490\/29.1.4":["{{D}}",14946627,864787],"K_490\/29.2.0":["{{D}}",15811414,32504],"K_490\/29.2.1":["{{D}}",15843918,1820625],"K_490\/29.2.2":["{{D}}",17664543,28879],"K_490\/29.2.3":["{{D}}",17693422,2664441],"K_490\/29.2.4":["{{D}}",20357863,2215091],"K_490\/29.3.0":["{{D}}",22572954,78994],"K_490\/29.3.1":["{{D}}",22651948,1859673],"K_490\/29.3.2":["{{D}}",24511621,2405248],"K_490\/29.3.3":["{{D}}",26916869,1426582],"K_490\/29.3.4":["{{D}}",28343451,592134],"K_490\/29.4.0":["{{D}}",28935585,418039],"K_490\/29.4.1":["{{D}}",29353624,259396],"K_490\/29.4.2":["{{D}}",29613020,379054],"K_490\/29.4.3":["{{D}}",29992074,225169],"K_490\/29.4.4":["{{D}}",30217243,535047],"K_490\/30.0.0":["{{E}}",151229,2175517],"K_490\/30.0.1":["{{E}}",2326746,934697],"K_490\/30.0.2":["{{E}}",3261443,608292],"K_490\/30.0.3":["{{E}}",3869735,433002],"K_490\/30.0.4":["{{E}}",4302737,3215920],"K_490\/30.1.0":["{{E}}",7518657,2046463],"K_490\/30.1.1":["{{E}}",9565120,2617461],"K_490\/30.1.2":["{{E}}",12182581,1921472],"K_490\/30.1.3":["{{E}}",14104053,2141690],"K_490\/30.1.4":["{{E}}",16245743,3238379],"K_490\/30.2.0":["{{E}}",19484122,1965033],"K_490\/30.2.1":["{{E}}",21449155,1705746],"K_490\/30.2.2":["{{E}}",23154901,101506],"K_490\/30.2.3":["{{E}}",23256407,2439438],"K_490\/30.2.4":["{{E}}",25695845,3007129],"K_490\/30.3.0":["{{E}}",28702974,361981],"K_490\/30.3.1":["{{E}}",29064955,1394854],"K_490\/30.3.2":["{{E}}",30459809,2266215],"K_490\/30.3.3":["{{E}}",32726024,2334873],"K_490\/30.3.4":["{{E}}",35060897,673794],"K_490\/30.4.0":["{{E}}",35734691,427356],"K_490\/30.4.1":["{{E}}",36162047,1271006],"K_490\/30.4.2":["{{E}}",37433053,481081],"K_490\/30.4.3":["{{E}}",37914134,299759],"K_490\/30.4.4":["{{E}}",38213893,50665]}}