{"version":1,"templates":{"a":"s3:\/\/imos-data\/IMOS\/SRS\/OC\/gridded\/aqua\/P1D\/2008\/06\/A.P1D.20080601T053000Z.aust.K_490.nc","b":"s3:\/\/imos-data\/IMOS\/SRS\/OC\/gridded\/aqua\/P1D\/2008\/06\/A.P1D.20080602T053000Z.aust.K_490.nc","c":"s3:\/\/imos-data\/IMOS\/SRS\/OC\/gridded\/aqua\/P1D\/2008\/06\/A.P1D.20080603T053000Z.aust.K_490.nc","d":"s3:\/\/imos-data\/IMOS\/SRS\/OC\/gridded\/aqua\/P1D\/2008\/06\/A.P1D.20080604T053000Z.aust.K_490.nc","e":"s3:\/\/imos-data\/IMOS\/SRS\/OC\/gridded\/aqua\/P1D\/2008\/06\/A.P1D.20080605T053000Z.aust.K_490.nc","f":"s3:\/\/imos-data\/IMOS\/SRS\/OC\/gridded\/aqua\/P1D\/2008\/06\/A.P1D.20080606T053000Z.aust.K_490.nc","g":"s3:\/\/imos-data\/IMOS\/SRS\/OC\/gridded\/aqua\/P1D\/2008\/06\/A.P1D.20080607T053000Z.aust.K_490.nc","h":"s3:\/\/imos-data\/IMOS\/SRS\/OC\/gridded\/aqua\/P1D\/2008\/06\/A.P1D.20080608T053000Z.aust.K_490.nc","i":"s3:\/\/imos-data\/IMOS\/SRS\/OC\/gridded\/aqua\/P1D\/2008\/06\/A.P1D.20080609T053000Z.aust.K_490.nc","j":"s3:\/\/imos-data\/IMOS\/SRS\/OC\/gridded\/aqua\/P1D\/2008\/06\/A.P1D.20080610T053000Z.aust.K_490.nc","k":"s3:\/\/imos-data\/IMOS\/SRS\/OC\/gridded\/aqua\/P1D\/2008\/06\/A.P1D.20080611T053000Z.aust.K_490.nc","l":"s3:\/\/imos-data\/IMOS\/SRS\/OC\/gridded\/aqua\/P1D\/2008\/06\/A.P1D.20080612T053000Z.aust.K_490.nc","m":"s3:\/\/imos-data\/IMOS\/SRS\/OC\/gridded\/aqua\/P1D\/2008\/06\/A.P1D.20080613T053000Z.aust.K_490.nc","n":"s3:\/\/imos-data\/IMOS\/SRS\/OC\/gridded\/aqua\/P1D\/2008\/06\/A.P1D.20080614T053000Z.aust.K_490.nc","o":"s3:\/\/imos-data\/IMOS\/SRS\/OC\/gridded\/aqua\/P1D\/2008\/06\/A.P1D.20080615T053000Z.aust.K_490.nc","p":"s3:\/\/imos-data\/IMOS\/SRS\/OC\/gridded\/aqua\/P1D\/2008\/06\/A.P1D.20080616T053000Z.aust.K_490.nc","q":"s3:\/\/imos-data\/IMOS\/SRS\/OC\/gridded\/aqua\/P1D\/2008\/06\/A.P1D.20080617T053000Z.aust.K_490.nc","r":"s3:\/\/imos-data\/IMOS\/SRS\/OC\/gridded\/aqua\/P1D\/2008\/06\/A.P1D.20080618T053000Z.aust.K_490.nc","s":"s3:\/\/imos-data\/IMOS\/SRS\/OC\/gridded\/aqua\/P1D\/2008\/06\/A.P1D.20080619T053000Z.aust.K_490.nc","t":"s3:\/\/imos-data\/IMOS\/SRS\/OC\/gridded\/aqua\/P1D\/2008\/06\/A.P1D.20080620T053000Z.aust.K_490.nc","u":"s3:\/\/imos-data\/IMOS\/SRS\/OC\/gridded\/aqua\/P1D\/2008\/06\/A.P1D.20080621T053000Z.aust.K_490.nc","v":"s3:\/\/imos-data\/IMOS\/SRS\/OC\/gridded\/aqua\/P1D\/2008\/06\/A.P1D.20080622T053000Z.aust.K_490.nc","w":"s3:\/\/imos-data\/IMOS\/SRS\/OC\/gridded\/aqua\/P1D\/2008\/06\/A.P1D.20080623T053000Z.aust.K_490.nc","x":"s3:\/\/imos-data\/IMOS\/SRS\/OC\/gridded\/aqua\/P1D\/2008\/06\/A.P1D.20080624T053000Z.aust.K_490.nc","y":"s3:\/\/imos-data\/IMOS\/SRS\/OC\/gridded\/aqua\/P1D\/2008\/06\/A.P1D.20080625T053000Z.aust.K_490.nc","z":"s3:\/\/imos-data\/IMOS\/SRS\/OC\/gridded\/aqua\/P1D\/2008\/06\/A.P1D.20080626T053000Z.aust.K_490.nc","A":"s3:\/\/imos-data\/IMOS\/SRS\/OC\/gridded\/aqua\/P1D\/2008\/06\/A.P1D.20080627T053000Z.aust.K_490.nc","B":"s3:\/\/imos-data\/IMOS\/SRS\/OC\/gridded\/aqua\/P1D\/2008\/06\/A.P1D.20080628T053000Z.aust.K_490.nc","C":"s3:\/\/imos-data\/IMOS\/SRS\/OC\/gridded\/aqua\/P1D\/2008\/06\/A.P1D.20080629T053000Z.aust.K_490.nc","D":"s3:\/\/imos-data\/IMOS\/SRS\/OC\/gridded\/aqua\/P1D\/2008\/06\/A.P1D.20080630T053000Z.aust.K_490.nc"},"refs":{".zgroup":"{\"zarr_format\":2}",".zattrs":"{\"Conventions\":\"CF-1.6\",\"_NCProperties\":\"version=1|netcdflibversion=4.6.1|hdf5libversion=1.10.4\",\"_nc3_strict\":1,\"history\":\"File initialised at 2020-08-06T03:20:13.183456\\nInitialised var K_490 at 2020-08-06T03:21:01.958648\\nAdd Granule A20080601_0320.20190920192912.L2OC_BASE.K_490.nc at 2020-08-06T03:21:02.849999\\nAdd Granule A20080601_0325.20190920185342.L2OC_BASE.K_490.nc at 2020-08-06T03:21:03.080280\\nAdd Granule A20080601_0330.20190920190059.L2OC_BASE.K_490.nc at 2020-08-06T03:21:03.260587\\nAdd Granule A20080601_0335.20190920181900.L2OC_BASE.K_490.nc at 2020-08-06T03:21:03.439970\\nAdd Granule A20080601_0500.20190920183853.L2OC_BASE.K_490.nc at 2020-08-06T03:21:03.645316\\nAdd Granule A20080601_0505.20190920184905.L2OC_BASE.K_490.nc at 2020-08-06T03:21:03.863450\\nAdd Granule A20080601_0510.20190920182652.L2OC_BASE.K_490.nc at 2020-08-06T03:21:04.030235\\nAdd Granule A20080601_0515.20190920184309.L2OC_BASE.K_490.nc at 2020-08-06T03:21:04.199515\\nAdd Granule A20080601_0640.20190920183338.L2OC_BASE.K_490.nc at 2020-08-06T03:21:04.484106\\nAdd Granule A20080601_0645.20190920191528.L2OC_BASE.K_490.nc at 2020-08-06T03:21:04.741381\\nAdd Granule A20080601_0650.20190920190629.L2OC_BASE.K_490.nc at 2020-08-06T03:21:04.982691\\nAdd Granule A20080601_0655.20190920192431.L2OC_BASE.K_490.nc at 2020-08-06T03:21:05.159818\",\"source_path\":\"imos-srs\\\/archive\\\/oc\\\/aqua\\\/1d\\\/v201909\\\/2008\\\/06\\\/A20080601.L2OC_BASE.aust.K_490.nc\"}","K_490\/.zarray":"{\"chunks\":[1,1401,2001],\"compressor\":{\"id\":\"zlib\",\"level\":4},\"dtype\":\"<f4\",\"fill_value\":-999.0,\"filters\":[{\"elementsize\":4,\"id\":\"shuffle\"}],\"order\":\"C\",\"shape\":[30,7001,10001],\"zarr_format\":2}","K_490\/.zattrs":"{\"_ARRAY_DIMENSIONS\":[\"time\",\"latitude\",\"longitude\"],\"flag_applied\":\"HISATZEN LAND CLDICE NAVFAIL\",\"long_name\":\"Diffuse attenuation coefficient at 490 nm (OBPG)\",\"units\":\"m^-1\"}","longitude\/.zarray":"{\n    \"chunks\": [\n        10001\n    ],\n    \"compressor\": null,\n    \"dtype\": \"<f8\",\n    \"fill_value\": 9.969209968386869e+36,\n    \"filters\": null,\n    \"order\": \"C\",\n    \"shape\": [\n        10001\n    ],\n    \"zarr_format\": 2\n}","longitude\/.zattrs":"{\n    \"NAME\": \"longitude\",\n    \"_ARRAY_DIMENSIONS\": [\n        \"longitude\"\n    ],\n    \"_Netcdf4Dimid\": 2,\n    \"axis\": \"X\",\n    \"long_name\": \"longitude\",\n    \"standard_name\": \"longitude\",\n    \"units\": \"degrees_east\"\n}","longitude\/0":["{{a}}",58400,80008],"latitude\/.zarray":"{\n    \"chunks\": [\n        7001\n    ],\n    \"compressor\": null,\n    \"dtype\": \"<f8\",\n    \"fill_value\": 9.969209968386869e+36,\n    \"filters\": null,\n    \"order\": \"C\",\n    \"shape\": [\n        7001\n    ],\n    \"zarr_format\": 2\n}","latitude\/.zattrs":"{\n    \"NAME\": \"latitude\",\n    \"_ARRAY_DIMENSIONS\": [\n        \"latitude\"\n    ],\n    \"_Netcdf4Dimid\": 1,\n    \"axis\": \"Y\",\n    \"long_name\": \"latitude\",\n    \"standard_name\": \"latitude\",\n    \"units\": \"degrees_north\"\n}","latitude\/0":["{{a}}",2392,56008],"time\/.zarray":"{\"chunks\":[30],\"compressor\":{\"blocksize\":0,\"clevel\":5,\"cname\":\"lz4\",\"id\":\"blosc\",\"shuffle\":1},\"dtype\":\"<M8[us]\",\"fill_value\":0,\"filters\":null,\"order\":\"C\",\"shape\":[30],\"zarr_format\":2}","time\/0":"base64:AgExCPAAAADwAAAArQAAABQAAACVAAAAHwABAAr6AaYGZsYmhuZGpgZmxiaG5kYQAPRWkmpBGPDHnnZNJfzTq4JZMQjgt45mPRTsw5tySSH4K0lnhaLA3vwaOFVzka\/N6wkmRGKAnrzZ9xUzUW+MlKi80OT4DCA1SV1xhZmtwdbq\/hImOk5idoufs8fbTk5OTk5OT09PT08FABZQAQAfBAEACg\/RAAZQAAAAAAA=","time\/.zattrs":"{\"NAME\":\"time\",\"_ARRAY_DIMENSIONS\":[\"time\"],\"_Netcdf4Dimid\":0,\"axis\":\"T\",\"long_name\":\"time\",\"standard_name\":\"time\"}","K_490\/0.0.0":["{{a}}",151229,538905],"K_490\/0.0.1":["{{a}}",690134,711834],"K_490\/0.0.2":["{{a}}",1401968,1123128],"K_490\/0.0.3":["{{a}}",2525096,1635382],"K_490\/0.0.4":["{{a}}",4160478,10921],"K_490\/0.1.0":["{{a}}",4171399,1142631],"K_490\/0.1.1":["{{a}}",5314030,2579877],"K_490\/0.1.2":["{{a}}",7893907,2871740],"K_490\/0.1.3":["{{a}}",10765647,3123594],"K_490\/0.1.4":["{{a}}",13889241,116475],"K_490\/0.2.0":["{{a}}",14005716,791154],"K_490\/0.2.1":["{{a}}",14796870,3253194],"K_490\/0.2.2":["{{a}}",18050064,102905],"K_490\/0.2.3":["{{a}}",18152969,590756],"K_490\/0.2.4":["{{a}}",18743725,421381],"K_490\/0.3.0":["{{a}}",19165106,149757],"K_490\/0.3.1":["{{a}}",19314863,2161652],"K_490\/0.3.2":["{{a}}",21476515,1063185],"K_490\/0.3.3":["{{a}}",22539700,1744046],"K_490\/0.3.4":["{{a}}",24283746,1556500],"K_490\/0.4.0":["{{a}}",25840246,10921],"K_490\/0.4.1":["{{a}}",25851167,871386],"K_490\/0.4.2":["{{a}}",26722553,85621],"K_490\/0.4.3":["{{a}}",26808174,58114],"K_490\/0.4.4":["{{a}}",26866288,386166],"K_490\/1.0.0":["{{b}}",151229,954064],"K_490\/1.0.1":["{{b}}",1105293,1546801],"K_490\/1.0.2":["{{b}}",2652094,782936],"K_490\/1.0.3":["{{b}}",3435030,877132],"K_490\/1.0.4":["{{b}}",4312162,2450111],"K_490\/1.1.0":["{{b}}",6762273,1938473],"K_490\/1.1.1":["{{b}}",8700746,3259390],"K_490\/1.1.2":["{{b}}",11960136,2434208],"K_490\/1.1.3":["{{b}}",14394344,2055163],"K_490\/1.1.4":["{{b}}",16449507,2744213],"K_490\/1.2.0":["{{b}}",19193720,3813661],"K_490\/1.2.1":["{{b}}",23007381,2602048],"K_490\/1.2.2":["{{b}}",25609429,105606],"K_490\/1.2.3":["{{b}}",25715035,441514],"K_490\/1.2.4":["{{b}}",26156549,3366894],"K_490\/1.3.0":["{{b}}",29523443,2256797],"K_490\/1.3.1":["{{b}}",31780240,2345321],"K_490\/1.3.2":["{{b}}",34125561,2087517],"K_490\/1.3.3":["{{b}}",36213078,1096653],"K_490\/1.3.4":["{{b}}",37309731,2480521],"K_490\/1.4.0":["{{b}}",39790252,414455],"K_490\/1.4.1":["{{b}}",40204707,501466],"K_490\/1.4.2":["{{b}}",40706173,259628],"K_490\/1.4.3":["{{b}}",40965801,326215],"K_490\/1.4.4":["{{b}}",41292016,12752],"K_490\/2.0.0":["{{c}}",151229,105248],"K_490\/2.0.1":["{{c}}",256477,133331],"K_490\/2.0.2":["{{c}}",389808,1568756],"K_490\/2.0.3":["{{c}}",1958564,1187728],"K_490\/2.0.4":["{{c}}",3146292,105003],"K_490\/2.1.0":["{{c}}",3251295,399060],"K_490\/2.1.1":["{{c}}",3650355,3501639],"K_490\/2.1.2":["{{c}}",7151994,3063318],"K_490\/2.1.3":["{{c}}",10215312,2506989],"K_490\/2.1.4":["{{c}}",12722301,444190],"K_490\/2.2.0":["{{c}}",13166491,256849],"K_490\/2.2.1":["{{c}}",13423340,3391639],"K_490\/2.2.2":["{{c}}",16814979,39504],"K_490\/2.2.3":["{{c}}",16854483,430263],"K_490\/2.2.4":["{{c}}",17284746,1071600],"K_490\/2.3.0":["{{c}}",18356346,15294],"K_490\/2.3.1":["{{c}}",18371640,4022190],"K_490\/2.3.2":["{{c}}",22393830,1898587],"K_490\/2.3.3":["{{c}}",24292417,699729],"K_490\/2.3.4":["{{c}}",24992146,1251940],"K_490\/2.4.0":["{{c}}",26244086,10921],"K_490\/2.4.1":["{{c}}",26255007,743503],"K_490\/2.4.2":["{{c}}",26998510,648765],"K_490\/2.4.3":["{{c}}",27647275,43221],"K_490\/2.4.4":["{{c}}",27690496,672365],"K_490\/3.0.0":["{{d}}",151229,1707344],"K_490\/3.0.1":["{{d}}",1858573,235205],"K_490\/3.0.2":["{{d}}",2093778,1097836],"K_490\/3.0.3":["{{d}}",3191614,1062145],"K_490\/3.0.4":["{{d}}",4253759,2351698],"K_490\/3.1.0":["{{d}}",6605457,2687596],"K_490\/3.1.1":["{{d}}",9293053,3130438],"K_490\/3.1.2":["{{d}}",12423491,2603357],"K_490\/3.1.3":["{{d}}",15026848,1785662],"K_490\/3.1.4":["{{d}}",16812510,1671363],"K_490\/3.2.0":["{{d}}",18483873,2778842],"K_490\/3.2.1":["{{d}}",21262715,2458865],"K_490\/3.2.2":["{{d}}",23721580,133712],"K_490\/3.2.3":["{{d}}",23855292,813862],"K_490\/3.2.4":["{{d}}",24669154,2612940],"K_490\/3.3.0":["{{d}}",27282094,383519],"K_490\/3.3.1":["{{d}}",27665613,2376184],"K_490\/3.3.2":["{{d}}",30041797,1592903],"K_490\/3.3.3":["{{d}}",31634700,681502],"K_490\/3.3.4":["{{d}}",32316202,1188636],"K_490\/3.4.0":["{{d}}",33504838,217854],"K_490\/3.4.1":["{{d}}",33722692,187066],"K_490\/3.4.2":["{{d}}",33909758,168779],"K_490\/3.4.3":["{{d}}",34078537,991729],"K_490\/3.4.4":["{{d}}",35070266,58979],"K_490\/4.0.0":["{{e}}",151229,136980],"K_490\/4.0.1":["{{e}}",288209,1154009],"K_490\/4.0.2":["{{e}}",1442218,565994],"K_490\/4.0.3":["{{e}}",2008212,1443246],"K_490\/4.0.4":["{{e}}",3451458,738481],"K_490\/4.1.0":["{{e}}",4189939,110810],"K_490\/4.1.1":["{{e}}",4300749,4437694],"K_490\/4.1.2":["{{e}}",8738443,2461111],"K_490\/4.1.3":["{{e}}",11199554,1861026],"K_490\/4.1.4":["{{e}}",13060580,961594],"K_490\/4.2.0":["{{e}}",14022174,10921],"K_490\/4.2.1":["{{e}}",14033095,4482373],"K_490\/4.2.2":["{{e}}",18515468,27831],"K_490\/4.2.3":["{{e}}",18543299,1869462],"K_490\/4.2.4":["{{e}}",20412761,1993940],"K_490\/4.3.0":["{{e}}",22406701,137502],"K_490\/4.3.1":["{{e}}",22544203,1392075],"K_490\/4.3.2":["{{e}}",23936278,1511833],"K_490\/4.3.3":["{{e}}",25448111,1617941],"K_490\/4.3.4":["{{e}}",27066052,1116882],"K_490\/4.4.0":["{{e}}",28182934,288779],"K_490\/4.4.1":["{{e}}",28471713,392442],"K_490\/4.4.2":["{{e}}",28864155,19236],"K_490\/4.4.3":["{{e}}",28883391,93402],"K_490\/4.4.4":["{{e}}",28976793,437544],"K_490\/5.0.0":["{{f}}",151229,787858],"K_490\/5.0.1":["{{f}}",939087,519240],"K_490\/5.0.2":["{{f}}",1458327,298312],"K_490\/5.0.3":["{{f}}",1756639,852485],"K_490\/5.0.4":["{{f}}",2609124,2564408],"K_490\/5.1.0":["{{f}}",5173532,1593487],"K_490\/5.1.1":["{{f}}",6767019,2863777],"K_490\/5.1.2":["{{f}}",9630796,1041746],"K_490\/5.1.3":["{{f}}",10672542,2603365],"K_490\/5.1.4":["{{f}}",13275907,3680247],"K_490\/5.2.0":["{{f}}",16956154,1182151],"K_490\/5.2.1":["{{f}}",18138305,3013666],"K_490\/5.2.2":["{{f}}",21151971,37863],"K_490\/5.2.3":["{{f}}",21189834,2334610],"K_490\/5.2.4":["{{f}}",23524444,2188062],"K_490\/5.3.0":["{{f}}",25712506,628000],"K_490\/5.3.1":["{{f}}",26340506,698658],"K_490\/5.3.2":["{{f}}",27039164,1829738],"K_490\/5.3.3":["{{f}}",28868902,1757727],"K_490\/5.3.4":["{{f}}",30626629,300695],"K_490\/5.4.0":["{{f}}",30927324,183146],"K_490\/5.4.1":["{{f}}",31110470,111038],"K_490\/5.4.2":["{{f}}",31221508,659118],"K_490\/5.4.3":["{{f}}",31880626,406430],"K_490\/5.4.4":["{{f}}",32287056,20255],"K_490\/6.0.0":["{{g}}",151229,651598],"K_490\/6.0.1":["{{g}}",802827,570104],"K_490\/6.0.2":["{{g}}",1372931,785968],"K_490\/6.0.3":["{{g}}",2158899,1621519],"K_490\/6.0.4":["{{g}}",3780418,1350051],"K_490\/6.1.0":["{{g}}",5130469,3478673],"K_490\/6.1.1":["{{g}}",8609142,4138339],"K_490\/6.1.2":["{{g}}",12747481,534306],"K_490\/6.1.3":["{{g}}",13281787,1219067],"K_490\/6.1.4":["{{g}}",14500854,1934539],"K_490\/6.2.0":["{{g}}",16435393,2456217],"K_490\/6.2.1":["{{g}}",18891610,3151757],"K_490\/6.2.2":["{{g}}",22043367,101406],"K_490\/6.2.3":["{{g}}",22144773,1189505],"K_490\/6.2.4":["{{g}}",23334278,3619035],"K_490\/6.3.0":["{{g}}",26953313,2742509],"K_490\/6.3.1":["{{g}}",29695822,1080868],"K_490\/6.3.2":["{{g}}",30776690,1623703],"K_490\/6.3.3":["{{g}}",32400393,1277561],"K_490\/6.3.4":["{{g}}",33677954,1247582],"K_490\/6.4.0":["{{g}}",34925536,382750],"K_490\/6.4.1":["{{g}}",35308286,358473],"K_490\/6.4.2":["{{g}}",35666759,46606],"K_490\/6.4.3":["{{g}}",35713365,183282],"K_490\/6.4.4":["{{g}}",35896647,806800],"K_490\/7.0.0":["{{h}}",151229,1181860],"K_490\/7.0.1":["{{h}}",1333089,122642],"K_490\/7.0.2":["{{h}}",1455731,945498],"K_490\/7.0.3":["{{h}}",2401229,1424103],"K_490\/7.0.4":["{{h}}",3825332,2461455],"K_490\/7.1.0":["{{h}}",6286787,2080260],"K_490\/7.1.1":["{{h}}",8367047,2749738],"K_490\/7.1.2":["{{h}}",11116785,2121010],"K_490\/7.1.3":["{{h}}",13237795,1354913],"K_490\/7.1.4":["{{h}}",14592708,53526],"K_490\/7.2.0":["{{h}}",14646234,685940],"K_490\/7.2.1":["{{h}}",15332174,1882339],"K_490\/7.2.2":["{{h}}",17214513,125029],"K_490\/7.2.3":["{{h}}",17339542,1137590],"K_490\/7.2.4":["{{h}}",18477132,306137],"K_490\/7.3.0":["{{h}}",18783269,217879],"K_490\/7.3.1":["{{h}}",19001148,1615669],"K_490\/7.3.2":["{{h}}",20616817,1859624],"K_490\/7.3.3":["{{h}}",22476441,843063],"K_490\/7.3.4":["{{h}}",23319504,209382],"K_490\/7.4.0":["{{h}}",23528886,24430],"K_490\/7.4.1":["{{h}}",23553316,992922],"K_490\/7.4.2":["{{h}}",24546238,256198],"K_490\/7.4.3":["{{h}}",24802436,341841],"K_490\/7.4.4":["{{h}}",25144277,144012],"K_490\/8.0.0":["{{i}}",151229,1580868],"K_490\/8.0.1":["{{i}}",1732097,284992],"K_490\/8.0.2":["{{i}}",2017089,1761105],"K_490\/8.0.3":["{{i}}",3778194,1677826],"K_490\/8.0.4":["{{i}}",5456020,1049530],"K_490\/8.1.0":["{{i}}",6505550,3010533],"K_490\/8.1.1":["{{i}}",9516083,2178234],"K_490\/8.1.2":["{{i}}",11694317,1872418],"K_490\/8.1.3":["{{i}}",13566735,664538],"K_490\/8.1.4":["{{i}}",14231273,852047],"K_490\/8.2.0":["{{i}}",15083320,3599078],"K_490\/8.2.1":["{{i}}",18682398,1217624],"K_490\/8.2.2":["{{i}}",19900022,69024],"K_490\/8.2.3":["{{i}}",19969046,290633],"K_490\/8.2.4":["{{i}}",20259679,3327691],"K_490\/8.3.0":["{{i}}",23587370,1467764],"K_490\/8.3.1":["{{i}}",25055134,848292],"K_490\/8.3.2":["{{i}}",25903426,310614],"K_490\/8.3.3":["{{i}}",26214040,241113],"K_490\/8.3.4":["{{i}}",26455153,1656424],"K_490\/8.4.0":["{{i}}",28111577,65888],"K_490\/8.4.1":["{{i}}",28177465,338498],"K_490\/8.4.2":["{{i}}",28515963,80383],"K_490\/8.4.3":["{{i}}",28596346,167615],"K_490\/8.4.4":["{{i}}",28763961,187082],"K_490\/9.0.0":["{{j}}",151229,841891],"K_490\/9.0.1":["{{j}}",993120,990420],"K_490\/9.0.2":["{{j}}",1983540,643184],"K_490\/9.0.3":["{{j}}",2626724,2319169],"K_490\/9.0.4":["{{j}}",4945893,22639],"K_490\/9.1.0":["{{j}}",4968532,1152245],"K_490\/9.1.1":["{{j}}",6120777,2039207],"K_490\/9.1.2":["{{j}}",8159984,2809044],"K_490\/9.1.3":["{{j}}",10969028,2258123],"K_490\/9.1.4":["{{j}}",13227151,173949],"K_490\/9.2.0":["{{j}}",13401100,693007],"K_490\/9.2.1":["{{j}}",14094107,3655568],"K_490\/9.2.2":["{{j}}",17749675,25642],"K_490\/9.2.3":["{{j}}",17775317,1311582],"K_490\/9.2.4":["{{j}}",19086899,684584],"K_490\/9.3.0":["{{j}}",19771483,43575],"K_490\/9.3.1":["{{j}}",19815058,1365682],"K_490\/9.3.2":["{{j}}",21180740,834600],"K_490\/9.3.3":["{{j}}",22015340,638814],"K_490\/9.3.4":["{{j}}",22654154,589483],"K_490\/9.4.0":["{{j}}",23243637,10921],"K_490\/9.4.1":["{{j}}",23254558,768182],"K_490\/9.4.2":["{{j}}",24022740,54574],"K_490\/9.4.3":["{{j}}",24077314,41464],"K_490\/9.4.4":["{{j}}",24118778,288754],"K_490\/10.0.0":["{{k}}",151229,927221],"K_490\/10.0.1":["{{k}}",1078450,1272562],"K_490\/10.0.2":["{{k}}",2351012,812727],"K_490\/10.0.3":["{{k}}",3163739,1841406],"K_490\/10.0.4":["{{k}}",5005145,1922512],"K_490\/10.1.0":["{{k}}",6927657,871996],"K_490\/10.1.1":["{{k}}",7799653,1387406],"K_490\/10.1.2":["{{k}}",9187059,1818772],"K_490\/10.1.3":["{{k}}",11005831,1750640],"K_490\/10.1.4":["{{k}}",12756471,686105],"K_490\/10.2.0":["{{k}}",13442576,444701],"K_490\/10.2.1":["{{k}}",13887277,988740],"K_490\/10.2.2":["{{k}}",14876017,127999],"K_490\/10.2.3":["{{k}}",15004016,825418],"K_490\/10.2.4":["{{k}}",15829434,2044854],"K_490\/10.3.0":["{{k}}",17874288,792086],"K_490\/10.3.1":["{{k}}",18666374,757617],"K_490\/10.3.2":["{{k}}",19423991,1761418],"K_490\/10.3.3":["{{k}}",21185409,997596],"K_490\/10.3.4":["{{k}}",22183005,1372144],"K_490\/10.4.0":["{{k}}",23555149,10921],"K_490\/10.4.1":["{{k}}",23566070,325596],"K_490\/10.4.2":["{{k}}",23891666,753258],"K_490\/10.4.3":["{{k}}",24644924,151358],"K_490\/10.4.4":["{{k}}",24796282,10921],"K_490\/11.0.0":["{{l}}",151229,417412],"K_490\/11.0.1":["{{l}}",568641,816538],"K_490\/11.0.2":["{{l}}",1385179,1290752],"K_490\/11.0.3":["{{l}}",2675931,2812835],"K_490\/11.0.4":["{{l}}",5488766,236405],"K_490\/11.1.0":["{{l}}",5725171,340131],"K_490\/11.1.1":["{{l}}",6065302,2118953],"K_490\/11.1.2":["{{l}}",8184255,1969242],"K_490\/11.1.3":["{{l}}",10153497,2186566],"K_490\/11.1.4":["{{l}}",12340063,726004],"K_490\/11.2.0":["{{l}}",13066067,28629],"K_490\/11.2.1":["{{l}}",13094696,3100797],"K_490\/11.2.2":["{{l}}",16195493,50965],"K_490\/11.2.3":["{{l}}",16246458,1872068],"K_490\/11.2.4":["{{l}}",18118526,1743853],"K_490\/11.3.0":["{{l}}",19862379,509356],"K_490\/11.3.1":["{{l}}",20371735,753109],"K_490\/11.3.2":["{{l}}",21124844,1246806],"K_490\/11.3.3":["{{l}}",22371650,1589816],"K_490\/11.3.4":["{{l}}",23961466,464204],"K_490\/11.4.0":["{{l}}",24425670,737685],"K_490\/11.4.1":["{{l}}",25163355,59326],"K_490\/11.4.2":["{{l}}",25222681,127499],"K_490\/11.4.3":["{{l}}",25350180,486884],"K_490\/11.4.4":["{{l}}",25837064,524583],"K_490\/12.0.0":["{{m}}",151229,1225475],"K_490\/12.0.1":["{{m}}",1376704,1312094],"K_490\/12.0.2":["{{m}}",2688798,839561],"K_490\/12.0.3":["{{m}}",3528359,1198794],"K_490\/12.0.4":["{{m}}",4727153,2379895],"K_490\/12.1.0":["{{m}}",7107048,1908105],"K_490\/12.1.1":["{{m}}",9015153,2434028],"K_490\/12.1.2":["{{m}}",11449181,2340717],"K_490\/12.1.3":["{{m}}",13789898,1965082],"K_490\/12.1.4":["{{m}}",15754980,2852231],"K_490\/12.2.0":["{{m}}",18607211,1713635],"K_490\/12.2.1":["{{m}}",20320846,2254640],"K_490\/12.2.2":["{{m}}",22575486,37578],"K_490\/12.2.3":["{{m}}",22613064,1629049],"K_490\/12.2.4":["{{m}}",24242113,1557857],"K_490\/12.3.0":["{{m}}",25799970,348085],"K_490\/12.3.1":["{{m}}",26148055,401440],"K_490\/12.3.2":["{{m}}",26549495,708011],"K_490\/12.3.3":["{{m}}",27257506,846584],"K_490\/12.3.4":["{{m}}",28104090,185786],"K_490\/12.4.0":["{{m}}",28289876,204598],"K_490\/12.4.1":["{{m}}",28494474,430350],"K_490\/12.4.2":["{{m}}",28924824,23208],"K_490\/12.4.3":["{{m}}",28948032,569734],"K_490\/12.4.4":["{{m}}",29517766,22582],"K_490\/13.0.0":["{{n}}",151229,23570],"K_490\/13.0.1":["{{n}}",174799,1587429],"K_490\/13.0.2":["{{n}}",1762228,2705615],"K_490\/13.0.3":["{{n}}",4467843,481169],"K_490\/13.0.4":["{{n}}",4949012,231110],"K_490\/13.1.0":["{{n}}",5180122,582991],"K_490\/13.1.1":["{{n}}",5763113,3628136],"K_490\/13.1.2":["{{n}}",9391249,2263049],"K_490\/13.1.3":["{{n}}",11654298,1845526],"K_490\/13.1.4":["{{n}}",13499824,1945298],"K_490\/13.2.0":["{{n}}",15445122,1448508],"K_490\/13.2.1":["{{n}}",16893630,3028789],"K_490\/13.2.2":["{{n}}",19922419,72606],"K_490\/13.2.3":["{{n}}",19995025,1448118],"K_490\/13.2.4":["{{n}}",21443143,2350467],"K_490\/13.3.0":["{{n}}",23793610,2404505],"K_490\/13.3.1":["{{n}}",26198115,869442],"K_490\/13.3.2":["{{n}}",27067557,1004474],"K_490\/13.3.3":["{{n}}",28072031,754391],"K_490\/13.3.4":["{{n}}",28826422,1321316],"K_490\/13.4.0":["{{n}}",30147738,152651],"K_490\/13.4.1":["{{n}}",30300389,525386],"K_490\/13.4.2":["{{n}}",30825775,11512],"K_490\/13.4.3":["{{n}}",30837287,17199],"K_490\/13.4.4":["{{n}}",30854486,275718],"K_490\/14.0.0":["{{o}}",151229,1921519],"K_490\/14.0.1":["{{o}}",2072748,996581],"K_490\/14.0.2":["{{o}}",3069329,1384564],"K_490\/14.0.3":["{{o}}",4453893,1445124],"K_490\/14.0.4":["{{o}}",5899017,1754997],"K_490\/14.1.0":["{{o}}",7654014,1604036],"K_490\/14.1.1":["{{o}}",9258050,2820147],"K_490\/14.1.2":["{{o}}",12078197,2950180],"K_490\/14.1.3":["{{o}}",15028377,1568399],"K_490\/14.1.4":["{{o}}",16596776,2558578],"K_490\/14.2.0":["{{o}}",19155354,312176],"K_490\/14.2.1":["{{o}}",19467530,1600929],"K_490\/14.2.2":["{{o}}",21068459,138230],"K_490\/14.2.3":["{{o}}",21206689,1971611],"K_490\/14.2.4":["{{o}}",23178300,1941010],"K_490\/14.3.0":["{{o}}",25119310,401211],"K_490\/14.3.1":["{{o}}",25520521,2045295],"K_490\/14.3.2":["{{o}}",27565816,849442],"K_490\/14.3.3":["{{o}}",28415258,888977],"K_490\/14.3.4":["{{o}}",29304235,406279],"K_490\/14.4.0":["{{o}}",29710514,11192],"K_490\/14.4.1":["{{o}}",29721706,502950],"K_490\/14.4.2":["{{o}}",30224656,302066],"K_490\/14.4.3":["{{o}}",30526722,134792],"K_490\/14.4.4":["{{o}}",30661514,79512],"K_490\/15.0.0":["{{p}}",151229,2194185],"K_490\/15.0.1":["{{p}}",2345414,1226235],"K_490\/15.0.2":["{{p}}",3571649,786972],"K_490\/15.0.3":["{{p}}",4358621,1754970],"K_490\/15.0.4":["{{p}}",6113591,1208810],"K_490\/15.1.0":["{{p}}",7322401,3112782],"K_490\/15.1.1":["{{p}}",10435183,4350045],"K_490\/15.1.2":["{{p}}",14785228,1989525],"K_490\/15.1.3":["{{p}}",16774753,1487828],"K_490\/15.1.4":["{{p}}",18262581,793082],"K_490\/15.2.0":["{{p}}",19055663,2587161],"K_490\/15.2.1":["{{p}}",21642824,1502332],"K_490\/15.2.2":["{{p}}",23145156,78513],"K_490\/15.2.3":["{{p}}",23223669,633932],"K_490\/15.2.4":["{{p}}",23857601,3925928],"K_490\/15.3.0":["{{p}}",27783529,1869458],"K_490\/15.3.1":["{{p}}",29652987,1381698],"K_490\/15.3.2":["{{p}}",31034685,1168456],"K_490\/15.3.3":["{{p}}",32203141,644548],"K_490\/15.3.4":["{{p}}",32847689,1869933],"K_490\/15.4.0":["{{p}}",34717622,245000],"K_490\/15.4.1":["{{p}}",34962622,342267],"K_490\/15.4.2":["{{p}}",35304889,90159],"K_490\/15.4.3":["{{p}}",35395048,749591],"K_490\/15.4.4":["{{p}}",36144639,179173],"K_490\/16.0.0":["{{q}}",151229,1612681],"K_490\/16.0.1":["{{q}}",1763910,1443384],"K_490\/16.0.2":["{{q}}",3207294,1997261],"K_490\/16.0.3":["{{q}}",5204555,888746],"K_490\/16.0.4":["{{q}}",6093301,10921],"K_490\/16.1.0":["{{q}}",6104222,907696],"K_490\/16.1.1":["{{q}}",7011918,3155471],"K_490\/16.1.2":["{{q}}",10167389,3455900],"K_490\/16.1.3":["{{q}}",13623289,740613],"K_490\/16.1.4":["{{q}}",14363902,20168],"K_490\/16.2.0":["{{q}}",14384070,668911],"K_490\/16.2.1":["{{q}}",15052981,3622351],"K_490\/16.2.2":["{{q}}",18675332,132042],"K_490\/16.2.3":["{{q}}",18807374,1868057],"K_490\/16.2.4":["{{q}}",20675431,866393],"K_490\/16.3.0":["{{q}}",21541824,143541],"K_490\/16.3.1":["{{q}}",21685365,1479884],"K_490\/16.3.2":["{{q}}",23165249,1283163],"K_490\/16.3.3":["{{q}}",24448412,911480],"K_490\/16.3.4":["{{q}}",25359892,1302551],"K_490\/16.4.0":["{{q}}",26662443,10954],"K_490\/16.4.1":["{{q}}",26673397,158932],"K_490\/16.4.2":["{{q}}",26832329,192912],"K_490\/16.4.3":["{{q}}",27025241,87608],"K_490\/16.4.4":["{{q}}",27112849,773468],"K_490\/17.0.0":["{{r}}",151229,1464019],"K_490\/17.0.1":["{{r}}",1615248,1779610],"K_490\/17.0.2":["{{r}}",3394858,931256],"K_490\/17.0.3":["{{r}}",4326114,1541622],"K_490\/17.0.4":["{{r}}",5867736,1702249],"K_490\/17.1.0":["{{r}}",7569985,1166967],"K_490\/17.1.1":["{{r}}",8736952,3554529],"K_490\/17.1.2":["{{r}}",12291481,2581241],"K_490\/17.1.3":["{{r}}",14872722,1364031],"K_490\/17.1.4":["{{r}}",16236753,2022316],"K_490\/17.2.0":["{{r}}",18259069,10921],"K_490\/17.2.1":["{{r}}",18269990,1561405],"K_490\/17.2.2":["{{r}}",19831395,110090],"K_490\/17.2.3":["{{r}}",19941485,816680],"K_490\/17.2.4":["{{r}}",20758165,3581242],"K_490\/17.3.0":["{{r}}",24339407,688435],"K_490\/17.3.1":["{{r}}",25027842,1364627],"K_490\/17.3.2":["{{r}}",26392469,2697414],"K_490\/17.3.3":["{{r}}",29089883,581111],"K_490\/17.3.4":["{{r}}",29670994,1705792],"K_490\/17.4.0":["{{r}}",31376786,272853],"K_490\/17.4.1":["{{r}}",31649639,300805],"K_490\/17.4.2":["{{r}}",31950444,174795],"K_490\/17.4.3":["{{r}}",32125239,405293],"K_490\/17.4.4":["{{r}}",32530532,60849],"K_490\/18.0.0":["{{s}}",151229,527842],"K_490\/18.0.1":["{{s}}",679071,1773016],"K_490\/18.0.2":["{{s}}",2452087,1722525],"K_490\/18.0.3":["{{s}}",4174612,1484624],"K_490\/18.0.4":["{{s}}",5659236,55736],"K_490\/18.1.0":["{{s}}",5714972,744035],"K_490\/18.1.1":["{{s}}",6459007,3801652],"K_490\/18.1.2":["{{s}}",10260659,3606428],"K_490\/18.1.3":["{{s}}",13867087,1829651],"K_490\/18.1.4":["{{s}}",15696738,336805],"K_490\/18.2.0":["{{s}}",16033543,241001],"K_490\/18.2.1":["{{s}}",16274544,3793958],"K_490\/18.2.2":["{{s}}",20068502,36117],"K_490\/18.2.3":["{{s}}",20104619,2102231],"K_490\/18.2.4":["{{s}}",22206850,1943097],"K_490\/18.3.0":["{{s}}",24149947,13632],"K_490\/18.3.1":["{{s}}",24163579,2460131],"K_490\/18.3.2":["{{s}}",26623710,2741001],"K_490\/18.3.3":["{{s}}",29364711,722332],"K_490\/18.3.4":["{{s}}",30087043,899717],"K_490\/18.4.0":["{{s}}",30986760,10921],"K_490\/18.4.1":["{{s}}",30997681,119120],"K_490\/18.4.2":["{{s}}",31116801,17429],"K_490\/18.4.3":["{{s}}",31134230,339984],"K_490\/18.4.4":["{{s}}",31474214,70176],"K_490\/19.0.0":["{{t}}",151229,3245287],"K_490\/19.0.1":["{{t}}",3396516,411161],"K_490\/19.0.2":["{{t}}",3807677,397030],"K_490\/19.0.3":["{{t}}",4204707,1256206],"K_490\/19.0.4":["{{t}}",5460913,2868607],"K_490\/19.1.0":["{{t}}",8329520,3817316],"K_490\/19.1.1":["{{t}}",12146836,2953930],"K_490\/19.1.2":["{{t}}",15100766,2862833],"K_490\/19.1.3":["{{t}}",17963599,1285043],"K_490\/19.1.4":["{{t}}",19248642,2898534],"K_490\/19.2.0":["{{t}}",22147176,1957750],"K_490\/19.2.1":["{{t}}",24104926,2696810],"K_490\/19.2.2":["{{t}}",26801736,74944],"K_490\/19.2.3":["{{t}}",26876680,1428053],"K_490\/19.2.4":["{{t}}",28304733,3956444],"K_490\/19.3.0":["{{t}}",32261177,164883],"K_490\/19.3.1":["{{t}}",32426060,1949036],"K_490\/19.3.2":["{{t}}",34375096,2233540],"K_490\/19.3.3":["{{t}}",36608636,810903],"K_490\/19.3.4":["{{t}}",37419539,1059573],"K_490\/19.4.0":["{{t}}",38479112,408903],"K_490\/19.4.1":["{{t}}",38888015,138601],"K_490\/19.4.2":["{{t}}",39026616,679805],"K_490\/19.4.3":["{{t}}",39706421,58840],"K_490\/19.4.4":["{{t}}",39765261,28481],"K_490\/20.0.0":["{{u}}",151229,369081],"K_490\/20.0.1":["{{u}}",520310,1273536],"K_490\/20.0.2":["{{u}}",1793846,1405237],"K_490\/20.0.3":["{{u}}",3199083,1846616],"K_490\/20.0.4":["{{u}}",5045699,314252],"K_490\/20.1.0":["{{u}}",5359951,235968],"K_490\/20.1.1":["{{u}}",5595919,4048864],"K_490\/20.1.2":["{{u}}",9644783,1946966],"K_490\/20.1.3":["{{u}}",11591749,816233],"K_490\/20.1.4":["{{u}}",12407982,1060447],"K_490\/20.2.0":["{{u}}",13468429,10921],"K_490\/20.2.1":["{{u}}",13479350,3725453],"K_490\/20.2.2":["{{u}}",17204803,27798],"K_490\/20.2.3":["{{u}}",17232601,2005453],"K_490\/20.2.4":["{{u}}",19238054,2704826],"K_490\/20.3.0":["{{u}}",21942880,2607337],"K_490\/20.3.1":["{{u}}",24550217,1567870],"K_490\/20.3.2":["{{u}}",26118087,1991626],"K_490\/20.3.3":["{{u}}",28109713,628023],"K_490\/20.3.4":["{{u}}",28737736,1287439],"K_490\/20.4.0":["{{u}}",30025175,1248149],"K_490\/20.4.1":["{{u}}",31273324,441590],"K_490\/20.4.2":["{{u}}",31714914,314590],"K_490\/20.4.3":["{{u}}",32029504,1028374],"K_490\/20.4.4":["{{u}}",33057878,109593],"K_490\/21.0.0":["{{v}}",151229,844281],"K_490\/21.0.1":["{{v}}",995510,631196],"K_490\/21.0.2":["{{v}}",1626706,904905],"K_490\/21.0.3":["{{v}}",2531611,2071042],"K_490\/21.0.4":["{{v}}",4602653,1052775],"K_490\/21.1.0":["{{v}}",5655428,2967427],"K_490\/21.1.1":["{{v}}",8622855,2773893],"K_490\/21.1.2":["{{v}}",11396748,2157282],"K_490\/21.1.3":["{{v}}",13554030,1117740],"K_490\/21.1.4":["{{v}}",14671770,3150136],"K_490\/21.2.0":["{{v}}",17821906,1599660],"K_490\/21.2.1":["{{v}}",19421566,2916623],"K_490\/21.2.2":["{{v}}",22338189,121496],"K_490\/21.2.3":["{{v}}",22459685,1818834],"K_490\/21.2.4":["{{v}}",24278519,2941063],"K_490\/21.3.0":["{{v}}",27219582,966301],"K_490\/21.3.1":["{{v}}",28185883,1745115],"K_490\/21.3.2":["{{v}}",29930998,1425005],"K_490\/21.3.3":["{{v}}",31356003,1993024],"K_490\/21.3.4":["{{v}}",33349027,373495],"K_490\/21.4.0":["{{v}}",33722522,23628],"K_490\/21.4.1":["{{v}}",33746150,1293472],"K_490\/21.4.2":["{{v}}",35039622,575491],"K_490\/21.4.3":["{{v}}",35615113,319569],"K_490\/21.4.4":["{{v}}",35934682,508020],"K_490\/22.0.0":["{{w}}",151229,1613187],"K_490\/22.0.1":["{{w}}",1764416,1181224],"K_490\/22.0.2":["{{w}}",2945640,1297282],"K_490\/22.0.3":["{{w}}",4242922,1058408],"K_490\/22.0.4":["{{w}}",5301330,450218],"K_490\/22.1.0":["{{w}}",5751548,2844681],"K_490\/22.1.1":["{{w}}",8596229,3763102],"K_490\/22.1.2":["{{w}}",12359331,1424459],"K_490\/22.1.3":["{{w}}",13783790,813139],"K_490\/22.1.4":["{{w}}",14596929,1580974],"K_490\/22.2.0":["{{w}}",16177903,2379274],"K_490\/22.2.1":["{{w}}",18557177,3212726],"K_490\/22.2.2":["{{w}}",21769903,91898],"K_490\/22.2.3":["{{w}}",21861801,1183106],"K_490\/22.2.4":["{{w}}",23044907,3195947],"K_490\/22.3.0":["{{w}}",26240854,1123571],"K_490\/22.3.1":["{{w}}",27364425,2131491],"K_490\/22.3.2":["{{w}}",29495916,1261224],"K_490\/22.3.3":["{{w}}",30757140,871592],"K_490\/22.3.4":["{{w}}",31628732,1549287],"K_490\/22.4.0":["{{w}}",33178019,304445],"K_490\/22.4.1":["{{w}}",33482464,389250],"K_490\/22.4.2":["{{w}}",33871714,29304],"K_490\/22.4.3":["{{w}}",33901018,248841],"K_490\/22.4.4":["{{w}}",34149859,449157],"K_490\/23.0.0":["{{x}}",151229,238052],"K_490\/23.0.1":["{{x}}",389281,442236],"K_490\/23.0.2":["{{x}}",831517,1401713],"K_490\/23.0.3":["{{x}}",2233230,2797594],"K_490\/23.0.4":["{{x}}",5030824,2367993],"K_490\/23.1.0":["{{x}}",7398817,843009],"K_490\/23.1.1":["{{x}}",8241826,2520824],"K_490\/23.1.2":["{{x}}",10762650,2109596],"K_490\/23.1.3":["{{x}}",12872246,1050062],"K_490\/23.1.4":["{{x}}",13922308,10921],"K_490\/23.2.0":["{{x}}",13933229,350861],"K_490\/23.2.1":["{{x}}",14284090,3017004],"K_490\/23.2.2":["{{x}}",17301094,134968],"K_490\/23.2.3":["{{x}}",17436062,2074929],"K_490\/23.2.4":["{{x}}",19510991,638765],"K_490\/23.3.0":["{{x}}",20149756,73688],"K_490\/23.3.1":["{{x}}",20223444,1356356],"K_490\/23.3.2":["{{x}}",21579800,2434754],"K_490\/23.3.3":["{{x}}",24014554,1456299],"K_490\/23.3.4":["{{x}}",25470853,1126886],"K_490\/23.4.0":["{{x}}",26597739,15393],"K_490\/23.4.1":["{{x}}",26613132,599143],"K_490\/23.4.2":["{{x}}",27212275,241585],"K_490\/23.4.3":["{{x}}",27453860,368197],"K_490\/23.4.4":["{{x}}",27822057,553228],"K_490\/24.0.0":["{{y}}",151229,1100761],"K_490\/24.0.1":["{{y}}",1251990,2118226],"K_490\/24.0.2":["{{y}}",3370216,997380],"K_490\/24.0.3":["{{y}}",4367596,1135957],"K_490\/24.0.4":["{{y}}",5503553,1109629],"K_490\/24.1.0":["{{y}}",6613182,2232437],"K_490\/24.1.1":["{{y}}",8845619,3159809],"K_490\/24.1.2":["{{y}}",12005428,2059946],"K_490\/24.1.3":["{{y}}",14065374,1039363],"K_490\/24.1.4":["{{y}}",15104737,1802432],"K_490\/24.2.0":["{{y}}",16907169,2367258],"K_490\/24.2.1":["{{y}}",19274427,1107661],"K_490\/24.2.2":["{{y}}",20382088,106444],"K_490\/24.2.3":["{{y}}",20488532,844374],"K_490\/24.2.4":["{{y}}",21332906,1540417],"K_490\/24.3.0":["{{y}}",22873323,699432],"K_490\/24.3.1":["{{y}}",23572755,1178710],"K_490\/24.3.2":["{{y}}",24751465,1384686],"K_490\/24.3.3":["{{y}}",26136151,1251272],"K_490\/24.3.4":["{{y}}",27387423,1244405],"K_490\/24.4.0":["{{y}}",28631828,48720],"K_490\/24.4.1":["{{y}}",28680548,274739],"K_490\/24.4.2":["{{y}}",28955287,196605],"K_490\/24.4.3":["{{y}}",29151892,325421],"K_490\/24.4.4":["{{y}}",29477313,262715],"K_490\/25.0.0":["{{z}}",151229,233938],"K_490\/25.0.1":["{{z}}",385167,1415301],"K_490\/25.0.2":["{{z}}",1800468,437637],"K_490\/25.0.3":["{{z}}",2238105,3201969],"K_490\/25.0.4":["{{z}}",5440074,36092],"K_490\/25.1.0":["{{z}}",5476166,988317],"K_490\/25.1.1":["{{z}}",6464483,3091581],"K_490\/25.1.2":["{{z}}",9556064,3291233],"K_490\/25.1.3":["{{z}}",12847297,1542553],"K_490\/25.1.4":["{{z}}",14389850,79001],"K_490\/25.2.0":["{{z}}",14468851,536243],"K_490\/25.2.1":["{{z}}",15005094,2010062],"K_490\/25.2.2":["{{z}}",17015156,73214],"K_490\/25.2.3":["{{z}}",17088370,2440738],"K_490\/25.2.4":["{{z}}",19529108,1477248],"K_490\/25.3.0":["{{z}}",21006356,27359],"K_490\/25.3.1":["{{z}}",21033715,1323418],"K_490\/25.3.2":["{{z}}",22357133,1977446],"K_490\/25.3.3":["{{z}}",24334579,1473605],"K_490\/25.3.4":["{{z}}",25808184,966702],"K_490\/25.4.0":["{{z}}",26774886,10921],"K_490\/25.4.1":["{{z}}",26785807,121719],"K_490\/25.4.2":["{{z}}",26907526,244766],"K_490\/25.4.3":["{{z}}",27152292,212029],"K_490\/25.4.4":["{{z}}",27364321,566797],"K_490\/26.0.0":["{{A}}",151229,1527246],"K_490\/26.0.1":["{{A}}",1678475,2297048],"K_490\/26.0.2":["{{A}}",3975523,990208],"K_490\/26.0.3":["{{A}}",4965731,1302422],"K_490\/26.0.4":["{{A}}",6268153,1994376],"K_490\/26.1.0":["{{A}}",8262529,2541361],"K_490\/26.1.1":["{{A}}",10803890,3402757],"K_490\/26.1.2":["{{A}}",14206647,2575997],"K_490\/26.1.3":["{{A}}",16782644,1002034],"K_490\/26.1.4":["{{A}}",17784678,2194474],"K_490\/26.2.0":["{{A}}",19979152,2461381],"K_490\/26.2.1":["{{A}}",22440533,1908960],"K_490\/26.2.2":["{{A}}",24349493,110548],"K_490\/26.2.3":["{{A}}",24460041,1131356],"K_490\/26.2.4":["{{A}}",25591397,3043296],"K_490\/26.3.0":["{{A}}",28634693,637563],"K_490\/26.3.1":["{{A}}",29272256,1444729],"K_490\/26.3.2":["{{A}}",30716985,288396],"K_490\/26.3.3":["{{A}}",31005381,1916443],"K_490\/26.3.4":["{{A}}",32921824,1082249],"K_490\/26.4.0":["{{A}}",34004073,53583],"K_490\/26.4.1":["{{A}}",34057656,308742],"K_490\/26.4.2":["{{A}}",34366398,96493],"K_490\/26.4.3":["{{A}}",34462891,605322],"K_490\/26.4.4":["{{A}}",35068213,71504],"K_490\/27.0.0":["{{B}}",151229,722146],"K_490\/27.0.1":["{{B}}",873375,2183529],"K_490\/27.0.2":["{{B}}",3056904,1878629],"K_490\/27.0.3":["{{B}}",4935533,1329440],"K_490\/27.0.4":["{{B}}",6264973,339165],"K_490\/27.1.0":["{{B}}",6604138,299293],"K_490\/27.1.1":["{{B}}",6903431,3486107],"K_490\/27.1.2":["{{B}}",10389538,2183723],"K_490\/27.1.3":["{{B}}",12573261,2112523],"K_490\/27.1.4":["{{B}}",14685784,984133],"K_490\/27.2.0":["{{B}}",15669917,35302],"K_490\/27.2.1":["{{B}}",15705219,2808133],"K_490\/27.2.2":["{{B}}",18513352,12190],"K_490\/27.2.3":["{{B}}",18525542,2197496],"K_490\/27.2.4":["{{B}}",20723038,2367514],"K_490\/27.3.0":["{{B}}",23090552,95317],"K_490\/27.3.1":["{{B}}",23185869,1475321],"K_490\/27.3.2":["{{B}}",24661190,876795],"K_490\/27.3.3":["{{B}}",25537985,1342291],"K_490\/27.3.4":["{{B}}",26880276,1866064],"K_490\/27.4.0":["{{B}}",28746340,36076],"K_490\/27.4.1":["{{B}}",28782416,842099],"K_490\/27.4.2":["{{B}}",29624515,388797],"K_490\/27.4.3":["{{B}}",30013312,112671],"K_490\/27.4.4":["{{B}}",30125983,983573],"K_490\/28.0.0":["{{C}}",151229,1350372],"K_490\/28.0.1":["{{C}}",1501601,1258881],"K_490\/28.0.2":["{{C}}",2760482,918949],"K_490\/28.0.3":["{{C}}",3679431,531324],"K_490\/28.0.4":["{{C}}",4210755,2948539],"K_490\/28.1.0":["{{C}}",7159294,2313065],"K_490\/28.1.1":["{{C}}",9472359,2954413],"K_490\/28.1.2":["{{C}}",12426772,2882691],"K_490\/28.1.3":["{{C}}",15309463,1670659],"K_490\/28.1.4":["{{C}}",16980122,3677705],"K_490\/28.2.0":["{{C}}",20657827,1793698],"K_490\/28.2.1":["{{C}}",22451525,2045742],"K_490\/28.2.2":["{{C}}",24497267,139494],"K_490\/28.2.3":["{{C}}",24636761,1810949],"K_490\/28.2.4":["{{C}}",26447710,3501978],"K_490\/28.3.0":["{{C}}",29949688,388128],"K_490\/28.3.1":["{{C}}",30337816,1002684],"K_490\/28.3.2":["{{C}}",31340500,1958266],"K_490\/28.3.3":["{{C}}",33298766,1088012],"K_490\/28.3.4":["{{C}}",34386778,517496],"K_490\/28.4.0":["{{C}}",34904274,26535],"K_490\/28.4.1":["{{C}}",34930809,261665],"K_490\/28.4.2":["{{C}}",35192474,800309],"K_490\/28.4.3":["{{C}}",35992783,45755],"K_490\/28.4.4":["{{C}}",36038538,183502],"K_490\/29.0.0":["{{D}}",151229,45624],"K_490\/29.0.1":["{{D}}",196853,734056],"K_490\/29.0.2":["{{D}}",930909,2415270],"K_490\/29.0.3":["{{D}}",3346179,872021],"K_490\/29.0.4":["{{D}}",4218200,572200],"K_490\/29.1.0":["{{D}}",4790400,651067],"K_490\/29.1.1":["{{D}}",5441467,3778131],"K_490\/29.1.2":["{{D}}",9219598,2477909],"K_490\/29.1.3":["{{D}}",11697507,2111149],"K_490\/29.1.4":["{{D}}",13808656,1119633],"K_490\/29.2.0":["{{D}}",14928289,3112133],"K_490\/29.2.1":["{{D}}",18040422,2884147],"K_490\/29.2.2":["{{D}}",20924569,74926],"K_490\/29.2.3":["{{D}}",20999495,1432067],"K_490\/29.2.4":["{{D}}",22431562,2959472],"K_490\/29.3.0":["{{D}}",25391034,1639775],"K_490\/29.3.1":["{{D}}",27030809,1482182],"K_490\/29.3.2":["{{D}}",28512991,1041655],"K_490\/29.3.3":["{{D}}",29554646,1600279],"K_490\/29.3.4":["{{D}}",31154925,2694833],"K_490\/29.4.0":["{{D}}",33849758,191765],"K_490\/29.4.1":["{{D}}",34041523,68809],"K_490\/29.4.2":["{{D}}",34110332,577848],"K_490\/29.4.3":["{{D}}",34688180,57852],"K_490\/29.4.4":["{{D}}",34746032,867504]}}