{"version":1,"templates":{"a":"s3:\/\/imos-data\/IMOS\/SRS\/OC\/gridded\/aqua\/P1D\/2009\/09\/A.P1D.20090901T053000Z.aust.chl_oc3.nc","b":"s3:\/\/imos-data\/IMOS\/SRS\/OC\/gridded\/aqua\/P1D\/2009\/09\/A.P1D.20090902T053000Z.aust.chl_oc3.nc","c":"s3:\/\/imos-data\/IMOS\/SRS\/OC\/gridded\/aqua\/P1D\/2009\/09\/A.P1D.20090903T053000Z.aust.chl_oc3.nc","d":"s3:\/\/imos-data\/IMOS\/SRS\/OC\/gridded\/aqua\/P1D\/2009\/09\/A.P1D.20090904T053000Z.aust.chl_oc3.nc","e":"s3:\/\/imos-data\/IMOS\/SRS\/OC\/gridded\/aqua\/P1D\/2009\/09\/A.P1D.20090905T053000Z.aust.chl_oc3.nc","f":"s3:\/\/imos-data\/IMOS\/SRS\/OC\/gridded\/aqua\/P1D\/2009\/09\/A.P1D.20090906T053000Z.aust.chl_oc3.nc","g":"s3:\/\/imos-data\/IMOS\/SRS\/OC\/gridded\/aqua\/P1D\/2009\/09\/A.P1D.20090907T053000Z.aust.chl_oc3.nc","h":"s3:\/\/imos-data\/IMOS\/SRS\/OC\/gridded\/aqua\/P1D\/2009\/09\/A.P1D.20090908T053000Z.aust.chl_oc3.nc","i":"s3:\/\/imos-data\/IMOS\/SRS\/OC\/gridded\/aqua\/P1D\/2009\/09\/A.P1D.20090909T053000Z.aust.chl_oc3.nc","j":"s3:\/\/imos-data\/IMOS\/SRS\/OC\/gridded\/aqua\/P1D\/2009\/09\/A.P1D.20090910T053000Z.aust.chl_oc3.nc","k":"s3:\/\/imos-data\/IMOS\/SRS\/OC\/gridded\/aqua\/P1D\/2009\/09\/A.P1D.20090911T053000Z.aust.chl_oc3.nc","l":"s3:\/\/imos-data\/IMOS\/SRS\/OC\/gridded\/aqua\/P1D\/2009\/09\/A.P1D.20090912T053000Z.aust.chl_oc3.nc","m":"s3:\/\/imos-data\/IMOS\/SRS\/OC\/gridded\/aqua\/P1D\/2009\/09\/A.P1D.20090913T053000Z.aust.chl_oc3.nc","n":"s3:\/\/imos-data\/IMOS\/SRS\/OC\/gridded\/aqua\/P1D\/2009\/09\/A.P1D.20090914T053000Z.aust.chl_oc3.nc","o":"s3:\/\/imos-data\/IMOS\/SRS\/OC\/gridded\/aqua\/P1D\/2009\/09\/A.P1D.20090915T053000Z.aust.chl_oc3.nc","p":"s3:\/\/imos-data\/IMOS\/SRS\/OC\/gridded\/aqua\/P1D\/2009\/09\/A.P1D.20090916T053000Z.aust.chl_oc3.nc","q":"s3:\/\/imos-data\/IMOS\/SRS\/OC\/gridded\/aqua\/P1D\/2009\/09\/A.P1D.20090917T053000Z.aust.chl_oc3.nc","r":"s3:\/\/imos-data\/IMOS\/SRS\/OC\/gridded\/aqua\/P1D\/2009\/09\/A.P1D.20090918T053000Z.aust.chl_oc3.nc","s":"s3:\/\/imos-data\/IMOS\/SRS\/OC\/gridded\/aqua\/P1D\/2009\/09\/A.P1D.20090919T053000Z.aust.chl_oc3.nc","t":"s3:\/\/imos-data\/IMOS\/SRS\/OC\/gridded\/aqua\/P1D\/2009\/09\/A.P1D.20090920T053000Z.aust.chl_oc3.nc","u":"s3:\/\/imos-data\/IMOS\/SRS\/OC\/gridded\/aqua\/P1D\/2009\/09\/A.P1D.20090921T053000Z.aust.chl_oc3.nc","v":"s3:\/\/imos-data\/IMOS\/SRS\/OC\/gridded\/aqua\/P1D\/2009\/09\/A.P1D.20090922T053000Z.aust.chl_oc3.nc","w":"s3:\/\/imos-data\/IMOS\/SRS\/OC\/gridded\/aqua\/P1D\/2009\/09\/A.P1D.20090923T053000Z.aust.chl_oc3.nc","x":"s3:\/\/imos-data\/IMOS\/SRS\/OC\/gridded\/aqua\/P1D\/2009\/09\/A.P1D.20090924T053000Z.aust.chl_oc3.nc","y":"s3:\/\/imos-data\/IMOS\/SRS\/OC\/gridded\/aqua\/P1D\/2009\/09\/A.P1D.20090925T053000Z.aust.chl_oc3.nc","z":"s3:\/\/imos-data\/IMOS\/SRS\/OC\/gridded\/aqua\/P1D\/2009\/09\/A.P1D.20090926T053000Z.aust.chl_oc3.nc","A":"s3:\/\/imos-data\/IMOS\/SRS\/OC\/gridded\/aqua\/P1D\/2009\/09\/A.P1D.20090927T053000Z.aust.chl_oc3.nc","B":"s3:\/\/imos-data\/IMOS\/SRS\/OC\/gridded\/aqua\/P1D\/2009\/09\/A.P1D.20090928T053000Z.aust.chl_oc3.nc","C":"s3:\/\/imos-data\/IMOS\/SRS\/OC\/gridded\/aqua\/P1D\/2009\/09\/A.P1D.20090929T053000Z.aust.chl_oc3.nc","D":"s3:\/\/imos-data\/IMOS\/SRS\/OC\/gridded\/aqua\/P1D\/2009\/09\/A.P1D.20090930T053000Z.aust.chl_oc3.nc"},"refs":{".zgroup":"{\"zarr_format\":2}",".zattrs":"{\"Conventions\":\"CF-1.6\",\"_NCProperties\":\"version=1|netcdflibversion=4.6.1|hdf5libversion=1.10.4\",\"_nc3_strict\":1,\"history\":\"File initialised at 2020-08-06T03:21:32.825361\\nInitialised var chl_oc3 at 2020-08-06T03:21:46.884309\\nAdd Granule A20090901_0315.20190920120254.L2OC_BASE.chl_oc3.nc at 2020-08-06T03:21:47.792582\\nAdd Granule A20090901_0320.20190920114037.L2OC_BASE.chl_oc3.nc at 2020-08-06T03:21:48.070885\\nAdd Granule A20090901_0325.20190920122634.L2OC_BASE.chl_oc3.nc at 2020-08-06T03:21:48.353311\\nAdd Granule A20090901_0330.20190920121152.L2OC_BASE.chl_oc3.nc at 2020-08-06T03:21:48.577914\\nAdd Granule A20090901_0335.20190920120706.L2OC_BASE.chl_oc3.nc at 2020-08-06T03:21:48.749462\\nAdd Granule A20090901_0455.20190920123932.L2OC_BASE.chl_oc3.nc at 2020-08-06T03:21:49.015499\\nAdd Granule A20090901_0500.20190920125931.L2OC_BASE.chl_oc3.nc at 2020-08-06T03:21:49.269198\\nAdd Granule A20090901_0505.20190920123556.L2OC_BASE.chl_oc3.nc at 2020-08-06T03:21:49.469594\\nAdd Granule A20090901_0510.20190920121752.L2OC_BASE.chl_oc3.nc at 2020-08-06T03:21:49.677505\\nAdd Granule A20090901_0515.20190920125417.L2OC_BASE.chl_oc3.nc at 2020-08-06T03:21:49.835367\\nAdd Granule A20090901_0635.20190920124447.L2OC_BASE.chl_oc3.nc at 2020-08-06T03:21:50.121396\\nAdd Granule A20090901_0640.20190920114820.L2OC_BASE.chl_oc3.nc at 2020-08-06T03:21:50.360797\\nAdd Granule A20090901_0645.20190920115411.L2OC_BASE.chl_oc3.nc at 2020-08-06T03:21:50.607168\\nAdd Granule A20090901_0650.20190920124914.L2OC_BASE.chl_oc3.nc at 2020-08-06T03:21:50.829469\",\"source_path\":\"imos-srs\\\/archive\\\/oc\\\/aqua\\\/1d\\\/v201909\\\/2009\\\/09\\\/A20090901.L2OC_BASE.aust.chl_oc3.nc\"}","latitude\/.zarray":"{\n    \"chunks\": [\n        7001\n    ],\n    \"compressor\": null,\n    \"dtype\": \"<f8\",\n    \"fill_value\": 9.969209968386869e+36,\n    \"filters\": null,\n    \"order\": \"C\",\n    \"shape\": [\n        7001\n    ],\n    \"zarr_format\": 2\n}","latitude\/.zattrs":"{\n    \"NAME\": \"latitude\",\n    \"_ARRAY_DIMENSIONS\": [\n        \"latitude\"\n    ],\n    \"_Netcdf4Dimid\": 1,\n    \"axis\": \"Y\",\n    \"long_name\": \"latitude\",\n    \"standard_name\": \"latitude\",\n    \"units\": \"degrees_north\"\n}","latitude\/0":["{{a}}",2392,56008],"longitude\/.zarray":"{\n    \"chunks\": [\n        10001\n    ],\n    \"compressor\": null,\n    \"dtype\": \"<f8\",\n    \"fill_value\": 9.969209968386869e+36,\n    \"filters\": null,\n    \"order\": \"C\",\n    \"shape\": [\n        10001\n    ],\n    \"zarr_format\": 2\n}","longitude\/.zattrs":"{\n    \"NAME\": \"longitude\",\n    \"_ARRAY_DIMENSIONS\": [\n        \"longitude\"\n    ],\n    \"_Netcdf4Dimid\": 2,\n    \"axis\": \"X\",\n    \"long_name\": \"longitude\",\n    \"standard_name\": \"longitude\",\n    \"units\": \"degrees_east\"\n}","longitude\/0":["{{a}}",58400,80008],"chl_oc3\/.zarray":"{\"chunks\":[1,1401,2001],\"compressor\":{\"id\":\"zlib\",\"level\":4},\"dtype\":\"<f4\",\"fill_value\":-999.0,\"filters\":[{\"elementsize\":4,\"id\":\"shuffle\"}],\"order\":\"C\",\"shape\":[30,7001,10001],\"zarr_format\":2}","chl_oc3\/.zattrs":"{\"_ARRAY_DIMENSIONS\":[\"time\",\"latitude\",\"longitude\"],\"flag_applied\":\"HISATZEN LAND CLDICE NAVFAIL\",\"long_name\":\"Chlorophyll Concentration, OC3 Algorithm\",\"units\":\"mg\\\/m^3\"}","time\/.zarray":"{\"chunks\":[30],\"compressor\":{\"blocksize\":0,\"clevel\":5,\"cname\":\"lz4\",\"id\":\"blosc\",\"shuffle\":1},\"dtype\":\"<M8[us]\",\"fill_value\":0,\"filters\":null,\"order\":\"C\",\"shape\":[30],\"zarr_format\":2}","time\/0":"base64:AgExCPAAAADwAAAArgAAABQAAACWAAAAHwABAAr6AQZmxiaG5kamBmbGJobmRqYQAPRXDeS7k2pBGfDIn3ZOJfzUq4NaMQngt49mPhXsxJtycY6syugGJEFffZu51\/QSME5siqjF4wEfPVt4lrTSfZGluc3i9goeMkZaboKXq7\/T5\/sPIzhMYHSInLDEcnJycnJycnNzc3NzBQAVdAEAHwQBAAoP0QAGUAAAAAAA","time\/.zattrs":"{\"NAME\":\"time\",\"_ARRAY_DIMENSIONS\":[\"time\"],\"_Netcdf4Dimid\":0,\"axis\":\"T\",\"long_name\":\"time\",\"standard_name\":\"time\"}","chl_oc3\/0.0.0":["{{a}}",151221,171768],"chl_oc3\/0.0.1":["{{a}}",322989,204932],"chl_oc3\/0.0.2":["{{a}}",527921,1393288],"chl_oc3\/0.0.3":["{{a}}",1921209,461922],"chl_oc3\/0.0.4":["{{a}}",2383131,11032],"chl_oc3\/0.1.0":["{{a}}",2394163,660955],"chl_oc3\/0.1.1":["{{a}}",3055118,2735393],"chl_oc3\/0.1.2":["{{a}}",5790511,3422429],"chl_oc3\/0.1.3":["{{a}}",9212940,2056483],"chl_oc3\/0.1.4":["{{a}}",11269423,192914],"chl_oc3\/0.2.0":["{{a}}",11462337,509042],"chl_oc3\/0.2.1":["{{a}}",11971379,3274432],"chl_oc3\/0.2.2":["{{a}}",15245811,96050],"chl_oc3\/0.2.3":["{{a}}",15341861,2762332],"chl_oc3\/0.2.4":["{{a}}",18104193,1483630],"chl_oc3\/0.3.0":["{{a}}",19587823,13030],"chl_oc3\/0.3.1":["{{a}}",19600853,1414553],"chl_oc3\/0.3.2":["{{a}}",21015406,2931223],"chl_oc3\/0.3.3":["{{a}}",23946629,2859111],"chl_oc3\/0.3.4":["{{a}}",26805740,2991717],"chl_oc3\/0.4.0":["{{a}}",29797457,10921],"chl_oc3\/0.4.1":["{{a}}",29808378,484212],"chl_oc3\/0.4.2":["{{a}}",30292590,803275],"chl_oc3\/0.4.3":["{{a}}",31095865,1724001],"chl_oc3\/0.4.4":["{{a}}",32819866,900977],"chl_oc3\/1.0.0":["{{b}}",151221,2987434],"chl_oc3\/1.0.1":["{{b}}",3138655,322682],"chl_oc3\/1.0.2":["{{b}}",3461337,840687],"chl_oc3\/1.0.3":["{{b}}",4302024,1025395],"chl_oc3\/1.0.4":["{{b}}",5327419,2228370],"chl_oc3\/1.1.0":["{{b}}",7555789,2729344],"chl_oc3\/1.1.1":["{{b}}",10285133,2348132],"chl_oc3\/1.1.2":["{{b}}",12633265,2896771],"chl_oc3\/1.1.3":["{{b}}",15530036,1103752],"chl_oc3\/1.1.4":["{{b}}",16633788,2446529],"chl_oc3\/1.2.0":["{{b}}",19080317,2571530],"chl_oc3\/1.2.1":["{{b}}",21651847,1595703],"chl_oc3\/1.2.2":["{{b}}",23247550,145126],"chl_oc3\/1.2.3":["{{b}}",23392676,1083470],"chl_oc3\/1.2.4":["{{b}}",24476146,3542894],"chl_oc3\/1.3.0":["{{b}}",28019040,540829],"chl_oc3\/1.3.1":["{{b}}",28559869,298750],"chl_oc3\/1.3.2":["{{b}}",28858619,2145460],"chl_oc3\/1.3.3":["{{b}}",31004079,4187738],"chl_oc3\/1.3.4":["{{b}}",35191817,1170211],"chl_oc3\/1.4.0":["{{b}}",36362028,11252],"chl_oc3\/1.4.1":["{{b}}",36373280,220940],"chl_oc3\/1.4.2":["{{b}}",36594220,974563],"chl_oc3\/1.4.3":["{{b}}",37568783,2374756],"chl_oc3\/1.4.4":["{{b}}",39943539,356476],"chl_oc3\/2.0.0":["{{c}}",151221,188799],"chl_oc3\/2.0.1":["{{c}}",340020,490663],"chl_oc3\/2.0.2":["{{c}}",830683,1030332],"chl_oc3\/2.0.3":["{{c}}",1861015,280806],"chl_oc3\/2.0.4":["{{c}}",2141821,11313],"chl_oc3\/2.1.0":["{{c}}",2153134,308961],"chl_oc3\/2.1.1":["{{c}}",2462095,3789891],"chl_oc3\/2.1.2":["{{c}}",6251986,3619093],"chl_oc3\/2.1.3":["{{c}}",9871079,2176040],"chl_oc3\/2.1.4":["{{c}}",12047119,634967],"chl_oc3\/2.2.0":["{{c}}",12682086,32199],"chl_oc3\/2.2.1":["{{c}}",12714285,2629656],"chl_oc3\/2.2.2":["{{c}}",15343941,32890],"chl_oc3\/2.2.3":["{{c}}",15376831,2471013],"chl_oc3\/2.2.4":["{{c}}",17847844,2042106],"chl_oc3\/2.3.0":["{{c}}",19889950,10921],"chl_oc3\/2.3.1":["{{c}}",19900871,1239136],"chl_oc3\/2.3.2":["{{c}}",21140007,1755284],"chl_oc3\/2.3.3":["{{c}}",22895291,1856332],"chl_oc3\/2.3.4":["{{c}}",24751623,4567822],"chl_oc3\/2.4.0":["{{c}}",29319445,988379],"chl_oc3\/2.4.1":["{{c}}",30307824,345997],"chl_oc3\/2.4.2":["{{c}}",30653821,514130],"chl_oc3\/2.4.3":["{{c}}",31167951,979045],"chl_oc3\/2.4.4":["{{c}}",32146996,2437617],"chl_oc3\/3.0.0":["{{d}}",151221,10921],"chl_oc3\/3.0.1":["{{d}}",162142,254467],"chl_oc3\/3.0.2":["{{d}}",416609,1235643],"chl_oc3\/3.0.3":["{{d}}",1652252,1843239],"chl_oc3\/3.0.4":["{{d}}",3495491,1678188],"chl_oc3\/3.1.0":["{{d}}",5173679,941723],"chl_oc3\/3.1.1":["{{d}}",6115402,1999583],"chl_oc3\/3.1.2":["{{d}}",8114985,3312222],"chl_oc3\/3.1.3":["{{d}}",11427207,1903704],"chl_oc3\/3.1.4":["{{d}}",13330911,2072371],"chl_oc3\/3.2.0":["{{d}}",15403282,1714477],"chl_oc3\/3.2.1":["{{d}}",17117759,2133168],"chl_oc3\/3.2.2":["{{d}}",19250927,131290],"chl_oc3\/3.2.3":["{{d}}",19382217,1280791],"chl_oc3\/3.2.4":["{{d}}",20663008,2076474],"chl_oc3\/3.3.0":["{{d}}",22739482,372257],"chl_oc3\/3.3.1":["{{d}}",23111739,1132745],"chl_oc3\/3.3.2":["{{d}}",24244484,1632453],"chl_oc3\/3.3.3":["{{d}}",25876937,1688362],"chl_oc3\/3.3.4":["{{d}}",27565299,817633],"chl_oc3\/3.4.0":["{{d}}",28382932,208649],"chl_oc3\/3.4.1":["{{d}}",28591581,2234844],"chl_oc3\/3.4.2":["{{d}}",30826425,820483],"chl_oc3\/3.4.3":["{{d}}",31646908,2252994],"chl_oc3\/3.4.4":["{{d}}",33899902,564972],"chl_oc3\/4.0.0":["{{e}}",151221,20390],"chl_oc3\/4.0.1":["{{e}}",171611,388666],"chl_oc3\/4.0.2":["{{e}}",560277,2312759],"chl_oc3\/4.0.3":["{{e}}",2873036,908063],"chl_oc3\/4.0.4":["{{e}}",3781099,132429],"chl_oc3\/4.1.0":["{{e}}",3913528,14430],"chl_oc3\/4.1.1":["{{e}}",3927958,3337268],"chl_oc3\/4.1.2":["{{e}}",7265226,2173901],"chl_oc3\/4.1.3":["{{e}}",9439127,1313912],"chl_oc3\/4.1.4":["{{e}}",10753039,386625],"chl_oc3\/4.2.0":["{{e}}",11139664,1412756],"chl_oc3\/4.2.1":["{{e}}",12552420,2181903],"chl_oc3\/4.2.2":["{{e}}",14734323,104980],"chl_oc3\/4.2.3":["{{e}}",14839303,1389436],"chl_oc3\/4.2.4":["{{e}}",16228739,1915398],"chl_oc3\/4.3.0":["{{e}}",18144137,1256896],"chl_oc3\/4.3.1":["{{e}}",19401033,1192296],"chl_oc3\/4.3.2":["{{e}}",20593329,1676980],"chl_oc3\/4.3.3":["{{e}}",22270309,1943361],"chl_oc3\/4.3.4":["{{e}}",24213670,3285201],"chl_oc3\/4.4.0":["{{e}}",27498871,56314],"chl_oc3\/4.4.1":["{{e}}",27555185,943795],"chl_oc3\/4.4.2":["{{e}}",28498980,338585],"chl_oc3\/4.4.3":["{{e}}",28837565,1358075],"chl_oc3\/4.4.4":["{{e}}",30195640,1305103],"chl_oc3\/5.0.0":["{{f}}",151221,565227],"chl_oc3\/5.0.1":["{{f}}",716448,160153],"chl_oc3\/5.0.2":["{{f}}",876601,1710787],"chl_oc3\/5.0.3":["{{f}}",2587388,444449],"chl_oc3\/5.0.4":["{{f}}",3031837,352750],"chl_oc3\/5.1.0":["{{f}}",3384587,948528],"chl_oc3\/5.1.1":["{{f}}",4333115,1575041],"chl_oc3\/5.1.2":["{{f}}",5908156,2562925],"chl_oc3\/5.1.3":["{{f}}",8471081,3284009],"chl_oc3\/5.1.4":["{{f}}",11755090,809756],"chl_oc3\/5.2.0":["{{f}}",12564846,1361881],"chl_oc3\/5.2.1":["{{f}}",13926727,2742319],"chl_oc3\/5.2.2":["{{f}}",16669046,135790],"chl_oc3\/5.2.3":["{{f}}",16804836,3177869],"chl_oc3\/5.2.4":["{{f}}",19982705,168055],"chl_oc3\/5.3.0":["{{f}}",20150760,86512],"chl_oc3\/5.3.1":["{{f}}",20237272,916976],"chl_oc3\/5.3.2":["{{f}}",21154248,2579149],"chl_oc3\/5.3.3":["{{f}}",23733397,2360378],"chl_oc3\/5.3.4":["{{f}}",26093775,52444],"chl_oc3\/5.4.0":["{{f}}",26146219,52756],"chl_oc3\/5.4.1":["{{f}}",26198975,225197],"chl_oc3\/5.4.2":["{{f}}",26424172,1104816],"chl_oc3\/5.4.3":["{{f}}",27528988,982226],"chl_oc3\/5.4.4":["{{f}}",28511214,846691],"chl_oc3\/6.0.0":["{{g}}",151221,1545111],"chl_oc3\/6.0.1":["{{g}}",1696332,304433],"chl_oc3\/6.0.2":["{{g}}",2000765,1483946],"chl_oc3\/6.0.3":["{{g}}",3484711,380720],"chl_oc3\/6.0.4":["{{g}}",3865431,1397331],"chl_oc3\/6.1.0":["{{g}}",5262762,2052019],"chl_oc3\/6.1.1":["{{g}}",7314781,3788261],"chl_oc3\/6.1.2":["{{g}}",11103042,2747489],"chl_oc3\/6.1.3":["{{g}}",13850531,2224602],"chl_oc3\/6.1.4":["{{g}}",16075133,1677653],"chl_oc3\/6.2.0":["{{g}}",17752786,2809350],"chl_oc3\/6.2.1":["{{g}}",20562136,2897759],"chl_oc3\/6.2.2":["{{g}}",23459895,104610],"chl_oc3\/6.2.3":["{{g}}",23564505,1525421],"chl_oc3\/6.2.4":["{{g}}",25089926,4004133],"chl_oc3\/6.3.0":["{{g}}",29094059,424418],"chl_oc3\/6.3.1":["{{g}}",29518477,2126286],"chl_oc3\/6.3.2":["{{g}}",31644763,1770073],"chl_oc3\/6.3.3":["{{g}}",33414836,1030546],"chl_oc3\/6.3.4":["{{g}}",34445382,2563989],"chl_oc3\/6.4.0":["{{g}}",37009371,923009],"chl_oc3\/6.4.1":["{{g}}",37932380,1659429],"chl_oc3\/6.4.2":["{{g}}",39591809,430664],"chl_oc3\/6.4.3":["{{g}}",40022473,1812073],"chl_oc3\/6.4.4":["{{g}}",41834546,823256],"chl_oc3\/7.0.0":["{{h}}",151221,544636],"chl_oc3\/7.0.1":["{{h}}",695857,270032],"chl_oc3\/7.0.2":["{{h}}",965889,1465840],"chl_oc3\/7.0.3":["{{h}}",2431729,984025],"chl_oc3\/7.0.4":["{{h}}",3415754,10921],"chl_oc3\/7.1.0":["{{h}}",3426675,621574],"chl_oc3\/7.1.1":["{{h}}",4048249,3484071],"chl_oc3\/7.1.2":["{{h}}",7532320,3327891],"chl_oc3\/7.1.3":["{{h}}",10860211,3538528],"chl_oc3\/7.1.4":["{{h}}",14398739,49095],"chl_oc3\/7.2.0":["{{h}}",14447834,640825],"chl_oc3\/7.2.1":["{{h}}",15088659,2440204],"chl_oc3\/7.2.2":["{{h}}",17528863,123757],"chl_oc3\/7.2.3":["{{h}}",17652620,2056333],"chl_oc3\/7.2.4":["{{h}}",19708953,535529],"chl_oc3\/7.3.0":["{{h}}",20244482,14148],"chl_oc3\/7.3.1":["{{h}}",20258630,1403735],"chl_oc3\/7.3.2":["{{h}}",21662365,2646889],"chl_oc3\/7.3.3":["{{h}}",24309254,1103295],"chl_oc3\/7.3.4":["{{h}}",25412549,661430],"chl_oc3\/7.4.0":["{{h}}",26073979,51634],"chl_oc3\/7.4.1":["{{h}}",26125613,898012],"chl_oc3\/7.4.2":["{{h}}",27023625,1334114],"chl_oc3\/7.4.3":["{{h}}",28357739,1876442],"chl_oc3\/7.4.4":["{{h}}",30234181,875645],"chl_oc3\/8.0.0":["{{i}}",151221,1246244],"chl_oc3\/8.0.1":["{{i}}",1397465,230018],"chl_oc3\/8.0.2":["{{i}}",1627483,279738],"chl_oc3\/8.0.3":["{{i}}",1907221,1482344],"chl_oc3\/8.0.4":["{{i}}",3389565,1893767],"chl_oc3\/8.1.0":["{{i}}",5283332,1647071],"chl_oc3\/8.1.1":["{{i}}",6930403,3160263],"chl_oc3\/8.1.2":["{{i}}",10090666,2757959],"chl_oc3\/8.1.3":["{{i}}",12848625,2318034],"chl_oc3\/8.1.4":["{{i}}",15166659,2450006],"chl_oc3\/8.2.0":["{{i}}",17616665,1137545],"chl_oc3\/8.2.1":["{{i}}",18754210,1427225],"chl_oc3\/8.2.2":["{{i}}",20181435,128961],"chl_oc3\/8.2.3":["{{i}}",20310396,1261007],"chl_oc3\/8.2.4":["{{i}}",21571403,3339880],"chl_oc3\/8.3.0":["{{i}}",24911283,602510],"chl_oc3\/8.3.1":["{{i}}",25513793,492278],"chl_oc3\/8.3.2":["{{i}}",26006071,3566579],"chl_oc3\/8.3.3":["{{i}}",29572650,1641548],"chl_oc3\/8.3.4":["{{i}}",31214198,1782471],"chl_oc3\/8.4.0":["{{i}}",32996669,553230],"chl_oc3\/8.4.1":["{{i}}",33549899,1193782],"chl_oc3\/8.4.2":["{{i}}",34743681,692977],"chl_oc3\/8.4.3":["{{i}}",35436658,1306625],"chl_oc3\/8.4.4":["{{i}}",36743283,507174],"chl_oc3\/9.0.0":["{{j}}",151221,201126],"chl_oc3\/9.0.1":["{{j}}",352347,314847],"chl_oc3\/9.0.2":["{{j}}",667194,938260],"chl_oc3\/9.0.3":["{{j}}",1605454,2177371],"chl_oc3\/9.0.4":["{{j}}",3782825,294668],"chl_oc3\/9.1.0":["{{j}}",4077493,76234],"chl_oc3\/9.1.1":["{{j}}",4153727,62168],"chl_oc3\/9.1.2":["{{j}}",4215895,3241342],"chl_oc3\/9.1.3":["{{j}}",7457237,2959892],"chl_oc3\/9.1.4":["{{j}}",10417129,433785],"chl_oc3\/9.2.0":["{{j}}",10850914,10921],"chl_oc3\/9.2.1":["{{j}}",10861835,10921],"chl_oc3\/9.2.2":["{{j}}",10872756,56575],"chl_oc3\/9.2.3":["{{j}}",10929331,2631723],"chl_oc3\/9.2.4":["{{j}}",13561054,860383],"chl_oc3\/9.3.0":["{{j}}",14421437,10921],"chl_oc3\/9.3.1":["{{j}}",14432358,742894],"chl_oc3\/9.3.2":["{{j}}",15175252,2686936],"chl_oc3\/9.3.3":["{{j}}",17862188,1710663],"chl_oc3\/9.3.4":["{{j}}",19572851,1808294],"chl_oc3\/9.4.0":["{{j}}",21381145,10921],"chl_oc3\/9.4.1":["{{j}}",21392066,588452],"chl_oc3\/9.4.2":["{{j}}",21980518,92763],"chl_oc3\/9.4.3":["{{j}}",22073281,454541],"chl_oc3\/9.4.4":["{{j}}",22527822,227875],"chl_oc3\/10.0.0":["{{k}}",151221,1613634],"chl_oc3\/10.0.1":["{{k}}",1764855,676374],"chl_oc3\/10.0.2":["{{k}}",2441229,806570],"chl_oc3\/10.0.3":["{{k}}",3247799,841711],"chl_oc3\/10.0.4":["{{k}}",4089510,854103],"chl_oc3\/10.1.0":["{{k}}",4943613,2370700],"chl_oc3\/10.1.1":["{{k}}",7314313,3039420],"chl_oc3\/10.1.2":["{{k}}",10353733,3159139],"chl_oc3\/10.1.3":["{{k}}",13512872,2344188],"chl_oc3\/10.1.4":["{{k}}",15857060,1824682],"chl_oc3\/10.2.0":["{{k}}",17681742,1396462],"chl_oc3\/10.2.1":["{{k}}",19078204,1539148],"chl_oc3\/10.2.2":["{{k}}",20617352,147257],"chl_oc3\/10.2.3":["{{k}}",20764609,2372720],"chl_oc3\/10.2.4":["{{k}}",23137329,1551523],"chl_oc3\/10.3.0":["{{k}}",24688852,1433196],"chl_oc3\/10.3.1":["{{k}}",26122048,2155920],"chl_oc3\/10.3.2":["{{k}}",28277968,3230688],"chl_oc3\/10.3.3":["{{k}}",31508656,2525429],"chl_oc3\/10.3.4":["{{k}}",34034085,382299],"chl_oc3\/10.4.0":["{{k}}",34416384,37597],"chl_oc3\/10.4.1":["{{k}}",34453981,496567],"chl_oc3\/10.4.2":["{{k}}",34950548,610879],"chl_oc3\/10.4.3":["{{k}}",35561427,597104],"chl_oc3\/10.4.4":["{{k}}",36158531,111700],"chl_oc3\/11.0.0":["{{l}}",151221,184631],"chl_oc3\/11.0.1":["{{l}}",335852,577117],"chl_oc3\/11.0.2":["{{l}}",912969,2335829],"chl_oc3\/11.0.3":["{{l}}",3248798,1954262],"chl_oc3\/11.0.4":["{{l}}",5203060,650761],"chl_oc3\/11.1.0":["{{l}}",5853821,96725],"chl_oc3\/11.1.1":["{{l}}",5950546,3818841],"chl_oc3\/11.1.2":["{{l}}",9769387,2798950],"chl_oc3\/11.1.3":["{{l}}",12568337,1557839],"chl_oc3\/11.1.4":["{{l}}",14126176,685760],"chl_oc3\/11.2.0":["{{l}}",14811936,10921],"chl_oc3\/11.2.1":["{{l}}",14822857,3043225],"chl_oc3\/11.2.2":["{{l}}",17866082,36218],"chl_oc3\/11.2.3":["{{l}}",17902300,2771275],"chl_oc3\/11.2.4":["{{l}}",20673575,2645778],"chl_oc3\/11.3.0":["{{l}}",23319353,10980],"chl_oc3\/11.3.1":["{{l}}",23330333,2025366],"chl_oc3\/11.3.2":["{{l}}",25355699,1462565],"chl_oc3\/11.3.3":["{{l}}",26818264,1594225],"chl_oc3\/11.3.4":["{{l}}",28412489,2826020],"chl_oc3\/11.4.0":["{{l}}",31238509,423644],"chl_oc3\/11.4.1":["{{l}}",31662153,658201],"chl_oc3\/11.4.2":["{{l}}",32320354,1146757],"chl_oc3\/11.4.3":["{{l}}",33467111,931195],"chl_oc3\/11.4.4":["{{l}}",34398306,891860],"chl_oc3\/12.0.0":["{{m}}",151221,108294],"chl_oc3\/12.0.1":["{{m}}",259515,156634],"chl_oc3\/12.0.2":["{{m}}",416149,2079762],"chl_oc3\/12.0.3":["{{m}}",2495911,2179009],"chl_oc3\/12.0.4":["{{m}}",4674920,2958446],"chl_oc3\/12.1.0":["{{m}}",7633366,1443920],"chl_oc3\/12.1.1":["{{m}}",9077286,2320477],"chl_oc3\/12.1.2":["{{m}}",11397763,2967280],"chl_oc3\/12.1.3":["{{m}}",14365043,1285108],"chl_oc3\/12.1.4":["{{m}}",15650151,2619439],"chl_oc3\/12.2.0":["{{m}}",18269590,2034943],"chl_oc3\/12.2.1":["{{m}}",20304533,2667557],"chl_oc3\/12.2.2":["{{m}}",22972090,139250],"chl_oc3\/12.2.3":["{{m}}",23111340,1609583],"chl_oc3\/12.2.4":["{{m}}",24720923,1100522],"chl_oc3\/12.3.0":["{{m}}",25821445,425314],"chl_oc3\/12.3.1":["{{m}}",26246759,1335062],"chl_oc3\/12.3.2":["{{m}}",27581821,4223112],"chl_oc3\/12.3.3":["{{m}}",31804933,2862970],"chl_oc3\/12.3.4":["{{m}}",34667903,204905],"chl_oc3\/12.4.0":["{{m}}",34872808,39975],"chl_oc3\/12.4.1":["{{m}}",34912783,1682809],"chl_oc3\/12.4.2":["{{m}}",36595592,3174835],"chl_oc3\/12.4.3":["{{m}}",39770427,1447426],"chl_oc3\/12.4.4":["{{m}}",41217853,102944],"chl_oc3\/13.0.0":["{{n}}",151221,25043],"chl_oc3\/13.0.1":["{{n}}",176264,318536],"chl_oc3\/13.0.2":["{{n}}",494800,1990710],"chl_oc3\/13.0.3":["{{n}}",2485510,1153452],"chl_oc3\/13.0.4":["{{n}}",3638962,1223109],"chl_oc3\/13.1.0":["{{n}}",4862071,1008924],"chl_oc3\/13.1.1":["{{n}}",5870995,3630034],"chl_oc3\/13.1.2":["{{n}}",9501029,2035346],"chl_oc3\/13.1.3":["{{n}}",11536375,1478963],"chl_oc3\/13.1.4":["{{n}}",13015338,1840009],"chl_oc3\/13.2.0":["{{n}}",14855347,4460722],"chl_oc3\/13.2.1":["{{n}}",19316069,2329955],"chl_oc3\/13.2.2":["{{n}}",21646024,115087],"chl_oc3\/13.2.3":["{{n}}",21761111,734295],"chl_oc3\/13.2.4":["{{n}}",22495406,2727694],"chl_oc3\/13.3.0":["{{n}}",25223100,2697233],"chl_oc3\/13.3.1":["{{n}}",27920333,873094],"chl_oc3\/13.3.2":["{{n}}",28793427,2011604],"chl_oc3\/13.3.3":["{{n}}",30805031,2493335],"chl_oc3\/13.3.4":["{{n}}",33298366,1749588],"chl_oc3\/13.4.0":["{{n}}",35047954,1031719],"chl_oc3\/13.4.1":["{{n}}",36079673,1666711],"chl_oc3\/13.4.2":["{{n}}",37746384,2249669],"chl_oc3\/13.4.3":["{{n}}",39996053,1965672],"chl_oc3\/13.4.4":["{{n}}",41961725,355438],"chl_oc3\/14.0.0":["{{o}}",151221,18653],"chl_oc3\/14.0.1":["{{o}}",169874,206468],"chl_oc3\/14.0.2":["{{o}}",376342,2767361],"chl_oc3\/14.0.3":["{{o}}",3143703,2087750],"chl_oc3\/14.0.4":["{{o}}",5231453,923731],"chl_oc3\/14.1.0":["{{o}}",6155184,686728],"chl_oc3\/14.1.1":["{{o}}",6841912,1806613],"chl_oc3\/14.1.2":["{{o}}",8648525,2875695],"chl_oc3\/14.1.3":["{{o}}",11524220,2813399],"chl_oc3\/14.1.4":["{{o}}",14337619,1476052],"chl_oc3\/14.2.0":["{{o}}",15813671,1142552],"chl_oc3\/14.2.1":["{{o}}",16956223,3369027],"chl_oc3\/14.2.2":["{{o}}",20325250,99183],"chl_oc3\/14.2.3":["{{o}}",20424433,2748523],"chl_oc3\/14.2.4":["{{o}}",23172956,444441],"chl_oc3\/14.3.0":["{{o}}",23617397,186812],"chl_oc3\/14.3.1":["{{o}}",23804209,3192251],"chl_oc3\/14.3.2":["{{o}}",26996460,2911378],"chl_oc3\/14.3.3":["{{o}}",29907838,2192904],"chl_oc3\/14.3.4":["{{o}}",32100742,1365513],"chl_oc3\/14.4.0":["{{o}}",33466255,10921],"chl_oc3\/14.4.1":["{{o}}",33477176,894987],"chl_oc3\/14.4.2":["{{o}}",34372163,1305996],"chl_oc3\/14.4.3":["{{o}}",35678159,1049689],"chl_oc3\/14.4.4":["{{o}}",36727848,1739344],"chl_oc3\/15.0.0":["{{p}}",151221,402299],"chl_oc3\/15.0.1":["{{p}}",553520,1252129],"chl_oc3\/15.0.2":["{{p}}",1805649,1714640],"chl_oc3\/15.0.3":["{{p}}",3520289,1050530],"chl_oc3\/15.0.4":["{{p}}",4570819,1290363],"chl_oc3\/15.1.0":["{{p}}",5861182,1191680],"chl_oc3\/15.1.1":["{{p}}",7052862,2537151],"chl_oc3\/15.1.2":["{{p}}",9590013,2086130],"chl_oc3\/15.1.3":["{{p}}",11676143,1875131],"chl_oc3\/15.1.4":["{{p}}",13551274,1742939],"chl_oc3\/15.2.0":["{{p}}",15294213,3010769],"chl_oc3\/15.2.1":["{{p}}",18304982,2189642],"chl_oc3\/15.2.2":["{{p}}",20494624,99195],"chl_oc3\/15.2.3":["{{p}}",20593819,1243210],"chl_oc3\/15.2.4":["{{p}}",21837029,3561573],"chl_oc3\/15.3.0":["{{p}}",25398602,814670],"chl_oc3\/15.3.1":["{{p}}",26213272,994004],"chl_oc3\/15.3.2":["{{p}}",27207276,2485604],"chl_oc3\/15.3.3":["{{p}}",29692880,2251701],"chl_oc3\/15.3.4":["{{p}}",31944581,2034307],"chl_oc3\/15.4.0":["{{p}}",33978888,820840],"chl_oc3\/15.4.1":["{{p}}",34799728,951041],"chl_oc3\/15.4.2":["{{p}}",35750769,1415153],"chl_oc3\/15.4.3":["{{p}}",37165922,1109801],"chl_oc3\/15.4.4":["{{p}}",38275723,1203700],"chl_oc3\/16.0.0":["{{q}}",151221,40471],"chl_oc3\/16.0.1":["{{q}}",191692,610545],"chl_oc3\/16.0.2":["{{q}}",802237,2106582],"chl_oc3\/16.0.3":["{{q}}",2908819,2047762],"chl_oc3\/16.0.4":["{{q}}",4956581,44268],"chl_oc3\/16.1.0":["{{q}}",5000849,351430],"chl_oc3\/16.1.1":["{{q}}",5352279,2215150],"chl_oc3\/16.1.2":["{{q}}",7567429,2569228],"chl_oc3\/16.1.3":["{{q}}",10136657,2146576],"chl_oc3\/16.1.4":["{{q}}",12283233,253117],"chl_oc3\/16.2.0":["{{q}}",12536350,503828],"chl_oc3\/16.2.1":["{{q}}",13040178,2911301],"chl_oc3\/16.2.2":["{{q}}",15951479,94413],"chl_oc3\/16.2.3":["{{q}}",16045892,2588762],"chl_oc3\/16.2.4":["{{q}}",18634654,1179256],"chl_oc3\/16.3.0":["{{q}}",19813910,22240],"chl_oc3\/16.3.1":["{{q}}",19836150,2068202],"chl_oc3\/16.3.2":["{{q}}",21904352,3157173],"chl_oc3\/16.3.3":["{{q}}",25061525,1315689],"chl_oc3\/16.3.4":["{{q}}",26377214,2257922],"chl_oc3\/16.4.0":["{{q}}",28635136,10921],"chl_oc3\/16.4.1":["{{q}}",28646057,1915697],"chl_oc3\/16.4.2":["{{q}}",30561754,1910949],"chl_oc3\/16.4.3":["{{q}}",32472703,1719560],"chl_oc3\/16.4.4":["{{q}}",34192263,1007426],"chl_oc3\/17.0.0":["{{r}}",151221,165471],"chl_oc3\/17.0.1":["{{r}}",316692,925491],"chl_oc3\/17.0.2":["{{r}}",1242183,1003910],"chl_oc3\/17.0.3":["{{r}}",2246093,774905],"chl_oc3\/17.0.4":["{{r}}",3020998,1545037],"chl_oc3\/17.1.0":["{{r}}",4566035,826497],"chl_oc3\/17.1.1":["{{r}}",5392532,2428114],"chl_oc3\/17.1.2":["{{r}}",7820646,1946041],"chl_oc3\/17.1.3":["{{r}}",9766687,1082592],"chl_oc3\/17.1.4":["{{r}}",10849279,1562510],"chl_oc3\/17.2.0":["{{r}}",12411789,3122913],"chl_oc3\/17.2.1":["{{r}}",15534702,2100849],"chl_oc3\/17.2.2":["{{r}}",17635551,143446],"chl_oc3\/17.2.3":["{{r}}",17778997,1347517],"chl_oc3\/17.2.4":["{{r}}",19126514,4215315],"chl_oc3\/17.3.0":["{{r}}",23341829,428462],"chl_oc3\/17.3.1":["{{r}}",23770291,1440014],"chl_oc3\/17.3.2":["{{r}}",25210305,2965051],"chl_oc3\/17.3.3":["{{r}}",28175356,1985847],"chl_oc3\/17.3.4":["{{r}}",30161203,529186],"chl_oc3\/17.4.0":["{{r}}",30690389,24978],"chl_oc3\/17.4.1":["{{r}}",30715367,1017507],"chl_oc3\/17.4.2":["{{r}}",31732874,2090641],"chl_oc3\/17.4.3":["{{r}}",33823515,1067862],"chl_oc3\/17.4.4":["{{r}}",34891377,653677],"chl_oc3\/18.0.0":["{{s}}",151221,87809],"chl_oc3\/18.0.1":["{{s}}",239030,626458],"chl_oc3\/18.0.2":["{{s}}",865488,1032523],"chl_oc3\/18.0.3":["{{s}}",1898011,1459401],"chl_oc3\/18.0.4":["{{s}}",3357412,19999],"chl_oc3\/18.1.0":["{{s}}",3377411,53707],"chl_oc3\/18.1.1":["{{s}}",3431118,3473589],"chl_oc3\/18.1.2":["{{s}}",6904707,2384937],"chl_oc3\/18.1.3":["{{s}}",9289644,2334215],"chl_oc3\/18.1.4":["{{s}}",11623859,516504],"chl_oc3\/18.2.0":["{{s}}",12140363,81952],"chl_oc3\/18.2.1":["{{s}}",12222315,2917731],"chl_oc3\/18.2.2":["{{s}}",15140046,54161],"chl_oc3\/18.2.3":["{{s}}",15194207,2972191],"chl_oc3\/18.2.4":["{{s}}",18166398,2348725],"chl_oc3\/18.3.0":["{{s}}",20515123,10921],"chl_oc3\/18.3.1":["{{s}}",20526044,1712687],"chl_oc3\/18.3.2":["{{s}}",22238731,3191054],"chl_oc3\/18.3.3":["{{s}}",25429785,1567073],"chl_oc3\/18.3.4":["{{s}}",26996858,2105209],"chl_oc3\/18.4.0":["{{s}}",29102067,71767],"chl_oc3\/18.4.1":["{{s}}",29173834,715660],"chl_oc3\/18.4.2":["{{s}}",29889494,1446686],"chl_oc3\/18.4.3":["{{s}}",31336180,739243],"chl_oc3\/18.4.4":["{{s}}",32075423,587726],"chl_oc3\/19.0.0":["{{t}}",151221,675919],"chl_oc3\/19.0.1":["{{t}}",827140,218648],"chl_oc3\/19.0.2":["{{t}}",1045788,828146],"chl_oc3\/19.0.3":["{{t}}",1873934,852119],"chl_oc3\/19.0.4":["{{t}}",2726053,1722466],"chl_oc3\/19.1.0":["{{t}}",4448519,237946],"chl_oc3\/19.1.1":["{{t}}",4686465,1386366],"chl_oc3\/19.1.2":["{{t}}",6072831,2419836],"chl_oc3\/19.1.3":["{{t}}",8492667,1801022],"chl_oc3\/19.1.4":["{{t}}",10293689,1550743],"chl_oc3\/19.2.0":["{{t}}",11844432,998562],"chl_oc3\/19.2.1":["{{t}}",12842994,2118019],"chl_oc3\/19.2.2":["{{t}}",14961013,133006],"chl_oc3\/19.2.3":["{{t}}",15094019,2587221],"chl_oc3\/19.2.4":["{{t}}",17681240,2380442],"chl_oc3\/19.3.0":["{{t}}",20061682,435405],"chl_oc3\/19.3.1":["{{t}}",20497087,1222281],"chl_oc3\/19.3.2":["{{t}}",21719368,3289398],"chl_oc3\/19.3.3":["{{t}}",25008766,1655476],"chl_oc3\/19.3.4":["{{t}}",26664242,219641],"chl_oc3\/19.4.0":["{{t}}",26883883,332505],"chl_oc3\/19.4.1":["{{t}}",27216388,920238],"chl_oc3\/19.4.2":["{{t}}",28136626,2112351],"chl_oc3\/19.4.3":["{{t}}",30248977,1642582],"chl_oc3\/19.4.4":["{{t}}",31891559,1102330],"chl_oc3\/20.0.0":["{{u}}",151221,136466],"chl_oc3\/20.0.1":["{{u}}",287687,415830],"chl_oc3\/20.0.2":["{{u}}",703517,454478],"chl_oc3\/20.0.3":["{{u}}",1157995,635233],"chl_oc3\/20.0.4":["{{u}}",1793228,1003359],"chl_oc3\/20.1.0":["{{u}}",2796587,14409],"chl_oc3\/20.1.1":["{{u}}",2810996,2521322],"chl_oc3\/20.1.2":["{{u}}",5332318,1598353],"chl_oc3\/20.1.3":["{{u}}",6930671,1375251],"chl_oc3\/20.1.4":["{{u}}",8305922,802953],"chl_oc3\/20.2.0":["{{u}}",9108875,673782],"chl_oc3\/20.2.1":["{{u}}",9782657,2476214],"chl_oc3\/20.2.2":["{{u}}",12258871,90812],"chl_oc3\/20.2.3":["{{u}}",12349683,2463376],"chl_oc3\/20.2.4":["{{u}}",14813059,3804711],"chl_oc3\/20.3.0":["{{u}}",18617770,1513704],"chl_oc3\/20.3.1":["{{u}}",20131474,2006060],"chl_oc3\/20.3.2":["{{u}}",22137534,616830],"chl_oc3\/20.3.3":["{{u}}",22754364,2828582],"chl_oc3\/20.3.4":["{{u}}",25582946,3079658],"chl_oc3\/20.4.0":["{{u}}",28662604,377361],"chl_oc3\/20.4.1":["{{u}}",29039965,848910],"chl_oc3\/20.4.2":["{{u}}",29888875,1071617],"chl_oc3\/20.4.3":["{{u}}",30960492,1617989],"chl_oc3\/20.4.4":["{{u}}",32578481,1054926],"chl_oc3\/21.0.0":["{{v}}",151221,1412874],"chl_oc3\/21.0.1":["{{v}}",1564095,279059],"chl_oc3\/21.0.2":["{{v}}",1843154,862527],"chl_oc3\/21.0.3":["{{v}}",2705681,313371],"chl_oc3\/21.0.4":["{{v}}",3019052,1938399],"chl_oc3\/21.1.0":["{{v}}",4957451,1615772],"chl_oc3\/21.1.1":["{{v}}",6573223,2569774],"chl_oc3\/21.1.2":["{{v}}",9142997,2560876],"chl_oc3\/21.1.3":["{{v}}",11703873,1832681],"chl_oc3\/21.1.4":["{{v}}",13536554,1901891],"chl_oc3\/21.2.0":["{{v}}",15438445,394116],"chl_oc3\/21.2.1":["{{v}}",15832561,1378611],"chl_oc3\/21.2.2":["{{v}}",17211172,109708],"chl_oc3\/21.2.3":["{{v}}",17320880,2561186],"chl_oc3\/21.2.4":["{{v}}",19882066,343909],"chl_oc3\/21.3.0":["{{v}}",20225975,522662],"chl_oc3\/21.3.1":["{{v}}",20748637,2113888],"chl_oc3\/21.3.2":["{{v}}",22862525,2020414],"chl_oc3\/21.3.3":["{{v}}",24882939,482401],"chl_oc3\/21.3.4":["{{v}}",25365340,620052],"chl_oc3\/21.4.0":["{{v}}",25985392,11545],"chl_oc3\/21.4.1":["{{v}}",25996937,962186],"chl_oc3\/21.4.2":["{{v}}",26959123,262975],"chl_oc3\/21.4.3":["{{v}}",27222098,1618216],"chl_oc3\/21.4.4":["{{v}}",28840314,1380255],"chl_oc3\/22.0.0":["{{w}}",151221,2022781],"chl_oc3\/22.0.1":["{{w}}",2174002,332340],"chl_oc3\/22.0.2":["{{w}}",2506342,129048],"chl_oc3\/22.0.3":["{{w}}",2635390,407355],"chl_oc3\/22.0.4":["{{w}}",3042745,925379],"chl_oc3\/22.1.0":["{{w}}",3968124,2938334],"chl_oc3\/22.1.1":["{{w}}",6906458,3909302],"chl_oc3\/22.1.2":["{{w}}",10815760,1719830],"chl_oc3\/22.1.3":["{{w}}",12535590,1031502],"chl_oc3\/22.1.4":["{{w}}",13567092,2757935],"chl_oc3\/22.2.0":["{{w}}",16325027,3091448],"chl_oc3\/22.2.1":["{{w}}",19416475,2482812],"chl_oc3\/22.2.2":["{{w}}",21899287,103997],"chl_oc3\/22.2.3":["{{w}}",22003284,1132588],"chl_oc3\/22.2.4":["{{w}}",23135872,5087665],"chl_oc3\/22.3.0":["{{w}}",28223537,3029613],"chl_oc3\/22.3.1":["{{w}}",31253150,1514520],"chl_oc3\/22.3.2":["{{w}}",32767670,2338349],"chl_oc3\/22.3.3":["{{w}}",35106019,934866],"chl_oc3\/22.3.4":["{{w}}",36040885,1407898],"chl_oc3\/22.4.0":["{{w}}",37448783,890552],"chl_oc3\/22.4.1":["{{w}}",38339335,593677],"chl_oc3\/22.4.2":["{{w}}",38933012,1243154],"chl_oc3\/22.4.3":["{{w}}",40176166,305030],"chl_oc3\/22.4.4":["{{w}}",40481196,1587543],"chl_oc3\/23.0.0":["{{x}}",151221,243872],"chl_oc3\/23.0.1":["{{x}}",395093,701077],"chl_oc3\/23.0.2":["{{x}}",1096170,514978],"chl_oc3\/23.0.3":["{{x}}",1611148,378993],"chl_oc3\/23.0.4":["{{x}}",1990141,10921],"chl_oc3\/23.1.0":["{{x}}",2001062,1098736],"chl_oc3\/23.1.1":["{{x}}",3099798,3066880],"chl_oc3\/23.1.2":["{{x}}",6166678,1863018],"chl_oc3\/23.1.3":["{{x}}",8029696,1308753],"chl_oc3\/23.1.4":["{{x}}",9338449,45920],"chl_oc3\/23.2.0":["{{x}}",9384369,717009],"chl_oc3\/23.2.1":["{{x}}",10101378,2891322],"chl_oc3\/23.2.2":["{{x}}",12992700,138954],"chl_oc3\/23.2.3":["{{x}}",13131654,2132446],"chl_oc3\/23.2.4":["{{x}}",15264100,835623],"chl_oc3\/23.3.0":["{{x}}",16099723,59762],"chl_oc3\/23.3.1":["{{x}}",16159485,3026818],"chl_oc3\/23.3.2":["{{x}}",19186303,2099958],"chl_oc3\/23.3.3":["{{x}}",21286261,2305454],"chl_oc3\/23.3.4":["{{x}}",23591715,217587],"chl_oc3\/23.4.0":["{{x}}",23809302,10921],"chl_oc3\/23.4.1":["{{x}}",23820223,1629350],"chl_oc3\/23.4.2":["{{x}}",25449573,1770297],"chl_oc3\/23.4.3":["{{x}}",27219870,549962],"chl_oc3\/23.4.4":["{{x}}",27769832,372377],"chl_oc3\/24.0.0":["{{y}}",151221,807304],"chl_oc3\/24.0.1":["{{y}}",958525,490108],"chl_oc3\/24.0.2":["{{y}}",1448633,413586],"chl_oc3\/24.0.3":["{{y}}",1862219,126188],"chl_oc3\/24.0.4":["{{y}}",1988407,493391],"chl_oc3\/24.1.0":["{{y}}",2481798,2760293],"chl_oc3\/24.1.1":["{{y}}",5242091,3305084],"chl_oc3\/24.1.2":["{{y}}",8547175,1549413],"chl_oc3\/24.1.3":["{{y}}",10096588,488870],"chl_oc3\/24.1.4":["{{y}}",10585458,2420352],"chl_oc3\/24.2.0":["{{y}}",13005810,3193767],"chl_oc3\/24.2.1":["{{y}}",16199577,1635710],"chl_oc3\/24.2.2":["{{y}}",17835287,111482],"chl_oc3\/24.2.3":["{{y}}",17946769,984666],"chl_oc3\/24.2.4":["{{y}}",18931435,4584081],"chl_oc3\/24.3.0":["{{y}}",23515516,1146019],"chl_oc3\/24.3.1":["{{y}}",24661535,518584],"chl_oc3\/24.3.2":["{{y}}",25180119,1561479],"chl_oc3\/24.3.3":["{{y}}",26741598,3001284],"chl_oc3\/24.3.4":["{{y}}",29742882,1637015],"chl_oc3\/24.4.0":["{{y}}",31379897,115858],"chl_oc3\/24.4.1":["{{y}}",31495755,538417],"chl_oc3\/24.4.2":["{{y}}",32034172,1079866],"chl_oc3\/24.4.3":["{{y}}",33114038,678127],"chl_oc3\/24.4.4":["{{y}}",33792165,551482],"chl_oc3\/25.0.0":["{{z}}",151221,280207],"chl_oc3\/25.0.1":["{{z}}",431428,584656],"chl_oc3\/25.0.2":["{{z}}",1016084,1310565],"chl_oc3\/25.0.3":["{{z}}",2326649,563510],"chl_oc3\/25.0.4":["{{z}}",2890159,10921],"chl_oc3\/25.1.0":["{{z}}",2901080,401257],"chl_oc3\/25.1.1":["{{z}}",3302337,4119758],"chl_oc3\/25.1.2":["{{z}}",7422095,1705849],"chl_oc3\/25.1.3":["{{z}}",9127944,400415],"chl_oc3\/25.1.4":["{{z}}",9528359,80746],"chl_oc3\/25.2.0":["{{z}}",9609105,85826],"chl_oc3\/25.2.1":["{{z}}",9694931,4203718],"chl_oc3\/25.2.2":["{{z}}",13898649,25812],"chl_oc3\/25.2.3":["{{z}}",13924461,1238651],"chl_oc3\/25.2.4":["{{z}}",15163112,2568888],"chl_oc3\/25.3.0":["{{z}}",17732000,10921],"chl_oc3\/25.3.1":["{{z}}",17742921,1084066],"chl_oc3\/25.3.2":["{{z}}",18826987,1206095],"chl_oc3\/25.3.3":["{{z}}",20033082,679398],"chl_oc3\/25.3.4":["{{z}}",20712480,2586514],"chl_oc3\/25.4.0":["{{z}}",23298994,10921],"chl_oc3\/25.4.1":["{{z}}",23309915,303315],"chl_oc3\/25.4.2":["{{z}}",23613230,620428],"chl_oc3\/25.4.3":["{{z}}",24233658,882684],"chl_oc3\/25.4.4":["{{z}}",25116342,1045873],"chl_oc3\/26.0.0":["{{A}}",151221,750303],"chl_oc3\/26.0.1":["{{A}}",901524,275021],"chl_oc3\/26.0.2":["{{A}}",1176545,949321],"chl_oc3\/26.0.3":["{{A}}",2125866,1439619],"chl_oc3\/26.0.4":["{{A}}",3565485,230499],"chl_oc3\/26.1.0":["{{A}}",3795984,2389404],"chl_oc3\/26.1.1":["{{A}}",6185388,2250894],"chl_oc3\/26.1.2":["{{A}}",8436282,1342921],"chl_oc3\/26.1.3":["{{A}}",9779203,541493],"chl_oc3\/26.1.4":["{{A}}",10320696,1464180],"chl_oc3\/26.2.0":["{{A}}",11784876,2381364],"chl_oc3\/26.2.1":["{{A}}",14166240,2416567],"chl_oc3\/26.2.2":["{{A}}",16582807,142417],"chl_oc3\/26.2.3":["{{A}}",16725224,658546],"chl_oc3\/26.2.4":["{{A}}",17383770,3927055],"chl_oc3\/26.3.0":["{{A}}",21310825,1409028],"chl_oc3\/26.3.1":["{{A}}",22719853,2142430],"chl_oc3\/26.3.2":["{{A}}",24862283,961418],"chl_oc3\/26.3.3":["{{A}}",25823701,1366247],"chl_oc3\/26.3.4":["{{A}}",27189948,298538],"chl_oc3\/26.4.0":["{{A}}",27488486,25571],"chl_oc3\/26.4.1":["{{A}}",27514057,2484537],"chl_oc3\/26.4.2":["{{A}}",29998594,703926],"chl_oc3\/26.4.3":["{{A}}",30702520,713622],"chl_oc3\/26.4.4":["{{A}}",31416142,350252],"chl_oc3\/27.0.0":["{{B}}",151221,66995],"chl_oc3\/27.0.1":["{{B}}",218216,192490],"chl_oc3\/27.0.2":["{{B}}",410706,2226950],"chl_oc3\/27.0.3":["{{B}}",2637656,102410],"chl_oc3\/27.0.4":["{{B}}",2740066,24421],"chl_oc3\/27.1.0":["{{B}}",2764487,24867],"chl_oc3\/27.1.1":["{{B}}",2789354,3922521],"chl_oc3\/27.1.2":["{{B}}",6711875,532287],"chl_oc3\/27.1.3":["{{B}}",7244162,690371],"chl_oc3\/27.1.4":["{{B}}",7934533,236971],"chl_oc3\/27.2.0":["{{B}}",8171504,10921],"chl_oc3\/27.2.1":["{{B}}",8182425,2942831],"chl_oc3\/27.2.2":["{{B}}",11125256,12479],"chl_oc3\/27.2.3":["{{B}}",11137735,1857337],"chl_oc3\/27.2.4":["{{B}}",12995072,3076062],"chl_oc3\/27.3.0":["{{B}}",16071134,12623],"chl_oc3\/27.3.1":["{{B}}",16083757,2395352],"chl_oc3\/27.3.2":["{{B}}",18479109,1491683],"chl_oc3\/27.3.3":["{{B}}",19970792,1114473],"chl_oc3\/27.3.4":["{{B}}",21085265,2692721],"chl_oc3\/27.4.0":["{{B}}",23777986,650417],"chl_oc3\/27.4.1":["{{B}}",24428403,1186119],"chl_oc3\/27.4.2":["{{B}}",25614522,1974864],"chl_oc3\/27.4.3":["{{B}}",27589386,887327],"chl_oc3\/27.4.4":["{{B}}",28476713,437405],"chl_oc3\/28.0.0":["{{C}}",151221,57988],"chl_oc3\/28.0.1":["{{C}}",209209,24119],"chl_oc3\/28.0.2":["{{C}}",233328,1030284],"chl_oc3\/28.0.3":["{{C}}",1263612,836840],"chl_oc3\/28.0.4":["{{C}}",2100452,1151674],"chl_oc3\/28.1.0":["{{C}}",3252126,1754149],"chl_oc3\/28.1.1":["{{C}}",5006275,1994950],"chl_oc3\/28.1.2":["{{C}}",7001225,1350203],"chl_oc3\/28.1.3":["{{C}}",8351428,1757983],"chl_oc3\/28.1.4":["{{C}}",10109411,1112507],"chl_oc3\/28.2.0":["{{C}}",11221918,593739],"chl_oc3\/28.2.1":["{{C}}",11815657,1728832],"chl_oc3\/28.2.2":["{{C}}",13544489,42281],"chl_oc3\/28.2.3":["{{C}}",13586770,2704561],"chl_oc3\/28.2.4":["{{C}}",16291331,683184],"chl_oc3\/28.3.0":["{{C}}",16974515,217544],"chl_oc3\/28.3.1":["{{C}}",17192059,1364048],"chl_oc3\/28.3.2":["{{C}}",18556107,2309982],"chl_oc3\/28.3.3":["{{C}}",20866089,2577849],"chl_oc3\/28.3.4":["{{C}}",23443938,992444],"chl_oc3\/28.4.0":["{{C}}",24436382,31587],"chl_oc3\/28.4.1":["{{C}}",24467969,189902],"chl_oc3\/28.4.2":["{{C}}",24657871,1827433],"chl_oc3\/28.4.3":["{{C}}",26485304,1101728],"chl_oc3\/28.4.4":["{{C}}",27587032,477415],"chl_oc3\/29.0.0":["{{D}}",151221,198538],"chl_oc3\/29.0.1":["{{D}}",349759,292818],"chl_oc3\/29.0.2":["{{D}}",642577,418433],"chl_oc3\/29.0.3":["{{D}}",1061010,348975],"chl_oc3\/29.0.4":["{{D}}",1409985,1497181],"chl_oc3\/29.1.0":["{{D}}",2907166,2833042],"chl_oc3\/29.1.1":["{{D}}",5740208,2878803],"chl_oc3\/29.1.2":["{{D}}",8619011,865328],"chl_oc3\/29.1.3":["{{D}}",9484339,640051],"chl_oc3\/29.1.4":["{{D}}",10124390,535343],"chl_oc3\/29.2.0":["{{D}}",10659733,3937252],"chl_oc3\/29.2.1":["{{D}}",14596985,2522515],"chl_oc3\/29.2.2":["{{D}}",17119500,98094],"chl_oc3\/29.2.3":["{{D}}",17217594,1913594],"chl_oc3\/29.2.4":["{{D}}",19131188,4000151],"chl_oc3\/29.3.0":["{{D}}",23131339,481806],"chl_oc3\/29.3.1":["{{D}}",23613145,1557646],"chl_oc3\/29.3.2":["{{D}}",25170791,1636595],"chl_oc3\/29.3.3":["{{D}}",26807386,1621578],"chl_oc3\/29.3.4":["{{D}}",28428964,3039783],"chl_oc3\/29.4.0":["{{D}}",31468747,132001],"chl_oc3\/29.4.1":["{{D}}",31600748,316263],"chl_oc3\/29.4.2":["{{D}}",31917011,1094323],"chl_oc3\/29.4.3":["{{D}}",33011334,442024],"chl_oc3\/29.4.4":["{{D}}",33453358,390244]}}