{"version":1,"templates":{"a":"s3:\/\/imos-data\/IMOS\/SRS\/OC\/gridded\/aqua\/P1D\/2009\/12\/A.P1D.20091201T053000Z.aust.chl_gsm.nc","b":"s3:\/\/imos-data\/IMOS\/SRS\/OC\/gridded\/aqua\/P1D\/2009\/12\/A.P1D.20091202T053000Z.aust.chl_gsm.nc","c":"s3:\/\/imos-data\/IMOS\/SRS\/OC\/gridded\/aqua\/P1D\/2009\/12\/A.P1D.20091203T053000Z.aust.chl_gsm.nc","d":"s3:\/\/imos-data\/IMOS\/SRS\/OC\/gridded\/aqua\/P1D\/2009\/12\/A.P1D.20091204T053000Z.aust.chl_gsm.nc","e":"s3:\/\/imos-data\/IMOS\/SRS\/OC\/gridded\/aqua\/P1D\/2009\/12\/A.P1D.20091205T053000Z.aust.chl_gsm.nc","f":"s3:\/\/imos-data\/IMOS\/SRS\/OC\/gridded\/aqua\/P1D\/2009\/12\/A.P1D.20091206T053000Z.aust.chl_gsm.nc","g":"s3:\/\/imos-data\/IMOS\/SRS\/OC\/gridded\/aqua\/P1D\/2009\/12\/A.P1D.20091207T053000Z.aust.chl_gsm.nc","h":"s3:\/\/imos-data\/IMOS\/SRS\/OC\/gridded\/aqua\/P1D\/2009\/12\/A.P1D.20091208T053000Z.aust.chl_gsm.nc","i":"s3:\/\/imos-data\/IMOS\/SRS\/OC\/gridded\/aqua\/P1D\/2009\/12\/A.P1D.20091209T053000Z.aust.chl_gsm.nc","j":"s3:\/\/imos-data\/IMOS\/SRS\/OC\/gridded\/aqua\/P1D\/2009\/12\/A.P1D.20091210T053000Z.aust.chl_gsm.nc","k":"s3:\/\/imos-data\/IMOS\/SRS\/OC\/gridded\/aqua\/P1D\/2009\/12\/A.P1D.20091211T053000Z.aust.chl_gsm.nc","l":"s3:\/\/imos-data\/IMOS\/SRS\/OC\/gridded\/aqua\/P1D\/2009\/12\/A.P1D.20091212T053000Z.aust.chl_gsm.nc","m":"s3:\/\/imos-data\/IMOS\/SRS\/OC\/gridded\/aqua\/P1D\/2009\/12\/A.P1D.20091213T053000Z.aust.chl_gsm.nc","n":"s3:\/\/imos-data\/IMOS\/SRS\/OC\/gridded\/aqua\/P1D\/2009\/12\/A.P1D.20091214T053000Z.aust.chl_gsm.nc","o":"s3:\/\/imos-data\/IMOS\/SRS\/OC\/gridded\/aqua\/P1D\/2009\/12\/A.P1D.20091215T053000Z.aust.chl_gsm.nc","p":"s3:\/\/imos-data\/IMOS\/SRS\/OC\/gridded\/aqua\/P1D\/2009\/12\/A.P1D.20091216T053000Z.aust.chl_gsm.nc","q":"s3:\/\/imos-data\/IMOS\/SRS\/OC\/gridded\/aqua\/P1D\/2009\/12\/A.P1D.20091217T053000Z.aust.chl_gsm.nc","r":"s3:\/\/imos-data\/IMOS\/SRS\/OC\/gridded\/aqua\/P1D\/2009\/12\/A.P1D.20091218T053000Z.aust.chl_gsm.nc","s":"s3:\/\/imos-data\/IMOS\/SRS\/OC\/gridded\/aqua\/P1D\/2009\/12\/A.P1D.20091219T053000Z.aust.chl_gsm.nc","t":"s3:\/\/imos-data\/IMOS\/SRS\/OC\/gridded\/aqua\/P1D\/2009\/12\/A.P1D.20091220T053000Z.aust.chl_gsm.nc","u":"s3:\/\/imos-data\/IMOS\/SRS\/OC\/gridded\/aqua\/P1D\/2009\/12\/A.P1D.20091221T053000Z.aust.chl_gsm.nc","v":"s3:\/\/imos-data\/IMOS\/SRS\/OC\/gridded\/aqua\/P1D\/2009\/12\/A.P1D.20091222T053000Z.aust.chl_gsm.nc","w":"s3:\/\/imos-data\/IMOS\/SRS\/OC\/gridded\/aqua\/P1D\/2009\/12\/A.P1D.20091223T053000Z.aust.chl_gsm.nc","x":"s3:\/\/imos-data\/IMOS\/SRS\/OC\/gridded\/aqua\/P1D\/2009\/12\/A.P1D.20091224T053000Z.aust.chl_gsm.nc","y":"s3:\/\/imos-data\/IMOS\/SRS\/OC\/gridded\/aqua\/P1D\/2009\/12\/A.P1D.20091225T053000Z.aust.chl_gsm.nc","z":"s3:\/\/imos-data\/IMOS\/SRS\/OC\/gridded\/aqua\/P1D\/2009\/12\/A.P1D.20091226T053000Z.aust.chl_gsm.nc","A":"s3:\/\/imos-data\/IMOS\/SRS\/OC\/gridded\/aqua\/P1D\/2009\/12\/A.P1D.20091227T053000Z.aust.chl_gsm.nc","B":"s3:\/\/imos-data\/IMOS\/SRS\/OC\/gridded\/aqua\/P1D\/2009\/12\/A.P1D.20091228T053000Z.aust.chl_gsm.nc","C":"s3:\/\/imos-data\/IMOS\/SRS\/OC\/gridded\/aqua\/P1D\/2009\/12\/A.P1D.20091229T053000Z.aust.chl_gsm.nc","D":"s3:\/\/imos-data\/IMOS\/SRS\/OC\/gridded\/aqua\/P1D\/2009\/12\/A.P1D.20091230T053000Z.aust.chl_gsm.nc","E":"s3:\/\/imos-data\/IMOS\/SRS\/OC\/gridded\/aqua\/P1D\/2009\/12\/A.P1D.20091231T053000Z.aust.chl_gsm.nc"},"refs":{".zgroup":"{\"zarr_format\":2}",".zattrs":"{\"Conventions\":\"CF-1.6\",\"_NCProperties\":\"version=1|netcdflibversion=4.6.1|hdf5libversion=1.10.4\",\"_nc3_strict\":1,\"history\":\"File initialised at 2020-08-06T02:54:23.976967\\nInitialised var chl_gsm at 2020-08-06T02:54:43.420040\\nAdd Granule A20091201_0255.20190920163244.L2OC_BASE.chl_gsm.nc at 2020-08-06T02:54:44.247464\\nAdd Granule A20091201_0300.20190920164152.L2OC_BASE.chl_gsm.nc at 2020-08-06T02:54:44.440373\\nAdd Granule A20091201_0305.20190920162515.L2OC_BASE.chl_gsm.nc at 2020-08-06T02:54:44.651160\\nAdd Granule A20091201_0310.20190920171736.L2OC_BASE.chl_gsm.nc at 2020-08-06T02:54:44.858218\\nAdd Granule A20091201_0315.20190920170005.L2OC_BASE.chl_gsm.nc at 2020-08-06T02:54:45.041628\\nAdd Granule A20091201_0435.20190920173534.L2OC_BASE.chl_gsm.nc at 2020-08-06T02:54:45.255207\\nAdd Granule A20091201_0440.20190920170420.L2OC_BASE.chl_gsm.nc at 2020-08-06T02:54:45.501146\\nAdd Granule A20091201_0445.20190920172333.L2OC_BASE.chl_gsm.nc at 2020-08-06T02:54:45.689059\\nAdd Granule A20091201_0450.20190920174022.L2OC_BASE.chl_gsm.nc at 2020-08-06T02:54:45.863336\\nAdd Granule A20091201_0455.20190920161942.L2OC_BASE.chl_gsm.nc at 2020-08-06T02:54:45.983567\\nAdd Granule A20091201_0615.20190920164708.L2OC_BASE.chl_gsm.nc at 2020-08-06T02:54:46.222013\\nAdd Granule A20091201_0620.20190920171025.L2OC_BASE.chl_gsm.nc at 2020-08-06T02:54:46.483502\\nAdd Granule A20091201_0625.20190920165210.L2OC_BASE.chl_gsm.nc at 2020-08-06T02:54:46.671087\\nAdd Granule A20091201_0630.20190920172647.L2OC_BASE.chl_gsm.nc at 2020-08-06T02:54:46.841416\\nAdd Granule A20091201_0755.20190920163704.L2OC_BASE.chl_gsm.nc at 2020-08-06T02:54:47.091278\",\"source_path\":\"imos-srs\\\/archive\\\/oc\\\/aqua\\\/1d\\\/v201909\\\/2009\\\/12\\\/A20091201.L2OC_BASE.aust.chl_gsm.nc\"}","latitude\/.zarray":"{\n    \"chunks\": [\n        7001\n    ],\n    \"compressor\": null,\n    \"dtype\": \"<f8\",\n    \"fill_value\": 9.969209968386869e+36,\n    \"filters\": null,\n    \"order\": \"C\",\n    \"shape\": [\n        7001\n    ],\n    \"zarr_format\": 2\n}","latitude\/.zattrs":"{\n    \"NAME\": \"latitude\",\n    \"_ARRAY_DIMENSIONS\": [\n        \"latitude\"\n    ],\n    \"_Netcdf4Dimid\": 1,\n    \"axis\": \"Y\",\n    \"long_name\": \"latitude\",\n    \"standard_name\": \"latitude\",\n    \"units\": \"degrees_north\"\n}","latitude\/0":["{{a}}",2392,56008],"chl_gsm\/.zarray":"{\"chunks\":[1,1401,2001],\"compressor\":{\"id\":\"zlib\",\"level\":4},\"dtype\":\"<f4\",\"fill_value\":-999.0,\"filters\":[{\"elementsize\":4,\"id\":\"shuffle\"}],\"order\":\"C\",\"shape\":[31,7001,10001],\"zarr_format\":2}","chl_gsm\/.zattrs":"{\"_ARRAY_DIMENSIONS\":[\"time\",\"latitude\",\"longitude\"],\"flag_applied\":\"HISATZEN LAND CLDICE NAVFAIL\",\"long_name\":\"Chlorophyll Concentration, GSM model\",\"units\":\"mg\\\/m^3\"}","longitude\/.zarray":"{\n    \"chunks\": [\n        10001\n    ],\n    \"compressor\": null,\n    \"dtype\": \"<f8\",\n    \"fill_value\": 9.969209968386869e+36,\n    \"filters\": null,\n    \"order\": \"C\",\n    \"shape\": [\n        10001\n    ],\n    \"zarr_format\": 2\n}","longitude\/.zattrs":"{\n    \"NAME\": \"longitude\",\n    \"_ARRAY_DIMENSIONS\": [\n        \"longitude\"\n    ],\n    \"_Netcdf4Dimid\": 2,\n    \"axis\": \"X\",\n    \"long_name\": \"longitude\",\n    \"standard_name\": \"longitude\",\n    \"units\": \"degrees_east\"\n}","longitude\/0":["{{a}}",58400,80008],"time\/.zarray":"{\"chunks\":[31],\"compressor\":{\"blocksize\":0,\"clevel\":5,\"cname\":\"lz4\",\"id\":\"blosc\",\"shuffle\":1},\"dtype\":\"<M8[us]\",\"fill_value\":0,\"filters\":null,\"order\":\"C\",\"shape\":[31],\"zarr_format\":2}","time\/0":"base64:AgExCPgAAAD4AAAArwAAABQAAACXAAAAHwABAAv7ASaG5kamBmbGJobmRqYGZsYQAPRYnHNKIvnRqH9XLgXdtIxjOhLpwJhvRx71zaR7UyoC2QwqSGaDob\/d+xk3VHKQrszqByVDYX+dutj2FDJQboukuMzg9AgcMERZbYGVqb3R5foOIjZKXnKGmq\/D1+v\/eXl5eXl6enp6egUAGHsBAB8EAQALD9gAB1AAAAAAAA==","time\/.zattrs":"{\"NAME\":\"time\",\"_ARRAY_DIMENSIONS\":[\"time\"],\"_Netcdf4Dimid\":0,\"axis\":\"T\",\"long_name\":\"time\",\"standard_name\":\"time\"}","chl_gsm\/0.0.0":["{{a}}",151217,31340],"chl_gsm\/0.0.1":["{{a}}",182557,185484],"chl_gsm\/0.0.2":["{{a}}",368041,1108235],"chl_gsm\/0.0.3":["{{a}}",1476276,186120],"chl_gsm\/0.0.4":["{{a}}",1662396,11265],"chl_gsm\/0.1.0":["{{a}}",1673661,12894],"chl_gsm\/0.1.1":["{{a}}",1686555,2345619],"chl_gsm\/0.1.2":["{{a}}",4032174,2106118],"chl_gsm\/0.1.3":["{{a}}",6138292,1360396],"chl_gsm\/0.1.4":["{{a}}",7498688,808972],"chl_gsm\/0.2.0":["{{a}}",8307660,10921],"chl_gsm\/0.2.1":["{{a}}",8318581,2329187],"chl_gsm\/0.2.2":["{{a}}",10647768,39535],"chl_gsm\/0.2.3":["{{a}}",10687303,563831],"chl_gsm\/0.2.4":["{{a}}",11251134,2524702],"chl_gsm\/0.3.0":["{{a}}",13775836,55391],"chl_gsm\/0.3.1":["{{a}}",13831227,2685545],"chl_gsm\/0.3.2":["{{a}}",16516772,1396253],"chl_gsm\/0.3.3":["{{a}}",17913025,1390359],"chl_gsm\/0.3.4":["{{a}}",19303384,859566],"chl_gsm\/0.4.0":["{{a}}",20162950,429460],"chl_gsm\/0.4.1":["{{a}}",20592410,2094785],"chl_gsm\/0.4.2":["{{a}}",22687195,334434],"chl_gsm\/0.4.3":["{{a}}",23021629,1917879],"chl_gsm\/0.4.4":["{{a}}",24939508,1341857],"chl_gsm\/1.0.0":["{{b}}",151217,10921],"chl_gsm\/1.0.1":["{{b}}",162138,196931],"chl_gsm\/1.0.2":["{{b}}",359069,1060849],"chl_gsm\/1.0.3":["{{b}}",1419918,1003826],"chl_gsm\/1.0.4":["{{b}}",2423744,325921],"chl_gsm\/1.1.0":["{{b}}",2749665,659775],"chl_gsm\/1.1.1":["{{b}}",3409440,1202524],"chl_gsm\/1.1.2":["{{b}}",4611964,1272917],"chl_gsm\/1.1.3":["{{b}}",5884881,1546105],"chl_gsm\/1.1.4":["{{b}}",7430986,1842054],"chl_gsm\/1.2.0":["{{b}}",9273040,644938],"chl_gsm\/1.2.1":["{{b}}",9917978,2117281],"chl_gsm\/1.2.2":["{{b}}",12035259,19781],"chl_gsm\/1.2.3":["{{b}}",12055040,1692026],"chl_gsm\/1.2.4":["{{b}}",13747066,93496],"chl_gsm\/1.3.0":["{{b}}",13840562,468791],"chl_gsm\/1.3.1":["{{b}}",14309353,1503163],"chl_gsm\/1.3.2":["{{b}}",15812516,2704229],"chl_gsm\/1.3.3":["{{b}}",18516745,1849311],"chl_gsm\/1.3.4":["{{b}}",20366056,309404],"chl_gsm\/1.4.0":["{{b}}",20675460,10921],"chl_gsm\/1.4.1":["{{b}}",20686381,529906],"chl_gsm\/1.4.2":["{{b}}",21216287,3035859],"chl_gsm\/1.4.3":["{{b}}",24252146,1058835],"chl_gsm\/1.4.4":["{{b}}",25310981,465319],"chl_gsm\/2.0.0":["{{c}}",151217,25405],"chl_gsm\/2.0.1":["{{c}}",176622,1280464],"chl_gsm\/2.0.2":["{{c}}",1457086,1544183],"chl_gsm\/2.0.3":["{{c}}",3001269,478751],"chl_gsm\/2.0.4":["{{c}}",3480020,142973],"chl_gsm\/2.1.0":["{{c}}",3622993,10921],"chl_gsm\/2.1.1":["{{c}}",3633914,2241118],"chl_gsm\/2.1.2":["{{c}}",5875032,1632439],"chl_gsm\/2.1.3":["{{c}}",7507471,443611],"chl_gsm\/2.1.4":["{{c}}",7951082,1049815],"chl_gsm\/2.2.0":["{{c}}",9000897,10921],"chl_gsm\/2.2.1":["{{c}}",9011818,969430],"chl_gsm\/2.2.2":["{{c}}",9981248,107863],"chl_gsm\/2.2.3":["{{c}}",10089111,615018],"chl_gsm\/2.2.4":["{{c}}",10704129,1766474],"chl_gsm\/2.3.0":["{{c}}",12470603,381978],"chl_gsm\/2.3.1":["{{c}}",12852581,1083658],"chl_gsm\/2.3.2":["{{c}}",13936239,3072683],"chl_gsm\/2.3.3":["{{c}}",17008922,1718862],"chl_gsm\/2.3.4":["{{c}}",18727784,2106557],"chl_gsm\/2.4.0":["{{c}}",20834341,1395798],"chl_gsm\/2.4.1":["{{c}}",22230139,1393777],"chl_gsm\/2.4.2":["{{c}}",23623916,1647919],"chl_gsm\/2.4.3":["{{c}}",25271835,1362720],"chl_gsm\/2.4.4":["{{c}}",26634555,1275348],"chl_gsm\/3.0.0":["{{d}}",151217,819174],"chl_gsm\/3.0.1":["{{d}}",970391,820559],"chl_gsm\/3.0.2":["{{d}}",1790950,2615747],"chl_gsm\/3.0.3":["{{d}}",4406697,1700559],"chl_gsm\/3.0.4":["{{d}}",6107256,395670],"chl_gsm\/3.1.0":["{{d}}",6502926,219151],"chl_gsm\/3.1.1":["{{d}}",6722077,2182027],"chl_gsm\/3.1.2":["{{d}}",8904104,1688828],"chl_gsm\/3.1.3":["{{d}}",10592932,745814],"chl_gsm\/3.1.4":["{{d}}",11338746,234106],"chl_gsm\/3.2.0":["{{d}}",11572852,415792],"chl_gsm\/3.2.1":["{{d}}",11988644,1393153],"chl_gsm\/3.2.2":["{{d}}",13381797,53038],"chl_gsm\/3.2.3":["{{d}}",13434835,2451882],"chl_gsm\/3.2.4":["{{d}}",15886717,853996],"chl_gsm\/3.3.0":["{{d}}",16740713,466117],"chl_gsm\/3.3.1":["{{d}}",17206830,1779672],"chl_gsm\/3.3.2":["{{d}}",18986502,1425201],"chl_gsm\/3.3.3":["{{d}}",20411703,1489231],"chl_gsm\/3.3.4":["{{d}}",21900934,1639636],"chl_gsm\/3.4.0":["{{d}}",23540570,81820],"chl_gsm\/3.4.1":["{{d}}",23622390,1196221],"chl_gsm\/3.4.2":["{{d}}",24818611,2204083],"chl_gsm\/3.4.3":["{{d}}",27022694,949589],"chl_gsm\/3.4.4":["{{d}}",27972283,853510],"chl_gsm\/4.0.0":["{{e}}",151217,10921],"chl_gsm\/4.0.1":["{{e}}",162138,1456486],"chl_gsm\/4.0.2":["{{e}}",1618624,2319113],"chl_gsm\/4.0.3":["{{e}}",3937737,1101373],"chl_gsm\/4.0.4":["{{e}}",5039110,616072],"chl_gsm\/4.1.0":["{{e}}",5655182,10921],"chl_gsm\/4.1.1":["{{e}}",5666103,1873060],"chl_gsm\/4.1.2":["{{e}}",7539163,882147],"chl_gsm\/4.1.3":["{{e}}",8421310,438222],"chl_gsm\/4.1.4":["{{e}}",8859532,215924],"chl_gsm\/4.2.0":["{{e}}",9075456,475283],"chl_gsm\/4.2.1":["{{e}}",9550739,642669],"chl_gsm\/4.2.2":["{{e}}",10193408,114960],"chl_gsm\/4.2.3":["{{e}}",10308368,821902],"chl_gsm\/4.2.4":["{{e}}",11130270,3027070],"chl_gsm\/4.3.0":["{{e}}",14157340,1239734],"chl_gsm\/4.3.1":["{{e}}",15397074,1127010],"chl_gsm\/4.3.2":["{{e}}",16524084,1483819],"chl_gsm\/4.3.3":["{{e}}",18007903,1627778],"chl_gsm\/4.3.4":["{{e}}",19635681,2381318],"chl_gsm\/4.4.0":["{{e}}",22016999,343296],"chl_gsm\/4.4.1":["{{e}}",22360295,883266],"chl_gsm\/4.4.2":["{{e}}",23243561,891492],"chl_gsm\/4.4.3":["{{e}}",24135053,614749],"chl_gsm\/4.4.4":["{{e}}",24749802,741292],"chl_gsm\/5.0.0":["{{f}}",151217,471490],"chl_gsm\/5.0.1":["{{f}}",622707,445162],"chl_gsm\/5.0.2":["{{f}}",1067869,2347042],"chl_gsm\/5.0.3":["{{f}}",3414911,1674377],"chl_gsm\/5.0.4":["{{f}}",5089288,10921],"chl_gsm\/5.1.0":["{{f}}",5100209,166099],"chl_gsm\/5.1.1":["{{f}}",5266308,707300],"chl_gsm\/5.1.2":["{{f}}",5973608,1667625],"chl_gsm\/5.1.3":["{{f}}",7641233,555068],"chl_gsm\/5.1.4":["{{f}}",8196301,35190],"chl_gsm\/5.2.0":["{{f}}",8231491,168122],"chl_gsm\/5.2.1":["{{f}}",8399613,1066164],"chl_gsm\/5.2.2":["{{f}}",9465777,35827],"chl_gsm\/5.2.3":["{{f}}",9501604,1499520],"chl_gsm\/5.2.4":["{{f}}",11001124,1765725],"chl_gsm\/5.3.0":["{{f}}",12766849,28764],"chl_gsm\/5.3.1":["{{f}}",12795613,2096839],"chl_gsm\/5.3.2":["{{f}}",14892452,1174539],"chl_gsm\/5.3.3":["{{f}}",16066991,1809289],"chl_gsm\/5.3.4":["{{f}}",17876280,2872443],"chl_gsm\/5.4.0":["{{f}}",20748723,10921],"chl_gsm\/5.4.1":["{{f}}",20759644,573961],"chl_gsm\/5.4.2":["{{f}}",21333605,1010348],"chl_gsm\/5.4.3":["{{f}}",22343953,2327229],"chl_gsm\/5.4.4":["{{f}}",24671182,861304],"chl_gsm\/6.0.0":["{{g}}",151217,10921],"chl_gsm\/6.0.1":["{{g}}",162138,1529071],"chl_gsm\/6.0.2":["{{g}}",1691209,2091292],"chl_gsm\/6.0.3":["{{g}}",3782501,1857819],"chl_gsm\/6.0.4":["{{g}}",5640320,706402],"chl_gsm\/6.1.0":["{{g}}",6346722,10921],"chl_gsm\/6.1.1":["{{g}}",6357643,1214703],"chl_gsm\/6.1.2":["{{g}}",7572346,1140295],"chl_gsm\/6.1.3":["{{g}}",8712641,589000],"chl_gsm\/6.1.4":["{{g}}",9301641,461885],"chl_gsm\/6.2.0":["{{g}}",9763526,788033],"chl_gsm\/6.2.1":["{{g}}",10551559,1363465],"chl_gsm\/6.2.2":["{{g}}",11915024,62605],"chl_gsm\/6.2.3":["{{g}}",11977629,1427116],"chl_gsm\/6.2.4":["{{g}}",13404745,2225720],"chl_gsm\/6.3.0":["{{g}}",15630465,1473710],"chl_gsm\/6.3.1":["{{g}}",17104175,1642539],"chl_gsm\/6.3.2":["{{g}}",18746714,1372352],"chl_gsm\/6.3.3":["{{g}}",20119066,2243412],"chl_gsm\/6.3.4":["{{g}}",22362478,3774597],"chl_gsm\/6.4.0":["{{g}}",26137075,1066583],"chl_gsm\/6.4.1":["{{g}}",27203658,1500898],"chl_gsm\/6.4.2":["{{g}}",28704556,1765418],"chl_gsm\/6.4.3":["{{g}}",30469974,2455477],"chl_gsm\/6.4.4":["{{g}}",32925451,1979044],"chl_gsm\/7.0.0":["{{h}}",151217,637008],"chl_gsm\/7.0.1":["{{h}}",788225,1691639],"chl_gsm\/7.0.2":["{{h}}",2479864,3360847],"chl_gsm\/7.0.3":["{{h}}",5840711,1404242],"chl_gsm\/7.0.4":["{{h}}",7244953,32362],"chl_gsm\/7.1.0":["{{h}}",7277315,11699],"chl_gsm\/7.1.1":["{{h}}",7289014,1623315],"chl_gsm\/7.1.2":["{{h}}",8912329,691956],"chl_gsm\/7.1.3":["{{h}}",9604285,983036],"chl_gsm\/7.1.4":["{{h}}",10587321,134558],"chl_gsm\/7.2.0":["{{h}}",10721879,18780],"chl_gsm\/7.2.1":["{{h}}",10740659,2299101],"chl_gsm\/7.2.2":["{{h}}",13039760,19166],"chl_gsm\/7.2.3":["{{h}}",13058926,741265],"chl_gsm\/7.2.4":["{{h}}",13800191,2160645],"chl_gsm\/7.3.0":["{{h}}",15960836,10921],"chl_gsm\/7.3.1":["{{h}}",15971757,1598248],"chl_gsm\/7.3.2":["{{h}}",17570005,698131],"chl_gsm\/7.3.3":["{{h}}",18268136,903410],"chl_gsm\/7.3.4":["{{h}}",19171546,2760767],"chl_gsm\/7.4.0":["{{h}}",21932313,350425],"chl_gsm\/7.4.1":["{{h}}",22282738,290694],"chl_gsm\/7.4.2":["{{h}}",22573432,658198],"chl_gsm\/7.4.3":["{{h}}",23231630,3018243],"chl_gsm\/7.4.4":["{{h}}",26249873,3957205],"chl_gsm\/8.0.0":["{{i}}",151217,10921],"chl_gsm\/8.0.1":["{{i}}",162138,1437171],"chl_gsm\/8.0.2":["{{i}}",1599309,2382075],"chl_gsm\/8.0.3":["{{i}}",3981384,2074322],"chl_gsm\/8.0.4":["{{i}}",6055706,650823],"chl_gsm\/8.1.0":["{{i}}",6706529,460059],"chl_gsm\/8.1.1":["{{i}}",7166588,815961],"chl_gsm\/8.1.2":["{{i}}",7982549,1537206],"chl_gsm\/8.1.3":["{{i}}",9519755,1423713],"chl_gsm\/8.1.4":["{{i}}",10943468,171219],"chl_gsm\/8.2.0":["{{i}}",11114687,458896],"chl_gsm\/8.2.1":["{{i}}",11573583,1522469],"chl_gsm\/8.2.2":["{{i}}",13096052,38024],"chl_gsm\/8.2.3":["{{i}}",13134076,2107653],"chl_gsm\/8.2.4":["{{i}}",15241729,572222],"chl_gsm\/8.3.0":["{{i}}",15813951,79605],"chl_gsm\/8.3.1":["{{i}}",15893556,1290598],"chl_gsm\/8.3.2":["{{i}}",17184154,2209247],"chl_gsm\/8.3.3":["{{i}}",19393401,2661222],"chl_gsm\/8.3.4":["{{i}}",22054623,680332],"chl_gsm\/8.4.0":["{{i}}",22734955,317562],"chl_gsm\/8.4.1":["{{i}}",23052517,14628],"chl_gsm\/8.4.2":["{{i}}",23067145,1034320],"chl_gsm\/8.4.3":["{{i}}",24101465,2864192],"chl_gsm\/8.4.4":["{{i}}",26965657,1977167],"chl_gsm\/9.0.0":["{{j}}",151217,74328],"chl_gsm\/9.0.1":["{{j}}",225545,1952126],"chl_gsm\/9.0.2":["{{j}}",2177671,2547620],"chl_gsm\/9.0.3":["{{j}}",4725291,1705216],"chl_gsm\/9.0.4":["{{j}}",6430507,62234],"chl_gsm\/9.1.0":["{{j}}",6492741,10921],"chl_gsm\/9.1.1":["{{j}}",6503662,2282627],"chl_gsm\/9.1.2":["{{j}}",8786289,741281],"chl_gsm\/9.1.3":["{{j}}",9527570,677645],"chl_gsm\/9.1.4":["{{j}}",10205215,465046],"chl_gsm\/9.2.0":["{{j}}",10670261,10921],"chl_gsm\/9.2.1":["{{j}}",10681182,1676713],"chl_gsm\/9.2.2":["{{j}}",12357895,45868],"chl_gsm\/9.2.3":["{{j}}",12403763,494186],"chl_gsm\/9.2.4":["{{j}}",12897949,3457695],"chl_gsm\/9.3.0":["{{j}}",16355644,251118],"chl_gsm\/9.3.1":["{{j}}",16606762,1262502],"chl_gsm\/9.3.2":["{{j}}",17869264,2117439],"chl_gsm\/9.3.3":["{{j}}",19986703,1832836],"chl_gsm\/9.3.4":["{{j}}",21819539,1621635],"chl_gsm\/9.4.0":["{{j}}",23441174,1130703],"chl_gsm\/9.4.1":["{{j}}",24571877,957174],"chl_gsm\/9.4.2":["{{j}}",25529051,214352],"chl_gsm\/9.4.3":["{{j}}",25743403,2448379],"chl_gsm\/9.4.4":["{{j}}",28191782,2323617],"chl_gsm\/10.0.0":["{{k}}",151217,153288],"chl_gsm\/10.0.1":["{{k}}",304505,919217],"chl_gsm\/10.0.2":["{{k}}",1223722,3058049],"chl_gsm\/10.0.3":["{{k}}",4281771,2079294],"chl_gsm\/10.0.4":["{{k}}",6361065,663604],"chl_gsm\/10.1.0":["{{k}}",7024669,367063],"chl_gsm\/10.1.1":["{{k}}",7391732,1173056],"chl_gsm\/10.1.2":["{{k}}",8564788,537068],"chl_gsm\/10.1.3":["{{k}}",9101856,1335115],"chl_gsm\/10.1.4":["{{k}}",10436971,54726],"chl_gsm\/10.2.0":["{{k}}",10491697,352792],"chl_gsm\/10.2.1":["{{k}}",10844489,3996474],"chl_gsm\/10.2.2":["{{k}}",14840963,50402],"chl_gsm\/10.2.3":["{{k}}",14891365,2077036],"chl_gsm\/10.2.4":["{{k}}",16968401,220906],"chl_gsm\/10.3.0":["{{k}}",17189307,316664],"chl_gsm\/10.3.1":["{{k}}",17505971,2551812],"chl_gsm\/10.3.2":["{{k}}",20057783,1489417],"chl_gsm\/10.3.3":["{{k}}",21547200,1955576],"chl_gsm\/10.3.4":["{{k}}",23502776,370595],"chl_gsm\/10.4.0":["{{k}}",23873371,467145],"chl_gsm\/10.4.1":["{{k}}",24340516,2030492],"chl_gsm\/10.4.2":["{{k}}",26371008,897206],"chl_gsm\/10.4.3":["{{k}}",27268214,2437662],"chl_gsm\/10.4.4":["{{k}}",29705876,1171008],"chl_gsm\/11.0.0":["{{l}}",151217,10921],"chl_gsm\/11.0.1":["{{l}}",162138,2224852],"chl_gsm\/11.0.2":["{{l}}",2386990,3734833],"chl_gsm\/11.0.3":["{{l}}",6121823,1632693],"chl_gsm\/11.0.4":["{{l}}",7754516,173442],"chl_gsm\/11.1.0":["{{l}}",7927958,10921],"chl_gsm\/11.1.1":["{{l}}",7938879,1952787],"chl_gsm\/11.1.2":["{{l}}",9891666,822971],"chl_gsm\/11.1.3":["{{l}}",10714637,1221306],"chl_gsm\/11.1.4":["{{l}}",11935943,303966],"chl_gsm\/11.2.0":["{{l}}",12239909,70293],"chl_gsm\/11.2.1":["{{l}}",12310202,1439533],"chl_gsm\/11.2.2":["{{l}}",13749735,79850],"chl_gsm\/11.2.3":["{{l}}",13829585,640405],"chl_gsm\/11.2.4":["{{l}}",14469990,2359653],"chl_gsm\/11.3.0":["{{l}}",16829643,1573642],"chl_gsm\/11.3.1":["{{l}}",18403285,2208595],"chl_gsm\/11.3.2":["{{l}}",20611880,1683601],"chl_gsm\/11.3.3":["{{l}}",22295481,1522109],"chl_gsm\/11.3.4":["{{l}}",23817590,2064145],"chl_gsm\/11.4.0":["{{l}}",25881735,1270317],"chl_gsm\/11.4.1":["{{l}}",27152052,2402885],"chl_gsm\/11.4.2":["{{l}}",29554937,1275931],"chl_gsm\/11.4.3":["{{l}}",30830868,1666034],"chl_gsm\/11.4.4":["{{l}}",32496902,2185457],"chl_gsm\/12.0.0":["{{m}}",151217,305869],"chl_gsm\/12.0.1":["{{m}}",457086,973413],"chl_gsm\/12.0.2":["{{m}}",1430499,3277664],"chl_gsm\/12.0.3":["{{m}}",4708163,2613559],"chl_gsm\/12.0.4":["{{m}}",7321722,10921],"chl_gsm\/12.1.0":["{{m}}",7332643,97595],"chl_gsm\/12.1.1":["{{m}}",7430238,2687281],"chl_gsm\/12.1.2":["{{m}}",10117519,690890],"chl_gsm\/12.1.3":["{{m}}",10808409,963789],"chl_gsm\/12.1.4":["{{m}}",11772198,115274],"chl_gsm\/12.2.0":["{{m}}",11887472,393724],"chl_gsm\/12.2.1":["{{m}}",12281196,2834321],"chl_gsm\/12.2.2":["{{m}}",15115517,27809],"chl_gsm\/12.2.3":["{{m}}",15143326,1956729],"chl_gsm\/12.2.4":["{{m}}",17100055,1415921],"chl_gsm\/12.3.0":["{{m}}",18515976,53810],"chl_gsm\/12.3.1":["{{m}}",18569786,2383088],"chl_gsm\/12.3.2":["{{m}}",20952874,1474985],"chl_gsm\/12.3.3":["{{m}}",22427859,2027369],"chl_gsm\/12.3.4":["{{m}}",24455228,2012138],"chl_gsm\/12.4.0":["{{m}}",26467366,67215],"chl_gsm\/12.4.1":["{{m}}",26534581,2735753],"chl_gsm\/12.4.2":["{{m}}",29270334,1005170],"chl_gsm\/12.4.3":["{{m}}",30275504,2421637],"chl_gsm\/12.4.4":["{{m}}",32697141,1597727],"chl_gsm\/13.0.0":["{{n}}",151217,10921],"chl_gsm\/13.0.1":["{{n}}",162138,422390],"chl_gsm\/13.0.2":["{{n}}",584528,3098418],"chl_gsm\/13.0.3":["{{n}}",3682946,2071821],"chl_gsm\/13.0.4":["{{n}}",5754767,381922],"chl_gsm\/13.1.0":["{{n}}",6136689,10921],"chl_gsm\/13.1.1":["{{n}}",6147610,1194062],"chl_gsm\/13.1.2":["{{n}}",7341672,493963],"chl_gsm\/13.1.3":["{{n}}",7835635,2066770],"chl_gsm\/13.1.4":["{{n}}",9902405,945239],"chl_gsm\/13.2.0":["{{n}}",10847644,1013890],"chl_gsm\/13.2.1":["{{n}}",11861534,1854366],"chl_gsm\/13.2.2":["{{n}}",13715900,128173],"chl_gsm\/13.2.3":["{{n}}",13844073,617890],"chl_gsm\/13.2.4":["{{n}}",14461963,3638072],"chl_gsm\/13.3.0":["{{n}}",18100035,1711267],"chl_gsm\/13.3.1":["{{n}}",19811302,1648902],"chl_gsm\/13.3.2":["{{n}}",21460204,2163429],"chl_gsm\/13.3.3":["{{n}}",23623633,2167617],"chl_gsm\/13.3.4":["{{n}}",25791250,3188205],"chl_gsm\/13.4.0":["{{n}}",28979455,1056857],"chl_gsm\/13.4.1":["{{n}}",30036312,3099487],"chl_gsm\/13.4.2":["{{n}}",33135799,2771537],"chl_gsm\/13.4.3":["{{n}}",35907336,1088384],"chl_gsm\/13.4.4":["{{n}}",36995720,2055403],"chl_gsm\/14.0.0":["{{o}}",151217,451383],"chl_gsm\/14.0.1":["{{o}}",602600,667701],"chl_gsm\/14.0.2":["{{o}}",1270301,3329529],"chl_gsm\/14.0.3":["{{o}}",4599830,1538759],"chl_gsm\/14.0.4":["{{o}}",6138589,90717],"chl_gsm\/14.1.0":["{{o}}",6229306,575915],"chl_gsm\/14.1.1":["{{o}}",6805221,1607152],"chl_gsm\/14.1.2":["{{o}}",8412373,863787],"chl_gsm\/14.1.3":["{{o}}",9276160,1826046],"chl_gsm\/14.1.4":["{{o}}",11102206,732184],"chl_gsm\/14.2.0":["{{o}}",11834390,274531],"chl_gsm\/14.2.1":["{{o}}",12108921,2593431],"chl_gsm\/14.2.2":["{{o}}",14702352,11496],"chl_gsm\/14.2.3":["{{o}}",14713848,862194],"chl_gsm\/14.2.4":["{{o}}",15576042,1687368],"chl_gsm\/14.3.0":["{{o}}",17263410,15212],"chl_gsm\/14.3.1":["{{o}}",17278622,2154182],"chl_gsm\/14.3.2":["{{o}}",19432804,1518082],"chl_gsm\/14.3.3":["{{o}}",20950886,2427363],"chl_gsm\/14.3.4":["{{o}}",23378249,2055438],"chl_gsm\/14.4.0":["{{o}}",25433687,10921],"chl_gsm\/14.4.1":["{{o}}",25444608,1963984],"chl_gsm\/14.4.2":["{{o}}",27408592,833440],"chl_gsm\/14.4.3":["{{o}}",28242032,1301681],"chl_gsm\/14.4.4":["{{o}}",29543713,2129506],"chl_gsm\/15.0.0":["{{p}}",151217,10921],"chl_gsm\/15.0.1":["{{p}}",162138,336117],"chl_gsm\/15.0.2":["{{p}}",498255,1867308],"chl_gsm\/15.0.3":["{{p}}",2365563,2526881],"chl_gsm\/15.0.4":["{{p}}",4892444,682066],"chl_gsm\/15.1.0":["{{p}}",5574510,408903],"chl_gsm\/15.1.1":["{{p}}",5983413,676531],"chl_gsm\/15.1.2":["{{p}}",6659944,201661],"chl_gsm\/15.1.3":["{{p}}",6861605,1628543],"chl_gsm\/15.1.4":["{{p}}",8490148,1779450],"chl_gsm\/15.2.0":["{{p}}",10269598,980439],"chl_gsm\/15.2.1":["{{p}}",11250037,1644854],"chl_gsm\/15.2.2":["{{p}}",12894891,29966],"chl_gsm\/15.2.3":["{{p}}",12924857,1456320],"chl_gsm\/15.2.4":["{{p}}",14381177,2767628],"chl_gsm\/15.3.0":["{{p}}",17148805,1469704],"chl_gsm\/15.3.1":["{{p}}",18618509,1474245],"chl_gsm\/15.3.2":["{{p}}",20092754,2011613],"chl_gsm\/15.3.3":["{{p}}",22104367,2754158],"chl_gsm\/15.3.4":["{{p}}",24858525,2411675],"chl_gsm\/15.4.0":["{{p}}",27270200,64442],"chl_gsm\/15.4.1":["{{p}}",27334642,543911],"chl_gsm\/15.4.2":["{{p}}",27878553,1812744],"chl_gsm\/15.4.3":["{{p}}",29691297,551732],"chl_gsm\/15.4.4":["{{p}}",30243029,711172],"chl_gsm\/16.0.0":["{{q}}",151217,60097],"chl_gsm\/16.0.1":["{{q}}",211314,304988],"chl_gsm\/16.0.2":["{{q}}",516302,2137524],"chl_gsm\/16.0.3":["{{q}}",2653826,855147],"chl_gsm\/16.0.4":["{{q}}",3508973,42136],"chl_gsm\/16.1.0":["{{q}}",3551109,21694],"chl_gsm\/16.1.1":["{{q}}",3572803,1352591],"chl_gsm\/16.1.2":["{{q}}",4925394,77208],"chl_gsm\/16.1.3":["{{q}}",5002602,559996],"chl_gsm\/16.1.4":["{{q}}",5562598,344283],"chl_gsm\/16.2.0":["{{q}}",5906881,10921],"chl_gsm\/16.2.1":["{{q}}",5917802,2106328],"chl_gsm\/16.2.2":["{{q}}",8024130,35177],"chl_gsm\/16.2.3":["{{q}}",8059307,545099],"chl_gsm\/16.2.4":["{{q}}",8604406,2623514],"chl_gsm\/16.3.0":["{{q}}",11227920,340004],"chl_gsm\/16.3.1":["{{q}}",11567924,1136510],"chl_gsm\/16.3.2":["{{q}}",12704434,2431605],"chl_gsm\/16.3.3":["{{q}}",15136039,1744420],"chl_gsm\/16.3.4":["{{q}}",16880459,3067099],"chl_gsm\/16.4.0":["{{q}}",19947558,1495884],"chl_gsm\/16.4.1":["{{q}}",21443442,932355],"chl_gsm\/16.4.2":["{{q}}",22375797,1571580],"chl_gsm\/16.4.3":["{{q}}",23947377,1949687],"chl_gsm\/16.4.4":["{{q}}",25897064,784707],"chl_gsm\/17.0.0":["{{r}}",151217,10921],"chl_gsm\/17.0.1":["{{r}}",162138,292842],"chl_gsm\/17.0.2":["{{r}}",454980,1135184],"chl_gsm\/17.0.3":["{{r}}",1590164,1734140],"chl_gsm\/17.0.4":["{{r}}",3324304,386573],"chl_gsm\/17.1.0":["{{r}}",3710877,1365618],"chl_gsm\/17.1.1":["{{r}}",5076495,1551248],"chl_gsm\/17.1.2":["{{r}}",6627743,395607],"chl_gsm\/17.1.3":["{{r}}",7023350,1888041],"chl_gsm\/17.1.4":["{{r}}",8911391,1291502],"chl_gsm\/17.2.0":["{{r}}",10202893,664113],"chl_gsm\/17.2.1":["{{r}}",10867006,2342968],"chl_gsm\/17.2.2":["{{r}}",13209974,57432],"chl_gsm\/17.2.3":["{{r}}",13267406,2222683],"chl_gsm\/17.2.4":["{{r}}",15490089,224755],"chl_gsm\/17.3.0":["{{r}}",15714844,551732],"chl_gsm\/17.3.1":["{{r}}",16266576,955934],"chl_gsm\/17.3.2":["{{r}}",17222510,1646092],"chl_gsm\/17.3.3":["{{r}}",18868602,1479029],"chl_gsm\/17.3.4":["{{r}}",20347631,319551],"chl_gsm\/17.4.0":["{{r}}",20667182,208127],"chl_gsm\/17.4.1":["{{r}}",20875309,561211],"chl_gsm\/17.4.2":["{{r}}",21436520,1643949],"chl_gsm\/17.4.3":["{{r}}",23080469,1763694],"chl_gsm\/17.4.4":["{{r}}",24844163,1901900],"chl_gsm\/18.0.0":["{{s}}",151217,12474],"chl_gsm\/18.0.1":["{{s}}",163691,322683],"chl_gsm\/18.0.2":["{{s}}",486374,2753728],"chl_gsm\/18.0.3":["{{s}}",3240102,427459],"chl_gsm\/18.0.4":["{{s}}",3667561,58538],"chl_gsm\/18.1.0":["{{s}}",3726099,10921],"chl_gsm\/18.1.1":["{{s}}",3737020,1004738],"chl_gsm\/18.1.2":["{{s}}",4741758,1017298],"chl_gsm\/18.1.3":["{{s}}",5759056,530294],"chl_gsm\/18.1.4":["{{s}}",6289350,368430],"chl_gsm\/18.2.0":["{{s}}",6657780,10921],"chl_gsm\/18.2.1":["{{s}}",6668701,722713],"chl_gsm\/18.2.2":["{{s}}",7391414,21067],"chl_gsm\/18.2.3":["{{s}}",7412481,674149],"chl_gsm\/18.2.4":["{{s}}",8086630,2105796],"chl_gsm\/18.3.0":["{{s}}",10192426,794229],"chl_gsm\/18.3.1":["{{s}}",10986655,1804481],"chl_gsm\/18.3.2":["{{s}}",12791136,1134058],"chl_gsm\/18.3.3":["{{s}}",13925194,2035478],"chl_gsm\/18.3.4":["{{s}}",15960672,2552137],"chl_gsm\/18.4.0":["{{s}}",18512809,106108],"chl_gsm\/18.4.1":["{{s}}",18618917,793892],"chl_gsm\/18.4.2":["{{s}}",19412809,357557],"chl_gsm\/18.4.3":["{{s}}",19770366,2771763],"chl_gsm\/18.4.4":["{{s}}",22542129,1419399],"chl_gsm\/19.0.0":["{{t}}",151217,1886975],"chl_gsm\/19.0.1":["{{t}}",2038192,421409],"chl_gsm\/19.0.2":["{{t}}",2459601,744035],"chl_gsm\/19.0.3":["{{t}}",3203636,2131122],"chl_gsm\/19.0.4":["{{t}}",5334758,1363972],"chl_gsm\/19.1.0":["{{t}}",6698730,1142759],"chl_gsm\/19.1.1":["{{t}}",7841489,1199854],"chl_gsm\/19.1.2":["{{t}}",9041343,472911],"chl_gsm\/19.1.3":["{{t}}",9514254,1475974],"chl_gsm\/19.1.4":["{{t}}",10990228,599932],"chl_gsm\/19.2.0":["{{t}}",11590160,819043],"chl_gsm\/19.2.1":["{{t}}",12409203,1486701],"chl_gsm\/19.2.2":["{{t}}",13895904,48647],"chl_gsm\/19.2.3":["{{t}}",13944551,767685],"chl_gsm\/19.2.4":["{{t}}",14712236,501004],"chl_gsm\/19.3.0":["{{t}}",15213240,159138],"chl_gsm\/19.3.1":["{{t}}",15372378,1268078],"chl_gsm\/19.3.2":["{{t}}",16640456,2225611],"chl_gsm\/19.3.3":["{{t}}",18866067,1685333],"chl_gsm\/19.3.4":["{{t}}",20551400,1428396],"chl_gsm\/19.4.0":["{{t}}",21979796,31404],"chl_gsm\/19.4.1":["{{t}}",22011200,1411840],"chl_gsm\/19.4.2":["{{t}}",23423040,1363804],"chl_gsm\/19.4.3":["{{t}}",24786844,1368474],"chl_gsm\/19.4.4":["{{t}}",26155318,2221230],"chl_gsm\/20.0.0":["{{u}}",151217,10921],"chl_gsm\/20.0.1":["{{u}}",162138,889280],"chl_gsm\/20.0.2":["{{u}}",1051418,2575177],"chl_gsm\/20.0.3":["{{u}}",3626595,1836629],"chl_gsm\/20.0.4":["{{u}}",5463224,1304626],"chl_gsm\/20.1.0":["{{u}}",6767850,10921],"chl_gsm\/20.1.1":["{{u}}",6778771,984866],"chl_gsm\/20.1.2":["{{u}}",7763637,415785],"chl_gsm\/20.1.3":["{{u}}",8179422,1502850],"chl_gsm\/20.1.4":["{{u}}",9682272,826808],"chl_gsm\/20.2.0":["{{u}}",10509080,782973],"chl_gsm\/20.2.1":["{{u}}",11292053,655683],"chl_gsm\/20.2.2":["{{u}}",11947736,14080],"chl_gsm\/20.2.3":["{{u}}",11961816,654122],"chl_gsm\/20.2.4":["{{u}}",12615938,1699831],"chl_gsm\/20.3.0":["{{u}}",14315769,741636],"chl_gsm\/20.3.1":["{{u}}",15057405,792629],"chl_gsm\/20.3.2":["{{u}}",15850034,2152083],"chl_gsm\/20.3.3":["{{u}}",18002117,2193995],"chl_gsm\/20.3.4":["{{u}}",20196112,2332661],"chl_gsm\/20.4.0":["{{u}}",22528773,149197],"chl_gsm\/20.4.1":["{{u}}",22677970,1966229],"chl_gsm\/20.4.2":["{{u}}",24644199,2934938],"chl_gsm\/20.4.3":["{{u}}",27579137,1410662],"chl_gsm\/20.4.4":["{{u}}",28989799,2366223],"chl_gsm\/21.0.0":["{{v}}",151217,1229987],"chl_gsm\/21.0.1":["{{v}}",1381204,732540],"chl_gsm\/21.0.2":["{{v}}",2113744,508283],"chl_gsm\/21.0.3":["{{v}}",2622027,2930912],"chl_gsm\/21.0.4":["{{v}}",5552939,10921],"chl_gsm\/21.1.0":["{{v}}",5563860,726849],"chl_gsm\/21.1.1":["{{v}}",6290709,1857080],"chl_gsm\/21.1.2":["{{v}}",8147789,389217],"chl_gsm\/21.1.3":["{{v}}",8537006,2116655],"chl_gsm\/21.1.4":["{{v}}",10653661,55326],"chl_gsm\/21.2.0":["{{v}}",10708987,761268],"chl_gsm\/21.2.1":["{{v}}",11470255,2159011],"chl_gsm\/21.2.2":["{{v}}",13629266,11733],"chl_gsm\/21.2.3":["{{v}}",13640999,1299436],"chl_gsm\/21.2.4":["{{v}}",14940435,705622],"chl_gsm\/21.3.0":["{{v}}",15646057,80971],"chl_gsm\/21.3.1":["{{v}}",15727028,845880],"chl_gsm\/21.3.2":["{{v}}",16572908,1494030],"chl_gsm\/21.3.3":["{{v}}",18066938,1395557],"chl_gsm\/21.3.4":["{{v}}",19462495,2602868],"chl_gsm\/21.4.0":["{{v}}",22065363,10921],"chl_gsm\/21.4.1":["{{v}}",22076284,970919],"chl_gsm\/21.4.2":["{{v}}",23047203,2514308],"chl_gsm\/21.4.3":["{{v}}",25561511,3373277],"chl_gsm\/21.4.4":["{{v}}",28934788,1694912],"chl_gsm\/22.0.0":["{{w}}",151217,10921],"chl_gsm\/22.0.1":["{{w}}",162138,1416291],"chl_gsm\/22.0.2":["{{w}}",1578429,2504651],"chl_gsm\/22.0.3":["{{w}}",4083080,2498599],"chl_gsm\/22.0.4":["{{w}}",6581679,965610],"chl_gsm\/22.1.0":["{{w}}",7547289,10921],"chl_gsm\/22.1.1":["{{w}}",7558210,1595156],"chl_gsm\/22.1.2":["{{w}}",9153366,787108],"chl_gsm\/22.1.3":["{{w}}",9940474,1627609],"chl_gsm\/22.1.4":["{{w}}",11568083,1980861],"chl_gsm\/22.2.0":["{{w}}",13548944,1210086],"chl_gsm\/22.2.1":["{{w}}",14759030,1570828],"chl_gsm\/22.2.2":["{{w}}",16329858,52898],"chl_gsm\/22.2.3":["{{w}}",16382756,968396],"chl_gsm\/22.2.4":["{{w}}",17351152,1715334],"chl_gsm\/22.3.0":["{{w}}",19066486,1200185],"chl_gsm\/22.3.1":["{{w}}",20266671,1770212],"chl_gsm\/22.3.2":["{{w}}",22036883,1810046],"chl_gsm\/22.3.3":["{{w}}",23846929,2833994],"chl_gsm\/22.3.4":["{{w}}",26680923,3277501],"chl_gsm\/22.4.0":["{{w}}",29958424,169193],"chl_gsm\/22.4.1":["{{w}}",30127617,1545993],"chl_gsm\/22.4.2":["{{w}}",31673610,1231412],"chl_gsm\/22.4.3":["{{w}}",32905022,4434081],"chl_gsm\/22.4.4":["{{w}}",37339103,1647652],"chl_gsm\/23.0.0":["{{x}}",151217,371045],"chl_gsm\/23.0.1":["{{x}}",522262,442094],"chl_gsm\/23.0.2":["{{x}}",964356,3421210],"chl_gsm\/23.0.3":["{{x}}",4385566,2320467],"chl_gsm\/23.0.4":["{{x}}",6706033,205672],"chl_gsm\/23.1.0":["{{x}}",6911705,167654],"chl_gsm\/23.1.1":["{{x}}",7079359,1638918],"chl_gsm\/23.1.2":["{{x}}",8718277,1793987],"chl_gsm\/23.1.3":["{{x}}",10512264,962084],"chl_gsm\/23.1.4":["{{x}}",11474348,193607],"chl_gsm\/23.2.0":["{{x}}",11667955,56183],"chl_gsm\/23.2.1":["{{x}}",11724138,2250130],"chl_gsm\/23.2.2":["{{x}}",13974268,23981],"chl_gsm\/23.2.3":["{{x}}",13998249,633824],"chl_gsm\/23.2.4":["{{x}}",14632073,1043253],"chl_gsm\/23.3.0":["{{x}}",15675326,10921],"chl_gsm\/23.3.1":["{{x}}",15686247,1256938],"chl_gsm\/23.3.2":["{{x}}",16943185,2050542],"chl_gsm\/23.3.3":["{{x}}",18993727,787689],"chl_gsm\/23.3.4":["{{x}}",19781416,2959289],"chl_gsm\/23.4.0":["{{x}}",22740705,269990],"chl_gsm\/23.4.1":["{{x}}",23010695,1187320],"chl_gsm\/23.4.2":["{{x}}",24198015,1380388],"chl_gsm\/23.4.3":["{{x}}",25578403,523400],"chl_gsm\/23.4.4":["{{x}}",26101803,3333288],"chl_gsm\/24.0.0":["{{y}}",151217,10921],"chl_gsm\/24.0.1":["{{y}}",162138,174535],"chl_gsm\/24.0.2":["{{y}}",336673,1323265],"chl_gsm\/24.0.3":["{{y}}",1659938,2406609],"chl_gsm\/24.0.4":["{{y}}",4066547,2825227],"chl_gsm\/24.1.0":["{{y}}",6891774,797111],"chl_gsm\/24.1.1":["{{y}}",7688885,1252299],"chl_gsm\/24.1.2":["{{y}}",8941184,1177813],"chl_gsm\/24.1.3":["{{y}}",10118997,2102868],"chl_gsm\/24.1.4":["{{y}}",12221865,970441],"chl_gsm\/24.2.0":["{{y}}",13192306,712600],"chl_gsm\/24.2.1":["{{y}}",13904906,1438799],"chl_gsm\/24.2.2":["{{y}}",15343705,50721],"chl_gsm\/24.2.3":["{{y}}",15394426,1343592],"chl_gsm\/24.2.4":["{{y}}",16738018,470532],"chl_gsm\/24.3.0":["{{y}}",17208550,892102],"chl_gsm\/24.3.1":["{{y}}",18100652,1847423],"chl_gsm\/24.3.2":["{{y}}",19948075,2056414],"chl_gsm\/24.3.3":["{{y}}",22004489,1579537],"chl_gsm\/24.3.4":["{{y}}",23584026,134728],"chl_gsm\/24.4.0":["{{y}}",23718754,157382],"chl_gsm\/24.4.1":["{{y}}",23876136,552173],"chl_gsm\/24.4.2":["{{y}}",24428309,1073402],"chl_gsm\/24.4.3":["{{y}}",25501711,1109368],"chl_gsm\/24.4.4":["{{y}}",26611079,291951],"chl_gsm\/25.0.0":["{{z}}",151217,80635],"chl_gsm\/25.0.1":["{{z}}",231852,357318],"chl_gsm\/25.0.2":["{{z}}",589170,1698012],"chl_gsm\/25.0.3":["{{z}}",2287182,3214933],"chl_gsm\/25.0.4":["{{z}}",5502115,967846],"chl_gsm\/25.1.0":["{{z}}",6469961,14937],"chl_gsm\/25.1.1":["{{z}}",6484898,1153342],"chl_gsm\/25.1.2":["{{z}}",7638240,468441],"chl_gsm\/25.1.3":["{{z}}",8106681,609610],"chl_gsm\/25.1.4":["{{z}}",8716291,1068312],"chl_gsm\/25.2.0":["{{z}}",9784603,10921],"chl_gsm\/25.2.1":["{{z}}",9795524,1643464],"chl_gsm\/25.2.2":["{{z}}",11438988,97170],"chl_gsm\/25.2.3":["{{z}}",11536158,219121],"chl_gsm\/25.2.4":["{{z}}",11755279,1936201],"chl_gsm\/25.3.0":["{{z}}",13691480,81811],"chl_gsm\/25.3.1":["{{z}}",13773291,1940687],"chl_gsm\/25.3.2":["{{z}}",15713978,1507054],"chl_gsm\/25.3.3":["{{z}}",17221032,2328671],"chl_gsm\/25.3.4":["{{z}}",19549703,955101],"chl_gsm\/25.4.0":["{{z}}",20504804,1507504],"chl_gsm\/25.4.1":["{{z}}",22012308,1539825],"chl_gsm\/25.4.2":["{{z}}",23552133,795312],"chl_gsm\/25.4.3":["{{z}}",24347445,2246308],"chl_gsm\/25.4.4":["{{z}}",26593753,1791198],"chl_gsm\/26.0.0":["{{A}}",151217,187871],"chl_gsm\/26.0.1":["{{A}}",339088,374081],"chl_gsm\/26.0.2":["{{A}}",713169,685590],"chl_gsm\/26.0.3":["{{A}}",1398759,1488118],"chl_gsm\/26.0.4":["{{A}}",2886877,2573102],"chl_gsm\/26.1.0":["{{A}}",5459979,871245],"chl_gsm\/26.1.1":["{{A}}",6331224,1427128],"chl_gsm\/26.1.2":["{{A}}",7758352,161628],"chl_gsm\/26.1.3":["{{A}}",7919980,1859283],"chl_gsm\/26.1.4":["{{A}}",9779263,1430633],"chl_gsm\/26.2.0":["{{A}}",11209896,443111],"chl_gsm\/26.2.1":["{{A}}",11653007,2549710],"chl_gsm\/26.2.2":["{{A}}",14202717,56214],"chl_gsm\/26.2.3":["{{A}}",14258931,1097865],"chl_gsm\/26.2.4":["{{A}}",15356796,363972],"chl_gsm\/26.3.0":["{{A}}",15720768,513774],"chl_gsm\/26.3.1":["{{A}}",16234542,1242289],"chl_gsm\/26.3.2":["{{A}}",17476831,3045692],"chl_gsm\/26.3.3":["{{A}}",20522523,1373695],"chl_gsm\/26.3.4":["{{A}}",21896218,1394643],"chl_gsm\/26.4.0":["{{A}}",23290861,105119],"chl_gsm\/26.4.1":["{{A}}",23395980,998264],"chl_gsm\/26.4.2":["{{A}}",24394244,2001308],"chl_gsm\/26.4.3":["{{A}}",26395552,854178],"chl_gsm\/26.4.4":["{{A}}",27249730,1455082],"chl_gsm\/27.0.0":["{{B}}",151217,10921],"chl_gsm\/27.0.1":["{{B}}",162138,233903],"chl_gsm\/27.0.2":["{{B}}",396041,1599474],"chl_gsm\/27.0.3":["{{B}}",1995515,2018447],"chl_gsm\/27.0.4":["{{B}}",4013962,1403456],"chl_gsm\/27.1.0":["{{B}}",5417418,10921],"chl_gsm\/27.1.1":["{{B}}",5428339,933030],"chl_gsm\/27.1.2":["{{B}}",6361369,347185],"chl_gsm\/27.1.3":["{{B}}",6708554,697328],"chl_gsm\/27.1.4":["{{B}}",7405882,930496],"chl_gsm\/27.2.0":["{{B}}",8336378,75281],"chl_gsm\/27.2.1":["{{B}}",8411659,1310278],"chl_gsm\/27.2.2":["{{B}}",9721937,105130],"chl_gsm\/27.2.3":["{{B}}",9827067,480699],"chl_gsm\/27.2.4":["{{B}}",10307766,3148087],"chl_gsm\/27.3.0":["{{B}}",13455853,2027808],"chl_gsm\/27.3.1":["{{B}}",15483661,930520],"chl_gsm\/27.3.2":["{{B}}",16414181,2870305],"chl_gsm\/27.3.3":["{{B}}",19284486,2236687],"chl_gsm\/27.3.4":["{{B}}",21521173,2053278],"chl_gsm\/27.4.0":["{{B}}",23574451,1899114],"chl_gsm\/27.4.1":["{{B}}",25473565,2726733],"chl_gsm\/27.4.2":["{{B}}",28200298,1178800],"chl_gsm\/27.4.3":["{{B}}",29379098,2060666],"chl_gsm\/27.4.4":["{{B}}",31439764,606013],"chl_gsm\/28.0.0":["{{C}}",151217,16403],"chl_gsm\/28.0.1":["{{C}}",167620,101929],"chl_gsm\/28.0.2":["{{C}}",269549,824425],"chl_gsm\/28.0.3":["{{C}}",1093974,1685218],"chl_gsm\/28.0.4":["{{C}}",2779192,10921],"chl_gsm\/28.1.0":["{{C}}",2790113,165254],"chl_gsm\/28.1.1":["{{C}}",2955367,537819],"chl_gsm\/28.1.2":["{{C}}",3493186,960719],"chl_gsm\/28.1.3":["{{C}}",4453905,602358],"chl_gsm\/28.1.4":["{{C}}",5056263,14015],"chl_gsm\/28.2.0":["{{C}}",5070278,761689],"chl_gsm\/28.2.1":["{{C}}",5831967,2465761],"chl_gsm\/28.2.2":["{{C}}",8297728,96630],"chl_gsm\/28.2.3":["{{C}}",8394358,1104985],"chl_gsm\/28.2.4":["{{C}}",9499343,1107879],"chl_gsm\/28.3.0":["{{C}}",10607222,300419],"chl_gsm\/28.3.1":["{{C}}",10907641,2187027],"chl_gsm\/28.3.2":["{{C}}",13094668,1648487],"chl_gsm\/28.3.3":["{{C}}",14743155,2193595],"chl_gsm\/28.3.4":["{{C}}",16936750,1292878],"chl_gsm\/28.4.0":["{{C}}",18229628,34075],"chl_gsm\/28.4.1":["{{C}}",18263703,2998648],"chl_gsm\/28.4.2":["{{C}}",21262351,2592243],"chl_gsm\/28.4.3":["{{C}}",23854594,2363712],"chl_gsm\/28.4.4":["{{C}}",26218306,596410],"chl_gsm\/29.0.0":["{{D}}",151217,10921],"chl_gsm\/29.0.1":["{{D}}",162138,701027],"chl_gsm\/29.0.2":["{{D}}",863165,614304],"chl_gsm\/29.0.3":["{{D}}",1477469,868781],"chl_gsm\/29.0.4":["{{D}}",2346250,1155891],"chl_gsm\/29.1.0":["{{D}}",3502141,10921],"chl_gsm\/29.1.1":["{{D}}",3513062,747077],"chl_gsm\/29.1.2":["{{D}}",4260139,823223],"chl_gsm\/29.1.3":["{{D}}",5083362,664391],"chl_gsm\/29.1.4":["{{D}}",5747753,1308359],"chl_gsm\/29.2.0":["{{D}}",7056112,917988],"chl_gsm\/29.2.1":["{{D}}",7974100,1146141],"chl_gsm\/29.2.2":["{{D}}",9120241,140694],"chl_gsm\/29.2.3":["{{D}}",9260935,349818],"chl_gsm\/29.2.4":["{{D}}",9610753,3199266],"chl_gsm\/29.3.0":["{{D}}",12810019,1235252],"chl_gsm\/29.3.1":["{{D}}",14045271,2130009],"chl_gsm\/29.3.2":["{{D}}",16175280,2203448],"chl_gsm\/29.3.3":["{{D}}",18378728,2466275],"chl_gsm\/29.3.4":["{{D}}",20845003,2407262],"chl_gsm\/29.4.0":["{{D}}",23252265,208430],"chl_gsm\/29.4.1":["{{D}}",23460695,2210148],"chl_gsm\/29.4.2":["{{D}}",25670843,2652680],"chl_gsm\/29.4.3":["{{D}}",28323523,538052],"chl_gsm\/29.4.4":["{{D}}",28861575,1396085],"chl_gsm\/30.0.0":["{{E}}",151217,44900],"chl_gsm\/30.0.1":["{{E}}",196117,240420],"chl_gsm\/30.0.2":["{{E}}",436537,2986839],"chl_gsm\/30.0.3":["{{E}}",3423376,1527369],"chl_gsm\/30.0.4":["{{E}}",4950745,23526],"chl_gsm\/30.1.0":["{{E}}",4974271,54620],"chl_gsm\/30.1.1":["{{E}}",5028891,902303],"chl_gsm\/30.1.2":["{{E}}",5931194,427720],"chl_gsm\/30.1.3":["{{E}}",6358914,715770],"chl_gsm\/30.1.4":["{{E}}",7074684,262865],"chl_gsm\/30.2.0":["{{E}}",7337549,100675],"chl_gsm\/30.2.1":["{{E}}",7438224,1984272],"chl_gsm\/30.2.2":["{{E}}",9422496,12224],"chl_gsm\/30.2.3":["{{E}}",9434720,613748],"chl_gsm\/30.2.4":["{{E}}",10048468,1435265],"chl_gsm\/30.3.0":["{{E}}",11483733,17640],"chl_gsm\/30.3.1":["{{E}}",11501373,1982006],"chl_gsm\/30.3.2":["{{E}}",13483379,482310],"chl_gsm\/30.3.3":["{{E}}",13965689,1676459],"chl_gsm\/30.3.4":["{{E}}",15642148,2311892],"chl_gsm\/30.4.0":["{{E}}",17954040,10921],"chl_gsm\/30.4.1":["{{E}}",17964961,397442],"chl_gsm\/30.4.2":["{{E}}",18362403,1442804],"chl_gsm\/30.4.3":["{{E}}",19805207,1567214],"chl_gsm\/30.4.4":["{{E}}",21372421,979748]}}