{"version":1,"templates":{"a":"s3:\/\/imos-data\/IMOS\/SRS\/OC\/gridded\/aqua\/P1D\/2009\/12\/A.P1D.20091201T053000Z.aust.chl_oc3.nc","b":"s3:\/\/imos-data\/IMOS\/SRS\/OC\/gridded\/aqua\/P1D\/2009\/12\/A.P1D.20091202T053000Z.aust.chl_oc3.nc","c":"s3:\/\/imos-data\/IMOS\/SRS\/OC\/gridded\/aqua\/P1D\/2009\/12\/A.P1D.20091203T053000Z.aust.chl_oc3.nc","d":"s3:\/\/imos-data\/IMOS\/SRS\/OC\/gridded\/aqua\/P1D\/2009\/12\/A.P1D.20091204T053000Z.aust.chl_oc3.nc","e":"s3:\/\/imos-data\/IMOS\/SRS\/OC\/gridded\/aqua\/P1D\/2009\/12\/A.P1D.20091205T053000Z.aust.chl_oc3.nc","f":"s3:\/\/imos-data\/IMOS\/SRS\/OC\/gridded\/aqua\/P1D\/2009\/12\/A.P1D.20091206T053000Z.aust.chl_oc3.nc","g":"s3:\/\/imos-data\/IMOS\/SRS\/OC\/gridded\/aqua\/P1D\/2009\/12\/A.P1D.20091207T053000Z.aust.chl_oc3.nc","h":"s3:\/\/imos-data\/IMOS\/SRS\/OC\/gridded\/aqua\/P1D\/2009\/12\/A.P1D.20091208T053000Z.aust.chl_oc3.nc","i":"s3:\/\/imos-data\/IMOS\/SRS\/OC\/gridded\/aqua\/P1D\/2009\/12\/A.P1D.20091209T053000Z.aust.chl_oc3.nc","j":"s3:\/\/imos-data\/IMOS\/SRS\/OC\/gridded\/aqua\/P1D\/2009\/12\/A.P1D.20091210T053000Z.aust.chl_oc3.nc","k":"s3:\/\/imos-data\/IMOS\/SRS\/OC\/gridded\/aqua\/P1D\/2009\/12\/A.P1D.20091211T053000Z.aust.chl_oc3.nc","l":"s3:\/\/imos-data\/IMOS\/SRS\/OC\/gridded\/aqua\/P1D\/2009\/12\/A.P1D.20091212T053000Z.aust.chl_oc3.nc","m":"s3:\/\/imos-data\/IMOS\/SRS\/OC\/gridded\/aqua\/P1D\/2009\/12\/A.P1D.20091213T053000Z.aust.chl_oc3.nc","n":"s3:\/\/imos-data\/IMOS\/SRS\/OC\/gridded\/aqua\/P1D\/2009\/12\/A.P1D.20091214T053000Z.aust.chl_oc3.nc","o":"s3:\/\/imos-data\/IMOS\/SRS\/OC\/gridded\/aqua\/P1D\/2009\/12\/A.P1D.20091215T053000Z.aust.chl_oc3.nc","p":"s3:\/\/imos-data\/IMOS\/SRS\/OC\/gridded\/aqua\/P1D\/2009\/12\/A.P1D.20091216T053000Z.aust.chl_oc3.nc","q":"s3:\/\/imos-data\/IMOS\/SRS\/OC\/gridded\/aqua\/P1D\/2009\/12\/A.P1D.20091217T053000Z.aust.chl_oc3.nc","r":"s3:\/\/imos-data\/IMOS\/SRS\/OC\/gridded\/aqua\/P1D\/2009\/12\/A.P1D.20091218T053000Z.aust.chl_oc3.nc","s":"s3:\/\/imos-data\/IMOS\/SRS\/OC\/gridded\/aqua\/P1D\/2009\/12\/A.P1D.20091219T053000Z.aust.chl_oc3.nc","t":"s3:\/\/imos-data\/IMOS\/SRS\/OC\/gridded\/aqua\/P1D\/2009\/12\/A.P1D.20091220T053000Z.aust.chl_oc3.nc","u":"s3:\/\/imos-data\/IMOS\/SRS\/OC\/gridded\/aqua\/P1D\/2009\/12\/A.P1D.20091221T053000Z.aust.chl_oc3.nc","v":"s3:\/\/imos-data\/IMOS\/SRS\/OC\/gridded\/aqua\/P1D\/2009\/12\/A.P1D.20091222T053000Z.aust.chl_oc3.nc","w":"s3:\/\/imos-data\/IMOS\/SRS\/OC\/gridded\/aqua\/P1D\/2009\/12\/A.P1D.20091223T053000Z.aust.chl_oc3.nc","x":"s3:\/\/imos-data\/IMOS\/SRS\/OC\/gridded\/aqua\/P1D\/2009\/12\/A.P1D.20091224T053000Z.aust.chl_oc3.nc","y":"s3:\/\/imos-data\/IMOS\/SRS\/OC\/gridded\/aqua\/P1D\/2009\/12\/A.P1D.20091225T053000Z.aust.chl_oc3.nc","z":"s3:\/\/imos-data\/IMOS\/SRS\/OC\/gridded\/aqua\/P1D\/2009\/12\/A.P1D.20091226T053000Z.aust.chl_oc3.nc","A":"s3:\/\/imos-data\/IMOS\/SRS\/OC\/gridded\/aqua\/P1D\/2009\/12\/A.P1D.20091227T053000Z.aust.chl_oc3.nc","B":"s3:\/\/imos-data\/IMOS\/SRS\/OC\/gridded\/aqua\/P1D\/2009\/12\/A.P1D.20091228T053000Z.aust.chl_oc3.nc","C":"s3:\/\/imos-data\/IMOS\/SRS\/OC\/gridded\/aqua\/P1D\/2009\/12\/A.P1D.20091229T053000Z.aust.chl_oc3.nc","D":"s3:\/\/imos-data\/IMOS\/SRS\/OC\/gridded\/aqua\/P1D\/2009\/12\/A.P1D.20091230T053000Z.aust.chl_oc3.nc","E":"s3:\/\/imos-data\/IMOS\/SRS\/OC\/gridded\/aqua\/P1D\/2009\/12\/A.P1D.20091231T053000Z.aust.chl_oc3.nc"},"refs":{".zgroup":"{\"zarr_format\":2}",".zattrs":"{\"Conventions\":\"CF-1.6\",\"_NCProperties\":\"version=1|netcdflibversion=4.6.1|hdf5libversion=1.10.4\",\"_nc3_strict\":1,\"history\":\"File initialised at 2020-08-06T02:54:23.976967\\nInitialised var chl_oc3 at 2020-08-06T02:54:34.856472\\nAdd Granule A20091201_0255.20190920163244.L2OC_BASE.chl_oc3.nc at 2020-08-06T02:54:35.687876\\nAdd Granule A20091201_0300.20190920164152.L2OC_BASE.chl_oc3.nc at 2020-08-06T02:54:35.905794\\nAdd Granule A20091201_0305.20190920162515.L2OC_BASE.chl_oc3.nc at 2020-08-06T02:54:36.110673\\nAdd Granule A20091201_0310.20190920171736.L2OC_BASE.chl_oc3.nc at 2020-08-06T02:54:36.321157\\nAdd Granule A20091201_0315.20190920170005.L2OC_BASE.chl_oc3.nc at 2020-08-06T02:54:36.471093\\nAdd Granule A20091201_0435.20190920173534.L2OC_BASE.chl_oc3.nc at 2020-08-06T02:54:36.681830\\nAdd Granule A20091201_0440.20190920170420.L2OC_BASE.chl_oc3.nc at 2020-08-06T02:54:36.929181\\nAdd Granule A20091201_0445.20190920172333.L2OC_BASE.chl_oc3.nc at 2020-08-06T02:54:37.123323\\nAdd Granule A20091201_0450.20190920174022.L2OC_BASE.chl_oc3.nc at 2020-08-06T02:54:37.337350\\nAdd Granule A20091201_0455.20190920161942.L2OC_BASE.chl_oc3.nc at 2020-08-06T02:54:37.454822\\nAdd Granule A20091201_0615.20190920164708.L2OC_BASE.chl_oc3.nc at 2020-08-06T02:54:37.709894\\nAdd Granule A20091201_0620.20190920171025.L2OC_BASE.chl_oc3.nc at 2020-08-06T02:54:37.934159\\nAdd Granule A20091201_0625.20190920165210.L2OC_BASE.chl_oc3.nc at 2020-08-06T02:54:38.134222\\nAdd Granule A20091201_0630.20190920172647.L2OC_BASE.chl_oc3.nc at 2020-08-06T02:54:38.317673\\nAdd Granule A20091201_0755.20190920163704.L2OC_BASE.chl_oc3.nc at 2020-08-06T02:54:38.573020\",\"source_path\":\"imos-srs\\\/archive\\\/oc\\\/aqua\\\/1d\\\/v201909\\\/2009\\\/12\\\/A20091201.L2OC_BASE.aust.chl_oc3.nc\"}","latitude\/.zarray":"{\n    \"chunks\": [\n        7001\n    ],\n    \"compressor\": null,\n    \"dtype\": \"<f8\",\n    \"fill_value\": 9.969209968386869e+36,\n    \"filters\": null,\n    \"order\": \"C\",\n    \"shape\": [\n        7001\n    ],\n    \"zarr_format\": 2\n}","latitude\/.zattrs":"{\n    \"NAME\": \"latitude\",\n    \"_ARRAY_DIMENSIONS\": [\n        \"latitude\"\n    ],\n    \"_Netcdf4Dimid\": 1,\n    \"axis\": \"Y\",\n    \"long_name\": \"latitude\",\n    \"standard_name\": \"latitude\",\n    \"units\": \"degrees_north\"\n}","latitude\/0":["{{a}}",2392,56008],"longitude\/.zarray":"{\n    \"chunks\": [\n        10001\n    ],\n    \"compressor\": null,\n    \"dtype\": \"<f8\",\n    \"fill_value\": 9.969209968386869e+36,\n    \"filters\": null,\n    \"order\": \"C\",\n    \"shape\": [\n        10001\n    ],\n    \"zarr_format\": 2\n}","longitude\/.zattrs":"{\n    \"NAME\": \"longitude\",\n    \"_ARRAY_DIMENSIONS\": [\n        \"longitude\"\n    ],\n    \"_Netcdf4Dimid\": 2,\n    \"axis\": \"X\",\n    \"long_name\": \"longitude\",\n    \"standard_name\": \"longitude\",\n    \"units\": \"degrees_east\"\n}","longitude\/0":["{{a}}",58400,80008],"chl_oc3\/.zarray":"{\"chunks\":[1,1401,2001],\"compressor\":{\"id\":\"zlib\",\"level\":4},\"dtype\":\"<f4\",\"fill_value\":-999.0,\"filters\":[{\"elementsize\":4,\"id\":\"shuffle\"}],\"order\":\"C\",\"shape\":[31,7001,10001],\"zarr_format\":2}","chl_oc3\/.zattrs":"{\"_ARRAY_DIMENSIONS\":[\"time\",\"latitude\",\"longitude\"],\"flag_applied\":\"HISATZEN LAND CLDICE NAVFAIL\",\"long_name\":\"Chlorophyll Concentration, OC3 Algorithm\",\"units\":\"mg\\\/m^3\"}","time\/.zarray":"{\"chunks\":[31],\"compressor\":{\"blocksize\":0,\"clevel\":5,\"cname\":\"lz4\",\"id\":\"blosc\",\"shuffle\":1},\"dtype\":\"<M8[us]\",\"fill_value\":0,\"filters\":null,\"order\":\"C\",\"shape\":[31],\"zarr_format\":2}","time\/0":"base64:AgExCPgAAAD4AAAArwAAABQAAACXAAAAHwABAAv7ASaG5kamBmbGJobmRqYGZsYQAPRYnHNKIvnRqH9XLgXdtIxjOhLpwJhvRx71zaR7UyoC2QwqSGaDob\/d+xk3VHKQrszqByVDYX+dutj2FDJQboukuMzg9AgcMERZbYGVqb3R5foOIjZKXnKGmq\/D1+v\/eXl5eXl6enp6egUAGHsBAB8EAQALD9gAB1AAAAAAAA==","time\/.zattrs":"{\"NAME\":\"time\",\"_ARRAY_DIMENSIONS\":[\"time\"],\"_Netcdf4Dimid\":0,\"axis\":\"T\",\"long_name\":\"time\",\"standard_name\":\"time\"}","chl_oc3\/0.0.0":["{{a}}",151221,31556],"chl_oc3\/0.0.1":["{{a}}",182777,190730],"chl_oc3\/0.0.2":["{{a}}",373507,1148374],"chl_oc3\/0.0.3":["{{a}}",1521881,189953],"chl_oc3\/0.0.4":["{{a}}",1711834,11272],"chl_oc3\/0.1.0":["{{a}}",1723106,12902],"chl_oc3\/0.1.1":["{{a}}",1736008,2427862],"chl_oc3\/0.1.2":["{{a}}",4163870,2153419],"chl_oc3\/0.1.3":["{{a}}",6317289,1384182],"chl_oc3\/0.1.4":["{{a}}",7701471,849741],"chl_oc3\/0.2.0":["{{a}}",8551212,10921],"chl_oc3\/0.2.1":["{{a}}",8562133,2370145],"chl_oc3\/0.2.2":["{{a}}",10932278,44383],"chl_oc3\/0.2.3":["{{a}}",10976661,577593],"chl_oc3\/0.2.4":["{{a}}",11554254,2585625],"chl_oc3\/0.3.0":["{{a}}",14139879,54917],"chl_oc3\/0.3.1":["{{a}}",14194796,2739686],"chl_oc3\/0.3.2":["{{a}}",16934482,1528933],"chl_oc3\/0.3.3":["{{a}}",18463415,1415253],"chl_oc3\/0.3.4":["{{a}}",19878668,909529],"chl_oc3\/0.4.0":["{{a}}",20788197,429116],"chl_oc3\/0.4.1":["{{a}}",21217313,2060340],"chl_oc3\/0.4.2":["{{a}}",23277653,332415],"chl_oc3\/0.4.3":["{{a}}",23610068,1901796],"chl_oc3\/0.4.4":["{{a}}",25511864,1343825],"chl_oc3\/1.0.0":["{{b}}",151221,10921],"chl_oc3\/1.0.1":["{{b}}",162142,203841],"chl_oc3\/1.0.2":["{{b}}",365983,1090573],"chl_oc3\/1.0.3":["{{b}}",1456556,1050772],"chl_oc3\/1.0.4":["{{b}}",2507328,338891],"chl_oc3\/1.1.0":["{{b}}",2846219,672752],"chl_oc3\/1.1.1":["{{b}}",3518971,1232507],"chl_oc3\/1.1.2":["{{b}}",4751478,1287044],"chl_oc3\/1.1.3":["{{b}}",6038522,1607890],"chl_oc3\/1.1.4":["{{b}}",7646412,1949305],"chl_oc3\/1.2.0":["{{b}}",9595717,652629],"chl_oc3\/1.2.1":["{{b}}",10248346,2176821],"chl_oc3\/1.2.2":["{{b}}",12425167,19864],"chl_oc3\/1.2.3":["{{b}}",12445031,1733961],"chl_oc3\/1.2.4":["{{b}}",14178992,95696],"chl_oc3\/1.3.0":["{{b}}",14274688,463584],"chl_oc3\/1.3.1":["{{b}}",14738272,1500862],"chl_oc3\/1.3.2":["{{b}}",16239134,2951554],"chl_oc3\/1.3.3":["{{b}}",19190688,1979381],"chl_oc3\/1.3.4":["{{b}}",21170069,312929],"chl_oc3\/1.4.0":["{{b}}",21482998,10921],"chl_oc3\/1.4.1":["{{b}}",21493919,527145],"chl_oc3\/1.4.2":["{{b}}",22021064,2981075],"chl_oc3\/1.4.3":["{{b}}",25002139,1055440],"chl_oc3\/1.4.4":["{{b}}",26057579,468205],"chl_oc3\/2.0.0":["{{c}}",151221,25553],"chl_oc3\/2.0.1":["{{c}}",176774,1293829],"chl_oc3\/2.0.2":["{{c}}",1470603,1591897],"chl_oc3\/2.0.3":["{{c}}",3062500,488607],"chl_oc3\/2.0.4":["{{c}}",3551107,145959],"chl_oc3\/2.1.0":["{{c}}",3697066,10921],"chl_oc3\/2.1.1":["{{c}}",3707987,2304001],"chl_oc3\/2.1.2":["{{c}}",6011988,1778505],"chl_oc3\/2.1.3":["{{c}}",7790493,610891],"chl_oc3\/2.1.4":["{{c}}",8401384,1108024],"chl_oc3\/2.2.0":["{{c}}",9509408,10921],"chl_oc3\/2.2.1":["{{c}}",9520329,1127436],"chl_oc3\/2.2.2":["{{c}}",10647765,108036],"chl_oc3\/2.2.3":["{{c}}",10755801,639111],"chl_oc3\/2.2.4":["{{c}}",11394912,1821267],"chl_oc3\/2.3.0":["{{c}}",13216179,379230],"chl_oc3\/2.3.1":["{{c}}",13595409,1093841],"chl_oc3\/2.3.2":["{{c}}",14689250,3162168],"chl_oc3\/2.3.3":["{{c}}",17851418,1727379],"chl_oc3\/2.3.4":["{{c}}",19578797,2194699],"chl_oc3\/2.4.0":["{{c}}",21773496,1386266],"chl_oc3\/2.4.1":["{{c}}",23159762,1380888],"chl_oc3\/2.4.2":["{{c}}",24540650,1622659],"chl_oc3\/2.4.3":["{{c}}",26163309,1349751],"chl_oc3\/2.4.4":["{{c}}",27513060,1329140],"chl_oc3\/3.0.0":["{{d}}",151221,845000],"chl_oc3\/3.0.1":["{{d}}",996221,838558],"chl_oc3\/3.0.2":["{{d}}",1834779,2655564],"chl_oc3\/3.0.3":["{{d}}",4490343,1775741],"chl_oc3\/3.0.4":["{{d}}",6266084,405119],"chl_oc3\/3.1.0":["{{d}}",6671203,225030],"chl_oc3\/3.1.1":["{{d}}",6896233,2245056],"chl_oc3\/3.1.2":["{{d}}",9141289,1779807],"chl_oc3\/3.1.3":["{{d}}",10921096,758924],"chl_oc3\/3.1.4":["{{d}}",11680020,240706],"chl_oc3\/3.2.0":["{{d}}",11920726,421392],"chl_oc3\/3.2.1":["{{d}}",12342118,1420002],"chl_oc3\/3.2.2":["{{d}}",13762120,63563],"chl_oc3\/3.2.3":["{{d}}",13825683,2535880],"chl_oc3\/3.2.4":["{{d}}",16361563,874311],"chl_oc3\/3.3.0":["{{d}}",17235874,463577],"chl_oc3\/3.3.1":["{{d}}",17699451,1764348],"chl_oc3\/3.3.2":["{{d}}",19463799,1453459],"chl_oc3\/3.3.3":["{{d}}",20917258,1630666],"chl_oc3\/3.3.4":["{{d}}",22547924,1629186],"chl_oc3\/3.4.0":["{{d}}",24177110,81163],"chl_oc3\/3.4.1":["{{d}}",24258273,1186778],"chl_oc3\/3.4.2":["{{d}}",25445051,2189358],"chl_oc3\/3.4.3":["{{d}}",27634409,931643],"chl_oc3\/3.4.4":["{{d}}",28566052,858936],"chl_oc3\/4.0.0":["{{e}}",151221,10921],"chl_oc3\/4.0.1":["{{e}}",162142,1477726],"chl_oc3\/4.0.2":["{{e}}",1639868,2399426],"chl_oc3\/4.0.3":["{{e}}",4039294,1136769],"chl_oc3\/4.0.4":["{{e}}",5176063,640564],"chl_oc3\/4.1.0":["{{e}}",5816627,10921],"chl_oc3\/4.1.1":["{{e}}",5827548,2018760],"chl_oc3\/4.1.2":["{{e}}",7846308,1013340],"chl_oc3\/4.1.3":["{{e}}",8859648,455514],"chl_oc3\/4.1.4":["{{e}}",9315162,221442],"chl_oc3\/4.2.0":["{{e}}",9536604,476212],"chl_oc3\/4.2.1":["{{e}}",10012816,691554],"chl_oc3\/4.2.2":["{{e}}",10704370,119634],"chl_oc3\/4.2.3":["{{e}}",10824004,836259],"chl_oc3\/4.2.4":["{{e}}",11660263,3107257],"chl_oc3\/4.3.0":["{{e}}",14767520,1241735],"chl_oc3\/4.3.1":["{{e}}",16009255,1175989],"chl_oc3\/4.3.2":["{{e}}",17185244,1494749],"chl_oc3\/4.3.3":["{{e}}",18679993,1640823],"chl_oc3\/4.3.4":["{{e}}",20320816,2479786],"chl_oc3\/4.4.0":["{{e}}",22800602,346103],"chl_oc3\/4.4.1":["{{e}}",23146705,878066],"chl_oc3\/4.4.2":["{{e}}",24024771,889067],"chl_oc3\/4.4.3":["{{e}}",24913838,611512],"chl_oc3\/4.4.4":["{{e}}",25525350,742786],"chl_oc3\/5.0.0":["{{f}}",151221,564794],"chl_oc3\/5.0.1":["{{f}}",716015,453847],"chl_oc3\/5.0.2":["{{f}}",1169862,2365980],"chl_oc3\/5.0.3":["{{f}}",3535842,1742660],"chl_oc3\/5.0.4":["{{f}}",5278502,10921],"chl_oc3\/5.1.0":["{{f}}",5289423,171037],"chl_oc3\/5.1.1":["{{f}}",5460460,719637],"chl_oc3\/5.1.2":["{{f}}",6180097,1692939],"chl_oc3\/5.1.3":["{{f}}",7873036,565148],"chl_oc3\/5.1.4":["{{f}}",8438184,36129],"chl_oc3\/5.2.0":["{{f}}",8474313,169883],"chl_oc3\/5.2.1":["{{f}}",8644196,1151989],"chl_oc3\/5.2.2":["{{f}}",9796185,45058],"chl_oc3\/5.2.3":["{{f}}",9841243,1541617],"chl_oc3\/5.2.4":["{{f}}",11382860,1799803],"chl_oc3\/5.3.0":["{{f}}",13182663,29045],"chl_oc3\/5.3.1":["{{f}}",13211708,2088803],"chl_oc3\/5.3.2":["{{f}}",15300511,1205732],"chl_oc3\/5.3.3":["{{f}}",16506243,1925300],"chl_oc3\/5.3.4":["{{f}}",18431543,2852186],"chl_oc3\/5.4.0":["{{f}}",21283729,10921],"chl_oc3\/5.4.1":["{{f}}",21294650,563761],"chl_oc3\/5.4.2":["{{f}}",21858411,1006053],"chl_oc3\/5.4.3":["{{f}}",22864464,2314037],"chl_oc3\/5.4.4":["{{f}}",25178501,861050],"chl_oc3\/6.0.0":["{{g}}",151221,10921],"chl_oc3\/6.0.1":["{{g}}",162142,1564783],"chl_oc3\/6.0.2":["{{g}}",1726925,2146316],"chl_oc3\/6.0.3":["{{g}}",3873241,1922106],"chl_oc3\/6.0.4":["{{g}}",5795347,721824],"chl_oc3\/6.1.0":["{{g}}",6517171,10921],"chl_oc3\/6.1.1":["{{g}}",6528092,1246719],"chl_oc3\/6.1.2":["{{g}}",7774811,1232684],"chl_oc3\/6.1.3":["{{g}}",9007495,597757],"chl_oc3\/6.1.4":["{{g}}",9605252,477976],"chl_oc3\/6.2.0":["{{g}}",10083228,803174],"chl_oc3\/6.2.1":["{{g}}",10886402,1426286],"chl_oc3\/6.2.2":["{{g}}",12312688,105043],"chl_oc3\/6.2.3":["{{g}}",12417731,1469632],"chl_oc3\/6.2.4":["{{g}}",13887363,2288232],"chl_oc3\/6.3.0":["{{g}}",16175595,1484538],"chl_oc3\/6.3.1":["{{g}}",17660133,1624873],"chl_oc3\/6.3.2":["{{g}}",19285006,1392366],"chl_oc3\/6.3.3":["{{g}}",20677372,2244773],"chl_oc3\/6.3.4":["{{g}}",22922145,4039533],"chl_oc3\/6.4.0":["{{g}}",26961678,1040450],"chl_oc3\/6.4.1":["{{g}}",28002128,1471331],"chl_oc3\/6.4.2":["{{g}}",29473459,1758999],"chl_oc3\/6.4.3":["{{g}}",31232458,2440680],"chl_oc3\/6.4.4":["{{g}}",33673138,1969726],"chl_oc3\/7.0.0":["{{h}}",151221,741847],"chl_oc3\/7.0.1":["{{h}}",893068,1744335],"chl_oc3\/7.0.2":["{{h}}",2637403,3448094],"chl_oc3\/7.0.3":["{{h}}",6085497,1450998],"chl_oc3\/7.0.4":["{{h}}",7536495,33053],"chl_oc3\/7.1.0":["{{h}}",7569548,11703],"chl_oc3\/7.1.1":["{{h}}",7581251,1646902],"chl_oc3\/7.1.2":["{{h}}",9228153,699827],"chl_oc3\/7.1.3":["{{h}}",9927980,1003180],"chl_oc3\/7.1.4":["{{h}}",10931160,138585],"chl_oc3\/7.2.0":["{{h}}",11069745,19007],"chl_oc3\/7.2.1":["{{h}}",11088752,2374018],"chl_oc3\/7.2.2":["{{h}}",13462770,19132],"chl_oc3\/7.2.3":["{{h}}",13481902,751587],"chl_oc3\/7.2.4":["{{h}}",14233489,2215769],"chl_oc3\/7.3.0":["{{h}}",16449258,10921],"chl_oc3\/7.3.1":["{{h}}",16460179,1601412],"chl_oc3\/7.3.2":["{{h}}",18061591,718740],"chl_oc3\/7.3.3":["{{h}}",18780331,906136],"chl_oc3\/7.3.4":["{{h}}",19686467,2751191],"chl_oc3\/7.4.0":["{{h}}",22437658,350425],"chl_oc3\/7.4.1":["{{h}}",22788083,288427],"chl_oc3\/7.4.2":["{{h}}",23076510,657022],"chl_oc3\/7.4.3":["{{h}}",23733532,2989731],"chl_oc3\/7.4.4":["{{h}}",26723263,3929965],"chl_oc3\/8.0.0":["{{i}}",151221,10921],"chl_oc3\/8.0.1":["{{i}}",162142,1460801],"chl_oc3\/8.0.2":["{{i}}",1622943,2427379],"chl_oc3\/8.0.3":["{{i}}",4050322,2137364],"chl_oc3\/8.0.4":["{{i}}",6187686,673623],"chl_oc3\/8.1.0":["{{i}}",6861309,467579],"chl_oc3\/8.1.1":["{{i}}",7328888,848497],"chl_oc3\/8.1.2":["{{i}}",8177385,1591904],"chl_oc3\/8.1.3":["{{i}}",9769289,1452262],"chl_oc3\/8.1.4":["{{i}}",11221551,174968],"chl_oc3\/8.2.0":["{{i}}",11396519,464298],"chl_oc3\/8.2.1":["{{i}}",11860817,1590330],"chl_oc3\/8.2.2":["{{i}}",13451147,39953],"chl_oc3\/8.2.3":["{{i}}",13491100,2185359],"chl_oc3\/8.2.4":["{{i}}",15676459,594918],"chl_oc3\/8.3.0":["{{i}}",16271377,80400],"chl_oc3\/8.3.1":["{{i}}",16351777,1291115],"chl_oc3\/8.3.2":["{{i}}",17642892,2221390],"chl_oc3\/8.3.3":["{{i}}",19864282,2833354],"chl_oc3\/8.3.4":["{{i}}",22697636,677751],"chl_oc3\/8.4.0":["{{i}}",23375387,308728],"chl_oc3\/8.4.1":["{{i}}",23684115,14549],"chl_oc3\/8.4.2":["{{i}}",23698664,1032311],"chl_oc3\/8.4.3":["{{i}}",24730975,2843654],"chl_oc3\/8.4.4":["{{i}}",27574629,1965114],"chl_oc3\/9.0.0":["{{j}}",151221,122283],"chl_oc3\/9.0.1":["{{j}}",273504,2092147],"chl_oc3\/9.0.2":["{{j}}",2365651,2614182],"chl_oc3\/9.0.3":["{{j}}",4979833,1755558],"chl_oc3\/9.0.4":["{{j}}",6735391,64131],"chl_oc3\/9.1.0":["{{j}}",6799522,10921],"chl_oc3\/9.1.1":["{{j}}",6810443,2410228],"chl_oc3\/9.1.2":["{{j}}",9220671,753947],"chl_oc3\/9.1.3":["{{j}}",9974618,684725],"chl_oc3\/9.1.4":["{{j}}",10659343,489394],"chl_oc3\/9.2.0":["{{j}}",11148737,10921],"chl_oc3\/9.2.1":["{{j}}",11159658,1828096],"chl_oc3\/9.2.2":["{{j}}",12987754,66974],"chl_oc3\/9.2.3":["{{j}}",13054728,504236],"chl_oc3\/9.2.4":["{{j}}",13558964,3585382],"chl_oc3\/9.3.0":["{{j}}",17144346,250494],"chl_oc3\/9.3.1":["{{j}}",17394840,1356275],"chl_oc3\/9.3.2":["{{j}}",18751115,2225063],"chl_oc3\/9.3.3":["{{j}}",20976178,1822571],"chl_oc3\/9.3.4":["{{j}}",22798749,1850529],"chl_oc3\/9.4.0":["{{j}}",24649278,1123937],"chl_oc3\/9.4.1":["{{j}}",25773215,941662],"chl_oc3\/9.4.2":["{{j}}",26714877,213796],"chl_oc3\/9.4.3":["{{j}}",26928673,2433967],"chl_oc3\/9.4.4":["{{j}}",29362640,2419483],"chl_oc3\/10.0.0":["{{k}}",151221,155513],"chl_oc3\/10.0.1":["{{k}}",306734,949791],"chl_oc3\/10.0.2":["{{k}}",1256525,3092204],"chl_oc3\/10.0.3":["{{k}}",4348729,2150123],"chl_oc3\/10.0.4":["{{k}}",6498852,686870],"chl_oc3\/10.1.0":["{{k}}",7185722,373031],"chl_oc3\/10.1.1":["{{k}}",7558753,1243885],"chl_oc3\/10.1.2":["{{k}}",8802638,550870],"chl_oc3\/10.1.3":["{{k}}",9353508,1361065],"chl_oc3\/10.1.4":["{{k}}",10714573,55834],"chl_oc3\/10.2.0":["{{k}}",10770407,357768],"chl_oc3\/10.2.1":["{{k}}",11128175,4083437],"chl_oc3\/10.2.2":["{{k}}",15211612,50308],"chl_oc3\/10.2.3":["{{k}}",15261920,2162667],"chl_oc3\/10.2.4":["{{k}}",17424587,230868],"chl_oc3\/10.3.0":["{{k}}",17655455,313023],"chl_oc3\/10.3.1":["{{k}}",17968478,2519263],"chl_oc3\/10.3.2":["{{k}}",20487741,1534335],"chl_oc3\/10.3.3":["{{k}}",22022076,2053994],"chl_oc3\/10.3.4":["{{k}}",24076070,365433],"chl_oc3\/10.4.0":["{{k}}",24441503,460121],"chl_oc3\/10.4.1":["{{k}}",24901624,1996707],"chl_oc3\/10.4.2":["{{k}}",26898331,895798],"chl_oc3\/10.4.3":["{{k}}",27794129,2430269],"chl_oc3\/10.4.4":["{{k}}",30224398,1164558],"chl_oc3\/11.0.0":["{{l}}",151221,10921],"chl_oc3\/11.0.1":["{{l}}",162142,2358906],"chl_oc3\/11.0.2":["{{l}}",2521048,3831421],"chl_oc3\/11.0.3":["{{l}}",6352469,1690612],"chl_oc3\/11.0.4":["{{l}}",8043081,178566],"chl_oc3\/11.1.0":["{{l}}",8221647,10921],"chl_oc3\/11.1.1":["{{l}}",8232568,2018833],"chl_oc3\/11.1.2":["{{l}}",10251401,854019],"chl_oc3\/11.1.3":["{{l}}",11105420,1226800],"chl_oc3\/11.1.4":["{{l}}",12332220,314043],"chl_oc3\/11.2.0":["{{l}}",12646263,70618],"chl_oc3\/11.2.1":["{{l}}",12716881,1502081],"chl_oc3\/11.2.2":["{{l}}",14218962,94253],"chl_oc3\/11.2.3":["{{l}}",14313215,659677],"chl_oc3\/11.2.4":["{{l}}",14972892,2419029],"chl_oc3\/11.3.0":["{{l}}",17391921,1570612],"chl_oc3\/11.3.1":["{{l}}",18962533,2212013],"chl_oc3\/11.3.2":["{{l}}",21174546,1684874],"chl_oc3\/11.3.3":["{{l}}",22859420,1517508],"chl_oc3\/11.3.4":["{{l}}",24376928,2262823],"chl_oc3\/11.4.0":["{{l}}",26639751,1258703],"chl_oc3\/11.4.1":["{{l}}",27898454,2362849],"chl_oc3\/11.4.2":["{{l}}",30261303,1267179],"chl_oc3\/11.4.3":["{{l}}",31528482,1664042],"chl_oc3\/11.4.4":["{{l}}",33192524,2179791],"chl_oc3\/12.0.0":["{{m}}",151221,334078],"chl_oc3\/12.0.1":["{{m}}",485299,983077],"chl_oc3\/12.0.2":["{{m}}",1468376,3327261],"chl_oc3\/12.0.3":["{{m}}",4795637,2720017],"chl_oc3\/12.0.4":["{{m}}",7515654,10921],"chl_oc3\/12.1.0":["{{m}}",7526575,99462],"chl_oc3\/12.1.1":["{{m}}",7626037,2770199],"chl_oc3\/12.1.2":["{{m}}",10396236,700665],"chl_oc3\/12.1.3":["{{m}}",11096901,975877],"chl_oc3\/12.1.4":["{{m}}",12072778,122502],"chl_oc3\/12.2.0":["{{m}}",12195280,399725],"chl_oc3\/12.2.1":["{{m}}",12595005,2907586],"chl_oc3\/12.2.2":["{{m}}",15502591,44519],"chl_oc3\/12.2.3":["{{m}}",15547110,2021657],"chl_oc3\/12.2.4":["{{m}}",17568767,1465615],"chl_oc3\/12.3.0":["{{m}}",19034382,53650],"chl_oc3\/12.3.1":["{{m}}",19088032,2377303],"chl_oc3\/12.3.2":["{{m}}",21465335,1505739],"chl_oc3\/12.3.3":["{{m}}",22971074,2205970],"chl_oc3\/12.3.4":["{{m}}",25177044,2012122],"chl_oc3\/12.4.0":["{{m}}",27189166,66711],"chl_oc3\/12.4.1":["{{m}}",27255877,2676269],"chl_oc3\/12.4.2":["{{m}}",29932146,1000080],"chl_oc3\/12.4.3":["{{m}}",30932226,2411933],"chl_oc3\/12.4.4":["{{m}}",33344159,1593616],"chl_oc3\/13.0.0":["{{n}}",151221,10921],"chl_oc3\/13.0.1":["{{n}}",162142,464272],"chl_oc3\/13.0.2":["{{n}}",626414,3212162],"chl_oc3\/13.0.3":["{{n}}",3838576,2140818],"chl_oc3\/13.0.4":["{{n}}",5979394,397036],"chl_oc3\/13.1.0":["{{n}}",6376430,10921],"chl_oc3\/13.1.1":["{{n}}",6387351,1225244],"chl_oc3\/13.1.2":["{{n}}",7612595,506708],"chl_oc3\/13.1.3":["{{n}}",8119303,2115231],"chl_oc3\/13.1.4":["{{n}}",10234534,982583],"chl_oc3\/13.2.0":["{{n}}",11217117,1026588],"chl_oc3\/13.2.1":["{{n}}",12243705,1965142],"chl_oc3\/13.2.2":["{{n}}",14208847,129343],"chl_oc3\/13.2.3":["{{n}}",14338190,636865],"chl_oc3\/13.2.4":["{{n}}",14975055,3756311],"chl_oc3\/13.3.0":["{{n}}",18731366,1729961],"chl_oc3\/13.3.1":["{{n}}",20461327,1665217],"chl_oc3\/13.3.2":["{{n}}",22126544,2198990],"chl_oc3\/13.3.3":["{{n}}",24325534,2234762],"chl_oc3\/13.3.4":["{{n}}",26560296,3353227],"chl_oc3\/13.4.0":["{{n}}",29913523,1054097],"chl_oc3\/13.4.1":["{{n}}",30967620,3092761],"chl_oc3\/13.4.2":["{{n}}",34060381,2710891],"chl_oc3\/13.4.3":["{{n}}",36771272,1086054],"chl_oc3\/13.4.4":["{{n}}",37857326,2055197],"chl_oc3\/14.0.0":["{{o}}",151221,485042],"chl_oc3\/14.0.1":["{{o}}",636263,688193],"chl_oc3\/14.0.2":["{{o}}",1324456,3406546],"chl_oc3\/14.0.3":["{{o}}",4731002,1590034],"chl_oc3\/14.0.4":["{{o}}",6321036,92615],"chl_oc3\/14.1.0":["{{o}}",6413651,603154],"chl_oc3\/14.1.1":["{{o}}",7016805,1670513],"chl_oc3\/14.1.2":["{{o}}",8687318,878990],"chl_oc3\/14.1.3":["{{o}}",9566308,1856100],"chl_oc3\/14.1.4":["{{o}}",11422408,766936],"chl_oc3\/14.2.0":["{{o}}",12189344,280038],"chl_oc3\/14.2.1":["{{o}}",12469382,2671284],"chl_oc3\/14.2.2":["{{o}}",15140666,12056],"chl_oc3\/14.2.3":["{{o}}",15152722,876863],"chl_oc3\/14.2.4":["{{o}}",16029585,1742780],"chl_oc3\/14.3.0":["{{o}}",17772365,15240],"chl_oc3\/14.3.1":["{{o}}",17787605,2166440],"chl_oc3\/14.3.2":["{{o}}",19954045,1541892],"chl_oc3\/14.3.3":["{{o}}",21495937,2531989],"chl_oc3\/14.3.4":["{{o}}",24027926,2076260],"chl_oc3\/14.4.0":["{{o}}",26104186,10921],"chl_oc3\/14.4.1":["{{o}}",26115107,1959504],"chl_oc3\/14.4.2":["{{o}}",28074611,829233],"chl_oc3\/14.4.3":["{{o}}",28903844,1283948],"chl_oc3\/14.4.4":["{{o}}",30187792,2125389],"chl_oc3\/15.0.0":["{{p}}",151221,10921],"chl_oc3\/15.0.1":["{{p}}",162142,343115],"chl_oc3\/15.0.2":["{{p}}",505257,1923419],"chl_oc3\/15.0.3":["{{p}}",2428676,2588858],"chl_oc3\/15.0.4":["{{p}}",5017534,717090],"chl_oc3\/15.1.0":["{{p}}",5734624,415845],"chl_oc3\/15.1.1":["{{p}}",6150469,703914],"chl_oc3\/15.1.2":["{{p}}",6854383,212044],"chl_oc3\/15.1.3":["{{p}}",7066427,1654874],"chl_oc3\/15.1.4":["{{p}}",8721301,1845288],"chl_oc3\/15.2.0":["{{p}}",10566589,991151],"chl_oc3\/15.2.1":["{{p}}",11557740,1696470],"chl_oc3\/15.2.2":["{{p}}",13254210,31777],"chl_oc3\/15.2.3":["{{p}}",13285987,1478682],"chl_oc3\/15.2.4":["{{p}}",14764669,2858844],"chl_oc3\/15.3.0":["{{p}}",17623513,1462354],"chl_oc3\/15.3.1":["{{p}}",19085867,1472125],"chl_oc3\/15.3.2":["{{p}}",20557992,2084444],"chl_oc3\/15.3.3":["{{p}}",22642436,2757626],"chl_oc3\/15.3.4":["{{p}}",25400062,2636385],"chl_oc3\/15.4.0":["{{p}}",28036447,63728],"chl_oc3\/15.4.1":["{{p}}",28100175,543379],"chl_oc3\/15.4.2":["{{p}}",28643554,1807839],"chl_oc3\/15.4.3":["{{p}}",30451393,546102],"chl_oc3\/15.4.4":["{{p}}",30997495,711110],"chl_oc3\/16.0.0":["{{q}}",151221,61544],"chl_oc3\/16.0.1":["{{q}}",212765,318675],"chl_oc3\/16.0.2":["{{q}}",531440,2179053],"chl_oc3\/16.0.3":["{{q}}",2710493,887600],"chl_oc3\/16.0.4":["{{q}}",3598093,43715],"chl_oc3\/16.1.0":["{{q}}",3641808,22005],"chl_oc3\/16.1.1":["{{q}}",3663813,1390665],"chl_oc3\/16.1.2":["{{q}}",5054478,79857],"chl_oc3\/16.1.3":["{{q}}",5134335,561818],"chl_oc3\/16.1.4":["{{q}}",5696153,354901],"chl_oc3\/16.2.0":["{{q}}",6051054,10921],"chl_oc3\/16.2.1":["{{q}}",6061975,2189376],"chl_oc3\/16.2.2":["{{q}}",8251351,34708],"chl_oc3\/16.2.3":["{{q}}",8286059,548946],"chl_oc3\/16.2.4":["{{q}}",8835005,2691408],"chl_oc3\/16.3.0":["{{q}}",11526413,353155],"chl_oc3\/16.3.1":["{{q}}",11879568,1122652],"chl_oc3\/16.3.2":["{{q}}",13002220,2603765],"chl_oc3\/16.3.3":["{{q}}",15605985,1707801],"chl_oc3\/16.3.4":["{{q}}",17313786,3096116],"chl_oc3\/16.4.0":["{{q}}",20409902,1488953],"chl_oc3\/16.4.1":["{{q}}",21898855,919675],"chl_oc3\/16.4.2":["{{q}}",22818530,1568208],"chl_oc3\/16.4.3":["{{q}}",24386738,1940802],"chl_oc3\/16.4.4":["{{q}}",26327540,775452],"chl_oc3\/17.0.0":["{{r}}",151221,10921],"chl_oc3\/17.0.1":["{{r}}",162142,316797],"chl_oc3\/17.0.2":["{{r}}",478939,1148769],"chl_oc3\/17.0.3":["{{r}}",1627708,1788533],"chl_oc3\/17.0.4":["{{r}}",3416241,402886],"chl_oc3\/17.1.0":["{{r}}",3819127,1409053],"chl_oc3\/17.1.1":["{{r}}",5228180,1612594],"chl_oc3\/17.1.2":["{{r}}",6840774,399646],"chl_oc3\/17.1.3":["{{r}}",7240420,1923528],"chl_oc3\/17.1.4":["{{r}}",9163948,1347436],"chl_oc3\/17.2.0":["{{r}}",10511384,683127],"chl_oc3\/17.2.1":["{{r}}",11194511,2388554],"chl_oc3\/17.2.2":["{{r}}",13583065,57283],"chl_oc3\/17.2.3":["{{r}}",13640348,2280629],"chl_oc3\/17.2.4":["{{r}}",15920977,229100],"chl_oc3\/17.3.0":["{{r}}",16150077,550361],"chl_oc3\/17.3.1":["{{r}}",16700438,946701],"chl_oc3\/17.3.2":["{{r}}",17647139,1690962],"chl_oc3\/17.3.3":["{{r}}",19338101,1737699],"chl_oc3\/17.3.4":["{{r}}",21075800,320987],"chl_oc3\/17.4.0":["{{r}}",21396787,206176],"chl_oc3\/17.4.1":["{{r}}",21602963,557021],"chl_oc3\/17.4.2":["{{r}}",22159984,1633814],"chl_oc3\/17.4.3":["{{r}}",23793798,1754210],"chl_oc3\/17.4.4":["{{r}}",25548008,1889473],"chl_oc3\/18.0.0":["{{s}}",151221,12461],"chl_oc3\/18.0.1":["{{s}}",163682,347879],"chl_oc3\/18.0.2":["{{s}}",511561,2852559],"chl_oc3\/18.0.3":["{{s}}",3364120,438883],"chl_oc3\/18.0.4":["{{s}}",3803003,58969],"chl_oc3\/18.1.0":["{{s}}",3861972,10921],"chl_oc3\/18.1.1":["{{s}}",3872893,1036586],"chl_oc3\/18.1.2":["{{s}}",4909479,1038717],"chl_oc3\/18.1.3":["{{s}}",5948196,540083],"chl_oc3\/18.1.4":["{{s}}",6488279,379209],"chl_oc3\/18.2.0":["{{s}}",6867488,10921],"chl_oc3\/18.2.1":["{{s}}",6878409,742748],"chl_oc3\/18.2.2":["{{s}}",7621157,21619],"chl_oc3\/18.2.3":["{{s}}",7642776,700332],"chl_oc3\/18.2.4":["{{s}}",8343108,2169390],"chl_oc3\/18.3.0":["{{s}}",10512498,797311],"chl_oc3\/18.3.1":["{{s}}",11309809,1811074],"chl_oc3\/18.3.2":["{{s}}",13120883,1153637],"chl_oc3\/18.3.3":["{{s}}",14274520,2021777],"chl_oc3\/18.3.4":["{{s}}",16296297,2564721],"chl_oc3\/18.4.0":["{{s}}",18861018,105436],"chl_oc3\/18.4.1":["{{s}}",18966454,789292],"chl_oc3\/18.4.2":["{{s}}",19755746,355927],"chl_oc3\/18.4.3":["{{s}}",20111673,2752633],"chl_oc3\/18.4.4":["{{s}}",22864306,1409433],"chl_oc3\/19.0.0":["{{t}}",151221,1950939],"chl_oc3\/19.0.1":["{{t}}",2102160,432494],"chl_oc3\/19.0.2":["{{t}}",2534654,762092],"chl_oc3\/19.0.3":["{{t}}",3296746,2195846],"chl_oc3\/19.0.4":["{{t}}",5492592,1418818],"chl_oc3\/19.1.0":["{{t}}",6911410,1192569],"chl_oc3\/19.1.1":["{{t}}",8103979,1232311],"chl_oc3\/19.1.2":["{{t}}",9336290,477849],"chl_oc3\/19.1.3":["{{t}}",9814139,1498764],"chl_oc3\/19.1.4":["{{t}}",11312903,616619],"chl_oc3\/19.2.0":["{{t}}",11929522,822317],"chl_oc3\/19.2.1":["{{t}}",12751839,1513282],"chl_oc3\/19.2.2":["{{t}}",14265121,47768],"chl_oc3\/19.2.3":["{{t}}",14312889,789654],"chl_oc3\/19.2.4":["{{t}}",15102543,520440],"chl_oc3\/19.3.0":["{{t}}",15622983,160110],"chl_oc3\/19.3.1":["{{t}}",15783093,1271093],"chl_oc3\/19.3.2":["{{t}}",17054186,2233746],"chl_oc3\/19.3.3":["{{t}}",19287932,1727049],"chl_oc3\/19.3.4":["{{t}}",21014981,1433005],"chl_oc3\/19.4.0":["{{t}}",22447986,31176],"chl_oc3\/19.4.1":["{{t}}",22479162,1406350],"chl_oc3\/19.4.2":["{{t}}",23885512,1357069],"chl_oc3\/19.4.3":["{{t}}",25242581,1360540],"chl_oc3\/19.4.4":["{{t}}",26603121,2219097],"chl_oc3\/20.0.0":["{{u}}",151221,10921],"chl_oc3\/20.0.1":["{{u}}",162142,931534],"chl_oc3\/20.0.2":["{{u}}",1093676,2661270],"chl_oc3\/20.0.3":["{{u}}",3754946,1897988],"chl_oc3\/20.0.4":["{{u}}",5652934,1344077],"chl_oc3\/20.1.0":["{{u}}",6997011,10921],"chl_oc3\/20.1.1":["{{u}}",7007932,1006973],"chl_oc3\/20.1.2":["{{u}}",8014905,438625],"chl_oc3\/20.1.3":["{{u}}",8453530,1517872],"chl_oc3\/20.1.4":["{{u}}",9971402,853103],"chl_oc3\/20.2.0":["{{u}}",10824505,792389],"chl_oc3\/20.2.1":["{{u}}",11616894,694701],"chl_oc3\/20.2.2":["{{u}}",12311595,14092],"chl_oc3\/20.2.3":["{{u}}",12325687,671838],"chl_oc3\/20.2.4":["{{u}}",12997525,1763285],"chl_oc3\/20.3.0":["{{u}}",14760810,740091],"chl_oc3\/20.3.1":["{{u}}",15500901,831582],"chl_oc3\/20.3.2":["{{u}}",16332483,2194166],"chl_oc3\/20.3.3":["{{u}}",18526649,2236475],"chl_oc3\/20.3.4":["{{u}}",20763124,2629019],"chl_oc3\/20.4.0":["{{u}}",23392143,148568],"chl_oc3\/20.4.1":["{{u}}",23540711,1957285],"chl_oc3\/20.4.2":["{{u}}",25497996,2922409],"chl_oc3\/20.4.3":["{{u}}",28420405,1394857],"chl_oc3\/20.4.4":["{{u}}",29815262,2370788],"chl_oc3\/21.0.0":["{{v}}",151221,1331263],"chl_oc3\/21.0.1":["{{v}}",1482484,745200],"chl_oc3\/21.0.2":["{{v}}",2227684,521607],"chl_oc3\/21.0.3":["{{v}}",2749291,3058450],"chl_oc3\/21.0.4":["{{v}}",5807741,10921],"chl_oc3\/21.1.0":["{{v}}",5818662,761207],"chl_oc3\/21.1.1":["{{v}}",6579869,1902184],"chl_oc3\/21.1.2":["{{v}}",8482053,393899],"chl_oc3\/21.1.3":["{{v}}",8875952,2152899],"chl_oc3\/21.1.4":["{{v}}",11028851,56389],"chl_oc3\/21.2.0":["{{v}}",11085240,776102],"chl_oc3\/21.2.1":["{{v}}",11861342,2199923],"chl_oc3\/21.2.2":["{{v}}",14061265,11920],"chl_oc3\/21.2.3":["{{v}}",14073185,1347616],"chl_oc3\/21.2.4":["{{v}}",15420801,730049],"chl_oc3\/21.3.0":["{{v}}",16150850,81422],"chl_oc3\/21.3.1":["{{v}}",16232272,850821],"chl_oc3\/21.3.2":["{{v}}",17083093,1519729],"chl_oc3\/21.3.3":["{{v}}",18602822,1414884],"chl_oc3\/21.3.4":["{{v}}",20017706,2592716],"chl_oc3\/21.4.0":["{{v}}",22610422,10921],"chl_oc3\/21.4.1":["{{v}}",22621343,968692],"chl_oc3\/21.4.2":["{{v}}",23590035,2503872],"chl_oc3\/21.4.3":["{{v}}",26093907,3330566],"chl_oc3\/21.4.4":["{{v}}",29424473,1681050],"chl_oc3\/22.0.0":["{{w}}",151221,10921],"chl_oc3\/22.0.1":["{{w}}",162142,1439085],"chl_oc3\/22.0.2":["{{w}}",1601227,2595038],"chl_oc3\/22.0.3":["{{w}}",4196265,2573870],"chl_oc3\/22.0.4":["{{w}}",6770135,985082],"chl_oc3\/22.1.0":["{{w}}",7755217,10921],"chl_oc3\/22.1.1":["{{w}}",7766138,1658823],"chl_oc3\/22.1.2":["{{w}}",9424961,794105],"chl_oc3\/22.1.3":["{{w}}",10219066,1645761],"chl_oc3\/22.1.4":["{{w}}",11864827,2057278],"chl_oc3\/22.2.0":["{{w}}",13922105,1235610],"chl_oc3\/22.2.1":["{{w}}",15157715,1618262],"chl_oc3\/22.2.2":["{{w}}",16775977,51867],"chl_oc3\/22.2.3":["{{w}}",16827844,979321],"chl_oc3\/22.2.4":["{{w}}",17807165,1771080],"chl_oc3\/22.3.0":["{{w}}",19578245,1210517],"chl_oc3\/22.3.1":["{{w}}",20788762,1772058],"chl_oc3\/22.3.2":["{{w}}",22560820,1844647],"chl_oc3\/22.3.3":["{{w}}",24405467,2871453],"chl_oc3\/22.3.4":["{{w}}",27276920,3384318],"chl_oc3\/22.4.0":["{{w}}",30661238,167777],"chl_oc3\/22.4.1":["{{w}}",30829015,1547436],"chl_oc3\/22.4.2":["{{w}}",32376451,1227633],"chl_oc3\/22.4.3":["{{w}}",33604084,4418103],"chl_oc3\/22.4.4":["{{w}}",38022187,1638995],"chl_oc3\/23.0.0":["{{x}}",151221,454150],"chl_oc3\/23.0.1":["{{x}}",605371,468829],"chl_oc3\/23.0.2":["{{x}}",1074200,3490763],"chl_oc3\/23.0.3":["{{x}}",4564963,2395908],"chl_oc3\/23.0.4":["{{x}}",6960871,209621],"chl_oc3\/23.1.0":["{{x}}",7170492,174983],"chl_oc3\/23.1.1":["{{x}}",7345475,1675860],"chl_oc3\/23.1.2":["{{x}}",9021335,1810912],"chl_oc3\/23.1.3":["{{x}}",10832247,977606],"chl_oc3\/23.1.4":["{{x}}",11809853,197402],"chl_oc3\/23.2.0":["{{x}}",12007255,57960],"chl_oc3\/23.2.1":["{{x}}",12065215,2300577],"chl_oc3\/23.2.2":["{{x}}",14365792,23950],"chl_oc3\/23.2.3":["{{x}}",14389742,660037],"chl_oc3\/23.2.4":["{{x}}",15049779,1069169],"chl_oc3\/23.3.0":["{{x}}",16118948,10921],"chl_oc3\/23.3.1":["{{x}}",16129869,1281391],"chl_oc3\/23.3.2":["{{x}}",17411260,2133538],"chl_oc3\/23.3.3":["{{x}}",19544798,787060],"chl_oc3\/23.3.4":["{{x}}",20331858,2962779],"chl_oc3\/23.4.0":["{{x}}",23294637,269925],"chl_oc3\/23.4.1":["{{x}}",23564562,1173209],"chl_oc3\/23.4.2":["{{x}}",24737771,1376817],"chl_oc3\/23.4.3":["{{x}}",26114588,519444],"chl_oc3\/23.4.4":["{{x}}",26634032,3320819],"chl_oc3\/24.0.0":["{{y}}",151221,10921],"chl_oc3\/24.0.1":["{{y}}",162142,177621],"chl_oc3\/24.0.2":["{{y}}",339763,1325803],"chl_oc3\/24.0.3":["{{y}}",1665566,2477508],"chl_oc3\/24.0.4":["{{y}}",4143074,2893725],"chl_oc3\/24.1.0":["{{y}}",7036799,822034],"chl_oc3\/24.1.1":["{{y}}",7858833,1297191],"chl_oc3\/24.1.2":["{{y}}",9156024,1186478],"chl_oc3\/24.1.3":["{{y}}",10342502,2156919],"chl_oc3\/24.1.4":["{{y}}",12499421,1011743],"chl_oc3\/24.2.0":["{{y}}",13511164,718047],"chl_oc3\/24.2.1":["{{y}}",14229211,1471088],"chl_oc3\/24.2.2":["{{y}}",15700299,50798],"chl_oc3\/24.2.3":["{{y}}",15751097,1374075],"chl_oc3\/24.2.4":["{{y}}",17125172,486226],"chl_oc3\/24.3.0":["{{y}}",17611398,898832],"chl_oc3\/24.3.1":["{{y}}",18510230,1845758],"chl_oc3\/24.3.2":["{{y}}",20355988,2076374],"chl_oc3\/24.3.3":["{{y}}",22432362,1723166],"chl_oc3\/24.3.4":["{{y}}",24155528,134396],"chl_oc3\/24.4.0":["{{y}}",24289924,156363],"chl_oc3\/24.4.1":["{{y}}",24446287,549066],"chl_oc3\/24.4.2":["{{y}}",24995353,1070358],"chl_oc3\/24.4.3":["{{y}}",26065711,1104026],"chl_oc3\/24.4.4":["{{y}}",27169737,290798],"chl_oc3\/25.0.0":["{{z}}",151221,80980],"chl_oc3\/25.0.1":["{{z}}",232201,362017],"chl_oc3\/25.0.2":["{{z}}",594218,1745688],"chl_oc3\/25.0.3":["{{z}}",2339906,3315271],"chl_oc3\/25.0.4":["{{z}}",5655177,993402],"chl_oc3\/25.1.0":["{{z}}",6648579,15107],"chl_oc3\/25.1.1":["{{z}}",6663686,1190179],"chl_oc3\/25.1.2":["{{z}}",7853865,471252],"chl_oc3\/25.1.3":["{{z}}",8325117,617194],"chl_oc3\/25.1.4":["{{z}}",8942311,1108301],"chl_oc3\/25.2.0":["{{z}}",10050612,10921],"chl_oc3\/25.2.1":["{{z}}",10061533,1740909],"chl_oc3\/25.2.2":["{{z}}",11802442,97448],"chl_oc3\/25.2.3":["{{z}}",11899890,225922],"chl_oc3\/25.2.4":["{{z}}",12125812,1995448],"chl_oc3\/25.3.0":["{{z}}",14121260,80765],"chl_oc3\/25.3.1":["{{z}}",14202025,1948576],"chl_oc3\/25.3.2":["{{z}}",16150601,1564565],"chl_oc3\/25.3.3":["{{z}}",17715166,2318916],"chl_oc3\/25.3.4":["{{z}}",20034082,975067],"chl_oc3\/25.4.0":["{{z}}",21009149,1490832],"chl_oc3\/25.4.1":["{{z}}",22499981,1528449],"chl_oc3\/25.4.2":["{{z}}",24028430,791063],"chl_oc3\/25.4.3":["{{z}}",24819493,2223816],"chl_oc3\/25.4.4":["{{z}}",27043309,1781647],"chl_oc3\/26.0.0":["{{A}}",151221,190368],"chl_oc3\/26.0.1":["{{A}}",341589,387360],"chl_oc3\/26.0.2":["{{A}}",728949,692178],"chl_oc3\/26.0.3":["{{A}}",1421127,1533568],"chl_oc3\/26.0.4":["{{A}}",2954695,2676520],"chl_oc3\/26.1.0":["{{A}}",5631215,901350],"chl_oc3\/26.1.1":["{{A}}",6532565,1476507],"chl_oc3\/26.1.2":["{{A}}",8009072,165051],"chl_oc3\/26.1.3":["{{A}}",8174123,1885954],"chl_oc3\/26.1.4":["{{A}}",10060077,1483144],"chl_oc3\/26.2.0":["{{A}}",11543221,449586],"chl_oc3\/26.2.1":["{{A}}",11992807,2616983],"chl_oc3\/26.2.2":["{{A}}",14609790,56491],"chl_oc3\/26.2.3":["{{A}}",14666281,1129768],"chl_oc3\/26.2.4":["{{A}}",15796049,377922],"chl_oc3\/26.3.0":["{{A}}",16173971,511687],"chl_oc3\/26.3.1":["{{A}}",16685658,1233771],"chl_oc3\/26.3.2":["{{A}}",17919429,3057771],"chl_oc3\/26.3.3":["{{A}}",20977200,1446866],"chl_oc3\/26.3.4":["{{A}}",22424066,1407502],"chl_oc3\/26.4.0":["{{A}}",23831568,104098],"chl_oc3\/26.4.1":["{{A}}",23935666,989249],"chl_oc3\/26.4.2":["{{A}}",24924915,1987094],"chl_oc3\/26.4.3":["{{A}}",26912009,848012],"chl_oc3\/26.4.4":["{{A}}",27760021,1458775],"chl_oc3\/27.0.0":["{{B}}",151221,10921],"chl_oc3\/27.0.1":["{{B}}",162142,248635],"chl_oc3\/27.0.2":["{{B}}",410777,1654753],"chl_oc3\/27.0.3":["{{B}}",2065530,2077274],"chl_oc3\/27.0.4":["{{B}}",4142804,1458462],"chl_oc3\/27.1.0":["{{B}}",5601266,10921],"chl_oc3\/27.1.1":["{{B}}",5612187,966468],"chl_oc3\/27.1.2":["{{B}}",6578655,350653],"chl_oc3\/27.1.3":["{{B}}",6929308,705344],"chl_oc3\/27.1.4":["{{B}}",7634652,969483],"chl_oc3\/27.2.0":["{{B}}",8604135,76209],"chl_oc3\/27.2.1":["{{B}}",8680344,1349517],"chl_oc3\/27.2.2":["{{B}}",10029861,104233],"chl_oc3\/27.2.3":["{{B}}",10134094,498503],"chl_oc3\/27.2.4":["{{B}}",10632597,3236073],"chl_oc3\/27.3.0":["{{B}}",13868670,2036784],"chl_oc3\/27.3.1":["{{B}}",15905454,942514],"chl_oc3\/27.3.2":["{{B}}",16847968,2940472],"chl_oc3\/27.3.3":["{{B}}",19788440,2253807],"chl_oc3\/27.3.4":["{{B}}",22042247,2065007],"chl_oc3\/27.4.0":["{{B}}",24107254,1894039],"chl_oc3\/27.4.1":["{{B}}",26001293,2704196],"chl_oc3\/27.4.2":["{{B}}",28705489,1173405],"chl_oc3\/27.4.3":["{{B}}",29878894,2045333],"chl_oc3\/27.4.4":["{{B}}",31924227,605260],"chl_oc3\/28.0.0":["{{C}}",151221,18730],"chl_oc3\/28.0.1":["{{C}}",169951,103682],"chl_oc3\/28.0.2":["{{C}}",273633,845959],"chl_oc3\/28.0.3":["{{C}}",1119592,1741812],"chl_oc3\/28.0.4":["{{C}}",2861404,10921],"chl_oc3\/28.1.0":["{{C}}",2872325,170989],"chl_oc3\/28.1.1":["{{C}}",3043314,550779],"chl_oc3\/28.1.2":["{{C}}",3594093,993778],"chl_oc3\/28.1.3":["{{C}}",4587871,607899],"chl_oc3\/28.1.4":["{{C}}",5195770,14115],"chl_oc3\/28.2.0":["{{C}}",5209885,770919],"chl_oc3\/28.2.1":["{{C}}",5980804,2553446],"chl_oc3\/28.2.2":["{{C}}",8534250,109768],"chl_oc3\/28.2.3":["{{C}}",8644018,1140515],"chl_oc3\/28.2.4":["{{C}}",9784533,1149594],"chl_oc3\/28.3.0":["{{C}}",10934127,299750],"chl_oc3\/28.3.1":["{{C}}",11233877,2226192],"chl_oc3\/28.3.2":["{{C}}",13460069,1726797],"chl_oc3\/28.3.3":["{{C}}",15186866,2286648],"chl_oc3\/28.3.4":["{{C}}",17473514,1284023],"chl_oc3\/28.4.0":["{{C}}",18757537,33806],"chl_oc3\/28.4.1":["{{C}}",18791343,2977406],"chl_oc3\/28.4.2":["{{C}}",21768749,2572526],"chl_oc3\/28.4.3":["{{C}}",24341275,2348529],"chl_oc3\/28.4.4":["{{C}}",26689804,597587],"chl_oc3\/29.0.0":["{{D}}",151221,10921],"chl_oc3\/29.0.1":["{{D}}",162142,740501],"chl_oc3\/29.0.2":["{{D}}",902643,628944],"chl_oc3\/29.0.3":["{{D}}",1531587,894750],"chl_oc3\/29.0.4":["{{D}}",2426337,1213760],"chl_oc3\/29.1.0":["{{D}}",3640097,10921],"chl_oc3\/29.1.1":["{{D}}",3651018,768911],"chl_oc3\/29.1.2":["{{D}}",4419929,838337],"chl_oc3\/29.1.3":["{{D}}",5258266,674458],"chl_oc3\/29.1.4":["{{D}}",5932724,1361594],"chl_oc3\/29.2.0":["{{D}}",7294318,953900],"chl_oc3\/29.2.1":["{{D}}",8248218,1251603],"chl_oc3\/29.2.2":["{{D}}",9499821,142241],"chl_oc3\/29.2.3":["{{D}}",9642062,360013],"chl_oc3\/29.2.4":["{{D}}",10002075,3290167],"chl_oc3\/29.3.0":["{{D}}",13292242,1234460],"chl_oc3\/29.3.1":["{{D}}",14526702,2145282],"chl_oc3\/29.3.2":["{{D}}",16671984,2219045],"chl_oc3\/29.3.3":["{{D}}",18891029,2653529],"chl_oc3\/29.3.4":["{{D}}",21544558,2542121],"chl_oc3\/29.4.0":["{{D}}",24086679,207496],"chl_oc3\/29.4.1":["{{D}}",24294175,2192767],"chl_oc3\/29.4.2":["{{D}}",26486942,2644635],"chl_oc3\/29.4.3":["{{D}}",29131577,536331],"chl_oc3\/29.4.4":["{{D}}",29667908,1395784],"chl_oc3\/30.0.0":["{{E}}",151221,46004],"chl_oc3\/30.0.1":["{{E}}",197225,248337],"chl_oc3\/30.0.2":["{{E}}",445562,3052080],"chl_oc3\/30.0.3":["{{E}}",3497642,1568429],"chl_oc3\/30.0.4":["{{E}}",5066071,23807],"chl_oc3\/30.1.0":["{{E}}",5089878,55288],"chl_oc3\/30.1.1":["{{E}}",5145166,938057],"chl_oc3\/30.1.2":["{{E}}",6083223,436063],"chl_oc3\/30.1.3":["{{E}}",6519286,725442],"chl_oc3\/30.1.4":["{{E}}",7244728,273713],"chl_oc3\/30.2.0":["{{E}}",7518441,102272],"chl_oc3\/30.2.1":["{{E}}",7620713,2028628],"chl_oc3\/30.2.2":["{{E}}",9649341,12217],"chl_oc3\/30.2.3":["{{E}}",9661558,631729],"chl_oc3\/30.2.4":["{{E}}",10293287,1482851],"chl_oc3\/30.3.0":["{{E}}",11776138,17629],"chl_oc3\/30.3.1":["{{E}}",11793767,1992836],"chl_oc3\/30.3.2":["{{E}}",13786603,494230],"chl_oc3\/30.3.3":["{{E}}",14280833,1655403],"chl_oc3\/30.3.4":["{{E}}",15936236,2383151],"chl_oc3\/30.4.0":["{{E}}",18319387,10921],"chl_oc3\/30.4.1":["{{E}}",18330308,391096],"chl_oc3\/30.4.2":["{{E}}",18721404,1438790],"chl_oc3\/30.4.3":["{{E}}",20160194,1561366],"chl_oc3\/30.4.4":["{{E}}",21721560,976084]}}