{"version":1,"templates":{"a":"s3:\/\/imos-data\/IMOS\/SRS\/OC\/gridded\/aqua\/P1D\/2010\/12\/A.P1D.20101201T053000Z.aust.chl_gsm.nc","b":"s3:\/\/imos-data\/IMOS\/SRS\/OC\/gridded\/aqua\/P1D\/2010\/12\/A.P1D.20101202T053000Z.aust.chl_gsm.nc","c":"s3:\/\/imos-data\/IMOS\/SRS\/OC\/gridded\/aqua\/P1D\/2010\/12\/A.P1D.20101203T053000Z.aust.chl_gsm.nc","d":"s3:\/\/imos-data\/IMOS\/SRS\/OC\/gridded\/aqua\/P1D\/2010\/12\/A.P1D.20101204T053000Z.aust.chl_gsm.nc","e":"s3:\/\/imos-data\/IMOS\/SRS\/OC\/gridded\/aqua\/P1D\/2010\/12\/A.P1D.20101205T053000Z.aust.chl_gsm.nc","f":"s3:\/\/imos-data\/IMOS\/SRS\/OC\/gridded\/aqua\/P1D\/2010\/12\/A.P1D.20101206T053000Z.aust.chl_gsm.nc","g":"s3:\/\/imos-data\/IMOS\/SRS\/OC\/gridded\/aqua\/P1D\/2010\/12\/A.P1D.20101207T053000Z.aust.chl_gsm.nc","h":"s3:\/\/imos-data\/IMOS\/SRS\/OC\/gridded\/aqua\/P1D\/2010\/12\/A.P1D.20101208T053000Z.aust.chl_gsm.nc","i":"s3:\/\/imos-data\/IMOS\/SRS\/OC\/gridded\/aqua\/P1D\/2010\/12\/A.P1D.20101209T053000Z.aust.chl_gsm.nc","j":"s3:\/\/imos-data\/IMOS\/SRS\/OC\/gridded\/aqua\/P1D\/2010\/12\/A.P1D.20101210T053000Z.aust.chl_gsm.nc","k":"s3:\/\/imos-data\/IMOS\/SRS\/OC\/gridded\/aqua\/P1D\/2010\/12\/A.P1D.20101211T053000Z.aust.chl_gsm.nc","l":"s3:\/\/imos-data\/IMOS\/SRS\/OC\/gridded\/aqua\/P1D\/2010\/12\/A.P1D.20101212T053000Z.aust.chl_gsm.nc","m":"s3:\/\/imos-data\/IMOS\/SRS\/OC\/gridded\/aqua\/P1D\/2010\/12\/A.P1D.20101213T053000Z.aust.chl_gsm.nc","n":"s3:\/\/imos-data\/IMOS\/SRS\/OC\/gridded\/aqua\/P1D\/2010\/12\/A.P1D.20101214T053000Z.aust.chl_gsm.nc","o":"s3:\/\/imos-data\/IMOS\/SRS\/OC\/gridded\/aqua\/P1D\/2010\/12\/A.P1D.20101215T053000Z.aust.chl_gsm.nc","p":"s3:\/\/imos-data\/IMOS\/SRS\/OC\/gridded\/aqua\/P1D\/2010\/12\/A.P1D.20101216T053000Z.aust.chl_gsm.nc","q":"s3:\/\/imos-data\/IMOS\/SRS\/OC\/gridded\/aqua\/P1D\/2010\/12\/A.P1D.20101217T053000Z.aust.chl_gsm.nc","r":"s3:\/\/imos-data\/IMOS\/SRS\/OC\/gridded\/aqua\/P1D\/2010\/12\/A.P1D.20101218T053000Z.aust.chl_gsm.nc","s":"s3:\/\/imos-data\/IMOS\/SRS\/OC\/gridded\/aqua\/P1D\/2010\/12\/A.P1D.20101219T053000Z.aust.chl_gsm.nc","t":"s3:\/\/imos-data\/IMOS\/SRS\/OC\/gridded\/aqua\/P1D\/2010\/12\/A.P1D.20101220T053000Z.aust.chl_gsm.nc","u":"s3:\/\/imos-data\/IMOS\/SRS\/OC\/gridded\/aqua\/P1D\/2010\/12\/A.P1D.20101221T053000Z.aust.chl_gsm.nc","v":"s3:\/\/imos-data\/IMOS\/SRS\/OC\/gridded\/aqua\/P1D\/2010\/12\/A.P1D.20101222T053000Z.aust.chl_gsm.nc","w":"s3:\/\/imos-data\/IMOS\/SRS\/OC\/gridded\/aqua\/P1D\/2010\/12\/A.P1D.20101223T053000Z.aust.chl_gsm.nc","x":"s3:\/\/imos-data\/IMOS\/SRS\/OC\/gridded\/aqua\/P1D\/2010\/12\/A.P1D.20101224T053000Z.aust.chl_gsm.nc","y":"s3:\/\/imos-data\/IMOS\/SRS\/OC\/gridded\/aqua\/P1D\/2010\/12\/A.P1D.20101225T053000Z.aust.chl_gsm.nc","z":"s3:\/\/imos-data\/IMOS\/SRS\/OC\/gridded\/aqua\/P1D\/2010\/12\/A.P1D.20101226T053000Z.aust.chl_gsm.nc","A":"s3:\/\/imos-data\/IMOS\/SRS\/OC\/gridded\/aqua\/P1D\/2010\/12\/A.P1D.20101227T053000Z.aust.chl_gsm.nc","B":"s3:\/\/imos-data\/IMOS\/SRS\/OC\/gridded\/aqua\/P1D\/2010\/12\/A.P1D.20101228T053000Z.aust.chl_gsm.nc","C":"s3:\/\/imos-data\/IMOS\/SRS\/OC\/gridded\/aqua\/P1D\/2010\/12\/A.P1D.20101229T053000Z.aust.chl_gsm.nc","D":"s3:\/\/imos-data\/IMOS\/SRS\/OC\/gridded\/aqua\/P1D\/2010\/12\/A.P1D.20101230T053000Z.aust.chl_gsm.nc","E":"s3:\/\/imos-data\/IMOS\/SRS\/OC\/gridded\/aqua\/P1D\/2010\/12\/A.P1D.20101231T053000Z.aust.chl_gsm.nc"},"refs":{".zgroup":"{\"zarr_format\":2}",".zattrs":"{\"Conventions\":\"CF-1.6\",\"_NCProperties\":\"version=1|netcdflibversion=4.6.1|hdf5libversion=1.10.4\",\"_nc3_strict\":1,\"history\":\"File initialised at 2020-08-06T06:34:49.509394\\nInitialised var chl_gsm at 2020-08-06T06:35:11.268029\\nAdd Granule A20101201_0230.20190920063222.L2OC_BASE.chl_gsm.nc at 2020-08-06T06:35:12.680108\\nAdd Granule A20101201_0235.20190920060011.L2OC_BASE.chl_gsm.nc at 2020-08-06T06:35:12.880342\\nAdd Granule A20101201_0240.20190920063837.L2OC_BASE.chl_gsm.nc at 2020-08-06T06:35:13.091440\\nAdd Granule A20101201_0400.20190920061741.L2OC_BASE.chl_gsm.nc at 2020-08-06T06:35:13.190959\\nAdd Granule A20101201_0405.20190920071123.L2OC_BASE.chl_gsm.nc at 2020-08-06T06:35:13.447209\\nAdd Granule A20101201_0410.20190920060733.L2OC_BASE.chl_gsm.nc at 2020-08-06T06:35:13.628326\\nAdd Granule A20101201_0415.20190920072128.L2OC_BASE.chl_gsm.nc at 2020-08-06T06:35:13.825738\\nAdd Granule A20101201_0420.20190920065706.L2OC_BASE.chl_gsm.nc at 2020-08-06T06:35:14.020931\\nAdd Granule A20101201_0540.20190920070710.L2OC_BASE.chl_gsm.nc at 2020-08-06T06:35:14.202067\\nAdd Granule A20101201_0545.20190920073552.L2OC_BASE.chl_gsm.nc at 2020-08-06T06:35:14.459666\\nAdd Granule A20101201_0550.20190920071649.L2OC_BASE.chl_gsm.nc at 2020-08-06T06:35:14.658115\\nAdd Granule A20101201_0555.20190920061123.L2OC_BASE.chl_gsm.nc at 2020-08-06T06:35:14.843393\\nAdd Granule A20101201_0600.20190920073101.L2OC_BASE.chl_gsm.nc at 2020-08-06T06:35:15.017444\\nAdd Granule A20101201_0720.20190920072639.L2OC_BASE.chl_gsm.nc at 2020-08-06T06:35:15.238347\\nAdd Granule A20101201_0725.20190920062708.L2OC_BASE.chl_gsm.nc at 2020-08-06T06:35:15.466198\\nAdd Granule A20101201_0730.20190920062159.L2OC_BASE.chl_gsm.nc at 2020-08-06T06:35:15.655464\\nAdd Granule A20101201_0735.20190920055354.L2OC_BASE.chl_gsm.nc at 2020-08-06T06:35:15.827558\\nAdd Granule A20101201_0740.20190920064814.L2OC_BASE.chl_gsm.nc at 2020-08-06T06:35:15.926701\",\"source_path\":\"imos-srs\\\/archive\\\/oc\\\/aqua\\\/1d\\\/v201909\\\/2010\\\/12\\\/A20101201.L2OC_BASE.aust.chl_gsm.nc\"}","latitude\/.zarray":"{\n    \"chunks\": [\n        7001\n    ],\n    \"compressor\": null,\n    \"dtype\": \"<f8\",\n    \"fill_value\": 9.969209968386869e+36,\n    \"filters\": null,\n    \"order\": \"C\",\n    \"shape\": [\n        7001\n    ],\n    \"zarr_format\": 2\n}","latitude\/.zattrs":"{\n    \"NAME\": \"latitude\",\n    \"_ARRAY_DIMENSIONS\": [\n        \"latitude\"\n    ],\n    \"_Netcdf4Dimid\": 1,\n    \"axis\": \"Y\",\n    \"long_name\": \"latitude\",\n    \"standard_name\": \"latitude\",\n    \"units\": \"degrees_north\"\n}","latitude\/0":["{{a}}",2392,56008],"chl_gsm\/.zarray":"{\"chunks\":[1,1401,2001],\"compressor\":{\"id\":\"zlib\",\"level\":4},\"dtype\":\"<f4\",\"fill_value\":-999.0,\"filters\":[{\"elementsize\":4,\"id\":\"shuffle\"}],\"order\":\"C\",\"shape\":[31,7001,10001],\"zarr_format\":2}","chl_gsm\/.zattrs":"{\"_ARRAY_DIMENSIONS\":[\"time\",\"latitude\",\"longitude\"],\"flag_applied\":\"HISATZEN LAND CLDICE NAVFAIL\",\"long_name\":\"Chlorophyll Concentration, GSM model\",\"units\":\"mg\\\/m^3\"}","longitude\/.zarray":"{\n    \"chunks\": [\n        10001\n    ],\n    \"compressor\": null,\n    \"dtype\": \"<f8\",\n    \"fill_value\": 9.969209968386869e+36,\n    \"filters\": null,\n    \"order\": \"C\",\n    \"shape\": [\n        10001\n    ],\n    \"zarr_format\": 2\n}","longitude\/.zattrs":"{\n    \"NAME\": \"longitude\",\n    \"_ARRAY_DIMENSIONS\": [\n        \"longitude\"\n    ],\n    \"_Netcdf4Dimid\": 2,\n    \"axis\": \"X\",\n    \"long_name\": \"longitude\",\n    \"standard_name\": \"longitude\",\n    \"units\": \"degrees_east\"\n}","longitude\/0":["{{a}}",58400,80008],"time\/.zarray":"{\"chunks\":[31],\"compressor\":{\"blocksize\":0,\"clevel\":5,\"cname\":\"lz4\",\"id\":\"blosc\",\"shuffle\":1},\"dtype\":\"<M8[us]\",\"fill_value\":0,\"filters\":null,\"order\":\"C\",\"shape\":[31],\"zarr_format\":2}","time\/0":"base64:AgExCPgAAAD4AAAAswAAABQAAACbAAAAHwABAAv7AQZmxiaG5kamBmbGJobmRqYQAPRcsIdeNg3kvJNrQhnxyJ93Tib91KyDWjIJ4biPZz4V7Zi21PIQLUtph6XD4P4cOlh2k7HP7QspR2SCoL7c+hdSZnqOo7fL3\/MHGy9DWGyAlKi80OT5DSE1SV1xhZmulpaWlpaWlpaWl5eXl5cFABSYAQAfBAEACw\/YAAdQAAAAAAA=","time\/.zattrs":"{\"NAME\":\"time\",\"_ARRAY_DIMENSIONS\":[\"time\"],\"_Netcdf4Dimid\":0,\"axis\":\"T\",\"long_name\":\"time\",\"standard_name\":\"time\"}","chl_gsm\/0.0.0":["{{a}}",151217,142961],"chl_gsm\/0.0.1":["{{a}}",294178,331984],"chl_gsm\/0.0.2":["{{a}}",626162,2952379],"chl_gsm\/0.0.3":["{{a}}",3578541,2810291],"chl_gsm\/0.0.4":["{{a}}",6388832,2791156],"chl_gsm\/0.1.0":["{{a}}",9179988,2002856],"chl_gsm\/0.1.1":["{{a}}",11182844,1070206],"chl_gsm\/0.1.2":["{{a}}",12253050,803439],"chl_gsm\/0.1.3":["{{a}}",13056489,2065426],"chl_gsm\/0.1.4":["{{a}}",15121915,3396320],"chl_gsm\/0.2.0":["{{a}}",18518235,524260],"chl_gsm\/0.2.1":["{{a}}",19042495,1119710],"chl_gsm\/0.2.2":["{{a}}",20162205,142297],"chl_gsm\/0.2.3":["{{a}}",20304502,123280],"chl_gsm\/0.2.4":["{{a}}",20427782,1504520],"chl_gsm\/0.3.0":["{{a}}",21932302,800610],"chl_gsm\/0.3.1":["{{a}}",22732912,743141],"chl_gsm\/0.3.2":["{{a}}",23476053,1161704],"chl_gsm\/0.3.3":["{{a}}",24637757,1105555],"chl_gsm\/0.3.4":["{{a}}",25743312,1634528],"chl_gsm\/0.4.0":["{{a}}",27377840,265854],"chl_gsm\/0.4.1":["{{a}}",27643694,668486],"chl_gsm\/0.4.2":["{{a}}",28312180,445746],"chl_gsm\/0.4.3":["{{a}}",28757926,715541],"chl_gsm\/0.4.4":["{{a}}",29473467,256679],"chl_gsm\/1.0.0":["{{b}}",151217,20522],"chl_gsm\/1.0.1":["{{b}}",171739,283556],"chl_gsm\/1.0.2":["{{b}}",455295,1819570],"chl_gsm\/1.0.3":["{{b}}",2274865,2686541],"chl_gsm\/1.0.4":["{{b}}",4961406,165148],"chl_gsm\/1.1.0":["{{b}}",5126554,548394],"chl_gsm\/1.1.1":["{{b}}",5674948,1641639],"chl_gsm\/1.1.2":["{{b}}",7316587,502408],"chl_gsm\/1.1.3":["{{b}}",7818995,2023222],"chl_gsm\/1.1.4":["{{b}}",9842217,850638],"chl_gsm\/1.2.0":["{{b}}",10692855,11054],"chl_gsm\/1.2.1":["{{b}}",10703909,1771530],"chl_gsm\/1.2.2":["{{b}}",12475439,13382],"chl_gsm\/1.2.3":["{{b}}",12488821,794618],"chl_gsm\/1.2.4":["{{b}}",13283439,726294],"chl_gsm\/1.3.0":["{{b}}",14009733,10921],"chl_gsm\/1.3.1":["{{b}}",14020654,1413768],"chl_gsm\/1.3.2":["{{b}}",15434422,651013],"chl_gsm\/1.3.3":["{{b}}",16085435,867421],"chl_gsm\/1.3.4":["{{b}}",16952856,1142796],"chl_gsm\/1.4.0":["{{b}}",18095652,10921],"chl_gsm\/1.4.1":["{{b}}",18106573,652381],"chl_gsm\/1.4.2":["{{b}}",18758954,1280586],"chl_gsm\/1.4.3":["{{b}}",20039540,866615],"chl_gsm\/1.4.4":["{{b}}",20906155,1523409],"chl_gsm\/2.0.0":["{{c}}",151217,751433],"chl_gsm\/2.0.1":["{{c}}",902650,97600],"chl_gsm\/2.0.2":["{{c}}",1000250,274293],"chl_gsm\/2.0.3":["{{c}}",1274543,547344],"chl_gsm\/2.0.4":["{{c}}",1821887,3446226],"chl_gsm\/2.1.0":["{{c}}",5268113,2124488],"chl_gsm\/2.1.1":["{{c}}",7392601,901908],"chl_gsm\/2.1.2":["{{c}}",8294509,2409205],"chl_gsm\/2.1.3":["{{c}}",10703714,1680039],"chl_gsm\/2.1.4":["{{c}}",12383753,1277481],"chl_gsm\/2.2.0":["{{c}}",13661234,148770],"chl_gsm\/2.2.1":["{{c}}",13810004,280628],"chl_gsm\/2.2.2":["{{c}}",14090632,106117],"chl_gsm\/2.2.3":["{{c}}",14196749,112370],"chl_gsm\/2.2.4":["{{c}}",14309119,2295167],"chl_gsm\/2.3.0":["{{c}}",16604286,368192],"chl_gsm\/2.3.1":["{{c}}",16972478,754579],"chl_gsm\/2.3.2":["{{c}}",17727057,510937],"chl_gsm\/2.3.3":["{{c}}",18237994,1966412],"chl_gsm\/2.3.4":["{{c}}",20204406,575965],"chl_gsm\/2.4.0":["{{c}}",20780371,19828],"chl_gsm\/2.4.1":["{{c}}",20800199,2053328],"chl_gsm\/2.4.2":["{{c}}",22853527,733937],"chl_gsm\/2.4.3":["{{c}}",23587464,107568],"chl_gsm\/2.4.4":["{{c}}",23695032,57885],"chl_gsm\/3.0.0":["{{d}}",151217,10921],"chl_gsm\/3.0.1":["{{d}}",162138,146392],"chl_gsm\/3.0.2":["{{d}}",308530,1490781],"chl_gsm\/3.0.3":["{{d}}",1799311,1001069],"chl_gsm\/3.0.4":["{{d}}",2800380,297529],"chl_gsm\/3.1.0":["{{d}}",3097909,13877],"chl_gsm\/3.1.1":["{{d}}",3111786,1414611],"chl_gsm\/3.1.2":["{{d}}",4526397,2374855],"chl_gsm\/3.1.3":["{{d}}",6901252,1535125],"chl_gsm\/3.1.4":["{{d}}",8436377,722656],"chl_gsm\/3.2.0":["{{d}}",9159033,10921],"chl_gsm\/3.2.1":["{{d}}",9169954,1583248],"chl_gsm\/3.2.2":["{{d}}",10753202,19703],"chl_gsm\/3.2.3":["{{d}}",10772905,127571],"chl_gsm\/3.2.4":["{{d}}",10900476,1198627],"chl_gsm\/3.3.0":["{{d}}",12099103,1238598],"chl_gsm\/3.3.1":["{{d}}",13337701,816196],"chl_gsm\/3.3.2":["{{d}}",14153897,787940],"chl_gsm\/3.3.3":["{{d}}",14941837,976163],"chl_gsm\/3.3.4":["{{d}}",15918000,2309185],"chl_gsm\/3.4.0":["{{d}}",18227185,1086833],"chl_gsm\/3.4.1":["{{d}}",19314018,993607],"chl_gsm\/3.4.2":["{{d}}",20307625,2059977],"chl_gsm\/3.4.3":["{{d}}",22367602,428747],"chl_gsm\/3.4.4":["{{d}}",22796349,487463],"chl_gsm\/4.0.0":["{{e}}",151217,271245],"chl_gsm\/4.0.1":["{{e}}",422462,371875],"chl_gsm\/4.0.2":["{{e}}",794337,788678],"chl_gsm\/4.0.3":["{{e}}",1583015,2362754],"chl_gsm\/4.0.4":["{{e}}",3945769,3498202],"chl_gsm\/4.1.0":["{{e}}",7443971,1006591],"chl_gsm\/4.1.1":["{{e}}",8450562,863055],"chl_gsm\/4.1.2":["{{e}}",9313617,2062484],"chl_gsm\/4.1.3":["{{e}}",11376101,2034784],"chl_gsm\/4.1.4":["{{e}}",13410885,1098547],"chl_gsm\/4.2.0":["{{e}}",14509432,819724],"chl_gsm\/4.2.1":["{{e}}",15329156,1478169],"chl_gsm\/4.2.2":["{{e}}",16807325,56235],"chl_gsm\/4.2.3":["{{e}}",16863560,1174742],"chl_gsm\/4.2.4":["{{e}}",18038302,1596407],"chl_gsm\/4.3.0":["{{e}}",19634709,405618],"chl_gsm\/4.3.1":["{{e}}",20040327,244359],"chl_gsm\/4.3.2":["{{e}}",20284686,1605983],"chl_gsm\/4.3.3":["{{e}}",21890669,1059230],"chl_gsm\/4.3.4":["{{e}}",22949899,136564],"chl_gsm\/4.4.0":["{{e}}",23086463,198479],"chl_gsm\/4.4.1":["{{e}}",23284942,718077],"chl_gsm\/4.4.2":["{{e}}",24003019,2077719],"chl_gsm\/4.4.3":["{{e}}",26080738,1235658],"chl_gsm\/4.4.4":["{{e}}",27316396,377387],"chl_gsm\/5.0.0":["{{f}}",151217,1220746],"chl_gsm\/5.0.1":["{{f}}",1371963,157952],"chl_gsm\/5.0.2":["{{f}}",1529915,716592],"chl_gsm\/5.0.3":["{{f}}",2246507,2844346],"chl_gsm\/5.0.4":["{{f}}",5090853,1725491],"chl_gsm\/5.1.0":["{{f}}",6816344,2594472],"chl_gsm\/5.1.1":["{{f}}",9410816,1249405],"chl_gsm\/5.1.2":["{{f}}",10660221,1547755],"chl_gsm\/5.1.3":["{{f}}",12207976,1089840],"chl_gsm\/5.1.4":["{{f}}",13297816,1441331],"chl_gsm\/5.2.0":["{{f}}",14739147,2646427],"chl_gsm\/5.2.1":["{{f}}",17385574,1375422],"chl_gsm\/5.2.2":["{{f}}",18760996,75779],"chl_gsm\/5.2.3":["{{f}}",18836775,495960],"chl_gsm\/5.2.4":["{{f}}",19332735,1599689],"chl_gsm\/5.3.0":["{{f}}",20932424,1741431],"chl_gsm\/5.3.1":["{{f}}",22673855,421532],"chl_gsm\/5.3.2":["{{f}}",23095387,748796],"chl_gsm\/5.3.3":["{{f}}",23844183,1483968],"chl_gsm\/5.3.4":["{{f}}",25328151,1578256],"chl_gsm\/5.4.0":["{{f}}",26906407,2122112],"chl_gsm\/5.4.1":["{{f}}",29028519,400227],"chl_gsm\/5.4.2":["{{f}}",29428746,83275],"chl_gsm\/5.4.3":["{{f}}",29512021,1097009],"chl_gsm\/5.4.4":["{{f}}",30609030,1656239],"chl_gsm\/6.0.0":["{{g}}",151217,743279],"chl_gsm\/6.0.1":["{{g}}",894496,93313],"chl_gsm\/6.0.2":["{{g}}",987809,402472],"chl_gsm\/6.0.3":["{{g}}",1390281,1321091],"chl_gsm\/6.0.4":["{{g}}",2711372,3589298],"chl_gsm\/6.1.0":["{{g}}",6300670,321695],"chl_gsm\/6.1.1":["{{g}}",6622365,598737],"chl_gsm\/6.1.2":["{{g}}",7221102,912334],"chl_gsm\/6.1.3":["{{g}}",8133436,1305397],"chl_gsm\/6.1.4":["{{g}}",9438833,22352],"chl_gsm\/6.2.0":["{{g}}",9461185,754471],"chl_gsm\/6.2.1":["{{g}}",10215656,1968013],"chl_gsm\/6.2.2":["{{g}}",12183669,76672],"chl_gsm\/6.2.3":["{{g}}",12260341,1069963],"chl_gsm\/6.2.4":["{{g}}",13330304,289332],"chl_gsm\/6.3.0":["{{g}}",13619636,488593],"chl_gsm\/6.3.1":["{{g}}",14108229,1280425],"chl_gsm\/6.3.2":["{{g}}",15388654,742019],"chl_gsm\/6.3.3":["{{g}}",16130673,999519],"chl_gsm\/6.3.4":["{{g}}",17130192,1000286],"chl_gsm\/6.4.0":["{{g}}",18130478,38265],"chl_gsm\/6.4.1":["{{g}}",18168743,2684146],"chl_gsm\/6.4.2":["{{g}}",20852889,11273],"chl_gsm\/6.4.3":["{{g}}",20864162,599270],"chl_gsm\/6.4.4":["{{g}}",21463432,1405570],"chl_gsm\/7.0.0":["{{h}}",151217,1851723],"chl_gsm\/7.0.1":["{{h}}",2002940,469270],"chl_gsm\/7.0.2":["{{h}}",2472210,166209],"chl_gsm\/7.0.3":["{{h}}",2638419,1384657],"chl_gsm\/7.0.4":["{{h}}",4023076,2551681],"chl_gsm\/7.1.0":["{{h}}",6574757,2696718],"chl_gsm\/7.1.1":["{{h}}",9271475,744253],"chl_gsm\/7.1.2":["{{h}}",10015728,752626],"chl_gsm\/7.1.3":["{{h}}",10768354,799566],"chl_gsm\/7.1.4":["{{h}}",11567920,1052515],"chl_gsm\/7.2.0":["{{h}}",12620435,1459340],"chl_gsm\/7.2.1":["{{h}}",14079775,1309324],"chl_gsm\/7.2.2":["{{h}}",15389099,121510],"chl_gsm\/7.2.3":["{{h}}",15510609,427056],"chl_gsm\/7.2.4":["{{h}}",15937665,781922],"chl_gsm\/7.3.0":["{{h}}",16719587,1944819],"chl_gsm\/7.3.1":["{{h}}",18664406,1866322],"chl_gsm\/7.3.2":["{{h}}",20530728,2338916],"chl_gsm\/7.3.3":["{{h}}",22869644,855921],"chl_gsm\/7.3.4":["{{h}}",23725565,2327167],"chl_gsm\/7.4.0":["{{h}}",26052732,16945],"chl_gsm\/7.4.1":["{{h}}",26069677,1346635],"chl_gsm\/7.4.2":["{{h}}",27416312,1209962],"chl_gsm\/7.4.3":["{{h}}",28626274,309701],"chl_gsm\/7.4.4":["{{h}}",28935975,692941],"chl_gsm\/8.0.0":["{{i}}",151217,232409],"chl_gsm\/8.0.1":["{{i}}",383626,149816],"chl_gsm\/8.0.2":["{{i}}",533442,1011003],"chl_gsm\/8.0.3":["{{i}}",1544445,2161934],"chl_gsm\/8.0.4":["{{i}}",3706379,14224],"chl_gsm\/8.1.0":["{{i}}",3720603,411041],"chl_gsm\/8.1.1":["{{i}}",4131644,180944],"chl_gsm\/8.1.2":["{{i}}",4312588,377840],"chl_gsm\/8.1.3":["{{i}}",4690428,990336],"chl_gsm\/8.1.4":["{{i}}",5680764,102578],"chl_gsm\/8.2.0":["{{i}}",5783342,213665],"chl_gsm\/8.2.1":["{{i}}",5997007,2082647],"chl_gsm\/8.2.2":["{{i}}",8079654,50769],"chl_gsm\/8.2.3":["{{i}}",8130423,1168569],"chl_gsm\/8.2.4":["{{i}}",9298992,1414159],"chl_gsm\/8.3.0":["{{i}}",10713151,64245],"chl_gsm\/8.3.1":["{{i}}",10777396,858588],"chl_gsm\/8.3.2":["{{i}}",11635984,1729935],"chl_gsm\/8.3.3":["{{i}}",13365919,1036203],"chl_gsm\/8.3.4":["{{i}}",14402122,3017536],"chl_gsm\/8.4.0":["{{i}}",17419658,10921],"chl_gsm\/8.4.1":["{{i}}",17430579,805625],"chl_gsm\/8.4.2":["{{i}}",18236204,2326721],"chl_gsm\/8.4.3":["{{i}}",20562925,948561],"chl_gsm\/8.4.4":["{{i}}",21511486,750505],"chl_gsm\/9.0.0":["{{j}}",151217,1896161],"chl_gsm\/9.0.1":["{{j}}",2047378,56889],"chl_gsm\/9.0.2":["{{j}}",2104267,1157413],"chl_gsm\/9.0.3":["{{j}}",3261680,2367914],"chl_gsm\/9.0.4":["{{j}}",5629594,3290776],"chl_gsm\/9.1.0":["{{j}}",8920370,1264533],"chl_gsm\/9.1.1":["{{j}}",10184903,71335],"chl_gsm\/9.1.2":["{{j}}",10256238,123479],"chl_gsm\/9.1.3":["{{j}}",10379717,1296689],"chl_gsm\/9.1.4":["{{j}}",11676406,2743638],"chl_gsm\/9.2.0":["{{j}}",14420044,135523],"chl_gsm\/9.2.1":["{{j}}",14555567,882716],"chl_gsm\/9.2.2":["{{j}}",15438283,118187],"chl_gsm\/9.2.3":["{{j}}",15556470,909332],"chl_gsm\/9.2.4":["{{j}}",16465802,2080173],"chl_gsm\/9.3.0":["{{j}}",18545975,848977],"chl_gsm\/9.3.1":["{{j}}",19394952,1021003],"chl_gsm\/9.3.2":["{{j}}",20415955,790939],"chl_gsm\/9.3.3":["{{j}}",21206894,1762462],"chl_gsm\/9.3.4":["{{j}}",22969356,1674906],"chl_gsm\/9.4.0":["{{j}}",24644262,107443],"chl_gsm\/9.4.1":["{{j}}",24751705,213678],"chl_gsm\/9.4.2":["{{j}}",24965383,2132837],"chl_gsm\/9.4.3":["{{j}}",27098220,439867],"chl_gsm\/9.4.4":["{{j}}",27538087,74114],"chl_gsm\/10.0.0":["{{k}}",151217,161134],"chl_gsm\/10.0.1":["{{k}}",312351,71135],"chl_gsm\/10.0.2":["{{k}}",383486,445931],"chl_gsm\/10.0.3":["{{k}}",829417,3316779],"chl_gsm\/10.0.4":["{{k}}",4146196,306714],"chl_gsm\/10.1.0":["{{k}}",4452910,10921],"chl_gsm\/10.1.1":["{{k}}",4463831,180096],"chl_gsm\/10.1.2":["{{k}}",4643927,251248],"chl_gsm\/10.1.3":["{{k}}",4895175,1473317],"chl_gsm\/10.1.4":["{{k}}",6368492,945892],"chl_gsm\/10.2.0":["{{k}}",7314384,10921],"chl_gsm\/10.2.1":["{{k}}",7325305,1834380],"chl_gsm\/10.2.2":["{{k}}",9159685,29783],"chl_gsm\/10.2.3":["{{k}}",9189468,814223],"chl_gsm\/10.2.4":["{{k}}",10003691,3019232],"chl_gsm\/10.3.0":["{{k}}",13022923,10921],"chl_gsm\/10.3.1":["{{k}}",13033844,1265680],"chl_gsm\/10.3.2":["{{k}}",14299524,1291016],"chl_gsm\/10.3.3":["{{k}}",15590540,1595141],"chl_gsm\/10.3.4":["{{k}}",17185681,2209059],"chl_gsm\/10.4.0":["{{k}}",19394740,11906],"chl_gsm\/10.4.1":["{{k}}",19406646,44077],"chl_gsm\/10.4.2":["{{k}}",19450723,1439168],"chl_gsm\/10.4.3":["{{k}}",20889891,1595364],"chl_gsm\/10.4.4":["{{k}}",22485255,2159926],"chl_gsm\/11.0.0":["{{l}}",151217,729879],"chl_gsm\/11.0.1":["{{l}}",881096,253602],"chl_gsm\/11.0.2":["{{l}}",1134698,1456778],"chl_gsm\/11.0.3":["{{l}}",2591476,2169283],"chl_gsm\/11.0.4":["{{l}}",4760759,4260290],"chl_gsm\/11.1.0":["{{l}}",9021049,481437],"chl_gsm\/11.1.1":["{{l}}",9502486,24235],"chl_gsm\/11.1.2":["{{l}}",9526721,113389],"chl_gsm\/11.1.3":["{{l}}",9640110,1114631],"chl_gsm\/11.1.4":["{{l}}",10754741,1796426],"chl_gsm\/11.2.0":["{{l}}",12551167,766728],"chl_gsm\/11.2.1":["{{l}}",13317895,886325],"chl_gsm\/11.2.2":["{{l}}",14204220,31832],"chl_gsm\/11.2.3":["{{l}}",14236052,426340],"chl_gsm\/11.2.4":["{{l}}",14662392,1381459],"chl_gsm\/11.3.0":["{{l}}",16043851,656015],"chl_gsm\/11.3.1":["{{l}}",16699866,2118241],"chl_gsm\/11.3.2":["{{l}}",18818107,949711],"chl_gsm\/11.3.3":["{{l}}",19767818,3077159],"chl_gsm\/11.3.4":["{{l}}",22844977,294199],"chl_gsm\/11.4.0":["{{l}}",23139176,171752],"chl_gsm\/11.4.1":["{{l}}",23310928,849265],"chl_gsm\/11.4.2":["{{l}}",24160193,1006190],"chl_gsm\/11.4.3":["{{l}}",25166383,1316494],"chl_gsm\/11.4.4":["{{l}}",26482877,994526],"chl_gsm\/12.0.0":["{{m}}",151217,18354],"chl_gsm\/12.0.1":["{{m}}",169571,1051459],"chl_gsm\/12.0.2":["{{m}}",1221030,1499881],"chl_gsm\/12.0.3":["{{m}}",2720911,2748312],"chl_gsm\/12.0.4":["{{m}}",5469223,1020933],"chl_gsm\/12.1.0":["{{m}}",6490156,688844],"chl_gsm\/12.1.1":["{{m}}",7179000,113401],"chl_gsm\/12.1.2":["{{m}}",7292401,169875],"chl_gsm\/12.1.3":["{{m}}",7462276,1092513],"chl_gsm\/12.1.4":["{{m}}",8554789,1184725],"chl_gsm\/12.2.0":["{{m}}",9739514,2286206],"chl_gsm\/12.2.1":["{{m}}",12025720,1243247],"chl_gsm\/12.2.2":["{{m}}",13268967,91774],"chl_gsm\/12.2.3":["{{m}}",13360741,182588],"chl_gsm\/12.2.4":["{{m}}",13543329,2050495],"chl_gsm\/12.3.0":["{{m}}",15593824,2193743],"chl_gsm\/12.3.1":["{{m}}",17787567,2176934],"chl_gsm\/12.3.2":["{{m}}",19964501,1634943],"chl_gsm\/12.3.3":["{{m}}",21599444,2420799],"chl_gsm\/12.3.4":["{{m}}",24020243,766026],"chl_gsm\/12.4.0":["{{m}}",24786269,160294],"chl_gsm\/12.4.1":["{{m}}",24946563,807178],"chl_gsm\/12.4.2":["{{m}}",25753741,1336490],"chl_gsm\/12.4.3":["{{m}}",27090231,1146212],"chl_gsm\/12.4.4":["{{m}}",28236443,2693514],"chl_gsm\/13.0.0":["{{n}}",151217,746313],"chl_gsm\/13.0.1":["{{n}}",897530,841782],"chl_gsm\/13.0.2":["{{n}}",1739312,1075153],"chl_gsm\/13.0.3":["{{n}}",2814465,2722418],"chl_gsm\/13.0.4":["{{n}}",5536883,4756741],"chl_gsm\/13.1.0":["{{n}}",10293624,467513],"chl_gsm\/13.1.1":["{{n}}",10761137,123720],"chl_gsm\/13.1.2":["{{n}}",10884857,188118],"chl_gsm\/13.1.3":["{{n}}",11072975,2036700],"chl_gsm\/13.1.4":["{{n}}",13109675,1527916],"chl_gsm\/13.2.0":["{{n}}",14637591,370852],"chl_gsm\/13.2.1":["{{n}}",15008443,429106],"chl_gsm\/13.2.2":["{{n}}",15437549,31243],"chl_gsm\/13.2.3":["{{n}}",15468792,1273395],"chl_gsm\/13.2.4":["{{n}}",16742187,489726],"chl_gsm\/13.3.0":["{{n}}",17231913,459419],"chl_gsm\/13.3.1":["{{n}}",17691332,974517],"chl_gsm\/13.3.2":["{{n}}",18665849,2528091],"chl_gsm\/13.3.3":["{{n}}",21193940,2095683],"chl_gsm\/13.3.4":["{{n}}",23289623,1725807],"chl_gsm\/13.4.0":["{{n}}",25015430,14054],"chl_gsm\/13.4.1":["{{n}}",25029484,274207],"chl_gsm\/13.4.2":["{{n}}",25303691,1406847],"chl_gsm\/13.4.3":["{{n}}",26710538,1171006],"chl_gsm\/13.4.4":["{{n}}",27881544,1487190],"chl_gsm\/14.0.0":["{{o}}",151217,2552097],"chl_gsm\/14.0.1":["{{o}}",2703314,1403951],"chl_gsm\/14.0.2":["{{o}}",4107265,1862691],"chl_gsm\/14.0.3":["{{o}}",5969956,2355977],"chl_gsm\/14.0.4":["{{o}}",8325933,2192672],"chl_gsm\/14.1.0":["{{o}}",10518605,1281211],"chl_gsm\/14.1.1":["{{o}}",11799816,182905],"chl_gsm\/14.1.2":["{{o}}",11982721,41768],"chl_gsm\/14.1.3":["{{o}}",12024489,571565],"chl_gsm\/14.1.4":["{{o}}",12596054,790722],"chl_gsm\/14.2.0":["{{o}}",13386776,1660962],"chl_gsm\/14.2.1":["{{o}}",15047738,77688],"chl_gsm\/14.2.2":["{{o}}",15125426,19323],"chl_gsm\/14.2.3":["{{o}}",15144749,807354],"chl_gsm\/14.2.4":["{{o}}",15952103,993394],"chl_gsm\/14.3.0":["{{o}}",16945497,2555717],"chl_gsm\/14.3.1":["{{o}}",19501214,818217],"chl_gsm\/14.3.2":["{{o}}",20319431,2268142],"chl_gsm\/14.3.3":["{{o}}",22587573,2220407],"chl_gsm\/14.3.4":["{{o}}",24807980,1111919],"chl_gsm\/14.4.0":["{{o}}",25919899,522384],"chl_gsm\/14.4.1":["{{o}}",26442283,346972],"chl_gsm\/14.4.2":["{{o}}",26789255,844525],"chl_gsm\/14.4.3":["{{o}}",27633780,1233539],"chl_gsm\/14.4.4":["{{o}}",28867319,1347486],"chl_gsm\/15.0.0":["{{p}}",151217,721597],"chl_gsm\/15.0.1":["{{p}}",872814,1051500],"chl_gsm\/15.0.2":["{{p}}",1924314,1903692],"chl_gsm\/15.0.3":["{{p}}",3828006,3339091],"chl_gsm\/15.0.4":["{{p}}",7167097,10921],"chl_gsm\/15.1.0":["{{p}}",7178018,304060],"chl_gsm\/15.1.1":["{{p}}",7482078,134122],"chl_gsm\/15.1.2":["{{p}}",7616200,301114],"chl_gsm\/15.1.3":["{{p}}",7917314,2088670],"chl_gsm\/15.1.4":["{{p}}",10005984,141928],"chl_gsm\/15.2.0":["{{p}}",10147912,157040],"chl_gsm\/15.2.1":["{{p}}",10304952,495020],"chl_gsm\/15.2.2":["{{p}}",10799972,23806],"chl_gsm\/15.2.3":["{{p}}",10823778,1465474],"chl_gsm\/15.2.4":["{{p}}",12289252,1198136],"chl_gsm\/15.3.0":["{{p}}",13487388,282488],"chl_gsm\/15.3.1":["{{p}}",13769876,1267536],"chl_gsm\/15.3.2":["{{p}}",15037412,1042469],"chl_gsm\/15.3.3":["{{p}}",16079881,1374600],"chl_gsm\/15.3.4":["{{p}}",17454481,737630],"chl_gsm\/15.4.0":["{{p}}",18192111,10921],"chl_gsm\/15.4.1":["{{p}}",18203032,510222],"chl_gsm\/15.4.2":["{{p}}",18713254,286036],"chl_gsm\/15.4.3":["{{p}}",18999290,2132286],"chl_gsm\/15.4.4":["{{p}}",21131576,1680795],"chl_gsm\/16.0.0":["{{q}}",151217,2828698],"chl_gsm\/16.0.1":["{{q}}",2979915,845225],"chl_gsm\/16.0.2":["{{q}}",3825140,3155120],"chl_gsm\/16.0.3":["{{q}}",6980260,3412414],"chl_gsm\/16.0.4":["{{q}}",10392674,2610495],"chl_gsm\/16.1.0":["{{q}}",13003169,2269188],"chl_gsm\/16.1.1":["{{q}}",15272357,183990],"chl_gsm\/16.1.2":["{{q}}",15456347,269496],"chl_gsm\/16.1.3":["{{q}}",15725843,1896318],"chl_gsm\/16.1.4":["{{q}}",17622161,976555],"chl_gsm\/16.2.0":["{{q}}",18598716,1243908],"chl_gsm\/16.2.1":["{{q}}",19842624,603602],"chl_gsm\/16.2.2":["{{q}}",20446226,88682],"chl_gsm\/16.2.3":["{{q}}",20534908,258152],"chl_gsm\/16.2.4":["{{q}}",20793060,688080],"chl_gsm\/16.3.0":["{{q}}",21481140,1089414],"chl_gsm\/16.3.1":["{{q}}",22570554,342911],"chl_gsm\/16.3.2":["{{q}}",22913465,1468133],"chl_gsm\/16.3.3":["{{q}}",24381598,2163129],"chl_gsm\/16.3.4":["{{q}}",26544727,770916],"chl_gsm\/16.4.0":["{{q}}",27315643,27419],"chl_gsm\/16.4.1":["{{q}}",27343062,187951],"chl_gsm\/16.4.2":["{{q}}",27531013,271409],"chl_gsm\/16.4.3":["{{q}}",27802422,1619988],"chl_gsm\/16.4.4":["{{q}}",29422410,15213],"chl_gsm\/17.0.0":["{{r}}",151217,133791],"chl_gsm\/17.0.1":["{{r}}",285008,257446],"chl_gsm\/17.0.2":["{{r}}",542454,3563957],"chl_gsm\/17.0.3":["{{r}}",4106411,5002117],"chl_gsm\/17.0.4":["{{r}}",9108528,169544],"chl_gsm\/17.1.0":["{{r}}",9278072,493290],"chl_gsm\/17.1.1":["{{r}}",9771362,1026504],"chl_gsm\/17.1.2":["{{r}}",10797866,1118265],"chl_gsm\/17.1.3":["{{r}}",11916131,1645325],"chl_gsm\/17.1.4":["{{r}}",13561456,144319],"chl_gsm\/17.2.0":["{{r}}",13705775,154969],"chl_gsm\/17.2.1":["{{r}}",13860744,1200369],"chl_gsm\/17.2.2":["{{r}}",15061113,10921],"chl_gsm\/17.2.3":["{{r}}",15072034,542325],"chl_gsm\/17.2.4":["{{r}}",15614359,449830],"chl_gsm\/17.3.0":["{{r}}",16064189,10948],"chl_gsm\/17.3.1":["{{r}}",16075137,987631],"chl_gsm\/17.3.2":["{{r}}",17062768,918691],"chl_gsm\/17.3.3":["{{r}}",17981459,1392208],"chl_gsm\/17.3.4":["{{r}}",19373667,1084335],"chl_gsm\/17.4.0":["{{r}}",20458002,10921],"chl_gsm\/17.4.1":["{{r}}",20468923,262254],"chl_gsm\/17.4.2":["{{r}}",20731177,828612],"chl_gsm\/17.4.3":["{{r}}",21559789,1635593],"chl_gsm\/17.4.4":["{{r}}",23195382,719126],"chl_gsm\/18.0.0":["{{s}}",151217,540416],"chl_gsm\/18.0.1":["{{s}}",691633,182410],"chl_gsm\/18.0.2":["{{s}}",874043,2517531],"chl_gsm\/18.0.3":["{{s}}",3391574,3842162],"chl_gsm\/18.0.4":["{{s}}",7233736,3911662],"chl_gsm\/18.1.0":["{{s}}",11145398,1528299],"chl_gsm\/18.1.1":["{{s}}",12673697,915042],"chl_gsm\/18.1.2":["{{s}}",13588739,180471],"chl_gsm\/18.1.3":["{{s}}",13769210,778281],"chl_gsm\/18.1.4":["{{s}}",14547491,1287235],"chl_gsm\/18.2.0":["{{s}}",15834726,1718860],"chl_gsm\/18.2.1":["{{s}}",17553586,1229865],"chl_gsm\/18.2.2":["{{s}}",18783451,36319],"chl_gsm\/18.2.3":["{{s}}",18819770,92608],"chl_gsm\/18.2.4":["{{s}}",18912378,1788223],"chl_gsm\/18.3.0":["{{s}}",20700601,574457],"chl_gsm\/18.3.1":["{{s}}",21275058,1317329],"chl_gsm\/18.3.2":["{{s}}",22592387,993202],"chl_gsm\/18.3.3":["{{s}}",23585589,1930950],"chl_gsm\/18.3.4":["{{s}}",25516539,531413],"chl_gsm\/18.4.0":["{{s}}",26047952,246687],"chl_gsm\/18.4.1":["{{s}}",26294639,2098393],"chl_gsm\/18.4.2":["{{s}}",28393032,280211],"chl_gsm\/18.4.3":["{{s}}",28673243,2718866],"chl_gsm\/18.4.4":["{{s}}",31392109,44930],"chl_gsm\/19.0.0":["{{t}}",151217,41109],"chl_gsm\/19.0.1":["{{t}}",192326,413559],"chl_gsm\/19.0.2":["{{t}}",605885,1967776],"chl_gsm\/19.0.3":["{{t}}",2573661,2654687],"chl_gsm\/19.0.4":["{{t}}",5228348,873616],"chl_gsm\/19.1.0":["{{t}}",6101964,40434],"chl_gsm\/19.1.1":["{{t}}",6142398,1343029],"chl_gsm\/19.1.2":["{{t}}",7485427,549389],"chl_gsm\/19.1.3":["{{t}}",8034816,1045561],"chl_gsm\/19.1.4":["{{t}}",9080377,2020558],"chl_gsm\/19.2.0":["{{t}}",11100935,10921],"chl_gsm\/19.2.1":["{{t}}",11111856,1836814],"chl_gsm\/19.2.2":["{{t}}",12948670,42441],"chl_gsm\/19.2.3":["{{t}}",12991111,340667],"chl_gsm\/19.2.4":["{{t}}",13331778,1588642],"chl_gsm\/19.3.0":["{{t}}",14920420,1226584],"chl_gsm\/19.3.1":["{{t}}",16147004,704375],"chl_gsm\/19.3.2":["{{t}}",16851379,1321867],"chl_gsm\/19.3.3":["{{t}}",18173246,1043922],"chl_gsm\/19.3.4":["{{t}}",19217168,612007],"chl_gsm\/19.4.0":["{{t}}",19829175,2422391],"chl_gsm\/19.4.1":["{{t}}",22251566,436949],"chl_gsm\/19.4.2":["{{t}}",22688515,1498279],"chl_gsm\/19.4.3":["{{t}}",24186794,1226688],"chl_gsm\/19.4.4":["{{t}}",25413482,959346],"chl_gsm\/20.0.0":["{{u}}",151217,1270958],"chl_gsm\/20.0.1":["{{u}}",1422175,184099],"chl_gsm\/20.0.2":["{{u}}",1606274,1247501],"chl_gsm\/20.0.3":["{{u}}",2853775,3363626],"chl_gsm\/20.0.4":["{{u}}",6217401,3427900],"chl_gsm\/20.1.0":["{{u}}",9645301,1558373],"chl_gsm\/20.1.1":["{{u}}",11203674,1637625],"chl_gsm\/20.1.2":["{{u}}",12841299,277394],"chl_gsm\/20.1.3":["{{u}}",13118693,178003],"chl_gsm\/20.1.4":["{{u}}",13296696,771398],"chl_gsm\/20.2.0":["{{u}}",14068094,772866],"chl_gsm\/20.2.1":["{{u}}",14840960,2261705],"chl_gsm\/20.2.2":["{{u}}",17102665,57152],"chl_gsm\/20.2.3":["{{u}}",17159817,611098],"chl_gsm\/20.2.4":["{{u}}",17770915,793501],"chl_gsm\/20.3.0":["{{u}}",18564416,642369],"chl_gsm\/20.3.1":["{{u}}",19206785,1671587],"chl_gsm\/20.3.2":["{{u}}",20878372,2236745],"chl_gsm\/20.3.3":["{{u}}",23115117,2173218],"chl_gsm\/20.3.4":["{{u}}",25288335,521821],"chl_gsm\/20.4.0":["{{u}}",25810156,331334],"chl_gsm\/20.4.1":["{{u}}",26141490,2804005],"chl_gsm\/20.4.2":["{{u}}",28945495,419239],"chl_gsm\/20.4.3":["{{u}}",29364734,901877],"chl_gsm\/20.4.4":["{{u}}",30266611,633969],"chl_gsm\/21.0.0":["{{v}}",151217,1796627],"chl_gsm\/21.0.1":["{{v}}",1947844,103193],"chl_gsm\/21.0.2":["{{v}}",2051037,1173087],"chl_gsm\/21.0.3":["{{v}}",3224124,1561859],"chl_gsm\/21.0.4":["{{v}}",4785983,1391973],"chl_gsm\/21.1.0":["{{v}}",6177956,1410293],"chl_gsm\/21.1.1":["{{v}}",7588249,1885099],"chl_gsm\/21.1.2":["{{v}}",9473348,145036],"chl_gsm\/21.1.3":["{{v}}",9618384,255050],"chl_gsm\/21.1.4":["{{v}}",9873434,269899],"chl_gsm\/21.2.0":["{{v}}",10143333,1931905],"chl_gsm\/21.2.1":["{{v}}",12075238,1570178],"chl_gsm\/21.2.2":["{{v}}",13645416,110146],"chl_gsm\/21.2.3":["{{v}}",13755562,86953],"chl_gsm\/21.2.4":["{{v}}",13842515,1945551],"chl_gsm\/21.3.0":["{{v}}",15788066,1411514],"chl_gsm\/21.3.1":["{{v}}",17199580,1388201],"chl_gsm\/21.3.2":["{{v}}",18587781,2527760],"chl_gsm\/21.3.3":["{{v}}",21115541,1985351],"chl_gsm\/21.3.4":["{{v}}",23100892,3430471],"chl_gsm\/21.4.0":["{{v}}",26531363,584608],"chl_gsm\/21.4.1":["{{v}}",27115971,1399370],"chl_gsm\/21.4.2":["{{v}}",28515341,1302268],"chl_gsm\/21.4.3":["{{v}}",29817609,1326727],"chl_gsm\/21.4.4":["{{v}}",31144336,1430672],"chl_gsm\/22.0.0":["{{w}}",151217,386713],"chl_gsm\/22.0.1":["{{w}}",537930,123514],"chl_gsm\/22.0.2":["{{w}}",661444,1152435],"chl_gsm\/22.0.3":["{{w}}",1813879,2833825],"chl_gsm\/22.0.4":["{{w}}",4647704,2368319],"chl_gsm\/22.1.0":["{{w}}",7016023,807496],"chl_gsm\/22.1.1":["{{w}}",7823519,1693902],"chl_gsm\/22.1.2":["{{w}}",9517421,321745],"chl_gsm\/22.1.3":["{{w}}",9839166,122186],"chl_gsm\/22.1.4":["{{w}}",9961352,10921],"chl_gsm\/22.2.0":["{{w}}",9972273,596679],"chl_gsm\/22.2.1":["{{w}}",10568952,3388800],"chl_gsm\/22.2.2":["{{w}}",13957752,105408],"chl_gsm\/22.2.3":["{{w}}",14063160,607674],"chl_gsm\/22.2.4":["{{w}}",14670834,639589],"chl_gsm\/22.3.0":["{{w}}",15310423,269208],"chl_gsm\/22.3.1":["{{w}}",15579631,1143160],"chl_gsm\/22.3.2":["{{w}}",16722791,2173816],"chl_gsm\/22.3.3":["{{w}}",18896607,1599144],"chl_gsm\/22.3.4":["{{w}}",20495751,180135],"chl_gsm\/22.4.0":["{{w}}",20675886,291402],"chl_gsm\/22.4.1":["{{w}}",20967288,1096669],"chl_gsm\/22.4.2":["{{w}}",22063957,311745],"chl_gsm\/22.4.3":["{{w}}",22375702,1943821],"chl_gsm\/22.4.4":["{{w}}",24319523,476267],"chl_gsm\/23.0.0":["{{x}}",151217,690251],"chl_gsm\/23.0.1":["{{x}}",841468,116749],"chl_gsm\/23.0.2":["{{x}}",958217,338555],"chl_gsm\/23.0.3":["{{x}}",1296772,2080192],"chl_gsm\/23.0.4":["{{x}}",3376964,788686],"chl_gsm\/23.1.0":["{{x}}",4165650,1516311],"chl_gsm\/23.1.1":["{{x}}",5681961,866014],"chl_gsm\/23.1.2":["{{x}}",6547975,364465],"chl_gsm\/23.1.3":["{{x}}",6912440,327917],"chl_gsm\/23.1.4":["{{x}}",7240357,944480],"chl_gsm\/23.2.0":["{{x}}",8184837,1978392],"chl_gsm\/23.2.1":["{{x}}",10163229,1653604],"chl_gsm\/23.2.2":["{{x}}",11816833,108165],"chl_gsm\/23.2.3":["{{x}}",11924998,53529],"chl_gsm\/23.2.4":["{{x}}",11978527,2736842],"chl_gsm\/23.3.0":["{{x}}",14715369,1136448],"chl_gsm\/23.3.1":["{{x}}",15851817,799415],"chl_gsm\/23.3.2":["{{x}}",16651232,1069744],"chl_gsm\/23.3.3":["{{x}}",17720976,1588128],"chl_gsm\/23.3.4":["{{x}}",19309104,2266519],"chl_gsm\/23.4.0":["{{x}}",21575623,1149664],"chl_gsm\/23.4.1":["{{x}}",22725287,2113843],"chl_gsm\/23.4.2":["{{x}}",24839130,861562],"chl_gsm\/23.4.3":["{{x}}",25700692,715495],"chl_gsm\/23.4.4":["{{x}}",26416187,1239391],"chl_gsm\/24.0.0":["{{y}}",151217,340648],"chl_gsm\/24.0.1":["{{y}}",491865,492032],"chl_gsm\/24.0.2":["{{y}}",983897,742660],"chl_gsm\/24.0.3":["{{y}}",1726557,2498865],"chl_gsm\/24.0.4":["{{y}}",4225422,10921],"chl_gsm\/24.1.0":["{{y}}",4236343,370890],"chl_gsm\/24.1.1":["{{y}}",4607233,650149],"chl_gsm\/24.1.2":["{{y}}",5257382,348295],"chl_gsm\/24.1.3":["{{y}}",5605677,591294],"chl_gsm\/24.1.4":["{{y}}",6196971,264437],"chl_gsm\/24.2.0":["{{y}}",6461408,410540],"chl_gsm\/24.2.1":["{{y}}",6871948,2400180],"chl_gsm\/24.2.2":["{{y}}",9272128,52909],"chl_gsm\/24.2.3":["{{y}}",9325037,110233],"chl_gsm\/24.2.4":["{{y}}",9435270,176196],"chl_gsm\/24.3.0":["{{y}}",9611466,32923],"chl_gsm\/24.3.1":["{{y}}",9644389,692424],"chl_gsm\/24.3.2":["{{y}}",10336813,1545081],"chl_gsm\/24.3.3":["{{y}}",11881894,705635],"chl_gsm\/24.3.4":["{{y}}",12587529,899544],"chl_gsm\/24.4.0":["{{y}}",13487073,10921],"chl_gsm\/24.4.1":["{{y}}",13497994,664029],"chl_gsm\/24.4.2":["{{y}}",14162023,1304776],"chl_gsm\/24.4.3":["{{y}}",15466799,1604039],"chl_gsm\/24.4.4":["{{y}}",17070838,578357],"chl_gsm\/25.0.0":["{{z}}",151217,363166],"chl_gsm\/25.0.1":["{{z}}",514383,308632],"chl_gsm\/25.0.2":["{{z}}",823015,317288],"chl_gsm\/25.0.3":["{{z}}",1140303,855691],"chl_gsm\/25.0.4":["{{z}}",1995994,2757210],"chl_gsm\/25.1.0":["{{z}}",4753204,258251],"chl_gsm\/25.1.1":["{{z}}",5011455,120964],"chl_gsm\/25.1.2":["{{z}}",5132419,85934],"chl_gsm\/25.1.3":["{{z}}",5218353,217341],"chl_gsm\/25.1.4":["{{z}}",5435694,2216123],"chl_gsm\/25.2.0":["{{z}}",7651817,157304],"chl_gsm\/25.2.1":["{{z}}",7809121,1120898],"chl_gsm\/25.2.2":["{{z}}",8930019,91489],"chl_gsm\/25.2.3":["{{z}}",9021508,12284],"chl_gsm\/25.2.4":["{{z}}",9033792,916072],"chl_gsm\/25.3.0":["{{z}}",9949864,953851],"chl_gsm\/25.3.1":["{{z}}",10903715,690083],"chl_gsm\/25.3.2":["{{z}}",11593798,917491],"chl_gsm\/25.3.3":["{{z}}",12511289,1642847],"chl_gsm\/25.3.4":["{{z}}",14154136,1156503],"chl_gsm\/25.4.0":["{{z}}",15310639,120474],"chl_gsm\/25.4.1":["{{z}}",15431113,159431],"chl_gsm\/25.4.2":["{{z}}",15590544,884811],"chl_gsm\/25.4.3":["{{z}}",16475355,2272837],"chl_gsm\/25.4.4":["{{z}}",18748192,1740903],"chl_gsm\/26.0.0":["{{A}}",151217,17180],"chl_gsm\/26.0.1":["{{A}}",168397,95314],"chl_gsm\/26.0.2":["{{A}}",263711,184145],"chl_gsm\/26.0.3":["{{A}}",447856,3539018],"chl_gsm\/26.0.4":["{{A}}",3986874,576233],"chl_gsm\/26.1.0":["{{A}}",4563107,66266],"chl_gsm\/26.1.1":["{{A}}",4629373,611464],"chl_gsm\/26.1.2":["{{A}}",5240837,107337],"chl_gsm\/26.1.3":["{{A}}",5348174,1073990],"chl_gsm\/26.1.4":["{{A}}",6422164,1521450],"chl_gsm\/26.2.0":["{{A}}",7943614,24211],"chl_gsm\/26.2.1":["{{A}}",7967825,2086042],"chl_gsm\/26.2.2":["{{A}}",10053867,30376],"chl_gsm\/26.2.3":["{{A}}",10084243,403467],"chl_gsm\/26.2.4":["{{A}}",10487710,1739109],"chl_gsm\/26.3.0":["{{A}}",12226819,10921],"chl_gsm\/26.3.1":["{{A}}",12237740,1366254],"chl_gsm\/26.3.2":["{{A}}",13603994,698315],"chl_gsm\/26.3.3":["{{A}}",14302309,1365648],"chl_gsm\/26.3.4":["{{A}}",15667957,308647],"chl_gsm\/26.4.0":["{{A}}",15976604,119516],"chl_gsm\/26.4.1":["{{A}}",16096120,332774],"chl_gsm\/26.4.2":["{{A}}",16428894,502813],"chl_gsm\/26.4.3":["{{A}}",16931707,1230284],"chl_gsm\/26.4.4":["{{A}}",18161991,3461063],"chl_gsm\/27.0.0":["{{B}}",151217,544449],"chl_gsm\/27.0.1":["{{B}}",695666,156087],"chl_gsm\/27.0.2":["{{B}}",851753,963871],"chl_gsm\/27.0.3":["{{B}}",1815624,2038525],"chl_gsm\/27.0.4":["{{B}}",3854149,3164392],"chl_gsm\/27.1.0":["{{B}}",7018541,670215],"chl_gsm\/27.1.1":["{{B}}",7688756,611647],"chl_gsm\/27.1.2":["{{B}}",8300403,582685],"chl_gsm\/27.1.3":["{{B}}",8883088,893696],"chl_gsm\/27.1.4":["{{B}}",9776784,3262292],"chl_gsm\/27.2.0":["{{B}}",13039076,529326],"chl_gsm\/27.2.1":["{{B}}",13568402,509346],"chl_gsm\/27.2.2":["{{B}}",14077748,57522],"chl_gsm\/27.2.3":["{{B}}",14135270,193478],"chl_gsm\/27.2.4":["{{B}}",14328748,2105123],"chl_gsm\/27.3.0":["{{B}}",16433871,562408],"chl_gsm\/27.3.1":["{{B}}",16996279,1415618],"chl_gsm\/27.3.2":["{{B}}",18411897,2436782],"chl_gsm\/27.3.3":["{{B}}",20848679,2575783],"chl_gsm\/27.3.4":["{{B}}",23424462,855888],"chl_gsm\/27.4.0":["{{B}}",24280350,343649],"chl_gsm\/27.4.1":["{{B}}",24623999,641445],"chl_gsm\/27.4.2":["{{B}}",25265444,979551],"chl_gsm\/27.4.3":["{{B}}",26244995,1179266],"chl_gsm\/27.4.4":["{{B}}",27424261,1930565],"chl_gsm\/28.0.0":["{{C}}",151217,10921],"chl_gsm\/28.0.1":["{{C}}",162138,109650],"chl_gsm\/28.0.2":["{{C}}",271788,333806],"chl_gsm\/28.0.3":["{{C}}",605594,3435299],"chl_gsm\/28.0.4":["{{C}}",4040893,1362511],"chl_gsm\/28.1.0":["{{C}}",5403404,438924],"chl_gsm\/28.1.1":["{{C}}",5842328,1086401],"chl_gsm\/28.1.2":["{{C}}",6928729,36517],"chl_gsm\/28.1.3":["{{C}}",6965246,1026321],"chl_gsm\/28.1.4":["{{C}}",7991567,2077283],"chl_gsm\/28.2.0":["{{C}}",10068850,1826557],"chl_gsm\/28.2.1":["{{C}}",11895407,1258519],"chl_gsm\/28.2.2":["{{C}}",13153926,70297],"chl_gsm\/28.2.3":["{{C}}",13224223,123661],"chl_gsm\/28.2.4":["{{C}}",13347884,1802749],"chl_gsm\/28.3.0":["{{C}}",15150633,1632863],"chl_gsm\/28.3.1":["{{C}}",16783496,2220805],"chl_gsm\/28.3.2":["{{C}}",19004301,2368739],"chl_gsm\/28.3.3":["{{C}}",21373040,2669518],"chl_gsm\/28.3.4":["{{C}}",24042558,3518455],"chl_gsm\/28.4.0":["{{C}}",27561013,456154],"chl_gsm\/28.4.1":["{{C}}",28017167,1226694],"chl_gsm\/28.4.2":["{{C}}",29243861,711598],"chl_gsm\/28.4.3":["{{C}}",29955459,702378],"chl_gsm\/28.4.4":["{{C}}",30657837,2430462],"chl_gsm\/29.0.0":["{{D}}",151217,309087],"chl_gsm\/29.0.1":["{{D}}",460304,68966],"chl_gsm\/29.0.2":["{{D}}",529270,478476],"chl_gsm\/29.0.3":["{{D}}",1007746,3630558],"chl_gsm\/29.0.4":["{{D}}",4638304,4185709],"chl_gsm\/29.1.0":["{{D}}",8824013,212041],"chl_gsm\/29.1.1":["{{D}}",9036054,642722],"chl_gsm\/29.1.2":["{{D}}",9678776,89202],"chl_gsm\/29.1.3":["{{D}}",9767978,1008796],"chl_gsm\/29.1.4":["{{D}}",10776774,658920],"chl_gsm\/29.2.0":["{{D}}",11435694,234216],"chl_gsm\/29.2.1":["{{D}}",11669910,1250055],"chl_gsm\/29.2.2":["{{D}}",12919965,51642],"chl_gsm\/29.2.3":["{{D}}",12971607,1328490],"chl_gsm\/29.2.4":["{{D}}",14300097,700253],"chl_gsm\/29.3.0":["{{D}}",15000350,183135],"chl_gsm\/29.3.1":["{{D}}",15183485,2850276],"chl_gsm\/29.3.2":["{{D}}",18033761,2704322],"chl_gsm\/29.3.3":["{{D}}",20738083,2631065],"chl_gsm\/29.3.4":["{{D}}",23369148,1356584],"chl_gsm\/29.4.0":["{{D}}",24725732,109450],"chl_gsm\/29.4.1":["{{D}}",24835182,866504],"chl_gsm\/29.4.2":["{{D}}",25701686,1351457],"chl_gsm\/29.4.3":["{{D}}",27053143,1528547],"chl_gsm\/29.4.4":["{{D}}",28581690,1101854],"chl_gsm\/30.0.0":["{{E}}",151217,1236602],"chl_gsm\/30.0.1":["{{E}}",1387819,185487],"chl_gsm\/30.0.2":["{{E}}",1573306,976675],"chl_gsm\/30.0.3":["{{E}}",2549981,1718387],"chl_gsm\/30.0.4":["{{E}}",4268368,1415542],"chl_gsm\/30.1.0":["{{E}}",5683910,724689],"chl_gsm\/30.1.1":["{{E}}",6408599,388700],"chl_gsm\/30.1.2":["{{E}}",6797299,361000],"chl_gsm\/30.1.3":["{{E}}",7158299,537421],"chl_gsm\/30.1.4":["{{E}}",7695720,1241295],"chl_gsm\/30.2.0":["{{E}}",8937015,1071234],"chl_gsm\/30.2.1":["{{E}}",10008249,658289],"chl_gsm\/30.2.2":["{{E}}",10666538,27189],"chl_gsm\/30.2.3":["{{E}}",10693727,372223],"chl_gsm\/30.2.4":["{{E}}",11065950,1204854],"chl_gsm\/30.3.0":["{{E}}",12270804,1693003],"chl_gsm\/30.3.1":["{{E}}",13963807,2682461],"chl_gsm\/30.3.2":["{{E}}",16646268,2988945],"chl_gsm\/30.3.3":["{{E}}",19635213,2976700],"chl_gsm\/30.3.4":["{{E}}",22611913,2595566],"chl_gsm\/30.4.0":["{{E}}",25207479,248186],"chl_gsm\/30.4.1":["{{E}}",25455665,379580],"chl_gsm\/30.4.2":["{{E}}",25835245,806431],"chl_gsm\/30.4.3":["{{E}}",26641676,811669],"chl_gsm\/30.4.4":["{{E}}",27453345,1803536]}}