{"version":1,"templates":{"a":"s3:\/\/imos-data\/IMOS\/SRS\/OC\/gridded\/aqua\/P1D\/2010\/03\/A.P1D.20100301T053000Z.aust.K_490.nc","b":"s3:\/\/imos-data\/IMOS\/SRS\/OC\/gridded\/aqua\/P1D\/2010\/03\/A.P1D.20100302T053000Z.aust.K_490.nc","c":"s3:\/\/imos-data\/IMOS\/SRS\/OC\/gridded\/aqua\/P1D\/2010\/03\/A.P1D.20100303T053000Z.aust.K_490.nc","d":"s3:\/\/imos-data\/IMOS\/SRS\/OC\/gridded\/aqua\/P1D\/2010\/03\/A.P1D.20100304T053000Z.aust.K_490.nc","e":"s3:\/\/imos-data\/IMOS\/SRS\/OC\/gridded\/aqua\/P1D\/2010\/03\/A.P1D.20100305T053000Z.aust.K_490.nc","f":"s3:\/\/imos-data\/IMOS\/SRS\/OC\/gridded\/aqua\/P1D\/2010\/03\/A.P1D.20100306T053000Z.aust.K_490.nc","g":"s3:\/\/imos-data\/IMOS\/SRS\/OC\/gridded\/aqua\/P1D\/2010\/03\/A.P1D.20100307T053000Z.aust.K_490.nc","h":"s3:\/\/imos-data\/IMOS\/SRS\/OC\/gridded\/aqua\/P1D\/2010\/03\/A.P1D.20100308T053000Z.aust.K_490.nc","i":"s3:\/\/imos-data\/IMOS\/SRS\/OC\/gridded\/aqua\/P1D\/2010\/03\/A.P1D.20100309T053000Z.aust.K_490.nc","j":"s3:\/\/imos-data\/IMOS\/SRS\/OC\/gridded\/aqua\/P1D\/2010\/03\/A.P1D.20100310T053000Z.aust.K_490.nc","k":"s3:\/\/imos-data\/IMOS\/SRS\/OC\/gridded\/aqua\/P1D\/2010\/03\/A.P1D.20100311T053000Z.aust.K_490.nc","l":"s3:\/\/imos-data\/IMOS\/SRS\/OC\/gridded\/aqua\/P1D\/2010\/03\/A.P1D.20100312T053000Z.aust.K_490.nc","m":"s3:\/\/imos-data\/IMOS\/SRS\/OC\/gridded\/aqua\/P1D\/2010\/03\/A.P1D.20100313T053000Z.aust.K_490.nc","n":"s3:\/\/imos-data\/IMOS\/SRS\/OC\/gridded\/aqua\/P1D\/2010\/03\/A.P1D.20100314T053000Z.aust.K_490.nc","o":"s3:\/\/imos-data\/IMOS\/SRS\/OC\/gridded\/aqua\/P1D\/2010\/03\/A.P1D.20100315T053000Z.aust.K_490.nc","p":"s3:\/\/imos-data\/IMOS\/SRS\/OC\/gridded\/aqua\/P1D\/2010\/03\/A.P1D.20100316T053000Z.aust.K_490.nc","q":"s3:\/\/imos-data\/IMOS\/SRS\/OC\/gridded\/aqua\/P1D\/2010\/03\/A.P1D.20100317T053000Z.aust.K_490.nc","r":"s3:\/\/imos-data\/IMOS\/SRS\/OC\/gridded\/aqua\/P1D\/2010\/03\/A.P1D.20100318T053000Z.aust.K_490.nc","s":"s3:\/\/imos-data\/IMOS\/SRS\/OC\/gridded\/aqua\/P1D\/2010\/03\/A.P1D.20100319T053000Z.aust.K_490.nc","t":"s3:\/\/imos-data\/IMOS\/SRS\/OC\/gridded\/aqua\/P1D\/2010\/03\/A.P1D.20100320T053000Z.aust.K_490.nc","u":"s3:\/\/imos-data\/IMOS\/SRS\/OC\/gridded\/aqua\/P1D\/2010\/03\/A.P1D.20100321T053000Z.aust.K_490.nc","v":"s3:\/\/imos-data\/IMOS\/SRS\/OC\/gridded\/aqua\/P1D\/2010\/03\/A.P1D.20100322T053000Z.aust.K_490.nc","w":"s3:\/\/imos-data\/IMOS\/SRS\/OC\/gridded\/aqua\/P1D\/2010\/03\/A.P1D.20100323T053000Z.aust.K_490.nc","x":"s3:\/\/imos-data\/IMOS\/SRS\/OC\/gridded\/aqua\/P1D\/2010\/03\/A.P1D.20100324T053000Z.aust.K_490.nc","y":"s3:\/\/imos-data\/IMOS\/SRS\/OC\/gridded\/aqua\/P1D\/2010\/03\/A.P1D.20100325T053000Z.aust.K_490.nc","z":"s3:\/\/imos-data\/IMOS\/SRS\/OC\/gridded\/aqua\/P1D\/2010\/03\/A.P1D.20100326T053000Z.aust.K_490.nc","A":"s3:\/\/imos-data\/IMOS\/SRS\/OC\/gridded\/aqua\/P1D\/2010\/03\/A.P1D.20100327T053000Z.aust.K_490.nc","B":"s3:\/\/imos-data\/IMOS\/SRS\/OC\/gridded\/aqua\/P1D\/2010\/03\/A.P1D.20100328T053000Z.aust.K_490.nc","C":"s3:\/\/imos-data\/IMOS\/SRS\/OC\/gridded\/aqua\/P1D\/2010\/03\/A.P1D.20100329T053000Z.aust.K_490.nc","D":"s3:\/\/imos-data\/IMOS\/SRS\/OC\/gridded\/aqua\/P1D\/2010\/03\/A.P1D.20100330T053000Z.aust.K_490.nc","E":"s3:\/\/imos-data\/IMOS\/SRS\/OC\/gridded\/aqua\/P1D\/2010\/03\/A.P1D.20100331T053000Z.aust.K_490.nc"},"refs":{".zgroup":"{\"zarr_format\":2}",".zattrs":"{\"Conventions\":\"CF-1.6\",\"_NCProperties\":\"version=1|netcdflibversion=4.6.1|hdf5libversion=1.10.4\",\"_nc3_strict\":1,\"history\":\"File initialised at 2020-08-06T06:04:56.936271\\nInitialised var K_490 at 2020-08-06T06:06:08.519861\\nAdd Granule A20100301_0210.20190925124136.L2OC_BASE.K_490.nc at 2020-08-06T06:06:09.939784\\nAdd Granule A20100301_0215.20190925132654.L2OC_BASE.K_490.nc at 2020-08-06T06:06:10.072870\\nAdd Granule A20100301_0335.20190925123556.L2OC_BASE.K_490.nc at 2020-08-06T06:06:10.313542\\nAdd Granule A20100301_0340.20190925125550.L2OC_BASE.K_490.nc at 2020-08-06T06:06:10.536216\\nAdd Granule A20100301_0345.20190925124843.L2OC_BASE.K_490.nc at 2020-08-06T06:06:10.754115\\nAdd Granule A20100301_0350.20190925115314.L2OC_BASE.K_490.nc at 2020-08-06T06:06:10.970671\\nAdd Granule A20100301_0510.20190925120857.L2OC_BASE.K_490.nc at 2020-08-06T06:06:11.124481\\nAdd Granule A20100301_0515.20190925132040.L2OC_BASE.K_490.nc at 2020-08-06T06:06:11.408476\\nAdd Granule A20100301_0520.20190925131549.L2OC_BASE.K_490.nc at 2020-08-06T06:06:11.649971\\nAdd Granule A20100301_0525.20190925122347.L2OC_BASE.K_490.nc at 2020-08-06T06:06:11.849256\\nAdd Granule A20100301_0530.20190925120006.L2OC_BASE.K_490.nc at 2020-08-06T06:06:12.073109\\nAdd Granule A20100301_0650.20190925131112.L2OC_BASE.K_490.nc at 2020-08-06T06:06:12.298874\\nAdd Granule A20100301_0655.20190925122924.L2OC_BASE.K_490.nc at 2020-08-06T06:06:12.555094\\nAdd Granule A20100301_0700.20190925130120.L2OC_BASE.K_490.nc at 2020-08-06T06:06:12.854737\\nAdd Granule A20100301_0705.20190925121729.L2OC_BASE.K_490.nc at 2020-08-06T06:06:13.078804\",\"source_path\":\"imos-srs\\\/archive\\\/oc\\\/aqua\\\/1d\\\/v201909\\\/2010\\\/03\\\/A20100301.L2OC_BASE.aust.K_490.nc\"}","K_490\/.zarray":"{\"chunks\":[1,1401,2001],\"compressor\":{\"id\":\"zlib\",\"level\":4},\"dtype\":\"<f4\",\"fill_value\":-999.0,\"filters\":[{\"elementsize\":4,\"id\":\"shuffle\"}],\"order\":\"C\",\"shape\":[31,7001,10001],\"zarr_format\":2}","K_490\/.zattrs":"{\"_ARRAY_DIMENSIONS\":[\"time\",\"latitude\",\"longitude\"],\"flag_applied\":\"HISATZEN LAND CLDICE NAVFAIL\",\"long_name\":\"Diffuse attenuation coefficient at 490 nm (OBPG)\",\"units\":\"m^-1\"}","longitude\/.zarray":"{\n    \"chunks\": [\n        10001\n    ],\n    \"compressor\": null,\n    \"dtype\": \"<f8\",\n    \"fill_value\": 9.969209968386869e+36,\n    \"filters\": null,\n    \"order\": \"C\",\n    \"shape\": [\n        10001\n    ],\n    \"zarr_format\": 2\n}","longitude\/.zattrs":"{\n    \"NAME\": \"longitude\",\n    \"_ARRAY_DIMENSIONS\": [\n        \"longitude\"\n    ],\n    \"_Netcdf4Dimid\": 2,\n    \"axis\": \"X\",\n    \"long_name\": \"longitude\",\n    \"standard_name\": \"longitude\",\n    \"units\": \"degrees_east\"\n}","longitude\/0":["{{a}}",58400,80008],"latitude\/.zarray":"{\n    \"chunks\": [\n        7001\n    ],\n    \"compressor\": null,\n    \"dtype\": \"<f8\",\n    \"fill_value\": 9.969209968386869e+36,\n    \"filters\": null,\n    \"order\": \"C\",\n    \"shape\": [\n        7001\n    ],\n    \"zarr_format\": 2\n}","latitude\/.zattrs":"{\n    \"NAME\": \"latitude\",\n    \"_ARRAY_DIMENSIONS\": [\n        \"latitude\"\n    ],\n    \"_Netcdf4Dimid\": 1,\n    \"axis\": \"Y\",\n    \"long_name\": \"latitude\",\n    \"standard_name\": \"latitude\",\n    \"units\": \"degrees_north\"\n}","latitude\/0":["{{a}}",2392,56008],"time\/.zarray":"{\"chunks\":[31],\"compressor\":{\"blocksize\":0,\"clevel\":5,\"cname\":\"lz4\",\"id\":\"blosc\",\"shuffle\":1},\"dtype\":\"<M8[us]\",\"fill_value\":0,\"filters\":null,\"order\":\"C\",\"shape\":[31],\"zarr_format\":2}","time\/0":"base64:AgExCPgAAAD4AAAArwAAABQAAACXAAAAHwABAAv7AeZGpgZmxiaG5kamBmbGJoYQAPRXUysC2rGIYDcO5r2VbEMb8smheFAn\/tathFwzC+K5kYqoxuMBHz1beZa00vAOLElnhaPB3\/waOFZ0krDN6wm2yt7yBxsvQ1drf5OnvNDk+AwgNEhccYWZrcHV6f0SgICAgIGBgYGBBQAYggEAL4MEAQALD9gAB1AAAAAAAA==","time\/.zattrs":"{\"NAME\":\"time\",\"_ARRAY_DIMENSIONS\":[\"time\"],\"_Netcdf4Dimid\":0,\"axis\":\"T\",\"long_name\":\"time\",\"standard_name\":\"time\"}","K_490\/0.0.0":["{{a}}",151229,49942],"K_490\/0.0.1":["{{a}}",201171,740082],"K_490\/0.0.2":["{{a}}",941253,2932409],"K_490\/0.0.3":["{{a}}",3873662,1391914],"K_490\/0.0.4":["{{a}}",5265576,2511105],"K_490\/0.1.0":["{{a}}",7776681,540571],"K_490\/0.1.1":["{{a}}",8317252,1237133],"K_490\/0.1.2":["{{a}}",9554385,1153269],"K_490\/0.1.3":["{{a}}",10707654,1721223],"K_490\/0.1.4":["{{a}}",12428877,784923],"K_490\/0.2.0":["{{a}}",13213800,1195235],"K_490\/0.2.1":["{{a}}",14409035,2241048],"K_490\/0.2.2":["{{a}}",16650083,72274],"K_490\/0.2.3":["{{a}}",16722357,1070165],"K_490\/0.2.4":["{{a}}",17792522,138435],"K_490\/0.3.0":["{{a}}",17930957,168654],"K_490\/0.3.1":["{{a}}",18099611,3121453],"K_490\/0.3.2":["{{a}}",21221064,2053387],"K_490\/0.3.3":["{{a}}",23274451,1293774],"K_490\/0.3.4":["{{a}}",24568225,489878],"K_490\/0.4.0":["{{a}}",25058103,72141],"K_490\/0.4.1":["{{a}}",25130244,242919],"K_490\/0.4.2":["{{a}}",25373163,687373],"K_490\/0.4.3":["{{a}}",26060536,542051],"K_490\/0.4.4":["{{a}}",26602587,1381489],"K_490\/1.0.0":["{{b}}",151229,1205369],"K_490\/1.0.1":["{{b}}",1356598,1509761],"K_490\/1.0.2":["{{b}}",2866359,1968657],"K_490\/1.0.3":["{{b}}",4835016,1067396],"K_490\/1.0.4":["{{b}}",5902412,618587],"K_490\/1.1.0":["{{b}}",6520999,2046383],"K_490\/1.1.1":["{{b}}",8567382,2298119],"K_490\/1.1.2":["{{b}}",10865501,1113514],"K_490\/1.1.3":["{{b}}",11979015,633667],"K_490\/1.1.4":["{{b}}",12612682,886175],"K_490\/1.2.0":["{{b}}",13498857,3496159],"K_490\/1.2.1":["{{b}}",16995016,1127951],"K_490\/1.2.2":["{{b}}",18122967,96695],"K_490\/1.2.3":["{{b}}",18219662,260163],"K_490\/1.2.4":["{{b}}",18479825,2036655],"K_490\/1.3.0":["{{b}}",20516480,1088919],"K_490\/1.3.1":["{{b}}",21605399,2027810],"K_490\/1.3.2":["{{b}}",23633209,1921334],"K_490\/1.3.3":["{{b}}",25554543,861764],"K_490\/1.3.4":["{{b}}",26416307,1328810],"K_490\/1.4.0":["{{b}}",27745117,652327],"K_490\/1.4.1":["{{b}}",28397444,136459],"K_490\/1.4.2":["{{b}}",28533903,78419],"K_490\/1.4.3":["{{b}}",28612322,972826],"K_490\/1.4.4":["{{b}}",29585148,2009658],"K_490\/2.0.0":["{{c}}",151229,121458],"K_490\/2.0.1":["{{c}}",272687,1181274],"K_490\/2.0.2":["{{c}}",1453961,2537399],"K_490\/2.0.3":["{{c}}",3991360,1680655],"K_490\/2.0.4":["{{c}}",5672015,10921],"K_490\/2.1.0":["{{c}}",5682936,798336],"K_490\/2.1.1":["{{c}}",6481272,1639253],"K_490\/2.1.2":["{{c}}",8120525,1181363],"K_490\/2.1.3":["{{c}}",9301888,691527],"K_490\/2.1.4":["{{c}}",9993415,69316],"K_490\/2.2.0":["{{c}}",10062731,667997],"K_490\/2.2.1":["{{c}}",10730728,1022262],"K_490\/2.2.2":["{{c}}",11752990,130143],"K_490\/2.2.3":["{{c}}",11883133,531990],"K_490\/2.2.4":["{{c}}",12415123,434540],"K_490\/2.3.0":["{{c}}",12849663,258191],"K_490\/2.3.1":["{{c}}",13107854,1095659],"K_490\/2.3.2":["{{c}}",14203513,1736132],"K_490\/2.3.3":["{{c}}",15939645,2019404],"K_490\/2.3.4":["{{c}}",17959049,1672959],"K_490\/2.4.0":["{{c}}",19632008,85149],"K_490\/2.4.1":["{{c}}",19717157,606932],"K_490\/2.4.2":["{{c}}",20324089,105073],"K_490\/2.4.3":["{{c}}",20429162,598560],"K_490\/2.4.4":["{{c}}",21027722,1590736],"K_490\/3.0.0":["{{d}}",151229,2585229],"K_490\/3.0.1":["{{d}}",2736458,1447135],"K_490\/3.0.2":["{{d}}",4183593,1093651],"K_490\/3.0.3":["{{d}}",5277244,1573112],"K_490\/3.0.4":["{{d}}",6850356,940802],"K_490\/3.1.0":["{{d}}",7791158,1175644],"K_490\/3.1.1":["{{d}}",8966802,1200895],"K_490\/3.1.2":["{{d}}",10167697,785133],"K_490\/3.1.3":["{{d}}",10952830,627364],"K_490\/3.1.4":["{{d}}",11580194,1541063],"K_490\/3.2.0":["{{d}}",13121257,2340375],"K_490\/3.2.1":["{{d}}",15461632,999971],"K_490\/3.2.2":["{{d}}",16461603,135670],"K_490\/3.2.3":["{{d}}",16597273,546125],"K_490\/3.2.4":["{{d}}",17143398,3532744],"K_490\/3.3.0":["{{d}}",20676142,1966597],"K_490\/3.3.1":["{{d}}",22642739,1984364],"K_490\/3.3.2":["{{d}}",24627103,1718844],"K_490\/3.3.3":["{{d}}",26345947,2608537],"K_490\/3.3.4":["{{d}}",28954484,3992259],"K_490\/3.4.0":["{{d}}",32946743,12086],"K_490\/3.4.1":["{{d}}",32958829,588302],"K_490\/3.4.2":["{{d}}",33547131,511463],"K_490\/3.4.3":["{{d}}",34058594,582462],"K_490\/3.4.4":["{{d}}",34641056,910748],"K_490\/4.0.0":["{{e}}",151229,669018],"K_490\/4.0.1":["{{e}}",820247,1310525],"K_490\/4.0.2":["{{e}}",2130772,1795369],"K_490\/4.0.3":["{{e}}",3926141,1435515],"K_490\/4.0.4":["{{e}}",5361656,31078],"K_490\/4.1.0":["{{e}}",5392734,342059],"K_490\/4.1.1":["{{e}}",5734793,1183653],"K_490\/4.1.2":["{{e}}",6918446,2349581],"K_490\/4.1.3":["{{e}}",9268027,1038687],"K_490\/4.1.4":["{{e}}",10306714,460729],"K_490\/4.2.0":["{{e}}",10767443,88514],"K_490\/4.2.1":["{{e}}",10855957,1984022],"K_490\/4.2.2":["{{e}}",12839979,47852],"K_490\/4.2.3":["{{e}}",12887831,1819815],"K_490\/4.2.4":["{{e}}",14707646,1284439],"K_490\/4.3.0":["{{e}}",15992085,10921],"K_490\/4.3.1":["{{e}}",16003006,2057098],"K_490\/4.3.2":["{{e}}",18060104,1400762],"K_490\/4.3.3":["{{e}}",19460866,1357016],"K_490\/4.3.4":["{{e}}",20817882,1658321],"K_490\/4.4.0":["{{e}}",22476203,10921],"K_490\/4.4.1":["{{e}}",22487124,196603],"K_490\/4.4.2":["{{e}}",22683727,1537477],"K_490\/4.4.3":["{{e}}",24221204,1177142],"K_490\/4.4.4":["{{e}}",25398346,2193720],"K_490\/5.0.0":["{{f}}",151229,1230506],"K_490\/5.0.1":["{{f}}",1381735,1471936],"K_490\/5.0.2":["{{f}}",2853671,2127987],"K_490\/5.0.3":["{{f}}",4981658,1630126],"K_490\/5.0.4":["{{f}}",6611784,621599],"K_490\/5.1.0":["{{f}}",7233383,1571832],"K_490\/5.1.1":["{{f}}",8805215,1261918],"K_490\/5.1.2":["{{f}}",10067133,2199043],"K_490\/5.1.3":["{{f}}",12266176,1737826],"K_490\/5.1.4":["{{f}}",14004002,1839871],"K_490\/5.2.0":["{{f}}",15843873,1944586],"K_490\/5.2.1":["{{f}}",17788459,1342497],"K_490\/5.2.2":["{{f}}",19130956,97597],"K_490\/5.2.3":["{{f}}",19228553,1064156],"K_490\/5.2.4":["{{f}}",20292709,3720917],"K_490\/5.3.0":["{{f}}",24013626,859240],"K_490\/5.3.1":["{{f}}",24872866,2376541],"K_490\/5.3.2":["{{f}}",27249407,1203250],"K_490\/5.3.3":["{{f}}",28452657,1605936],"K_490\/5.3.4":["{{f}}",30058593,2403122],"K_490\/5.4.0":["{{f}}",32461715,382855],"K_490\/5.4.1":["{{f}}",32844570,808226],"K_490\/5.4.2":["{{f}}",33652796,691888],"K_490\/5.4.3":["{{f}}",34344684,814478],"K_490\/5.4.4":["{{f}}",35159162,532638],"K_490\/6.0.0":["{{g}}",151229,134116],"K_490\/6.0.1":["{{g}}",285345,1255940],"K_490\/6.0.2":["{{g}}",1541285,2324627],"K_490\/6.0.3":["{{g}}",3865912,1460969],"K_490\/6.0.4":["{{g}}",5326881,380793],"K_490\/6.1.0":["{{g}}",5707674,45101],"K_490\/6.1.1":["{{g}}",5752775,2467743],"K_490\/6.1.2":["{{g}}",8220518,1159913],"K_490\/6.1.3":["{{g}}",9380431,852873],"K_490\/6.1.4":["{{g}}",10233304,306834],"K_490\/6.2.0":["{{g}}",10540138,10921],"K_490\/6.2.1":["{{g}}",10551059,2626945],"K_490\/6.2.2":["{{g}}",13178004,31245],"K_490\/6.2.3":["{{g}}",13209249,1520280],"K_490\/6.2.4":["{{g}}",14729529,2476814],"K_490\/6.3.0":["{{g}}",17206343,375514],"K_490\/6.3.1":["{{g}}",17581857,2424267],"K_490\/6.3.2":["{{g}}",20006124,1611142],"K_490\/6.3.3":["{{g}}",21617266,1212835],"K_490\/6.3.4":["{{g}}",22830101,3602339],"K_490\/6.4.0":["{{g}}",26432440,234779],"K_490\/6.4.1":["{{g}}",26667219,2504006],"K_490\/6.4.2":["{{g}}",29171225,1445489],"K_490\/6.4.3":["{{g}}",30616714,38159],"K_490\/6.4.4":["{{g}}",30654873,571709],"K_490\/7.0.0":["{{h}}",151229,10921],"K_490\/7.0.1":["{{h}}",162150,540805],"K_490\/7.0.2":["{{h}}",702955,1344031],"K_490\/7.0.3":["{{h}}",2046986,410614],"K_490\/7.0.4":["{{h}}",2457600,1209818],"K_490\/7.1.0":["{{h}}",3667418,533284],"K_490\/7.1.1":["{{h}}",4200702,1483608],"K_490\/7.1.2":["{{h}}",5684310,2013407],"K_490\/7.1.3":["{{h}}",7697717,1349302],"K_490\/7.1.4":["{{h}}",9047019,836855],"K_490\/7.2.0":["{{h}}",9883874,1433721],"K_490\/7.2.1":["{{h}}",11317595,1871113],"K_490\/7.2.2":["{{h}}",13188708,75738],"K_490\/7.2.3":["{{h}}",13264446,1735993],"K_490\/7.2.4":["{{h}}",15000439,171281],"K_490\/7.3.0":["{{h}}",15171720,463953],"K_490\/7.3.1":["{{h}}",15635673,1324326],"K_490\/7.3.2":["{{h}}",16959999,2087030],"K_490\/7.3.3":["{{h}}",19047029,1592751],"K_490\/7.3.4":["{{h}}",20639780,800048],"K_490\/7.4.0":["{{h}}",21439828,133086],"K_490\/7.4.1":["{{h}}",21572914,762471],"K_490\/7.4.2":["{{h}}",22335385,2354037],"K_490\/7.4.3":["{{h}}",24689422,1995844],"K_490\/7.4.4":["{{h}}",26685266,635730],"K_490\/8.0.0":["{{i}}",151229,190324],"K_490\/8.0.1":["{{i}}",341553,1502966],"K_490\/8.0.2":["{{i}}",1844519,2258737],"K_490\/8.0.3":["{{i}}",4103256,575593],"K_490\/8.0.4":["{{i}}",4678849,540320],"K_490\/8.1.0":["{{i}}",5219169,786855],"K_490\/8.1.1":["{{i}}",6006024,1979047],"K_490\/8.1.2":["{{i}}",7985071,2014672],"K_490\/8.1.3":["{{i}}",9999743,1330474],"K_490\/8.1.4":["{{i}}",11330217,306296],"K_490\/8.2.0":["{{i}}",11636513,2389743],"K_490\/8.2.1":["{{i}}",14026256,2594830],"K_490\/8.2.2":["{{i}}",16621086,105274],"K_490\/8.2.3":["{{i}}",16726360,1297841],"K_490\/8.2.4":["{{i}}",18024201,3717338],"K_490\/8.3.0":["{{i}}",21741539,1663183],"K_490\/8.3.1":["{{i}}",23404722,1093867],"K_490\/8.3.2":["{{i}}",24498589,856042],"K_490\/8.3.3":["{{i}}",25354631,1833285],"K_490\/8.3.4":["{{i}}",27187916,3352594],"K_490\/8.4.0":["{{i}}",30540510,509169],"K_490\/8.4.1":["{{i}}",31049679,326395],"K_490\/8.4.2":["{{i}}",31376074,1785243],"K_490\/8.4.3":["{{i}}",33161317,234582],"K_490\/8.4.4":["{{i}}",33395899,1616307],"K_490\/9.0.0":["{{j}}",151229,1225367],"K_490\/9.0.1":["{{j}}",1376596,426741],"K_490\/9.0.2":["{{j}}",1803337,2503409],"K_490\/9.0.3":["{{j}}",4306746,1967038],"K_490\/9.0.4":["{{j}}",6273784,660768],"K_490\/9.1.0":["{{j}}",6934552,630461],"K_490\/9.1.1":["{{j}}",7565013,1176892],"K_490\/9.1.2":["{{j}}",8741905,2101714],"K_490\/9.1.3":["{{j}}",10843619,1757689],"K_490\/9.1.4":["{{j}}",12601308,338628],"K_490\/9.2.0":["{{j}}",12939936,518490],"K_490\/9.2.1":["{{j}}",13458426,2254959],"K_490\/9.2.2":["{{j}}",15713385,128059],"K_490\/9.2.3":["{{j}}",15841444,2059757],"K_490\/9.2.4":["{{j}}",17901201,789359],"K_490\/9.3.0":["{{j}}",18690560,479874],"K_490\/9.3.1":["{{j}}",19170434,1267400],"K_490\/9.3.2":["{{j}}",20437834,1789991],"K_490\/9.3.3":["{{j}}",22227825,1686389],"K_490\/9.3.4":["{{j}}",23914214,1824353],"K_490\/9.4.0":["{{j}}",25738567,10921],"K_490\/9.4.1":["{{j}}",25749488,1285398],"K_490\/9.4.2":["{{j}}",27034886,568733],"K_490\/9.4.3":["{{j}}",27603619,1100622],"K_490\/9.4.4":["{{j}}",28704241,439465],"K_490\/10.0.0":["{{k}}",151229,2314459],"K_490\/10.0.1":["{{k}}",2465688,338784],"K_490\/10.0.2":["{{k}}",2804472,1473358],"K_490\/10.0.3":["{{k}}",4277830,1295452],"K_490\/10.0.4":["{{k}}",5573282,884606],"K_490\/10.1.0":["{{k}}",6457888,2540745],"K_490\/10.1.1":["{{k}}",8998633,2364274],"K_490\/10.1.2":["{{k}}",11362907,1508957],"K_490\/10.1.3":["{{k}}",12871864,1198335],"K_490\/10.1.4":["{{k}}",14070199,345990],"K_490\/10.2.0":["{{k}}",14416189,1478208],"K_490\/10.2.1":["{{k}}",15894397,1664441],"K_490\/10.2.2":["{{k}}",17558838,119320],"K_490\/10.2.3":["{{k}}",17678158,711708],"K_490\/10.2.4":["{{k}}",18389866,3547161],"K_490\/10.3.0":["{{k}}",21937027,435899],"K_490\/10.3.1":["{{k}}",22372926,1121073],"K_490\/10.3.2":["{{k}}",23493999,1850800],"K_490\/10.3.3":["{{k}}",25344799,1233120],"K_490\/10.3.4":["{{k}}",26577919,3135649],"K_490\/10.4.0":["{{k}}",29713568,241754],"K_490\/10.4.1":["{{k}}",29955322,832922],"K_490\/10.4.2":["{{k}}",30788244,789448],"K_490\/10.4.3":["{{k}}",31577692,1864694],"K_490\/10.4.4":["{{k}}",33442386,1762816],"K_490\/11.0.0":["{{l}}",151229,285061],"K_490\/11.0.1":["{{l}}",436290,1270168],"K_490\/11.0.2":["{{l}}",1706458,1296649],"K_490\/11.0.3":["{{l}}",3003107,1223793],"K_490\/11.0.4":["{{l}}",4226900,20358],"K_490\/11.1.0":["{{l}}",4247258,1194768],"K_490\/11.1.1":["{{l}}",5442026,2542257],"K_490\/11.1.2":["{{l}}",7984283,2800263],"K_490\/11.1.3":["{{l}}",10784546,1281710],"K_490\/11.1.4":["{{l}}",12066256,88100],"K_490\/11.2.0":["{{l}}",12154356,373965],"K_490\/11.2.1":["{{l}}",12528321,2419161],"K_490\/11.2.2":["{{l}}",14947482,90658],"K_490\/11.2.3":["{{l}}",15038140,1968894],"K_490\/11.2.4":["{{l}}",17007034,721435],"K_490\/11.3.0":["{{l}}",17728469,10921],"K_490\/11.3.1":["{{l}}",17739390,1266955],"K_490\/11.3.2":["{{l}}",19006345,2957354],"K_490\/11.3.3":["{{l}}",21963699,2012663],"K_490\/11.3.4":["{{l}}",23976362,1372357],"K_490\/11.4.0":["{{l}}",25348719,10921],"K_490\/11.4.1":["{{l}}",25359640,156084],"K_490\/11.4.2":["{{l}}",25515724,586625],"K_490\/11.4.3":["{{l}}",26102349,701031],"K_490\/11.4.4":["{{l}}",26803380,807039],"K_490\/12.0.0":["{{m}}",151229,1974454],"K_490\/12.0.1":["{{m}}",2125683,1722090],"K_490\/12.0.2":["{{m}}",3847773,947608],"K_490\/12.0.3":["{{m}}",4795381,685026],"K_490\/12.0.4":["{{m}}",5480407,415985],"K_490\/12.1.0":["{{m}}",5896392,2778145],"K_490\/12.1.1":["{{m}}",8674537,2283148],"K_490\/12.1.2":["{{m}}",10957685,2053196],"K_490\/12.1.3":["{{m}}",13010881,397173],"K_490\/12.1.4":["{{m}}",13408054,944505],"K_490\/12.2.0":["{{m}}",14352559,2562907],"K_490\/12.2.1":["{{m}}",16915466,1606916],"K_490\/12.2.2":["{{m}}",18522382,142215],"K_490\/12.2.3":["{{m}}",18664597,415518],"K_490\/12.2.4":["{{m}}",19080115,2321778],"K_490\/12.3.0":["{{m}}",21401893,1015366],"K_490\/12.3.1":["{{m}}",22417259,1380501],"K_490\/12.3.2":["{{m}}",23797760,3775867],"K_490\/12.3.3":["{{m}}",27573627,2669679],"K_490\/12.3.4":["{{m}}",30243306,1533596],"K_490\/12.4.0":["{{m}}",31776902,403513],"K_490\/12.4.1":["{{m}}",32180415,2129599],"K_490\/12.4.2":["{{m}}",34310014,914655],"K_490\/12.4.3":["{{m}}",35224669,946208],"K_490\/12.4.4":["{{m}}",36170877,18791],"K_490\/13.0.0":["{{n}}",151229,485471],"K_490\/13.0.1":["{{n}}",636700,1979460],"K_490\/13.0.2":["{{n}}",2616160,1891414],"K_490\/13.0.3":["{{n}}",4507574,1022192],"K_490\/13.0.4":["{{n}}",5529766,159177],"K_490\/13.1.0":["{{n}}",5688943,221813],"K_490\/13.1.1":["{{n}}",5910756,2788709],"K_490\/13.1.2":["{{n}}",8699465,2031080],"K_490\/13.1.3":["{{n}}",10730545,264372],"K_490\/13.1.4":["{{n}}",10994917,16226],"K_490\/13.2.0":["{{n}}",11011143,55271],"K_490\/13.2.1":["{{n}}",11066414,3554401],"K_490\/13.2.2":["{{n}}",14620815,53838],"K_490\/13.2.3":["{{n}}",14674653,1700962],"K_490\/13.2.4":["{{n}}",16375615,729143],"K_490\/13.3.0":["{{n}}",17104758,10921],"K_490\/13.3.1":["{{n}}",17115679,1004446],"K_490\/13.3.2":["{{n}}",18120125,2331675],"K_490\/13.3.3":["{{n}}",20451800,3377415],"K_490\/13.3.4":["{{n}}",23829215,678223],"K_490\/13.4.0":["{{n}}",24507438,1712951],"K_490\/13.4.1":["{{n}}",26220389,2199798],"K_490\/13.4.2":["{{n}}",28420187,394006],"K_490\/13.4.3":["{{n}}",28814193,1047315],"K_490\/13.4.4":["{{n}}",29861508,538500],"K_490\/14.0.0":["{{o}}",151229,1372845],"K_490\/14.0.1":["{{o}}",1524074,1214225],"K_490\/14.0.2":["{{o}}",2738299,1798701],"K_490\/14.0.3":["{{o}}",4537000,1440679],"K_490\/14.0.4":["{{o}}",5977679,641005],"K_490\/14.1.0":["{{o}}",6618684,1741652],"K_490\/14.1.1":["{{o}}",8360336,1825925],"K_490\/14.1.2":["{{o}}",10186261,2637800],"K_490\/14.1.3":["{{o}}",12824061,625646],"K_490\/14.1.4":["{{o}}",13449707,390208],"K_490\/14.2.0":["{{o}}",13839915,1538221],"K_490\/14.2.1":["{{o}}",15378136,1707564],"K_490\/14.2.2":["{{o}}",17085700,46975],"K_490\/14.2.3":["{{o}}",17132675,588976],"K_490\/14.2.4":["{{o}}",17721651,400897],"K_490\/14.3.0":["{{o}}",18122548,831479],"K_490\/14.3.1":["{{o}}",18954027,2567513],"K_490\/14.3.2":["{{o}}",21521540,2348902],"K_490\/14.3.3":["{{o}}",23870442,2986848],"K_490\/14.3.4":["{{o}}",26857290,506488],"K_490\/14.4.0":["{{o}}",27363778,314152],"K_490\/14.4.1":["{{o}}",27677930,2167033],"K_490\/14.4.2":["{{o}}",29844963,457347],"K_490\/14.4.3":["{{o}}",30302310,529520],"K_490\/14.4.4":["{{o}}",30831830,379357],"K_490\/15.0.0":["{{p}}",151229,204881],"K_490\/15.0.1":["{{p}}",356110,1342938],"K_490\/15.0.2":["{{p}}",1699048,999757],"K_490\/15.0.3":["{{p}}",2698805,1231604],"K_490\/15.0.4":["{{p}}",3930409,352356],"K_490\/15.1.0":["{{p}}",4282765,10921],"K_490\/15.1.1":["{{p}}",4293686,2959981],"K_490\/15.1.2":["{{p}}",7253667,1621392],"K_490\/15.1.3":["{{p}}",8875059,632845],"K_490\/15.1.4":["{{p}}",9507904,1459592],"K_490\/15.2.0":["{{p}}",10967496,2633852],"K_490\/15.2.1":["{{p}}",13601348,3147076],"K_490\/15.2.2":["{{p}}",16748424,74449],"K_490\/15.2.3":["{{p}}",16822873,1231745],"K_490\/15.2.4":["{{p}}",18054618,1971405],"K_490\/15.3.0":["{{p}}",20026023,854426],"K_490\/15.3.1":["{{p}}",20880449,2169019],"K_490\/15.3.2":["{{p}}",23049468,1515395],"K_490\/15.3.3":["{{p}}",24564863,2509128],"K_490\/15.3.4":["{{p}}",27073991,2363756],"K_490\/15.4.0":["{{p}}",29437747,352377],"K_490\/15.4.1":["{{p}}",29790124,1129045],"K_490\/15.4.2":["{{p}}",30919169,771273],"K_490\/15.4.3":["{{p}}",31690442,360832],"K_490\/15.4.4":["{{p}}",32051274,1032226],"K_490\/16.0.0":["{{q}}",151229,223377],"K_490\/16.0.1":["{{q}}",374606,615744],"K_490\/16.0.2":["{{q}}",990350,1969937],"K_490\/16.0.3":["{{q}}",2960287,999116],"K_490\/16.0.4":["{{q}}",3959403,1279016],"K_490\/16.1.0":["{{q}}",5238419,624470],"K_490\/16.1.1":["{{q}}",5862889,1445487],"K_490\/16.1.2":["{{q}}",7308376,1970839],"K_490\/16.1.3":["{{q}}",9279215,768056],"K_490\/16.1.4":["{{q}}",10047271,812900],"K_490\/16.2.0":["{{q}}",10860171,1355301],"K_490\/16.2.1":["{{q}}",12215472,2875011],"K_490\/16.2.2":["{{q}}",15090483,105245],"K_490\/16.2.3":["{{q}}",15195728,1560635],"K_490\/16.2.4":["{{q}}",16756363,364320],"K_490\/16.3.0":["{{q}}",17120683,177930],"K_490\/16.3.1":["{{q}}",17298613,1089802],"K_490\/16.3.2":["{{q}}",18388415,3234058],"K_490\/16.3.3":["{{q}}",21622473,2733000],"K_490\/16.3.4":["{{q}}",24355473,1396062],"K_490\/16.4.0":["{{q}}",25751535,14923],"K_490\/16.4.1":["{{q}}",25766458,530233],"K_490\/16.4.2":["{{q}}",26296691,930640],"K_490\/16.4.3":["{{q}}",27227331,1446012],"K_490\/16.4.4":["{{q}}",28673343,328289],"K_490\/17.0.0":["{{r}}",151229,930752],"K_490\/17.0.1":["{{r}}",1081981,1275614],"K_490\/17.0.2":["{{r}}",2357595,992131],"K_490\/17.0.3":["{{r}}",3349726,224386],"K_490\/17.0.4":["{{r}}",3574112,149693],"K_490\/17.1.0":["{{r}}",3723805,1353053],"K_490\/17.1.1":["{{r}}",5076858,2299119],"K_490\/17.1.2":["{{r}}",7375977,1253563],"K_490\/17.1.3":["{{r}}",8629540,447042],"K_490\/17.1.4":["{{r}}",9076582,889096],"K_490\/17.2.0":["{{r}}",9965678,3520861],"K_490\/17.2.1":["{{r}}",13486539,1530833],"K_490\/17.2.2":["{{r}}",15017372,91043],"K_490\/17.2.3":["{{r}}",15108415,485145],"K_490\/17.2.4":["{{r}}",15593560,1991583],"K_490\/17.3.0":["{{r}}",17585143,1046114],"K_490\/17.3.1":["{{r}}",18631257,1146506],"K_490\/17.3.2":["{{r}}",19777763,1612637],"K_490\/17.3.3":["{{r}}",21390400,2115603],"K_490\/17.3.4":["{{r}}",23506003,2183974],"K_490\/17.4.0":["{{r}}",25689977,300217],"K_490\/17.4.1":["{{r}}",25990194,857774],"K_490\/17.4.2":["{{r}}",26847968,974142],"K_490\/17.4.3":["{{r}}",27822110,1278503],"K_490\/17.4.4":["{{r}}",29100613,866686],"K_490\/18.0.0":["{{s}}",151229,387810],"K_490\/18.0.1":["{{s}}",539039,944119],"K_490\/18.0.2":["{{s}}",1483158,1599782],"K_490\/18.0.3":["{{s}}",3082940,124066],"K_490\/18.0.4":["{{s}}",3207006,10921],"K_490\/18.1.0":["{{s}}",3217927,393539],"K_490\/18.1.1":["{{s}}",3611466,1907239],"K_490\/18.1.2":["{{s}}",5518705,1778121],"K_490\/18.1.3":["{{s}}",7296826,1010671],"K_490\/18.1.4":["{{s}}",8307497,18879],"K_490\/18.2.0":["{{s}}",8326376,507653],"K_490\/18.2.1":["{{s}}",8834029,2554773],"K_490\/18.2.2":["{{s}}",11388802,124653],"K_490\/18.2.3":["{{s}}",11513455,1336373],"K_490\/18.2.4":["{{s}}",12849828,480307],"K_490\/18.3.0":["{{s}}",13330135,110013],"K_490\/18.3.1":["{{s}}",13440148,1489181],"K_490\/18.3.2":["{{s}}",14929329,2473107],"K_490\/18.3.3":["{{s}}",17402436,1126999],"K_490\/18.3.4":["{{s}}",18529435,1462021],"K_490\/18.4.0":["{{s}}",19991456,69237],"K_490\/18.4.1":["{{s}}",20060693,593094],"K_490\/18.4.2":["{{s}}",20653787,1417290],"K_490\/18.4.3":["{{s}}",22071077,1121844],"K_490\/18.4.4":["{{s}}",23192921,261721],"K_490\/19.0.0":["{{t}}",151229,1161486],"K_490\/19.0.1":["{{t}}",1312715,1126543],"K_490\/19.0.2":["{{t}}",2439258,711979],"K_490\/19.0.3":["{{t}}",3151237,389752],"K_490\/19.0.4":["{{t}}",3540989,200084],"K_490\/19.1.0":["{{t}}",3741073,886708],"K_490\/19.1.1":["{{t}}",4627781,1478166],"K_490\/19.1.2":["{{t}}",6105947,1620849],"K_490\/19.1.3":["{{t}}",7726796,674834],"K_490\/19.1.4":["{{t}}",8401630,1731784],"K_490\/19.2.0":["{{t}}",10133414,3428419],"K_490\/19.2.1":["{{t}}",13561833,1848068],"K_490\/19.2.2":["{{t}}",15409901,100685],"K_490\/19.2.3":["{{t}}",15510586,298069],"K_490\/19.2.4":["{{t}}",15808655,2457263],"K_490\/19.3.0":["{{t}}",18265918,574536],"K_490\/19.3.1":["{{t}}",18840454,1527541],"K_490\/19.3.2":["{{t}}",20367995,1499062],"K_490\/19.3.3":["{{t}}",21867057,2046295],"K_490\/19.3.4":["{{t}}",23913352,2122006],"K_490\/19.4.0":["{{t}}",26035358,165429],"K_490\/19.4.1":["{{t}}",26200787,46726],"K_490\/19.4.2":["{{t}}",26247513,1694826],"K_490\/19.4.3":["{{t}}",27942339,2084426],"K_490\/19.4.4":["{{t}}",30026765,1185741],"K_490\/20.0.0":["{{u}}",151229,349759],"K_490\/20.0.1":["{{u}}",500988,985421],"K_490\/20.0.2":["{{u}}",1486409,1204884],"K_490\/20.0.3":["{{u}}",2691293,388431],"K_490\/20.0.4":["{{u}}",3079724,30176],"K_490\/20.1.0":["{{u}}",3109900,57173],"K_490\/20.1.1":["{{u}}",3167073,1256533],"K_490\/20.1.2":["{{u}}",4423606,2358875],"K_490\/20.1.3":["{{u}}",6782481,948322],"K_490\/20.1.4":["{{u}}",7730803,419578],"K_490\/20.2.0":["{{u}}",8150381,225860],"K_490\/20.2.1":["{{u}}",8376241,3150502],"K_490\/20.2.2":["{{u}}",11526743,53305],"K_490\/20.2.3":["{{u}}",11580048,1229832],"K_490\/20.2.4":["{{u}}",12809880,1403432],"K_490\/20.3.0":["{{u}}",14213312,11065],"K_490\/20.3.1":["{{u}}",14224377,1443663],"K_490\/20.3.2":["{{u}}",15668040,2557723],"K_490\/20.3.3":["{{u}}",18225763,1009786],"K_490\/20.3.4":["{{u}}",19235549,1334004],"K_490\/20.4.0":["{{u}}",20569553,10921],"K_490\/20.4.1":["{{u}}",20580474,23756],"K_490\/20.4.2":["{{u}}",20604230,221722],"K_490\/20.4.3":["{{u}}",20825952,1631747],"K_490\/20.4.4":["{{u}}",22457699,1889064],"K_490\/21.0.0":["{{v}}",151229,1715540],"K_490\/21.0.1":["{{v}}",1866769,902219],"K_490\/21.0.2":["{{v}}",2768988,730226],"K_490\/21.0.3":["{{v}}",3499214,900797],"K_490\/21.0.4":["{{v}}",4400011,2051791],"K_490\/21.1.0":["{{v}}",6451802,426099],"K_490\/21.1.1":["{{v}}",6877901,1408706],"K_490\/21.1.2":["{{v}}",8286607,2572454],"K_490\/21.1.3":["{{v}}",10859061,620276],"K_490\/21.1.4":["{{v}}",11479337,2874442],"K_490\/21.2.0":["{{v}}",14353779,2314739],"K_490\/21.2.1":["{{v}}",16668518,1928870],"K_490\/21.2.2":["{{v}}",18597388,141549],"K_490\/21.2.3":["{{v}}",18738937,186595],"K_490\/21.2.4":["{{v}}",18925532,3756955],"K_490\/21.3.0":["{{v}}",22682487,650171],"K_490\/21.3.1":["{{v}}",23332658,418816],"K_490\/21.3.2":["{{v}}",23751474,997135],"K_490\/21.3.3":["{{v}}",24748609,1730852],"K_490\/21.3.4":["{{v}}",26479461,1824405],"K_490\/21.4.0":["{{v}}",28303866,306335],"K_490\/21.4.1":["{{v}}",28610201,304281],"K_490\/21.4.2":["{{v}}",28914482,841464],"K_490\/21.4.3":["{{v}}",29755946,1141716],"K_490\/21.4.4":["{{v}}",30897662,717548],"K_490\/22.0.0":["{{w}}",151229,27884],"K_490\/22.0.1":["{{w}}",179113,916556],"K_490\/22.0.2":["{{w}}",1095669,1175628],"K_490\/22.0.3":["{{w}}",2271297,515471],"K_490\/22.0.4":["{{w}}",2786768,316652],"K_490\/22.1.0":["{{w}}",3103420,46494],"K_490\/22.1.1":["{{w}}",3149914,3202592],"K_490\/22.1.2":["{{w}}",6352506,1779045],"K_490\/22.1.3":["{{w}}",8131551,1043624],"K_490\/22.1.4":["{{w}}",9175175,1038928],"K_490\/22.2.0":["{{w}}",10214103,10921],"K_490\/22.2.1":["{{w}}",10225024,3194391],"K_490\/22.2.2":["{{w}}",13419415,41158],"K_490\/22.2.3":["{{w}}",13460573,800689],"K_490\/22.2.4":["{{w}}",14261262,876440],"K_490\/22.3.0":["{{w}}",15137702,639316],"K_490\/22.3.1":["{{w}}",15777018,879211],"K_490\/22.3.2":["{{w}}",16656229,779391],"K_490\/22.3.3":["{{w}}",17435620,878695],"K_490\/22.3.4":["{{w}}",18314315,2744858],"K_490\/22.4.0":["{{w}}",21059173,1705369],"K_490\/22.4.1":["{{w}}",22764542,1449539],"K_490\/22.4.2":["{{w}}",24214081,414053],"K_490\/22.4.3":["{{w}}",24628134,733201],"K_490\/22.4.4":["{{w}}",25361335,2258584],"K_490\/23.0.0":["{{x}}",151229,1155655],"K_490\/23.0.1":["{{x}}",1306884,703245],"K_490\/23.0.2":["{{x}}",2010129,1541764],"K_490\/23.0.3":["{{x}}",3551893,989968],"K_490\/23.0.4":["{{x}}",4541861,485949],"K_490\/23.1.0":["{{x}}",5027810,1416562],"K_490\/23.1.1":["{{x}}",6444372,1884139],"K_490\/23.1.2":["{{x}}",8328511,1727400],"K_490\/23.1.3":["{{x}}",10055911,1069942],"K_490\/23.1.4":["{{x}}",11125853,2726884],"K_490\/23.2.0":["{{x}}",13852737,1113170],"K_490\/23.2.1":["{{x}}",14965907,2971160],"K_490\/23.2.2":["{{x}}",17937067,127352],"K_490\/23.2.3":["{{x}}",18064419,1679595],"K_490\/23.2.4":["{{x}}",19744014,203535],"K_490\/23.3.0":["{{x}}",19947549,481275],"K_490\/23.3.1":["{{x}}",20428824,1762381],"K_490\/23.3.2":["{{x}}",22191205,1880581],"K_490\/23.3.3":["{{x}}",24071786,1644055],"K_490\/23.3.4":["{{x}}",25715841,288873],"K_490\/23.4.0":["{{x}}",26004714,261674],"K_490\/23.4.1":["{{x}}",26266388,2460593],"K_490\/23.4.2":["{{x}}",28726981,1222019],"K_490\/23.4.3":["{{x}}",29949000,1004015],"K_490\/23.4.4":["{{x}}",30953015,842848],"K_490\/24.0.0":["{{y}}",151229,341583],"K_490\/24.0.1":["{{y}}",492812,1419801],"K_490\/24.0.2":["{{y}}",1912613,1972142],"K_490\/24.0.3":["{{y}}",3884755,778193],"K_490\/24.0.4":["{{y}}",4662948,132546],"K_490\/24.1.0":["{{y}}",4795494,2149439],"K_490\/24.1.1":["{{y}}",6944933,3201428],"K_490\/24.1.2":["{{y}}",10146361,427069],"K_490\/24.1.3":["{{y}}",10573430,755615],"K_490\/24.1.4":["{{y}}",11329045,1816275],"K_490\/24.2.0":["{{y}}",13145320,855579],"K_490\/24.2.1":["{{y}}",14000899,2654402],"K_490\/24.2.2":["{{y}}",16655301,108067],"K_490\/24.2.3":["{{y}}",16763368,1172839],"K_490\/24.2.4":["{{y}}",17936207,2313289],"K_490\/24.3.0":["{{y}}",20249496,1515614],"K_490\/24.3.1":["{{y}}",21765110,1628480],"K_490\/24.3.2":["{{y}}",23393590,2036798],"K_490\/24.3.3":["{{y}}",25430388,2416191],"K_490\/24.3.4":["{{y}}",27846579,3521698],"K_490\/24.4.0":["{{y}}",31368277,506656],"K_490\/24.4.1":["{{y}}",31874933,1516285],"K_490\/24.4.2":["{{y}}",33391218,2128542],"K_490\/24.4.3":["{{y}}",35519760,413155],"K_490\/24.4.4":["{{y}}",35932915,1867476],"K_490\/25.0.0":["{{z}}",151229,318038],"K_490\/25.0.1":["{{z}}",469267,768065],"K_490\/25.0.2":["{{z}}",1237332,1388501],"K_490\/25.0.3":["{{z}}",2625833,1442781],"K_490\/25.0.4":["{{z}}",4068614,493173],"K_490\/25.1.0":["{{z}}",4561787,1358142],"K_490\/25.1.1":["{{z}}",5919929,1887682],"K_490\/25.1.2":["{{z}}",7807611,1195012],"K_490\/25.1.3":["{{z}}",9002623,509246],"K_490\/25.1.4":["{{z}}",9511869,467376],"K_490\/25.2.0":["{{z}}",9979245,534642],"K_490\/25.2.1":["{{z}}",10513887,2387176],"K_490\/25.2.2":["{{z}}",12901063,90896],"K_490\/25.2.3":["{{z}}",12991959,2019843],"K_490\/25.2.4":["{{z}}",15011802,495743],"K_490\/25.3.0":["{{z}}",15507545,216161],"K_490\/25.3.1":["{{z}}",15723706,903290],"K_490\/25.3.2":["{{z}}",16626996,1984061],"K_490\/25.3.3":["{{z}}",18611057,2319278],"K_490\/25.3.4":["{{z}}",20930335,907783],"K_490\/25.4.0":["{{z}}",21838118,51142],"K_490\/25.4.1":["{{z}}",21889260,1330877],"K_490\/25.4.2":["{{z}}",23220137,2018461],"K_490\/25.4.3":["{{z}}",25238598,2137513],"K_490\/25.4.4":["{{z}}",27376111,338143],"K_490\/26.0.0":["{{A}}",151229,1334695],"K_490\/26.0.1":["{{A}}",1485924,410991],"K_490\/26.0.2":["{{A}}",1896915,1308876],"K_490\/26.0.3":["{{A}}",3205791,1193951],"K_490\/26.0.4":["{{A}}",4399742,329651],"K_490\/26.1.0":["{{A}}",4729393,2291119],"K_490\/26.1.1":["{{A}}",7020512,1953690],"K_490\/26.1.2":["{{A}}",8974202,619414],"K_490\/26.1.3":["{{A}}",9593616,627230],"K_490\/26.1.4":["{{A}}",10220846,2374134],"K_490\/26.2.0":["{{A}}",12594980,1576106],"K_490\/26.2.1":["{{A}}",14171086,1247388],"K_490\/26.2.2":["{{A}}",15418474,95689],"K_490\/26.2.3":["{{A}}",15514163,488334],"K_490\/26.2.4":["{{A}}",16002497,2044280],"K_490\/26.3.0":["{{A}}",18046777,2258145],"K_490\/26.3.1":["{{A}}",20304922,2179669],"K_490\/26.3.2":["{{A}}",22484591,615842],"K_490\/26.3.3":["{{A}}",23100433,1582366],"K_490\/26.3.4":["{{A}}",24682799,2566862],"K_490\/26.4.0":["{{A}}",27249661,95677],"K_490\/26.4.1":["{{A}}",27345338,1419633],"K_490\/26.4.2":["{{A}}",28764971,599125],"K_490\/26.4.3":["{{A}}",29364096,2626350],"K_490\/26.4.4":["{{A}}",31990446,2544736],"K_490\/27.0.0":["{{B}}",151229,115672],"K_490\/27.0.1":["{{B}}",266901,791669],"K_490\/27.0.2":["{{B}}",1058570,1610529],"K_490\/27.0.3":["{{B}}",2669099,387916],"K_490\/27.0.4":["{{B}}",3057015,10987],"K_490\/27.1.0":["{{B}}",3068002,747382],"K_490\/27.1.1":["{{B}}",3815384,1802519],"K_490\/27.1.2":["{{B}}",5617903,1339064],"K_490\/27.1.3":["{{B}}",6956967,701034],"K_490\/27.1.4":["{{B}}",7658001,186670],"K_490\/27.2.0":["{{B}}",7844671,261526],"K_490\/27.2.1":["{{B}}",8106197,2774746],"K_490\/27.2.2":["{{B}}",10880943,44672],"K_490\/27.2.3":["{{B}}",10925615,1455149],"K_490\/27.2.4":["{{B}}",12380764,874533],"K_490\/27.3.0":["{{B}}",13255297,92049],"K_490\/27.3.1":["{{B}}",13347346,2975066],"K_490\/27.3.2":["{{B}}",16322412,2248317],"K_490\/27.3.3":["{{B}}",18570729,930704],"K_490\/27.3.4":["{{B}}",19501433,1961522],"K_490\/27.4.0":["{{B}}",21462955,10921],"K_490\/27.4.1":["{{B}}",21473876,1203637],"K_490\/27.4.2":["{{B}}",22677513,2268291],"K_490\/27.4.3":["{{B}}",24945804,402929],"K_490\/27.4.4":["{{B}}",25348733,1692457],"K_490\/28.0.0":["{{C}}",151229,1288814],"K_490\/28.0.1":["{{C}}",1440043,523271],"K_490\/28.0.2":["{{C}}",1963314,662142],"K_490\/28.0.3":["{{C}}",2625456,988041],"K_490\/28.0.4":["{{C}}",3613497,1064590],"K_490\/28.1.0":["{{C}}",4678087,2438215],"K_490\/28.1.1":["{{C}}",7116302,1697276],"K_490\/28.1.2":["{{C}}",8813578,1327384],"K_490\/28.1.3":["{{C}}",10140962,398126],"K_490\/28.1.4":["{{C}}",10539088,1742418],"K_490\/28.2.0":["{{C}}",12281506,2600376],"K_490\/28.2.1":["{{C}}",14881882,2601129],"K_490\/28.2.2":["{{C}}",17483011,131492],"K_490\/28.2.3":["{{C}}",17614503,649783],"K_490\/28.2.4":["{{C}}",18264286,2553571],"K_490\/28.3.0":["{{C}}",20817857,1151658],"K_490\/28.3.1":["{{C}}",21969515,1638934],"K_490\/28.3.2":["{{C}}",23608449,2998518],"K_490\/28.3.3":["{{C}}",26606967,1256434],"K_490\/28.3.4":["{{C}}",27863401,1918492],"K_490\/28.4.0":["{{C}}",29781893,250876],"K_490\/28.4.1":["{{C}}",30032769,96345],"K_490\/28.4.2":["{{C}}",30129114,2515270],"K_490\/28.4.3":["{{C}}",32644384,1275717],"K_490\/28.4.4":["{{C}}",33920101,280029],"K_490\/29.0.0":["{{D}}",151229,29350],"K_490\/29.0.1":["{{D}}",180579,378650],"K_490\/29.0.2":["{{D}}",559229,2308490],"K_490\/29.0.3":["{{D}}",2867719,476166],"K_490\/29.0.4":["{{D}}",3343885,13297],"K_490\/29.1.0":["{{D}}",3357182,41821],"K_490\/29.1.1":["{{D}}",3399003,1644938],"K_490\/29.1.2":["{{D}}",5043941,231187],"K_490\/29.1.3":["{{D}}",5275128,1688633],"K_490\/29.1.4":["{{D}}",6963761,1040570],"K_490\/29.2.0":["{{D}}",8004331,17477],"K_490\/29.2.1":["{{D}}",8021808,3684827],"K_490\/29.2.2":["{{D}}",11706635,49644],"K_490\/29.2.3":["{{D}}",11756279,1887629],"K_490\/29.2.4":["{{D}}",13643908,1662688],"K_490\/29.3.0":["{{D}}",15306596,22081],"K_490\/29.3.1":["{{D}}",15328677,878057],"K_490\/29.3.2":["{{D}}",16206734,1769443],"K_490\/29.3.3":["{{D}}",17976177,1143773],"K_490\/29.3.4":["{{D}}",19119950,1630079],"K_490\/29.4.0":["{{D}}",20750029,154980],"K_490\/29.4.1":["{{D}}",20905009,746976],"K_490\/29.4.2":["{{D}}",21651985,840418],"K_490\/29.4.3":["{{D}}",22492403,2064190],"K_490\/29.4.4":["{{D}}",24556593,737780],"K_490\/30.0.0":["{{E}}",151229,1539889],"K_490\/30.0.1":["{{E}}",1691118,182094],"K_490\/30.0.2":["{{E}}",1873212,776072],"K_490\/30.0.3":["{{E}}",2649284,415584],"K_490\/30.0.4":["{{E}}",3064868,681503],"K_490\/30.1.0":["{{E}}",3746371,484644],"K_490\/30.1.1":["{{E}}",4231015,1000440],"K_490\/30.1.2":["{{E}}",5231455,571123],"K_490\/30.1.3":["{{E}}",5802578,415875],"K_490\/30.1.4":["{{E}}",6218453,2660650],"K_490\/30.2.0":["{{E}}",8879103,1413502],"K_490\/30.2.1":["{{E}}",10292605,1104055],"K_490\/30.2.2":["{{E}}",11396660,131696],"K_490\/30.2.3":["{{E}}",11528356,587847],"K_490\/30.2.4":["{{E}}",12116203,1705675],"K_490\/30.3.0":["{{E}}",13821878,404951],"K_490\/30.3.1":["{{E}}",14226829,771972],"K_490\/30.3.2":["{{E}}",14998801,2165256],"K_490\/30.3.3":["{{E}}",17164057,2016520],"K_490\/30.3.4":["{{E}}",19180577,1521508],"K_490\/30.4.0":["{{E}}",20702085,131630],"K_490\/30.4.1":["{{E}}",20833715,465991],"K_490\/30.4.2":["{{E}}",21299706,947574],"K_490\/30.4.3":["{{E}}",22247280,1637599],"K_490\/30.4.4":["{{E}}",23884879,657451]}}