{"version":1,"templates":{"a":"s3:\/\/imos-data\/IMOS\/SRS\/OC\/gridded\/aqua\/P1D\/2011\/02\/A.P1D.20110201T053000Z.aust.K_490.nc","b":"s3:\/\/imos-data\/IMOS\/SRS\/OC\/gridded\/aqua\/P1D\/2011\/02\/A.P1D.20110202T053000Z.aust.K_490.nc","c":"s3:\/\/imos-data\/IMOS\/SRS\/OC\/gridded\/aqua\/P1D\/2011\/02\/A.P1D.20110203T053000Z.aust.K_490.nc","d":"s3:\/\/imos-data\/IMOS\/SRS\/OC\/gridded\/aqua\/P1D\/2011\/02\/A.P1D.20110204T053000Z.aust.K_490.nc","e":"s3:\/\/imos-data\/IMOS\/SRS\/OC\/gridded\/aqua\/P1D\/2011\/02\/A.P1D.20110205T053000Z.aust.K_490.nc","f":"s3:\/\/imos-data\/IMOS\/SRS\/OC\/gridded\/aqua\/P1D\/2011\/02\/A.P1D.20110206T053000Z.aust.K_490.nc","g":"s3:\/\/imos-data\/IMOS\/SRS\/OC\/gridded\/aqua\/P1D\/2011\/02\/A.P1D.20110207T053000Z.aust.K_490.nc","h":"s3:\/\/imos-data\/IMOS\/SRS\/OC\/gridded\/aqua\/P1D\/2011\/02\/A.P1D.20110208T053000Z.aust.K_490.nc","i":"s3:\/\/imos-data\/IMOS\/SRS\/OC\/gridded\/aqua\/P1D\/2011\/02\/A.P1D.20110209T053000Z.aust.K_490.nc","j":"s3:\/\/imos-data\/IMOS\/SRS\/OC\/gridded\/aqua\/P1D\/2011\/02\/A.P1D.20110210T053000Z.aust.K_490.nc","k":"s3:\/\/imos-data\/IMOS\/SRS\/OC\/gridded\/aqua\/P1D\/2011\/02\/A.P1D.20110211T053000Z.aust.K_490.nc","l":"s3:\/\/imos-data\/IMOS\/SRS\/OC\/gridded\/aqua\/P1D\/2011\/02\/A.P1D.20110212T053000Z.aust.K_490.nc","m":"s3:\/\/imos-data\/IMOS\/SRS\/OC\/gridded\/aqua\/P1D\/2011\/02\/A.P1D.20110213T053000Z.aust.K_490.nc","n":"s3:\/\/imos-data\/IMOS\/SRS\/OC\/gridded\/aqua\/P1D\/2011\/02\/A.P1D.20110214T053000Z.aust.K_490.nc","o":"s3:\/\/imos-data\/IMOS\/SRS\/OC\/gridded\/aqua\/P1D\/2011\/02\/A.P1D.20110215T053000Z.aust.K_490.nc","p":"s3:\/\/imos-data\/IMOS\/SRS\/OC\/gridded\/aqua\/P1D\/2011\/02\/A.P1D.20110216T053000Z.aust.K_490.nc","q":"s3:\/\/imos-data\/IMOS\/SRS\/OC\/gridded\/aqua\/P1D\/2011\/02\/A.P1D.20110217T053000Z.aust.K_490.nc","r":"s3:\/\/imos-data\/IMOS\/SRS\/OC\/gridded\/aqua\/P1D\/2011\/02\/A.P1D.20110218T053000Z.aust.K_490.nc","s":"s3:\/\/imos-data\/IMOS\/SRS\/OC\/gridded\/aqua\/P1D\/2011\/02\/A.P1D.20110219T053000Z.aust.K_490.nc","t":"s3:\/\/imos-data\/IMOS\/SRS\/OC\/gridded\/aqua\/P1D\/2011\/02\/A.P1D.20110220T053000Z.aust.K_490.nc","u":"s3:\/\/imos-data\/IMOS\/SRS\/OC\/gridded\/aqua\/P1D\/2011\/02\/A.P1D.20110221T053000Z.aust.K_490.nc","v":"s3:\/\/imos-data\/IMOS\/SRS\/OC\/gridded\/aqua\/P1D\/2011\/02\/A.P1D.20110222T053000Z.aust.K_490.nc","w":"s3:\/\/imos-data\/IMOS\/SRS\/OC\/gridded\/aqua\/P1D\/2011\/02\/A.P1D.20110223T053000Z.aust.K_490.nc","x":"s3:\/\/imos-data\/IMOS\/SRS\/OC\/gridded\/aqua\/P1D\/2011\/02\/A.P1D.20110224T053000Z.aust.K_490.nc","y":"s3:\/\/imos-data\/IMOS\/SRS\/OC\/gridded\/aqua\/P1D\/2011\/02\/A.P1D.20110225T053000Z.aust.K_490.nc","z":"s3:\/\/imos-data\/IMOS\/SRS\/OC\/gridded\/aqua\/P1D\/2011\/02\/A.P1D.20110226T053000Z.aust.K_490.nc","A":"s3:\/\/imos-data\/IMOS\/SRS\/OC\/gridded\/aqua\/P1D\/2011\/02\/A.P1D.20110227T053000Z.aust.K_490.nc","B":"s3:\/\/imos-data\/IMOS\/SRS\/OC\/gridded\/aqua\/P1D\/2011\/02\/A.P1D.20110228T053000Z.aust.K_490.nc"},"refs":{".zgroup":"{\"zarr_format\":2}",".zattrs":"{\"Conventions\":\"CF-1.6\",\"_NCProperties\":\"version=1|netcdflibversion=4.6.1|hdf5libversion=1.10.4\",\"_nc3_strict\":1,\"history\":\"File initialised at 2020-08-06T07:41:09.964248\\nInitialised var K_490 at 2020-08-06T07:43:04.350268\\nAdd Granule A20110201_0240.20190919000946.L2OC_BASE.K_490.nc at 2020-08-06T07:43:10.395719\\nAdd Granule A20110201_0245.20190919004740.L2OC_BASE.K_490.nc at 2020-08-06T07:43:10.997829\\nAdd Granule A20110201_0250.20190919013808.L2OC_BASE.K_490.nc at 2020-08-06T07:43:11.194850\\nAdd Granule A20110201_0255.20190919010119.L2OC_BASE.K_490.nc at 2020-08-06T07:43:11.366881\\nAdd Granule A20110201_0415.20190919014308.L2OC_BASE.K_490.nc at 2020-08-06T07:43:11.566671\\nAdd Granule A20110201_0420.20190919002807.L2OC_BASE.K_490.nc at 2020-08-06T07:43:11.804180\\nAdd Granule A20110201_0425.20190919003901.L2OC_BASE.K_490.nc at 2020-08-06T07:43:11.963614\\nAdd Granule A20110201_0430.20190919011444.L2OC_BASE.K_490.nc at 2020-08-06T07:43:12.143454\\nAdd Granule A20110201_0435.20190919011931.L2OC_BASE.K_490.nc at 2020-08-06T07:43:12.250664\\nAdd Granule A20110201_0555.20190919005630.L2OC_BASE.K_490.nc at 2020-08-06T07:43:12.501024\\nAdd Granule A20110201_0600.20190919014844.L2OC_BASE.K_490.nc at 2020-08-06T07:43:12.716124\\nAdd Granule A20110201_0605.20190919013140.L2OC_BASE.K_490.nc at 2020-08-06T07:43:12.902572\\nAdd Granule A20110201_0610.20190919003444.L2OC_BASE.K_490.nc at 2020-08-06T07:43:13.051532\\nAdd Granule A20110201_0730.20190919000551.L2OC_BASE.K_490.nc at 2020-08-06T07:43:13.143142\\nAdd Granule A20110201_0735.20190919010830.L2OC_BASE.K_490.nc at 2020-08-06T07:43:13.390763\\nAdd Granule A20110201_0740.20190919002216.L2OC_BASE.K_490.nc at 2020-08-06T07:43:13.592535\\nAdd Granule A20110201_0745.20190919012438.L2OC_BASE.K_490.nc at 2020-08-06T07:43:13.765690\\nAdd Granule A20110201_0750.20190919004248.L2OC_BASE.K_490.nc at 2020-08-06T07:43:13.910468\",\"source_path\":\"imos-srs\\\/archive\\\/oc\\\/aqua\\\/1d\\\/v201909\\\/2011\\\/02\\\/A20110201.L2OC_BASE.aust.K_490.nc\"}","K_490\/.zarray":"{\"chunks\":[1,1401,2001],\"compressor\":{\"id\":\"zlib\",\"level\":4},\"dtype\":\"<f4\",\"fill_value\":-999.0,\"filters\":[{\"elementsize\":4,\"id\":\"shuffle\"}],\"order\":\"C\",\"shape\":[28,7001,10001],\"zarr_format\":2}","K_490\/.zattrs":"{\"_ARRAY_DIMENSIONS\":[\"time\",\"latitude\",\"longitude\"],\"flag_applied\":\"HISATZEN LAND CLDICE NAVFAIL\",\"long_name\":\"Diffuse attenuation coefficient at 490 nm (OBPG)\",\"units\":\"m^-1\"}","longitude\/.zarray":"{\n    \"chunks\": [\n        10001\n    ],\n    \"compressor\": null,\n    \"dtype\": \"<f8\",\n    \"fill_value\": 9.969209968386869e+36,\n    \"filters\": null,\n    \"order\": \"C\",\n    \"shape\": [\n        10001\n    ],\n    \"zarr_format\": 2\n}","longitude\/.zattrs":"{\n    \"NAME\": \"longitude\",\n    \"_ARRAY_DIMENSIONS\": [\n        \"longitude\"\n    ],\n    \"_Netcdf4Dimid\": 2,\n    \"axis\": \"X\",\n    \"long_name\": \"longitude\",\n    \"standard_name\": \"longitude\",\n    \"units\": \"degrees_east\"\n}","longitude\/0":["{{a}}",58400,80008],"latitude\/.zarray":"{\n    \"chunks\": [\n        7001\n    ],\n    \"compressor\": null,\n    \"dtype\": \"<f8\",\n    \"fill_value\": 9.969209968386869e+36,\n    \"filters\": null,\n    \"order\": \"C\",\n    \"shape\": [\n        7001\n    ],\n    \"zarr_format\": 2\n}","latitude\/.zattrs":"{\n    \"NAME\": \"latitude\",\n    \"_ARRAY_DIMENSIONS\": [\n        \"latitude\"\n    ],\n    \"_Netcdf4Dimid\": 1,\n    \"axis\": \"Y\",\n    \"long_name\": \"latitude\",\n    \"standard_name\": \"latitude\",\n    \"units\": \"degrees_north\"\n}","latitude\/0":["{{a}}",2392,56008],"time\/.zarray":"{\"chunks\":[28],\"compressor\":{\"blocksize\":0,\"clevel\":5,\"cname\":\"lz4\",\"id\":\"blosc\",\"shuffle\":1},\"dtype\":\"<M8[us]\",\"fill_value\":0,\"filters\":null,\"order\":\"C\",\"shape\":[28],\"zarr_format\":2}","time\/0":"base64:AgExCOAAAADgAAAArAAAABQAAACUAAAAHwABAAj4AUamBmbGJobmRqYGZsYmhuYQAPNV2bCIXzYO5byUa0Ma8cmgd08m\/tWshFsyCuG5kNLwDixKaIWjwd\/9GzhWdJKwzusJJ0VjgZ+82vgxRVpugpaqvtLm+g8jN0tfc4ebsMTY7AAUKDxQm5ubm5ubm5ubm5ucnJycnAUAEJ0BAB8EAQAID8MABFAAAAAAAA==","time\/.zattrs":"{\"NAME\":\"time\",\"_ARRAY_DIMENSIONS\":[\"time\"],\"_Netcdf4Dimid\":0,\"axis\":\"T\",\"long_name\":\"time\",\"standard_name\":\"time\"}","K_490\/0.0.0":["{{a}}",151229,104218],"K_490\/0.0.1":["{{a}}",255447,285083],"K_490\/0.0.2":["{{a}}",540530,307986],"K_490\/0.0.3":["{{a}}",848516,869211],"K_490\/0.0.4":["{{a}}",1717727,992197],"K_490\/0.1.0":["{{a}}",2709924,1939424],"K_490\/0.1.1":["{{a}}",4649348,1046541],"K_490\/0.1.2":["{{a}}",5695889,585428],"K_490\/0.1.3":["{{a}}",6281317,521707],"K_490\/0.1.4":["{{a}}",6803024,518152],"K_490\/0.2.0":["{{a}}",7321176,1328097],"K_490\/0.2.1":["{{a}}",8649273,1400428],"K_490\/0.2.2":["{{a}}",10049701,69230],"K_490\/0.2.3":["{{a}}",10118931,408744],"K_490\/0.2.4":["{{a}}",10527675,1891042],"K_490\/0.3.0":["{{a}}",12418717,937432],"K_490\/0.3.1":["{{a}}",13356149,1053718],"K_490\/0.3.2":["{{a}}",14409867,2363537],"K_490\/0.3.3":["{{a}}",16773404,1956216],"K_490\/0.3.4":["{{a}}",18729620,3468040],"K_490\/0.4.0":["{{a}}",22197660,1294677],"K_490\/0.4.1":["{{a}}",23492337,1081782],"K_490\/0.4.2":["{{a}}",24574119,338152],"K_490\/0.4.3":["{{a}}",24912271,1471779],"K_490\/0.4.4":["{{a}}",26384050,820611],"K_490\/1.0.0":["{{b}}",151229,435568],"K_490\/1.0.1":["{{b}}",586797,197198],"K_490\/1.0.2":["{{b}}",783995,474292],"K_490\/1.0.3":["{{b}}",1258287,2035894],"K_490\/1.0.4":["{{b}}",3294181,10921],"K_490\/1.1.0":["{{b}}",3305102,587306],"K_490\/1.1.1":["{{b}}",3892408,894445],"K_490\/1.1.2":["{{b}}",4786853,582437],"K_490\/1.1.3":["{{b}}",5369290,61430],"K_490\/1.1.4":["{{b}}",5430720,10921],"K_490\/1.2.0":["{{b}}",5441641,704367],"K_490\/1.2.1":["{{b}}",6146008,1825104],"K_490\/1.2.2":["{{b}}",7971112,63684],"K_490\/1.2.3":["{{b}}",8034796,121863],"K_490\/1.2.4":["{{b}}",8156659,274673],"K_490\/1.3.0":["{{b}}",8431332,96545],"K_490\/1.3.1":["{{b}}",8527877,1080805],"K_490\/1.3.2":["{{b}}",9608682,2319385],"K_490\/1.3.3":["{{b}}",11928067,1945889],"K_490\/1.3.4":["{{b}}",13873956,1901026],"K_490\/1.4.0":["{{b}}",15774982,11681],"K_490\/1.4.1":["{{b}}",15786663,85176],"K_490\/1.4.2":["{{b}}",15871839,1996412],"K_490\/1.4.3":["{{b}}",17868251,769489],"K_490\/1.4.4":["{{b}}",18637740,1393184],"K_490\/2.0.0":["{{c}}",151229,697939],"K_490\/2.0.1":["{{c}}",849168,509437],"K_490\/2.0.2":["{{c}}",1358605,134346],"K_490\/2.0.3":["{{c}}",1492951,682293],"K_490\/2.0.4":["{{c}}",2175244,1114023],"K_490\/2.1.0":["{{c}}",3289267,1159112],"K_490\/2.1.1":["{{c}}",4448379,1183358],"K_490\/2.1.2":["{{c}}",5631737,748230],"K_490\/2.1.3":["{{c}}",6379967,159692],"K_490\/2.1.4":["{{c}}",6539659,359966],"K_490\/2.2.0":["{{c}}",6899625,10921],"K_490\/2.2.1":["{{c}}",6910546,984560],"K_490\/2.2.2":["{{c}}",7895106,74816],"K_490\/2.2.3":["{{c}}",7969922,241623],"K_490\/2.2.4":["{{c}}",8211545,2870601],"K_490\/2.3.0":["{{c}}",11082146,403678],"K_490\/2.3.1":["{{c}}",11485824,951206],"K_490\/2.3.2":["{{c}}",12437030,1272430],"K_490\/2.3.3":["{{c}}",13709460,2001743],"K_490\/2.3.4":["{{c}}",15711203,2331834],"K_490\/2.4.0":["{{c}}",18043037,478201],"K_490\/2.4.1":["{{c}}",18521238,1122114],"K_490\/2.4.2":["{{c}}",19643352,1711728],"K_490\/2.4.3":["{{c}}",21355080,2531863],"K_490\/2.4.4":["{{c}}",23886943,746695],"K_490\/3.0.0":["{{d}}",151229,145591],"K_490\/3.0.1":["{{d}}",296820,173488],"K_490\/3.0.2":["{{d}}",470308,1311378],"K_490\/3.0.3":["{{d}}",1781686,1090223],"K_490\/3.0.4":["{{d}}",2871909,12782],"K_490\/3.1.0":["{{d}}",2884691,58790],"K_490\/3.1.1":["{{d}}",2943481,399594],"K_490\/3.1.2":["{{d}}",3343075,86232],"K_490\/3.1.3":["{{d}}",3429307,506814],"K_490\/3.1.4":["{{d}}",3936121,62479],"K_490\/3.2.0":["{{d}}",3998600,220818],"K_490\/3.2.1":["{{d}}",4219418,2099296],"K_490\/3.2.2":["{{d}}",6318714,27641],"K_490\/3.2.3":["{{d}}",6346355,867431],"K_490\/3.2.4":["{{d}}",7213786,1686939],"K_490\/3.3.0":["{{d}}",8900725,11381],"K_490\/3.3.1":["{{d}}",8912106,1788918],"K_490\/3.3.2":["{{d}}",10701024,1662841],"K_490\/3.3.3":["{{d}}",12363865,1048219],"K_490\/3.3.4":["{{d}}",13412084,1429458],"K_490\/3.4.0":["{{d}}",14841542,10921],"K_490\/3.4.1":["{{d}}",14852463,920830],"K_490\/3.4.2":["{{d}}",15773293,2828804],"K_490\/3.4.3":["{{d}}",18602097,1493503],"K_490\/3.4.4":["{{d}}",20095600,2317971],"K_490\/4.0.0":["{{e}}",151229,1159338],"K_490\/4.0.1":["{{e}}",1310567,76987],"K_490\/4.0.2":["{{e}}",1387554,1470309],"K_490\/4.0.3":["{{e}}",2857863,1366739],"K_490\/4.0.4":["{{e}}",4224602,2714884],"K_490\/4.1.0":["{{e}}",6939486,506771],"K_490\/4.1.1":["{{e}}",7446257,206888],"K_490\/4.1.2":["{{e}}",7653145,679902],"K_490\/4.1.3":["{{e}}",8333047,492162],"K_490\/4.1.4":["{{e}}",8825209,2518623],"K_490\/4.2.0":["{{e}}",11343832,1559895],"K_490\/4.2.1":["{{e}}",12903727,1104090],"K_490\/4.2.2":["{{e}}",14007817,13924],"K_490\/4.2.3":["{{e}}",14021741,891689],"K_490\/4.2.4":["{{e}}",14913430,3224262],"K_490\/4.3.0":["{{e}}",18137692,906396],"K_490\/4.3.1":["{{e}}",19044088,929077],"K_490\/4.3.2":["{{e}}",19973165,2885230],"K_490\/4.3.3":["{{e}}",22858395,1305546],"K_490\/4.3.4":["{{e}}",24163941,1820042],"K_490\/4.4.0":["{{e}}",25983983,535131],"K_490\/4.4.1":["{{e}}",26519114,784725],"K_490\/4.4.2":["{{e}}",27303839,2683831],"K_490\/4.4.3":["{{e}}",29987670,2689781],"K_490\/4.4.4":["{{e}}",32677451,227043],"K_490\/5.0.0":["{{f}}",151229,107183],"K_490\/5.0.1":["{{f}}",258412,666538],"K_490\/5.0.2":["{{f}}",924950,2076487],"K_490\/5.0.3":["{{f}}",3001437,1874708],"K_490\/5.0.4":["{{f}}",4876145,736367],"K_490\/5.1.0":["{{f}}",5612512,17709],"K_490\/5.1.1":["{{f}}",5630221,210870],"K_490\/5.1.2":["{{f}}",5841091,82952],"K_490\/5.1.3":["{{f}}",5924043,1093002],"K_490\/5.1.4":["{{f}}",7017045,843314],"K_490\/5.2.0":["{{f}}",7860359,10921],"K_490\/5.2.1":["{{f}}",7871280,1435398],"K_490\/5.2.2":["{{f}}",9306678,22912],"K_490\/5.2.3":["{{f}}",9329590,1158736],"K_490\/5.2.4":["{{f}}",10488326,2279436],"K_490\/5.3.0":["{{f}}",12767762,787489],"K_490\/5.3.1":["{{f}}",13555251,1131559],"K_490\/5.3.2":["{{f}}",14686810,2307892],"K_490\/5.3.3":["{{f}}",16994702,2145492],"K_490\/5.3.4":["{{f}}",19140194,2333244],"K_490\/5.4.0":["{{f}}",21473438,552582],"K_490\/5.4.1":["{{f}}",22026020,924670],"K_490\/5.4.2":["{{f}}",22950690,736174],"K_490\/5.4.3":["{{f}}",23686864,1650423],"K_490\/5.4.4":["{{f}}",25337287,1997823],"K_490\/6.0.0":["{{g}}",151229,1588873],"K_490\/6.0.1":["{{g}}",1740102,196491],"K_490\/6.0.2":["{{g}}",1936593,567654],"K_490\/6.0.3":["{{g}}",2504247,2602721],"K_490\/6.0.4":["{{g}}",5106968,2869517],"K_490\/6.1.0":["{{g}}",7976485,958286],"K_490\/6.1.1":["{{g}}",8934771,621502],"K_490\/6.1.2":["{{g}}",9556273,14027],"K_490\/6.1.3":["{{g}}",9570300,977891],"K_490\/6.1.4":["{{g}}",10548191,2254044],"K_490\/6.2.0":["{{g}}",12802235,1101050],"K_490\/6.2.1":["{{g}}",13903285,1506790],"K_490\/6.2.2":["{{g}}",15410075,14657],"K_490\/6.2.3":["{{g}}",15424732,1615804],"K_490\/6.2.4":["{{g}}",17040536,1958720],"K_490\/6.3.0":["{{g}}",18999256,814484],"K_490\/6.3.1":["{{g}}",19813740,1522116],"K_490\/6.3.2":["{{g}}",21335856,1743842],"K_490\/6.3.3":["{{g}}",23079698,1748846],"K_490\/6.3.4":["{{g}}",24828544,868509],"K_490\/6.4.0":["{{g}}",25697053,423637],"K_490\/6.4.1":["{{g}}",26120690,379398],"K_490\/6.4.2":["{{g}}",26500088,1136460],"K_490\/6.4.3":["{{g}}",27636548,1893665],"K_490\/6.4.4":["{{g}}",29530213,1220463],"K_490\/7.0.0":["{{h}}",151229,834711],"K_490\/7.0.1":["{{h}}",985940,835689],"K_490\/7.0.2":["{{h}}",1821629,1108643],"K_490\/7.0.3":["{{h}}",2930272,2694467],"K_490\/7.0.4":["{{h}}",5624739,1614920],"K_490\/7.1.0":["{{h}}",7239659,1123381],"K_490\/7.1.1":["{{h}}",8363040,172410],"K_490\/7.1.2":["{{h}}",8535450,317104],"K_490\/7.1.3":["{{h}}",8852554,581575],"K_490\/7.1.4":["{{h}}",9434129,973123],"K_490\/7.2.0":["{{h}}",10407252,2785954],"K_490\/7.2.1":["{{h}}",13193206,1774846],"K_490\/7.2.2":["{{h}}",14968052,79865],"K_490\/7.2.3":["{{h}}",15047917,436096],"K_490\/7.2.4":["{{h}}",15484013,1972713],"K_490\/7.3.0":["{{h}}",17456726,3104560],"K_490\/7.3.1":["{{h}}",20561286,1625528],"K_490\/7.3.2":["{{h}}",22186814,902635],"K_490\/7.3.3":["{{h}}",23089449,1062664],"K_490\/7.3.4":["{{h}}",24152113,1136211],"K_490\/7.4.0":["{{h}}",25288324,650972],"K_490\/7.4.1":["{{h}}",25939296,827030],"K_490\/7.4.2":["{{h}}",26766326,323766],"K_490\/7.4.3":["{{h}}",27090092,1261932],"K_490\/7.4.4":["{{h}}",28352024,301151],"K_490\/8.0.0":["{{i}}",151229,1118591],"K_490\/8.0.1":["{{i}}",1269820,282564],"K_490\/8.0.2":["{{i}}",1552384,661813],"K_490\/8.0.3":["{{i}}",2214197,2394565],"K_490\/8.0.4":["{{i}}",4608762,3426620],"K_490\/8.1.0":["{{i}}",8035382,495576],"K_490\/8.1.1":["{{i}}",8530958,687274],"K_490\/8.1.2":["{{i}}",9218232,343892],"K_490\/8.1.3":["{{i}}",9562124,1323441],"K_490\/8.1.4":["{{i}}",10885565,20542],"K_490\/8.2.0":["{{i}}",10906107,628564],"K_490\/8.2.1":["{{i}}",11534671,2498745],"K_490\/8.2.2":["{{i}}",14033416,33894],"K_490\/8.2.3":["{{i}}",14067310,1009646],"K_490\/8.2.4":["{{i}}",15076956,445450],"K_490\/8.3.0":["{{i}}",15522406,394810],"K_490\/8.3.1":["{{i}}",15917216,2880218],"K_490\/8.3.2":["{{i}}",18797434,443114],"K_490\/8.3.3":["{{i}}",19240548,1672183],"K_490\/8.3.4":["{{i}}",20912731,1400902],"K_490\/8.4.0":["{{i}}",22313633,194407],"K_490\/8.4.1":["{{i}}",22508040,2554204],"K_490\/8.4.2":["{{i}}",25062244,866002],"K_490\/8.4.3":["{{i}}",25928246,1115109],"K_490\/8.4.4":["{{i}}",27043355,1399437],"K_490\/9.0.0":["{{j}}",151229,808231],"K_490\/9.0.1":["{{j}}",959460,1341755],"K_490\/9.0.2":["{{j}}",2301215,1031392],"K_490\/9.0.3":["{{j}}",3332607,1713582],"K_490\/9.0.4":["{{j}}",5046189,2494922],"K_490\/9.1.0":["{{j}}",7541111,1020386],"K_490\/9.1.1":["{{j}}",8561497,1274721],"K_490\/9.1.2":["{{j}}",9836218,1368188],"K_490\/9.1.3":["{{j}}",11204406,824016],"K_490\/9.1.4":["{{j}}",12028422,1657919],"K_490\/9.2.0":["{{j}}",13686341,1966855],"K_490\/9.2.1":["{{j}}",15653196,1110820],"K_490\/9.2.2":["{{j}}",16764016,43189],"K_490\/9.2.3":["{{j}}",16807205,350450],"K_490\/9.2.4":["{{j}}",17157655,2317388],"K_490\/9.3.0":["{{j}}",19475043,2315949],"K_490\/9.3.1":["{{j}}",21790992,1949450],"K_490\/9.3.2":["{{j}}",23740442,1526119],"K_490\/9.3.3":["{{j}}",25266561,520874],"K_490\/9.3.4":["{{j}}",25787435,3211380],"K_490\/9.4.0":["{{j}}",28998815,421794],"K_490\/9.4.1":["{{j}}",29420609,2001731],"K_490\/9.4.2":["{{j}}",31422340,3050764],"K_490\/9.4.3":["{{j}}",34473104,408279],"K_490\/9.4.4":["{{j}}",34881383,2007532],"K_490\/10.0.0":["{{k}}",151229,718869],"K_490\/10.0.1":["{{k}}",870098,853207],"K_490\/10.0.2":["{{k}}",1723305,1577939],"K_490\/10.0.3":["{{k}}",3301244,3047078],"K_490\/10.0.4":["{{k}}",6348322,17963],"K_490\/10.1.0":["{{k}}",6366285,32189],"K_490\/10.1.1":["{{k}}",6398474,1819608],"K_490\/10.1.2":["{{k}}",8218082,962171],"K_490\/10.1.3":["{{k}}",9180253,570672],"K_490\/10.1.4":["{{k}}",9750925,73090],"K_490\/10.2.0":["{{k}}",9824015,123883],"K_490\/10.2.1":["{{k}}",9947898,1370386],"K_490\/10.2.2":["{{k}}",11318284,10921],"K_490\/10.2.3":["{{k}}",11329205,1176744],"K_490\/10.2.4":["{{k}}",12505949,697545],"K_490\/10.3.0":["{{k}}",13203494,70820],"K_490\/10.3.1":["{{k}}",13274314,2420517],"K_490\/10.3.2":["{{k}}",15694831,1809566],"K_490\/10.3.3":["{{k}}",17504397,505548],"K_490\/10.3.4":["{{k}}",18009945,639767],"K_490\/10.4.0":["{{k}}",18649712,10921],"K_490\/10.4.1":["{{k}}",18660633,196412],"K_490\/10.4.2":["{{k}}",18857045,1750367],"K_490\/10.4.3":["{{k}}",20607412,1670952],"K_490\/10.4.4":["{{k}}",22278364,1181623],"K_490\/11.0.0":["{{l}}",151229,1013473],"K_490\/11.0.1":["{{l}}",1164702,623987],"K_490\/11.0.2":["{{l}}",1788689,1753733],"K_490\/11.0.3":["{{l}}",3542422,2596415],"K_490\/11.0.4":["{{l}}",6138837,2194088],"K_490\/11.1.0":["{{l}}",8332925,782490],"K_490\/11.1.1":["{{l}}",9115415,157228],"K_490\/11.1.2":["{{l}}",9272643,76229],"K_490\/11.1.3":["{{l}}",9348872,482028],"K_490\/11.1.4":["{{l}}",9830900,1394422],"K_490\/11.2.0":["{{l}}",11225322,216352],"K_490\/11.2.1":["{{l}}",11441674,570801],"K_490\/11.2.2":["{{l}}",12012475,64654],"K_490\/11.2.3":["{{l}}",12077129,1013120],"K_490\/11.2.4":["{{l}}",13090249,2160631],"K_490\/11.3.0":["{{l}}",15250880,891106],"K_490\/11.3.1":["{{l}}",16141986,1585956],"K_490\/11.3.2":["{{l}}",17727942,1426466],"K_490\/11.3.3":["{{l}}",19154408,1837755],"K_490\/11.3.4":["{{l}}",20992163,2121651],"K_490\/11.4.0":["{{l}}",23113814,209433],"K_490\/11.4.1":["{{l}}",23323247,435685],"K_490\/11.4.2":["{{l}}",23758932,137703],"K_490\/11.4.3":["{{l}}",23896635,2443987],"K_490\/11.4.4":["{{l}}",26340622,445725],"K_490\/12.0.0":["{{m}}",151229,419683],"K_490\/12.0.1":["{{m}}",570912,1114386],"K_490\/12.0.2":["{{m}}",1685298,1527545],"K_490\/12.0.3":["{{m}}",3212843,2606834],"K_490\/12.0.4":["{{m}}",5819677,441287],"K_490\/12.1.0":["{{m}}",6260964,197553],"K_490\/12.1.1":["{{m}}",6458517,657877],"K_490\/12.1.2":["{{m}}",7116394,227504],"K_490\/12.1.3":["{{m}}",7343898,1098818],"K_490\/12.1.4":["{{m}}",8442716,879486],"K_490\/12.2.0":["{{m}}",9322202,62517],"K_490\/12.2.1":["{{m}}",9384719,2134158],"K_490\/12.2.2":["{{m}}",11518877,12758],"K_490\/12.2.3":["{{m}}",11531635,1185001],"K_490\/12.2.4":["{{m}}",12716636,1095814],"K_490\/12.3.0":["{{m}}",13812450,312198],"K_490\/12.3.1":["{{m}}",14124648,1139717],"K_490\/12.3.2":["{{m}}",15264365,664720],"K_490\/12.3.3":["{{m}}",15929085,1383325],"K_490\/12.3.4":["{{m}}",17312410,1624117],"K_490\/12.4.0":["{{m}}",18936527,899422],"K_490\/12.4.1":["{{m}}",19835949,871785],"K_490\/12.4.2":["{{m}}",20707734,95557],"K_490\/12.4.3":["{{m}}",20803291,1156697],"K_490\/12.4.4":["{{m}}",21959988,1476170],"K_490\/13.0.0":["{{n}}",151229,923853],"K_490\/13.0.1":["{{n}}",1075082,1133807],"K_490\/13.0.2":["{{n}}",2208889,551288],"K_490\/13.0.3":["{{n}}",2760177,1419596],"K_490\/13.0.4":["{{n}}",4179773,3421448],"K_490\/13.1.0":["{{n}}",7601221,1725916],"K_490\/13.1.1":["{{n}}",9327137,111003],"K_490\/13.1.2":["{{n}}",9438140,468831],"K_490\/13.1.3":["{{n}}",9906971,1667596],"K_490\/13.1.4":["{{n}}",11574567,1813637],"K_490\/13.2.0":["{{n}}",13388204,437780],"K_490\/13.2.1":["{{n}}",13825984,1554359],"K_490\/13.2.2":["{{n}}",15380343,55477],"K_490\/13.2.3":["{{n}}",15435820,887925],"K_490\/13.2.4":["{{n}}",16323745,2112512],"K_490\/13.3.0":["{{n}}",18436257,510525],"K_490\/13.3.1":["{{n}}",18946782,1419248],"K_490\/13.3.2":["{{n}}",20366030,655730],"K_490\/13.3.3":["{{n}}",21021760,1650416],"K_490\/13.3.4":["{{n}}",22672176,1106178],"K_490\/13.4.0":["{{n}}",23778354,484327],"K_490\/13.4.1":["{{n}}",24262681,2006938],"K_490\/13.4.2":["{{n}}",26269619,351780],"K_490\/13.4.3":["{{n}}",26621399,333440],"K_490\/13.4.4":["{{n}}",26954839,949344],"K_490\/14.0.0":["{{o}}",151229,26158],"K_490\/14.0.1":["{{o}}",177387,905530],"K_490\/14.0.2":["{{o}}",1082917,1218286],"K_490\/14.0.3":["{{o}}",2301203,2035018],"K_490\/14.0.4":["{{o}}",4336221,1354430],"K_490\/14.1.0":["{{o}}",5690651,561949],"K_490\/14.1.1":["{{o}}",6252600,314308],"K_490\/14.1.2":["{{o}}",6566908,240935],"K_490\/14.1.3":["{{o}}",6807843,1152199],"K_490\/14.1.4":["{{o}}",7960042,1782996],"K_490\/14.2.0":["{{o}}",9743038,1503489],"K_490\/14.2.1":["{{o}}",11246527,1512388],"K_490\/14.2.2":["{{o}}",12758915,31364],"K_490\/14.2.3":["{{o}}",12790279,472538],"K_490\/14.2.4":["{{o}}",13262817,1213819],"K_490\/14.3.0":["{{o}}",14476636,1673789],"K_490\/14.3.1":["{{o}}",16150425,2264529],"K_490\/14.3.2":["{{o}}",18414954,1138610],"K_490\/14.3.3":["{{o}}",19553564,1380500],"K_490\/14.3.4":["{{o}}",20934064,2672762],"K_490\/14.4.0":["{{o}}",23606826,469101],"K_490\/14.4.1":["{{o}}",24075927,2781357],"K_490\/14.4.2":["{{o}}",26857284,1754167],"K_490\/14.4.3":["{{o}}",28611451,441041],"K_490\/14.4.4":["{{o}}",29052492,1638444],"K_490\/15.0.0":["{{p}}",151229,1978737],"K_490\/15.0.1":["{{p}}",2129966,510347],"K_490\/15.0.2":["{{p}}",2640313,906804],"K_490\/15.0.3":["{{p}}",3547117,2683720],"K_490\/15.0.4":["{{p}}",6230837,3765359],"K_490\/15.1.0":["{{p}}",9996196,1192259],"K_490\/15.1.1":["{{p}}",11188455,677980],"K_490\/15.1.2":["{{p}}",11866435,256078],"K_490\/15.1.3":["{{p}}",12122513,1767372],"K_490\/15.1.4":["{{p}}",13889885,515842],"K_490\/15.2.0":["{{p}}",14405727,775623],"K_490\/15.2.1":["{{p}}",15181350,1125885],"K_490\/15.2.2":["{{p}}",16307235,51734],"K_490\/15.2.3":["{{p}}",16358969,847024],"K_490\/15.2.4":["{{p}}",17205993,903873],"K_490\/15.3.0":["{{p}}",18109866,278932],"K_490\/15.3.1":["{{p}}",18388798,1725737],"K_490\/15.3.2":["{{p}}",20114535,2144306],"K_490\/15.3.3":["{{p}}",22258841,1023777],"K_490\/15.3.4":["{{p}}",23282618,513810],"K_490\/15.4.0":["{{p}}",23796428,46217],"K_490\/15.4.1":["{{p}}",23842645,510056],"K_490\/15.4.2":["{{p}}",24352701,2624056],"K_490\/15.4.3":["{{p}}",26976757,383058],"K_490\/15.4.4":["{{p}}",27359815,825761],"K_490\/16.0.0":["{{q}}",151229,2789480],"K_490\/16.0.1":["{{q}}",2940709,717774],"K_490\/16.0.2":["{{q}}",3658483,1026440],"K_490\/16.0.3":["{{q}}",4684923,2264200],"K_490\/16.0.4":["{{q}}",6949123,1745863],"K_490\/16.1.0":["{{q}}",8694986,2318436],"K_490\/16.1.1":["{{q}}",11013422,729177],"K_490\/16.1.2":["{{q}}",11742599,454897],"K_490\/16.1.3":["{{q}}",12197496,1796143],"K_490\/16.1.4":["{{q}}",13993639,615610],"K_490\/16.2.0":["{{q}}",14609249,2103436],"K_490\/16.2.1":["{{q}}",16712685,925535],"K_490\/16.2.2":["{{q}}",17638220,64535],"K_490\/16.2.3":["{{q}}",17702755,445377],"K_490\/16.2.4":["{{q}}",18148132,1426092],"K_490\/16.3.0":["{{q}}",19574224,1056817],"K_490\/16.3.1":["{{q}}",20631041,1085741],"K_490\/16.3.2":["{{q}}",21716782,1078457],"K_490\/16.3.3":["{{q}}",22795239,1343641],"K_490\/16.3.4":["{{q}}",24138880,2902041],"K_490\/16.4.0":["{{q}}",27040921,657801],"K_490\/16.4.1":["{{q}}",27698722,783847],"K_490\/16.4.2":["{{q}}",28482569,855796],"K_490\/16.4.3":["{{q}}",29338365,1615619],"K_490\/16.4.4":["{{q}}",30953984,559735],"K_490\/17.0.0":["{{r}}",151229,1024085],"K_490\/17.0.1":["{{r}}",1175314,511907],"K_490\/17.0.2":["{{r}}",1687221,335802],"K_490\/17.0.3":["{{r}}",2023023,2256122],"K_490\/17.0.4":["{{r}}",4279145,10921],"K_490\/17.1.0":["{{r}}",4290066,79578],"K_490\/17.1.1":["{{r}}",4369644,146664],"K_490\/17.1.2":["{{r}}",4516308,569225],"K_490\/17.1.3":["{{r}}",5085533,2392987],"K_490\/17.1.4":["{{r}}",7478520,141695],"K_490\/17.2.0":["{{r}}",7620215,167063],"K_490\/17.2.1":["{{r}}",7787278,1227773],"K_490\/17.2.2":["{{r}}",9015051,50768],"K_490\/17.2.3":["{{r}}",9065819,1655459],"K_490\/17.2.4":["{{r}}",10721278,592517],"K_490\/17.3.0":["{{r}}",11313795,156733],"K_490\/17.3.1":["{{r}}",11470528,1318076],"K_490\/17.3.2":["{{r}}",12788604,993099],"K_490\/17.3.3":["{{r}}",13781703,810994],"K_490\/17.3.4":["{{r}}",14592697,404533],"K_490\/17.4.0":["{{r}}",14997230,10921],"K_490\/17.4.1":["{{r}}",15008151,2259810],"K_490\/17.4.2":["{{r}}",17267961,244420],"K_490\/17.4.3":["{{r}}",17512381,1284650],"K_490\/17.4.4":["{{r}}",18797031,1083238],"K_490\/18.0.0":["{{s}}",151229,1716343],"K_490\/18.0.1":["{{s}}",1867572,937199],"K_490\/18.0.2":["{{s}}",2804771,811968],"K_490\/18.0.3":["{{s}}",3616739,775734],"K_490\/18.0.4":["{{s}}",4392473,2158509],"K_490\/18.1.0":["{{s}}",6550982,1333004],"K_490\/18.1.1":["{{s}}",7883986,870596],"K_490\/18.1.2":["{{s}}",8754582,450348],"K_490\/18.1.3":["{{s}}",9204930,1408453],"K_490\/18.1.4":["{{s}}",10613383,482105],"K_490\/18.2.0":["{{s}}",11095488,10921],"K_490\/18.2.1":["{{s}}",11106409,208564],"K_490\/18.2.2":["{{s}}",11314973,60015],"K_490\/18.2.3":["{{s}}",11374988,909654],"K_490\/18.2.4":["{{s}}",12284642,2750881],"K_490\/18.3.0":["{{s}}",15035523,264845],"K_490\/18.3.1":["{{s}}",15300368,1340369],"K_490\/18.3.2":["{{s}}",16640737,2338790],"K_490\/18.3.3":["{{s}}",18979527,698883],"K_490\/18.3.4":["{{s}}",19678410,1715599],"K_490\/18.4.0":["{{s}}",21394009,43423],"K_490\/18.4.1":["{{s}}",21437432,639934],"K_490\/18.4.2":["{{s}}",22077366,1791860],"K_490\/18.4.3":["{{s}}",23869226,36066],"K_490\/18.4.4":["{{s}}",23905292,254018],"K_490\/19.0.0":["{{t}}",151229,527235],"K_490\/19.0.1":["{{t}}",678464,409266],"K_490\/19.0.2":["{{t}}",1087730,1879080],"K_490\/19.0.3":["{{t}}",2966810,2294255],"K_490\/19.0.4":["{{t}}",5261065,160653],"K_490\/19.1.0":["{{t}}",5421718,460408],"K_490\/19.1.1":["{{t}}",5882126,1000081],"K_490\/19.1.2":["{{t}}",6882207,360345],"K_490\/19.1.3":["{{t}}",7242552,1063537],"K_490\/19.1.4":["{{t}}",8306089,169787],"K_490\/19.2.0":["{{t}}",8475876,216041],"K_490\/19.2.1":["{{t}}",8691917,762718],"K_490\/19.2.2":["{{t}}",9454635,23908],"K_490\/19.2.3":["{{t}}",9478543,1896371],"K_490\/19.2.4":["{{t}}",11374914,1644400],"K_490\/19.3.0":["{{t}}",13019314,15457],"K_490\/19.3.1":["{{t}}",13034771,1111036],"K_490\/19.3.2":["{{t}}",14145807,1316107],"K_490\/19.3.3":["{{t}}",15461914,1889220],"K_490\/19.3.4":["{{t}}",17351134,980651],"K_490\/19.4.0":["{{t}}",18331785,10921],"K_490\/19.4.1":["{{t}}",18342706,176767],"K_490\/19.4.2":["{{t}}",18519473,1158260],"K_490\/19.4.3":["{{t}}",19677733,240882],"K_490\/19.4.4":["{{t}}",19918615,302462],"K_490\/20.0.0":["{{u}}",151229,2019953],"K_490\/20.0.1":["{{u}}",2171182,68814],"K_490\/20.0.2":["{{u}}",2239996,489541],"K_490\/20.0.3":["{{u}}",2729537,1826802],"K_490\/20.0.4":["{{u}}",4556339,2026492],"K_490\/20.1.0":["{{u}}",6582831,1639717],"K_490\/20.1.1":["{{u}}",8222548,504499],"K_490\/20.1.2":["{{u}}",8727047,507057],"K_490\/20.1.3":["{{u}}",9234104,1455299],"K_490\/20.1.4":["{{u}}",10689403,627704],"K_490\/20.2.0":["{{u}}",11317107,1738315],"K_490\/20.2.1":["{{u}}",13055422,599936],"K_490\/20.2.2":["{{u}}",13655358,10921],"K_490\/20.2.3":["{{u}}",13666279,1336332],"K_490\/20.2.4":["{{u}}",15002611,2673559],"K_490\/20.3.0":["{{u}}",17676170,940217],"K_490\/20.3.1":["{{u}}",18616387,1503102],"K_490\/20.3.2":["{{u}}",20119489,268245],"K_490\/20.3.3":["{{u}}",20387734,1594920],"K_490\/20.3.4":["{{u}}",21982654,1581564],"K_490\/20.4.0":["{{u}}",23564218,87689],"K_490\/20.4.1":["{{u}}",23651907,272117],"K_490\/20.4.2":["{{u}}",23924024,231394],"K_490\/20.4.3":["{{u}}",24155418,429155],"K_490\/20.4.4":["{{u}}",24584573,1136757],"K_490\/21.0.0":["{{v}}",151229,140390],"K_490\/21.0.1":["{{v}}",291619,891214],"K_490\/21.0.2":["{{v}}",1182833,404191],"K_490\/21.0.3":["{{v}}",1587024,1882739],"K_490\/21.0.4":["{{v}}",3469763,600246],"K_490\/21.1.0":["{{v}}",4070009,28790],"K_490\/21.1.1":["{{v}}",4098799,670835],"K_490\/21.1.2":["{{v}}",4769634,458177],"K_490\/21.1.3":["{{v}}",5227811,605118],"K_490\/21.1.4":["{{v}}",5832929,444064],"K_490\/21.2.0":["{{v}}",6276993,10921],"K_490\/21.2.1":["{{v}}",6287914,1752369],"K_490\/21.2.2":["{{v}}",8040283,10921],"K_490\/21.2.3":["{{v}}",8051204,666211],"K_490\/21.2.4":["{{v}}",8717415,1882558],"K_490\/21.3.0":["{{v}}",10599973,853267],"K_490\/21.3.1":["{{v}}",11453240,2528927],"K_490\/21.3.2":["{{v}}",13982167,1104274],"K_490\/21.3.3":["{{v}}",15086441,747508],"K_490\/21.3.4":["{{v}}",15833949,1821153],"K_490\/21.4.0":["{{v}}",17655102,727951],"K_490\/21.4.1":["{{v}}",18383053,1977776],"K_490\/21.4.2":["{{v}}",20360829,270677],"K_490\/21.4.3":["{{v}}",20631506,274029],"K_490\/21.4.4":["{{v}}",20905535,1362886],"K_490\/22.0.0":["{{w}}",151229,1096067],"K_490\/22.0.1":["{{w}}",1247296,455469],"K_490\/22.0.2":["{{w}}",1702765,137638],"K_490\/22.0.3":["{{w}}",1840403,1652098],"K_490\/22.0.4":["{{w}}",3492501,2107311],"K_490\/22.1.0":["{{w}}",5599812,1187527],"K_490\/22.1.1":["{{w}}",6787339,443310],"K_490\/22.1.2":["{{w}}",7230649,158836],"K_490\/22.1.3":["{{w}}",7389485,1182153],"K_490\/22.1.4":["{{w}}",8571638,777022],"K_490\/22.2.0":["{{w}}",9348660,1474110],"K_490\/22.2.1":["{{w}}",10822770,906843],"K_490\/22.2.2":["{{w}}",11729613,27567],"K_490\/22.2.3":["{{w}}",11757180,992148],"K_490\/22.2.4":["{{w}}",12749328,829992],"K_490\/22.3.0":["{{w}}",13579320,470848],"K_490\/22.3.1":["{{w}}",14050168,1530616],"K_490\/22.3.2":["{{w}}",15580784,1441194],"K_490\/22.3.3":["{{w}}",17021978,1330287],"K_490\/22.3.4":["{{w}}",18352265,651669],"K_490\/22.4.0":["{{w}}",19003934,46883],"K_490\/22.4.1":["{{w}}",19050817,1310364],"K_490\/22.4.2":["{{w}}",20361181,2002358],"K_490\/22.4.3":["{{w}}",22363539,497711],"K_490\/22.4.4":["{{w}}",22861250,538341],"K_490\/23.0.0":["{{x}}",151229,217863],"K_490\/23.0.1":["{{x}}",369092,497775],"K_490\/23.0.2":["{{x}}",866867,428818],"K_490\/23.0.3":["{{x}}",1295685,569845],"K_490\/23.0.4":["{{x}}",1865530,349179],"K_490\/23.1.0":["{{x}}",2214709,2683773],"K_490\/23.1.1":["{{x}}",4898482,790725],"K_490\/23.1.2":["{{x}}",5689207,64819],"K_490\/23.1.3":["{{x}}",5754026,867913],"K_490\/23.1.4":["{{x}}",6621939,436705],"K_490\/23.2.0":["{{x}}",7058644,3588576],"K_490\/23.2.1":["{{x}}",10647220,1037384],"K_490\/23.2.2":["{{x}}",11684604,22910],"K_490\/23.2.3":["{{x}}",11707514,1162448],"K_490\/23.2.4":["{{x}}",12869962,1825449],"K_490\/23.3.0":["{{x}}",14695411,1176868],"K_490\/23.3.1":["{{x}}",15872279,1350674],"K_490\/23.3.2":["{{x}}",17222953,1343366],"K_490\/23.3.3":["{{x}}",18566319,756293],"K_490\/23.3.4":["{{x}}",19322612,2464981],"K_490\/23.4.0":["{{x}}",21787593,841008],"K_490\/23.4.1":["{{x}}",22628601,357480],"K_490\/23.4.2":["{{x}}",22986081,579555],"K_490\/23.4.3":["{{x}}",23565636,2062968],"K_490\/23.4.4":["{{x}}",25628604,1571218],"K_490\/24.0.0":["{{y}}",151229,383761],"K_490\/24.0.1":["{{y}}",534990,334791],"K_490\/24.0.2":["{{y}}",869781,192239],"K_490\/24.0.3":["{{y}}",1062020,442213],"K_490\/24.0.4":["{{y}}",1504233,2586613],"K_490\/24.1.0":["{{y}}",4090846,1023088],"K_490\/24.1.1":["{{y}}",5113934,1443338],"K_490\/24.1.2":["{{y}}",6557272,284443],"K_490\/24.1.3":["{{y}}",6841715,1648466],"K_490\/24.1.4":["{{y}}",8490181,54678],"K_490\/24.2.0":["{{y}}",8544859,835099],"K_490\/24.2.1":["{{y}}",9379958,2003438],"K_490\/24.2.2":["{{y}}",11383396,41881],"K_490\/24.2.3":["{{y}}",11425277,1871393],"K_490\/24.2.4":["{{y}}",13296670,743095],"K_490\/24.3.0":["{{y}}",14039765,68046],"K_490\/24.3.1":["{{y}}",14107811,1278763],"K_490\/24.3.2":["{{y}}",15386574,1285871],"K_490\/24.3.3":["{{y}}",16672445,2078985],"K_490\/24.3.4":["{{y}}",18751430,963170],"K_490\/24.4.0":["{{y}}",19714600,10921],"K_490\/24.4.1":["{{y}}",19725521,144637],"K_490\/24.4.2":["{{y}}",19870158,458343],"K_490\/24.4.3":["{{y}}",20328501,670868],"K_490\/24.4.4":["{{y}}",20999369,1880303],"K_490\/25.0.0":["{{z}}",151229,368998],"K_490\/25.0.1":["{{z}}",520227,1173077],"K_490\/25.0.2":["{{z}}",1693304,180856],"K_490\/25.0.3":["{{z}}",1874160,156647],"K_490\/25.0.4":["{{z}}",2030807,873711],"K_490\/25.1.0":["{{z}}",2904518,2743962],"K_490\/25.1.1":["{{z}}",5648480,842022],"K_490\/25.1.2":["{{z}}",6490502,105705],"K_490\/25.1.3":["{{z}}",6596207,567357],"K_490\/25.1.4":["{{z}}",7163564,2009645],"K_490\/25.2.0":["{{z}}",9173209,2409963],"K_490\/25.2.1":["{{z}}",11583172,1922488],"K_490\/25.2.2":["{{z}}",13505660,32542],"K_490\/25.2.3":["{{z}}",13538202,547751],"K_490\/25.2.4":["{{z}}",14085953,3129644],"K_490\/25.3.0":["{{z}}",17215597,744232],"K_490\/25.3.1":["{{z}}",17959829,647057],"K_490\/25.3.2":["{{z}}",18606886,771052],"K_490\/25.3.3":["{{z}}",19377938,1492919],"K_490\/25.3.4":["{{z}}",20870857,3290707],"K_490\/25.4.0":["{{z}}",24161564,287358],"K_490\/25.4.1":["{{z}}",24448922,721097],"K_490\/25.4.2":["{{z}}",25170019,988331],"K_490\/25.4.3":["{{z}}",26158350,504833],"K_490\/25.4.4":["{{z}}",26663183,1527767],"K_490\/26.0.0":["{{A}}",151229,44913],"K_490\/26.0.1":["{{A}}",196142,386929],"K_490\/26.0.2":["{{A}}",583071,605337],"K_490\/26.0.3":["{{A}}",1188408,954433],"K_490\/26.0.4":["{{A}}",2142841,15322],"K_490\/26.1.0":["{{A}}",2158163,889570],"K_490\/26.1.1":["{{A}}",3047733,1064432],"K_490\/26.1.2":["{{A}}",4112165,609554],"K_490\/26.1.3":["{{A}}",4721719,1455740],"K_490\/26.1.4":["{{A}}",6177459,340271],"K_490\/26.2.0":["{{A}}",6517730,392184],"K_490\/26.2.1":["{{A}}",6909914,3271291],"K_490\/26.2.2":["{{A}}",10181205,14435],"K_490\/26.2.3":["{{A}}",10195640,2023891],"K_490\/26.2.4":["{{A}}",12219531,1294450],"K_490\/26.3.0":["{{A}}",13513981,12954],"K_490\/26.3.1":["{{A}}",13526935,501050],"K_490\/26.3.2":["{{A}}",14027985,781162],"K_490\/26.3.3":["{{A}}",14809147,1508753],"K_490\/26.3.4":["{{A}}",16317900,1624574],"K_490\/26.4.0":["{{A}}",17942474,10921],"K_490\/26.4.1":["{{A}}",17953395,2121410],"K_490\/26.4.2":["{{A}}",20074805,1236524],"K_490\/26.4.3":["{{A}}",21311329,2617160],"K_490\/26.4.4":["{{A}}",23928489,1185324],"K_490\/27.0.0":["{{B}}",151229,1309229],"K_490\/27.0.1":["{{B}}",1460458,498392],"K_490\/27.0.2":["{{B}}",1958850,592457],"K_490\/27.0.3":["{{B}}",2551307,1104383],"K_490\/27.0.4":["{{B}}",3655690,1214358],"K_490\/27.1.0":["{{B}}",4870048,1446005],"K_490\/27.1.1":["{{B}}",6316053,579090],"K_490\/27.1.2":["{{B}}",6895143,574075],"K_490\/27.1.3":["{{B}}",7469218,1143932],"K_490\/27.1.4":["{{B}}",8613150,1486270],"K_490\/27.2.0":["{{B}}",10099420,2384809],"K_490\/27.2.1":["{{B}}",12484229,2074153],"K_490\/27.2.2":["{{B}}",14558382,64630],"K_490\/27.2.3":["{{B}}",14623012,1008446],"K_490\/27.2.4":["{{B}}",15631458,2893645],"K_490\/27.3.0":["{{B}}",18525103,301278],"K_490\/27.3.1":["{{B}}",18826381,1194157],"K_490\/27.3.2":["{{B}}",20020538,1052626],"K_490\/27.3.3":["{{B}}",21073164,1859997],"K_490\/27.3.4":["{{B}}",22933161,2256644],"K_490\/27.4.0":["{{B}}",25189805,355420],"K_490\/27.4.1":["{{B}}",25545225,668817],"K_490\/27.4.2":["{{B}}",26214042,2741979],"K_490\/27.4.3":["{{B}}",28956021,1715538],"K_490\/27.4.4":["{{B}}",30671559,814295]}}