{"version":1,"templates":{"a":"s3:\/\/imos-data\/IMOS\/SRS\/OC\/gridded\/aqua\/P1D\/2011\/08\/A.P1D.20110801T053000Z.aust.K_490.nc","b":"s3:\/\/imos-data\/IMOS\/SRS\/OC\/gridded\/aqua\/P1D\/2011\/08\/A.P1D.20110802T053000Z.aust.K_490.nc","c":"s3:\/\/imos-data\/IMOS\/SRS\/OC\/gridded\/aqua\/P1D\/2011\/08\/A.P1D.20110803T053000Z.aust.K_490.nc","d":"s3:\/\/imos-data\/IMOS\/SRS\/OC\/gridded\/aqua\/P1D\/2011\/08\/A.P1D.20110804T053000Z.aust.K_490.nc","e":"s3:\/\/imos-data\/IMOS\/SRS\/OC\/gridded\/aqua\/P1D\/2011\/08\/A.P1D.20110805T053000Z.aust.K_490.nc","f":"s3:\/\/imos-data\/IMOS\/SRS\/OC\/gridded\/aqua\/P1D\/2011\/08\/A.P1D.20110806T053000Z.aust.K_490.nc","g":"s3:\/\/imos-data\/IMOS\/SRS\/OC\/gridded\/aqua\/P1D\/2011\/08\/A.P1D.20110807T053000Z.aust.K_490.nc","h":"s3:\/\/imos-data\/IMOS\/SRS\/OC\/gridded\/aqua\/P1D\/2011\/08\/A.P1D.20110808T053000Z.aust.K_490.nc","i":"s3:\/\/imos-data\/IMOS\/SRS\/OC\/gridded\/aqua\/P1D\/2011\/08\/A.P1D.20110809T053000Z.aust.K_490.nc","j":"s3:\/\/imos-data\/IMOS\/SRS\/OC\/gridded\/aqua\/P1D\/2011\/08\/A.P1D.20110810T053000Z.aust.K_490.nc","k":"s3:\/\/imos-data\/IMOS\/SRS\/OC\/gridded\/aqua\/P1D\/2011\/08\/A.P1D.20110811T053000Z.aust.K_490.nc","l":"s3:\/\/imos-data\/IMOS\/SRS\/OC\/gridded\/aqua\/P1D\/2011\/08\/A.P1D.20110812T053000Z.aust.K_490.nc","m":"s3:\/\/imos-data\/IMOS\/SRS\/OC\/gridded\/aqua\/P1D\/2011\/08\/A.P1D.20110813T053000Z.aust.K_490.nc","n":"s3:\/\/imos-data\/IMOS\/SRS\/OC\/gridded\/aqua\/P1D\/2011\/08\/A.P1D.20110814T053000Z.aust.K_490.nc","o":"s3:\/\/imos-data\/IMOS\/SRS\/OC\/gridded\/aqua\/P1D\/2011\/08\/A.P1D.20110815T053000Z.aust.K_490.nc","p":"s3:\/\/imos-data\/IMOS\/SRS\/OC\/gridded\/aqua\/P1D\/2011\/08\/A.P1D.20110816T053000Z.aust.K_490.nc","q":"s3:\/\/imos-data\/IMOS\/SRS\/OC\/gridded\/aqua\/P1D\/2011\/08\/A.P1D.20110817T053000Z.aust.K_490.nc","r":"s3:\/\/imos-data\/IMOS\/SRS\/OC\/gridded\/aqua\/P1D\/2011\/08\/A.P1D.20110818T053000Z.aust.K_490.nc","s":"s3:\/\/imos-data\/IMOS\/SRS\/OC\/gridded\/aqua\/P1D\/2011\/08\/A.P1D.20110819T053000Z.aust.K_490.nc","t":"s3:\/\/imos-data\/IMOS\/SRS\/OC\/gridded\/aqua\/P1D\/2011\/08\/A.P1D.20110820T053000Z.aust.K_490.nc","u":"s3:\/\/imos-data\/IMOS\/SRS\/OC\/gridded\/aqua\/P1D\/2011\/08\/A.P1D.20110821T053000Z.aust.K_490.nc","v":"s3:\/\/imos-data\/IMOS\/SRS\/OC\/gridded\/aqua\/P1D\/2011\/08\/A.P1D.20110822T053000Z.aust.K_490.nc","w":"s3:\/\/imos-data\/IMOS\/SRS\/OC\/gridded\/aqua\/P1D\/2011\/08\/A.P1D.20110823T053000Z.aust.K_490.nc","x":"s3:\/\/imos-data\/IMOS\/SRS\/OC\/gridded\/aqua\/P1D\/2011\/08\/A.P1D.20110824T053000Z.aust.K_490.nc","y":"s3:\/\/imos-data\/IMOS\/SRS\/OC\/gridded\/aqua\/P1D\/2011\/08\/A.P1D.20110825T053000Z.aust.K_490.nc","z":"s3:\/\/imos-data\/IMOS\/SRS\/OC\/gridded\/aqua\/P1D\/2011\/08\/A.P1D.20110826T053000Z.aust.K_490.nc","A":"s3:\/\/imos-data\/IMOS\/SRS\/OC\/gridded\/aqua\/P1D\/2011\/08\/A.P1D.20110827T053000Z.aust.K_490.nc","B":"s3:\/\/imos-data\/IMOS\/SRS\/OC\/gridded\/aqua\/P1D\/2011\/08\/A.P1D.20110828T053000Z.aust.K_490.nc","C":"s3:\/\/imos-data\/IMOS\/SRS\/OC\/gridded\/aqua\/P1D\/2011\/08\/A.P1D.20110829T053000Z.aust.K_490.nc","D":"s3:\/\/imos-data\/IMOS\/SRS\/OC\/gridded\/aqua\/P1D\/2011\/08\/A.P1D.20110830T053000Z.aust.K_490.nc","E":"s3:\/\/imos-data\/IMOS\/SRS\/OC\/gridded\/aqua\/P1D\/2011\/08\/A.P1D.20110831T053000Z.aust.K_490.nc"},"refs":{".zgroup":"{\"zarr_format\":2}",".zattrs":"{\"Conventions\":\"CF-1.6\",\"_NCProperties\":\"version=1|netcdflibversion=4.6.1|hdf5libversion=1.10.4\",\"_nc3_strict\":1,\"history\":\"File initialised at 2020-08-06T06:52:14.804257\\nInitialised var K_490 at 2020-08-06T06:53:08.542927\\nAdd Granule A20110801_0255.20190919235942.L2OC_BASE.K_490.nc at 2020-08-06T06:53:09.365251\\nAdd Granule A20110801_0300.20190920000439.L2OC_BASE.K_490.nc at 2020-08-06T06:53:09.579883\\nAdd Granule A20110801_0305.20190919235003.L2OC_BASE.K_490.nc at 2020-08-06T06:53:09.789233\\nAdd Granule A20110801_0310.20190920002932.L2OC_BASE.K_490.nc at 2020-08-06T06:53:09.968472\\nAdd Granule A20110801_0430.20190919234600.L2OC_BASE.K_490.nc at 2020-08-06T06:53:10.075317\\nAdd Granule A20110801_0435.20190920004324.L2OC_BASE.K_490.nc at 2020-08-06T06:53:10.295312\\nAdd Granule A20110801_0440.20190920001755.L2OC_BASE.K_490.nc at 2020-08-06T06:53:10.472919\\nAdd Granule A20110801_0445.20190920003633.L2OC_BASE.K_490.nc at 2020-08-06T06:53:10.639452\\nAdd Granule A20110801_0450.20190919231327.L2OC_BASE.K_490.nc at 2020-08-06T06:53:10.783874\\nAdd Granule A20110801_0610.20190920001358.L2OC_BASE.K_490.nc at 2020-08-06T06:53:10.989642\\nAdd Granule A20110801_0615.20190920002334.L2OC_BASE.K_490.nc at 2020-08-06T06:53:11.206351\\nAdd Granule A20110801_0620.20190919232802.L2OC_BASE.K_490.nc at 2020-08-06T06:53:11.416201\\nAdd Granule A20110801_0625.20190919233548.L2OC_BASE.K_490.nc at 2020-08-06T06:53:11.635101\\nAdd Granule A20110801_0630.20190920004818.L2OC_BASE.K_490.nc at 2020-08-06T06:53:11.789389\\nAdd Granule A20110801_0750.20190919231812.L2OC_BASE.K_490.nc at 2020-08-06T06:53:11.965541\\nAdd Granule A20110801_0755.20190919232235.L2OC_BASE.K_490.nc at 2020-08-06T06:53:12.162887\",\"source_path\":\"imos-srs\\\/archive\\\/oc\\\/aqua\\\/1d\\\/v201909\\\/2011\\\/08\\\/A20110801.L2OC_BASE.aust.K_490.nc\"}","K_490\/.zarray":"{\"chunks\":[1,1401,2001],\"compressor\":{\"id\":\"zlib\",\"level\":4},\"dtype\":\"<f4\",\"fill_value\":-999.0,\"filters\":[{\"elementsize\":4,\"id\":\"shuffle\"}],\"order\":\"C\",\"shape\":[31,7001,10001],\"zarr_format\":2}","K_490\/.zattrs":"{\"_ARRAY_DIMENSIONS\":[\"time\",\"latitude\",\"longitude\"],\"flag_applied\":\"HISATZEN LAND CLDICE NAVFAIL\",\"long_name\":\"Diffuse attenuation coefficient at 490 nm (OBPG)\",\"units\":\"m^-1\"}","longitude\/.zarray":"{\n    \"chunks\": [\n        10001\n    ],\n    \"compressor\": null,\n    \"dtype\": \"<f8\",\n    \"fill_value\": 9.969209968386869e+36,\n    \"filters\": null,\n    \"order\": \"C\",\n    \"shape\": [\n        10001\n    ],\n    \"zarr_format\": 2\n}","longitude\/.zattrs":"{\n    \"NAME\": \"longitude\",\n    \"_ARRAY_DIMENSIONS\": [\n        \"longitude\"\n    ],\n    \"_Netcdf4Dimid\": 2,\n    \"axis\": \"X\",\n    \"long_name\": \"longitude\",\n    \"standard_name\": \"longitude\",\n    \"units\": \"degrees_east\"\n}","longitude\/0":["{{a}}",58400,80008],"latitude\/.zarray":"{\n    \"chunks\": [\n        7001\n    ],\n    \"compressor\": null,\n    \"dtype\": \"<f8\",\n    \"fill_value\": 9.969209968386869e+36,\n    \"filters\": null,\n    \"order\": \"C\",\n    \"shape\": [\n        7001\n    ],\n    \"zarr_format\": 2\n}","latitude\/.zattrs":"{\n    \"NAME\": \"latitude\",\n    \"_ARRAY_DIMENSIONS\": [\n        \"latitude\"\n    ],\n    \"_Netcdf4Dimid\": 1,\n    \"axis\": \"Y\",\n    \"long_name\": \"latitude\",\n    \"standard_name\": \"latitude\",\n    \"units\": \"degrees_north\"\n}","latitude\/0":["{{a}}",2392,56008],"time\/.zarray":"{\"chunks\":[31],\"compressor\":{\"blocksize\":0,\"clevel\":5,\"cname\":\"lz4\",\"id\":\"blosc\",\"shuffle\":1},\"dtype\":\"<M8[us]\",\"fill_value\":0,\"filters\":null,\"order\":\"C\",\"shape\":[31],\"zarr_format\":2}","time\/0":"base64:AgExCPgAAAD4AAAAsgAAABQAAACaAAAAHwABAAv7ASaG5kamBmbGJobmRqYGZsYQAPRbIPfOpn1VLAPbsolhOBDnvpZtRBzzy6J5USj\/166GXewJJ0VjgZ+92vgWNFJwjavJ5wUjQF58mrjW8xEvTWtqf5Onu8\/j9wsfNEhccISYrMDV6f0RJTlNYXWKnrLGqampqampqamqqqqqqgUAFasBAB8EAQALD9gAB1AAAAAAAA==","time\/.zattrs":"{\"NAME\":\"time\",\"_ARRAY_DIMENSIONS\":[\"time\"],\"_Netcdf4Dimid\":0,\"axis\":\"T\",\"long_name\":\"time\",\"standard_name\":\"time\"}","K_490\/0.0.0":["{{a}}",151229,47933],"K_490\/0.0.1":["{{a}}",199162,1174660],"K_490\/0.0.2":["{{a}}",1373822,562582],"K_490\/0.0.3":["{{a}}",1936404,982493],"K_490\/0.0.4":["{{a}}",2918897,517842],"K_490\/0.1.0":["{{a}}",3436739,70051],"K_490\/0.1.1":["{{a}}",3506790,4114616],"K_490\/0.1.2":["{{a}}",7621406,2296095],"K_490\/0.1.3":["{{a}}",9917501,2300975],"K_490\/0.1.4":["{{a}}",12218476,756663],"K_490\/0.2.0":["{{a}}",12975139,10921],"K_490\/0.2.1":["{{a}}",12986060,3171807],"K_490\/0.2.2":["{{a}}",16157867,51248],"K_490\/0.2.3":["{{a}}",16209115,2373894],"K_490\/0.2.4":["{{a}}",18583009,1926585],"K_490\/0.3.0":["{{a}}",20509594,735143],"K_490\/0.3.1":["{{a}}",21244737,1674308],"K_490\/0.3.2":["{{a}}",22919045,2043727],"K_490\/0.3.3":["{{a}}",24962772,2272133],"K_490\/0.3.4":["{{a}}",27234905,2632472],"K_490\/0.4.0":["{{a}}",29867377,485044],"K_490\/0.4.1":["{{a}}",30352421,742016],"K_490\/0.4.2":["{{a}}",31094437,464067],"K_490\/0.4.3":["{{a}}",31558504,143110],"K_490\/0.4.4":["{{a}}",31701614,404948],"K_490\/1.0.0":["{{b}}",151229,897446],"K_490\/1.0.1":["{{b}}",1048675,890313],"K_490\/1.0.2":["{{b}}",1938988,1120822],"K_490\/1.0.3":["{{b}}",3059810,282820],"K_490\/1.0.4":["{{b}}",3342630,2065231],"K_490\/1.1.0":["{{b}}",5407861,1661530],"K_490\/1.1.1":["{{b}}",7069391,2276631],"K_490\/1.1.2":["{{b}}",9346022,3124442],"K_490\/1.1.3":["{{b}}",12470464,2337942],"K_490\/1.1.4":["{{b}}",14808406,2809660],"K_490\/1.2.0":["{{b}}",17618066,1625518],"K_490\/1.2.1":["{{b}}",19243584,2698359],"K_490\/1.2.2":["{{b}}",21941943,141333],"K_490\/1.2.3":["{{b}}",22083276,2477922],"K_490\/1.2.4":["{{b}}",24561198,1671570],"K_490\/1.3.0":["{{b}}",26232768,898512],"K_490\/1.3.1":["{{b}}",27131280,1839917],"K_490\/1.3.2":["{{b}}",28971197,2775621],"K_490\/1.3.3":["{{b}}",31746818,3459871],"K_490\/1.3.4":["{{b}}",35206689,1003965],"K_490\/1.4.0":["{{b}}",36210654,320580],"K_490\/1.4.1":["{{b}}",36531234,1332179],"K_490\/1.4.2":["{{b}}",37863413,515233],"K_490\/1.4.3":["{{b}}",38378646,681005],"K_490\/1.4.4":["{{b}}",39059651,312690],"K_490\/2.0.0":["{{c}}",151229,2188513],"K_490\/2.0.1":["{{c}}",2339742,713400],"K_490\/2.0.2":["{{c}}",3053142,1697443],"K_490\/2.0.3":["{{c}}",4750585,378062],"K_490\/2.0.4":["{{c}}",5128647,143662],"K_490\/2.1.0":["{{c}}",5272309,2437387],"K_490\/2.1.1":["{{c}}",7709696,3962455],"K_490\/2.1.2":["{{c}}",11672151,2595627],"K_490\/2.1.3":["{{c}}",14267778,1404824],"K_490\/2.1.4":["{{c}}",15672602,645175],"K_490\/2.2.0":["{{c}}",16317777,3917205],"K_490\/2.2.1":["{{c}}",20234982,2578202],"K_490\/2.2.2":["{{c}}",22813184,99989],"K_490\/2.2.3":["{{c}}",22913173,1596407],"K_490\/2.2.4":["{{c}}",24509580,3229292],"K_490\/2.3.0":["{{c}}",27738872,925906],"K_490\/2.3.1":["{{c}}",28664778,1794086],"K_490\/2.3.2":["{{c}}",30458864,974252],"K_490\/2.3.3":["{{c}}",31433116,2017889],"K_490\/2.3.4":["{{c}}",33451005,3385660],"K_490\/2.4.0":["{{c}}",36836665,18448],"K_490\/2.4.1":["{{c}}",36855113,444860],"K_490\/2.4.2":["{{c}}",37299973,138003],"K_490\/2.4.3":["{{c}}",37437976,1038120],"K_490\/2.4.4":["{{c}}",38476096,456875],"K_490\/3.0.0":["{{d}}",151229,872406],"K_490\/3.0.1":["{{d}}",1023635,516935],"K_490\/3.0.2":["{{d}}",1540570,1575792],"K_490\/3.0.3":["{{d}}",3116362,208524],"K_490\/3.0.4":["{{d}}",3324886,1682440],"K_490\/3.1.0":["{{d}}",5007326,1669395],"K_490\/3.1.1":["{{d}}",6676721,3269971],"K_490\/3.1.2":["{{d}}",9946692,2829498],"K_490\/3.1.3":["{{d}}",12776190,1776642],"K_490\/3.1.4":["{{d}}",14552832,1640786],"K_490\/3.2.0":["{{d}}",16193618,1194619],"K_490\/3.2.1":["{{d}}",17388237,3702662],"K_490\/3.2.2":["{{d}}",21090899,135290],"K_490\/3.2.3":["{{d}}",21226189,2525913],"K_490\/3.2.4":["{{d}}",23752102,747339],"K_490\/3.3.0":["{{d}}",24499441,227892],"K_490\/3.3.1":["{{d}}",24727333,1231756],"K_490\/3.3.2":["{{d}}",25959089,2153731],"K_490\/3.3.3":["{{d}}",28112820,2418116],"K_490\/3.3.4":["{{d}}",30530936,1199556],"K_490\/3.4.0":["{{d}}",31730492,10921],"K_490\/3.4.1":["{{d}}",31741413,114493],"K_490\/3.4.2":["{{d}}",31855906,101729],"K_490\/3.4.3":["{{d}}",31957635,254370],"K_490\/3.4.4":["{{d}}",32212005,881801],"K_490\/4.0.0":["{{e}}",151229,3640957],"K_490\/4.0.1":["{{e}}",3792186,1530043],"K_490\/4.0.2":["{{e}}",5322229,1370470],"K_490\/4.0.3":["{{e}}",6692699,679529],"K_490\/4.0.4":["{{e}}",7372228,910506],"K_490\/4.1.0":["{{e}}",8282734,3499946],"K_490\/4.1.1":["{{e}}",11782680,4089313],"K_490\/4.1.2":["{{e}}",15871993,2719518],"K_490\/4.1.3":["{{e}}",18591511,1114437],"K_490\/4.1.4":["{{e}}",19705948,1769179],"K_490\/4.2.0":["{{e}}",21475127,3045312],"K_490\/4.2.1":["{{e}}",24520439,2399114],"K_490\/4.2.2":["{{e}}",26919553,104647],"K_490\/4.2.3":["{{e}}",27024200,716123],"K_490\/4.2.4":["{{e}}",27740323,3732407],"K_490\/4.3.0":["{{e}}",31472730,2922201],"K_490\/4.3.1":["{{e}}",34394931,1248416],"K_490\/4.3.2":["{{e}}",35643347,1171770],"K_490\/4.3.3":["{{e}}",36815117,2264330],"K_490\/4.3.4":["{{e}}",39079447,2129927],"K_490\/4.4.0":["{{e}}",41209374,1083207],"K_490\/4.4.1":["{{e}}",42292581,1653223],"K_490\/4.4.2":["{{e}}",43945804,256418],"K_490\/4.4.3":["{{e}}",44202222,556052],"K_490\/4.4.4":["{{e}}",44758274,62560],"K_490\/5.0.0":["{{f}}",151229,1306638],"K_490\/5.0.1":["{{f}}",1457867,1032813],"K_490\/5.0.2":["{{f}}",2490680,1758635],"K_490\/5.0.3":["{{f}}",4249315,2706128],"K_490\/5.0.4":["{{f}}",6955443,13501],"K_490\/5.1.0":["{{f}}",6968944,1255561],"K_490\/5.1.1":["{{f}}",8224505,3620625],"K_490\/5.1.2":["{{f}}",11845130,3618635],"K_490\/5.1.3":["{{f}}",15463765,1342807],"K_490\/5.1.4":["{{f}}",16806572,81291],"K_490\/5.2.0":["{{f}}",16887863,451122],"K_490\/5.2.1":["{{f}}",17338985,3287804],"K_490\/5.2.2":["{{f}}",20626789,81544],"K_490\/5.2.3":["{{f}}",20708333,1984075],"K_490\/5.2.4":["{{f}}",22692408,1326737],"K_490\/5.3.0":["{{f}}",24019145,42439],"K_490\/5.3.1":["{{f}}",24061584,1886032],"K_490\/5.3.2":["{{f}}",25947616,2036512],"K_490\/5.3.3":["{{f}}",27984128,1898604],"K_490\/5.3.4":["{{f}}",29882732,1874159],"K_490\/5.4.0":["{{f}}",31756891,10921],"K_490\/5.4.1":["{{f}}",31767812,906684],"K_490\/5.4.2":["{{f}}",32674496,106698],"K_490\/5.4.3":["{{f}}",32781194,132701],"K_490\/5.4.4":["{{f}}",32913895,1661957],"K_490\/6.0.0":["{{g}}",151229,1750199],"K_490\/6.0.1":["{{g}}",1901428,928806],"K_490\/6.0.2":["{{g}}",2830234,964295],"K_490\/6.0.3":["{{g}}",3794529,2025698],"K_490\/6.0.4":["{{g}}",5820227,1640740],"K_490\/6.1.0":["{{g}}",7460967,2259676],"K_490\/6.1.1":["{{g}}",9720643,3443664],"K_490\/6.1.2":["{{g}}",13164307,3017854],"K_490\/6.1.3":["{{g}}",16182161,1404378],"K_490\/6.1.4":["{{g}}",17586539,1327639],"K_490\/6.2.0":["{{g}}",18914178,2350736],"K_490\/6.2.1":["{{g}}",21264914,1994318],"K_490\/6.2.2":["{{g}}",23259232,129279],"K_490\/6.2.3":["{{g}}",23388511,1145978],"K_490\/6.2.4":["{{g}}",24534489,3424500],"K_490\/6.3.0":["{{g}}",27958989,521356],"K_490\/6.3.1":["{{g}}",28480345,1577805],"K_490\/6.3.2":["{{g}}",30058150,2157071],"K_490\/6.3.3":["{{g}}",32215221,877110],"K_490\/6.3.4":["{{g}}",33092331,1716517],"K_490\/6.4.0":["{{g}}",34808848,92818],"K_490\/6.4.1":["{{g}}",34901666,862314],"K_490\/6.4.2":["{{g}}",35763980,158953],"K_490\/6.4.3":["{{g}}",35922933,253147],"K_490\/6.4.4":["{{g}}",36176080,45842],"K_490\/7.0.0":["{{h}}",151229,585727],"K_490\/7.0.1":["{{h}}",736956,922657],"K_490\/7.0.2":["{{h}}",1659613,774527],"K_490\/7.0.3":["{{h}}",2434140,2579576],"K_490\/7.0.4":["{{h}}",5013716,419972],"K_490\/7.1.0":["{{h}}",5433688,359471],"K_490\/7.1.1":["{{h}}",5793159,3724163],"K_490\/7.1.2":["{{h}}",9517322,2659311],"K_490\/7.1.3":["{{h}}",12176633,1736131],"K_490\/7.1.4":["{{h}}",13912764,715249],"K_490\/7.2.0":["{{h}}",14628013,29373],"K_490\/7.2.1":["{{h}}",14657386,2666471],"K_490\/7.2.2":["{{h}}",17323857,50125],"K_490\/7.2.3":["{{h}}",17373982,2106806],"K_490\/7.2.4":["{{h}}",19480788,1776454],"K_490\/7.3.0":["{{h}}",21257242,10921],"K_490\/7.3.1":["{{h}}",21268163,2659075],"K_490\/7.3.2":["{{h}}",23927238,1538078],"K_490\/7.3.3":["{{h}}",25465316,488417],"K_490\/7.3.4":["{{h}}",25953733,2000128],"K_490\/7.4.0":["{{h}}",27953861,34041],"K_490\/7.4.1":["{{h}}",27987902,538726],"K_490\/7.4.2":["{{h}}",28526628,71851],"K_490\/7.4.3":["{{h}}",28598479,577294],"K_490\/7.4.4":["{{h}}",29175773,875557],"K_490\/8.0.0":["{{i}}",151229,2229506],"K_490\/8.0.1":["{{i}}",2380735,848807],"K_490\/8.0.2":["{{i}}",3229542,441261],"K_490\/8.0.3":["{{i}}",3670803,504354],"K_490\/8.0.4":["{{i}}",4175157,2203895],"K_490\/8.1.0":["{{i}}",6379052,2783341],"K_490\/8.1.1":["{{i}}",9162393,3469317],"K_490\/8.1.2":["{{i}}",12631710,3044109],"K_490\/8.1.3":["{{i}}",15675819,2759087],"K_490\/8.1.4":["{{i}}",18434906,2218852],"K_490\/8.2.0":["{{i}}",20653758,2313293],"K_490\/8.2.1":["{{i}}",22967051,1848271],"K_490\/8.2.2":["{{i}}",24815322,130891],"K_490\/8.2.3":["{{i}}",24946213,2236145],"K_490\/8.2.4":["{{i}}",27182358,1882739],"K_490\/8.3.0":["{{i}}",29065097,763977],"K_490\/8.3.1":["{{i}}",29829074,1509662],"K_490\/8.3.2":["{{i}}",31338736,1437825],"K_490\/8.3.3":["{{i}}",32776561,482426],"K_490\/8.3.4":["{{i}}",33258987,83437],"K_490\/8.4.0":["{{i}}",33342424,21736],"K_490\/8.4.1":["{{i}}",33364160,1496918],"K_490\/8.4.2":["{{i}}",34861078,721392],"K_490\/8.4.3":["{{i}}",35582470,540524],"K_490\/8.4.4":["{{i}}",36122994,32733],"K_490\/9.0.0":["{{j}}",151229,12701],"K_490\/9.0.1":["{{j}}",163930,1719262],"K_490\/9.0.2":["{{j}}",1883192,1041557],"K_490\/9.0.3":["{{j}}",2924749,1296075],"K_490\/9.0.4":["{{j}}",4220824,845097],"K_490\/9.1.0":["{{j}}",5065921,1475982],"K_490\/9.1.1":["{{j}}",6541903,4862872],"K_490\/9.1.2":["{{j}}",11404775,3158521],"K_490\/9.1.3":["{{j}}",14563296,2534082],"K_490\/9.1.4":["{{j}}",17097378,1592491],"K_490\/9.2.0":["{{j}}",18689869,4124265],"K_490\/9.2.1":["{{j}}",22814134,2672340],"K_490\/9.2.2":["{{j}}",25486474,83515],"K_490\/9.2.3":["{{j}}",25569989,2037429],"K_490\/9.2.4":["{{j}}",27607418,2809698],"K_490\/9.3.0":["{{j}}",30417116,2655025],"K_490\/9.3.1":["{{j}}",33072141,2608042],"K_490\/9.3.2":["{{j}}",35680183,1337723],"K_490\/9.3.3":["{{j}}",37017906,529936],"K_490\/9.3.4":["{{j}}",37547842,2066521],"K_490\/9.4.0":["{{j}}",39614363,86189],"K_490\/9.4.1":["{{j}}",39700552,1338061],"K_490\/9.4.2":["{{j}}",41038613,57402],"K_490\/9.4.3":["{{j}}",41096015,1169703],"K_490\/9.4.4":["{{j}}",42265718,1332361],"K_490\/10.0.0":["{{k}}",151229,1607153],"K_490\/10.0.1":["{{k}}",1758382,823901],"K_490\/10.0.2":["{{k}}",2582283,955719],"K_490\/10.0.3":["{{k}}",3538002,851961],"K_490\/10.0.4":["{{k}}",4389963,2904631],"K_490\/10.1.0":["{{k}}",7294594,1954685],"K_490\/10.1.1":["{{k}}",9249279,3324782],"K_490\/10.1.2":["{{k}}",12574061,3493436],"K_490\/10.1.3":["{{k}}",16067497,2186940],"K_490\/10.1.4":["{{k}}",18254437,3353020],"K_490\/10.2.0":["{{k}}",21607457,1708284],"K_490\/10.2.1":["{{k}}",23315741,2142614],"K_490\/10.2.2":["{{k}}",25458355,123813],"K_490\/10.2.3":["{{k}}",25582168,2264902],"K_490\/10.2.4":["{{k}}",27847070,922006],"K_490\/10.3.0":["{{k}}",28769076,55168],"K_490\/10.3.1":["{{k}}",28824244,3330395],"K_490\/10.3.2":["{{k}}",32154639,2388306],"K_490\/10.3.3":["{{k}}",34542945,1393965],"K_490\/10.3.4":["{{k}}",35936910,685852],"K_490\/10.4.0":["{{k}}",36622762,14871],"K_490\/10.4.1":["{{k}}",36637633,564823],"K_490\/10.4.2":["{{k}}",37202456,666500],"K_490\/10.4.3":["{{k}}",37868956,482307],"K_490\/10.4.4":["{{k}}",38351263,286188],"K_490\/11.0.0":["{{l}}",151229,1341079],"K_490\/11.0.1":["{{l}}",1492308,1566047],"K_490\/11.0.2":["{{l}}",3058355,387399],"K_490\/11.0.3":["{{l}}",3445754,1118651],"K_490\/11.0.4":["{{l}}",4564405,1179156],"K_490\/11.1.0":["{{l}}",5743561,2879405],"K_490\/11.1.1":["{{l}}",8622966,4527756],"K_490\/11.1.2":["{{l}}",13150722,2069070],"K_490\/11.1.3":["{{l}}",15219792,1645383],"K_490\/11.1.4":["{{l}}",16865175,2411245],"K_490\/11.2.0":["{{l}}",19276420,2721875],"K_490\/11.2.1":["{{l}}",21998295,2787124],"K_490\/11.2.2":["{{l}}",24785419,97731],"K_490\/11.2.3":["{{l}}",24883150,1082310],"K_490\/11.2.4":["{{l}}",25965460,2479610],"K_490\/11.3.0":["{{l}}",28445070,1912054],"K_490\/11.3.1":["{{l}}",30357124,1300925],"K_490\/11.3.2":["{{l}}",31658049,1904928],"K_490\/11.3.3":["{{l}}",33562977,865815],"K_490\/11.3.4":["{{l}}",34428792,2147454],"K_490\/11.4.0":["{{l}}",36576246,444003],"K_490\/11.4.1":["{{l}}",37020249,890393],"K_490\/11.4.2":["{{l}}",37910642,327924],"K_490\/11.4.3":["{{l}}",38238566,404722],"K_490\/11.4.4":["{{l}}",38643288,598945],"K_490\/12.0.0":["{{m}}",151229,336431],"K_490\/12.0.1":["{{m}}",487660,969964],"K_490\/12.0.2":["{{m}}",1457624,911215],"K_490\/12.0.3":["{{m}}",2368839,1930579],"K_490\/12.0.4":["{{m}}",4299418,10921],"K_490\/12.1.0":["{{m}}",4310339,1092607],"K_490\/12.1.1":["{{m}}",5402946,3178022],"K_490\/12.1.2":["{{m}}",8580968,3602015],"K_490\/12.1.3":["{{m}}",12182983,2660033],"K_490\/12.1.4":["{{m}}",14843016,95728],"K_490\/12.2.0":["{{m}}",14938744,724851],"K_490\/12.2.1":["{{m}}",15663595,1519443],"K_490\/12.2.2":["{{m}}",17183038,128239],"K_490\/12.2.3":["{{m}}",17311277,2571540],"K_490\/12.2.4":["{{m}}",19882817,984452],"K_490\/12.3.0":["{{m}}",20867269,27725],"K_490\/12.3.1":["{{m}}",20894994,1565633],"K_490\/12.3.2":["{{m}}",22460627,3113565],"K_490\/12.3.3":["{{m}}",25574192,1429893],"K_490\/12.3.4":["{{m}}",27004085,942862],"K_490\/12.4.0":["{{m}}",27946947,10996],"K_490\/12.4.1":["{{m}}",27957943,1012268],"K_490\/12.4.2":["{{m}}",28970211,578702],"K_490\/12.4.3":["{{m}}",29548913,562462],"K_490\/12.4.4":["{{m}}",30111375,1093834],"K_490\/13.0.0":["{{n}}",151229,412640],"K_490\/13.0.1":["{{n}}",563869,1376286],"K_490\/13.0.2":["{{n}}",1940155,1771596],"K_490\/13.0.3":["{{n}}",3711751,871701],"K_490\/13.0.4":["{{n}}",4583452,529422],"K_490\/13.1.0":["{{n}}",5112874,1304274],"K_490\/13.1.1":["{{n}}",6417148,3680891],"K_490\/13.1.2":["{{n}}",10098039,2684379],"K_490\/13.1.3":["{{n}}",12782418,1468701],"K_490\/13.1.4":["{{n}}",14251119,2856536],"K_490\/13.2.0":["{{n}}",17107655,3824094],"K_490\/13.2.1":["{{n}}",20931749,1930857],"K_490\/13.2.2":["{{n}}",22862606,98772],"K_490\/13.2.3":["{{n}}",22961378,687111],"K_490\/13.2.4":["{{n}}",23648489,3934956],"K_490\/13.3.0":["{{n}}",27583445,762606],"K_490\/13.3.1":["{{n}}",28346051,1635721],"K_490\/13.3.2":["{{n}}",29981772,1334573],"K_490\/13.3.3":["{{n}}",31316345,927210],"K_490\/13.3.4":["{{n}}",32243555,1914985],"K_490\/13.4.0":["{{n}}",34158540,175273],"K_490\/13.4.1":["{{n}}",34333813,1309990],"K_490\/13.4.2":["{{n}}",35643803,217501],"K_490\/13.4.3":["{{n}}",35861304,1218984],"K_490\/13.4.4":["{{n}}",37080288,20981],"K_490\/14.0.0":["{{o}}",151229,154187],"K_490\/14.0.1":["{{o}}",305416,822073],"K_490\/14.0.2":["{{o}}",1127489,2522164],"K_490\/14.0.3":["{{o}}",3649653,354055],"K_490\/14.0.4":["{{o}}",4003708,54166],"K_490\/14.1.0":["{{o}}",4057874,208733],"K_490\/14.1.1":["{{o}}",4266607,2669032],"K_490\/14.1.2":["{{o}}",6935639,3172837],"K_490\/14.1.3":["{{o}}",10108476,1877187],"K_490\/14.1.4":["{{o}}",11985663,136595],"K_490\/14.2.0":["{{o}}",12122258,126998],"K_490\/14.2.1":["{{o}}",12249256,2412257],"K_490\/14.2.2":["{{o}}",14661513,14864],"K_490\/14.2.3":["{{o}}",14676377,2493861],"K_490\/14.2.4":["{{o}}",17170238,1531575],"K_490\/14.3.0":["{{o}}",18701813,10921],"K_490\/14.3.1":["{{o}}",18712734,1682492],"K_490\/14.3.2":["{{o}}",20395226,2979315],"K_490\/14.3.3":["{{o}}",23374541,1149284],"K_490\/14.3.4":["{{o}}",24523825,1703480],"K_490\/14.4.0":["{{o}}",26227305,10921],"K_490\/14.4.1":["{{o}}",26238226,1675880],"K_490\/14.4.2":["{{o}}",27914106,500581],"K_490\/14.4.3":["{{o}}",28414687,755650],"K_490\/14.4.4":["{{o}}",29170337,525048],"K_490\/15.0.0":["{{p}}",151229,652595],"K_490\/15.0.1":["{{p}}",803824,914540],"K_490\/15.0.2":["{{p}}",1718364,744316],"K_490\/15.0.3":["{{p}}",2462680,1215085],"K_490\/15.0.4":["{{p}}",3677765,2592480],"K_490\/15.1.0":["{{p}}",6270245,27664],"K_490\/15.1.1":["{{p}}",6297909,2115073],"K_490\/15.1.2":["{{p}}",8412982,2868016],"K_490\/15.1.3":["{{p}}",11280998,1595123],"K_490\/15.1.4":["{{p}}",12876121,2608949],"K_490\/15.2.0":["{{p}}",15485070,570837],"K_490\/15.2.1":["{{p}}",16055907,851928],"K_490\/15.2.2":["{{p}}",16907835,103317],"K_490\/15.2.3":["{{p}}",17011152,1695856],"K_490\/15.2.4":["{{p}}",18707008,3488793],"K_490\/15.3.0":["{{p}}",22195801,342746],"K_490\/15.3.1":["{{p}}",22538547,1655251],"K_490\/15.3.2":["{{p}}",24193798,1848920],"K_490\/15.3.3":["{{p}}",26042718,2149933],"K_490\/15.3.4":["{{p}}",28192651,670258],"K_490\/15.4.0":["{{p}}",28862909,43725],"K_490\/15.4.1":["{{p}}",28906634,728931],"K_490\/15.4.2":["{{p}}",29635565,806190],"K_490\/15.4.3":["{{p}}",30441755,1239293],"K_490\/15.4.4":["{{p}}",31681048,748837],"K_490\/16.0.0":["{{q}}",151229,213782],"K_490\/16.0.1":["{{q}}",365011,1494342],"K_490\/16.0.2":["{{q}}",1859353,955799],"K_490\/16.0.3":["{{q}}",2815152,479067],"K_490\/16.0.4":["{{q}}",3294219,111784],"K_490\/16.1.0":["{{q}}",3406003,15706],"K_490\/16.1.1":["{{q}}",3421709,3523578],"K_490\/16.1.2":["{{q}}",6945287,3440727],"K_490\/16.1.3":["{{q}}",10386014,1915382],"K_490\/16.1.4":["{{q}}",12301396,947067],"K_490\/16.2.0":["{{q}}",13248463,11495],"K_490\/16.2.1":["{{q}}",13259958,2263089],"K_490\/16.2.2":["{{q}}",15523047,21155],"K_490\/16.2.3":["{{q}}",15544202,2277670],"K_490\/16.2.4":["{{q}}",17821872,2623281],"K_490\/16.3.0":["{{q}}",20445153,706336],"K_490\/16.3.1":["{{q}}",21151489,966913],"K_490\/16.3.2":["{{q}}",22118402,1078404],"K_490\/16.3.3":["{{q}}",23196806,1512842],"K_490\/16.3.4":["{{q}}",24709648,2965494],"K_490\/16.4.0":["{{q}}",27675142,522704],"K_490\/16.4.1":["{{q}}",28197846,834902],"K_490\/16.4.2":["{{q}}",29032748,441322],"K_490\/16.4.3":["{{q}}",29474070,238158],"K_490\/16.4.4":["{{q}}",29712228,661154],"K_490\/17.0.0":["{{r}}",151229,973393],"K_490\/17.0.1":["{{r}}",1124622,470144],"K_490\/17.0.2":["{{r}}",1594766,1378892],"K_490\/17.0.3":["{{r}}",2973658,604497],"K_490\/17.0.4":["{{r}}",3578155,1819021],"K_490\/17.1.0":["{{r}}",5397176,2247428],"K_490\/17.1.1":["{{r}}",7644604,2874405],"K_490\/17.1.2":["{{r}}",10519009,3295794],"K_490\/17.1.3":["{{r}}",13814803,2225003],"K_490\/17.1.4":["{{r}}",16039806,3189385],"K_490\/17.2.0":["{{r}}",19229191,1847497],"K_490\/17.2.1":["{{r}}",21076688,2978173],"K_490\/17.2.2":["{{r}}",24054861,136456],"K_490\/17.2.3":["{{r}}",24191317,1840422],"K_490\/17.2.4":["{{r}}",26031739,1986828],"K_490\/17.3.0":["{{r}}",28018567,380632],"K_490\/17.3.1":["{{r}}",28399199,546135],"K_490\/17.3.2":["{{r}}",28945334,2483459],"K_490\/17.3.3":["{{r}}",31428793,613278],"K_490\/17.3.4":["{{r}}",32042071,867280],"K_490\/17.4.0":["{{r}}",32909351,58737],"K_490\/17.4.1":["{{r}}",32968088,856078],"K_490\/17.4.2":["{{r}}",33824166,918323],"K_490\/17.4.3":["{{r}}",34742489,688572],"K_490\/17.4.4":["{{r}}",35431061,124601],"K_490\/18.0.0":["{{s}}",151229,566775],"K_490\/18.0.1":["{{s}}",718004,1397452],"K_490\/18.0.2":["{{s}}",2115456,1342746],"K_490\/18.0.3":["{{s}}",3458202,715088],"K_490\/18.0.4":["{{s}}",4173290,470814],"K_490\/18.1.0":["{{s}}",4644104,2317866],"K_490\/18.1.1":["{{s}}",6961970,4928792],"K_490\/18.1.2":["{{s}}",11890762,2301230],"K_490\/18.1.3":["{{s}}",14191992,1327966],"K_490\/18.1.4":["{{s}}",15519958,445900],"K_490\/18.2.0":["{{s}}",15965858,3550571],"K_490\/18.2.1":["{{s}}",19516429,3312893],"K_490\/18.2.2":["{{s}}",22829322,108216],"K_490\/18.2.3":["{{s}}",22937538,1368161],"K_490\/18.2.4":["{{s}}",24305699,3043273],"K_490\/18.3.0":["{{s}}",27348972,2031574],"K_490\/18.3.1":["{{s}}",29380546,1241117],"K_490\/18.3.2":["{{s}}",30621663,1891169],"K_490\/18.3.3":["{{s}}",32512832,1180795],"K_490\/18.3.4":["{{s}}",33693627,3262175],"K_490\/18.4.0":["{{s}}",36955802,761120],"K_490\/18.4.1":["{{s}}",37716922,414515],"K_490\/18.4.2":["{{s}}",38131437,828703],"K_490\/18.4.3":["{{s}}",38960140,436337],"K_490\/18.4.4":["{{s}}",39396477,351703],"K_490\/19.0.0":["{{t}}",151229,208818],"K_490\/19.0.1":["{{t}}",360047,701763],"K_490\/19.0.2":["{{t}}",1061810,961254],"K_490\/19.0.3":["{{t}}",2023064,2179055],"K_490\/19.0.4":["{{t}}",4202119,1599412],"K_490\/19.1.0":["{{t}}",5801531,869466],"K_490\/19.1.1":["{{t}}",6670997,3509228],"K_490\/19.1.2":["{{t}}",10180225,2806687],"K_490\/19.1.3":["{{t}}",12986912,1904792],"K_490\/19.1.4":["{{t}}",14891704,2431276],"K_490\/19.2.0":["{{t}}",17322980,1130206],"K_490\/19.2.1":["{{t}}",18453186,3044968],"K_490\/19.2.2":["{{t}}",21498154,136229],"K_490\/19.2.3":["{{t}}",21634383,2504885],"K_490\/19.2.4":["{{t}}",24139268,550347],"K_490\/19.3.0":["{{t}}",24689615,235712],"K_490\/19.3.1":["{{t}}",24925327,3591979],"K_490\/19.3.2":["{{t}}",28517306,3115621],"K_490\/19.3.3":["{{t}}",31632927,1874216],"K_490\/19.3.4":["{{t}}",33507143,670775],"K_490\/19.4.0":["{{t}}",34177918,31790],"K_490\/19.4.1":["{{t}}",34209708,1008419],"K_490\/19.4.2":["{{t}}",35218127,145868],"K_490\/19.4.3":["{{t}}",35363995,207502],"K_490\/19.4.4":["{{t}}",35571497,88306],"K_490\/20.0.0":["{{u}}",151229,2581508],"K_490\/20.0.1":["{{u}}",2732737,1177895],"K_490\/20.0.2":["{{u}}",3910632,902509],"K_490\/20.0.3":["{{u}}",4813141,1834991],"K_490\/20.0.4":["{{u}}",6648132,1370084],"K_490\/20.1.0":["{{u}}",8018216,1521681],"K_490\/20.1.1":["{{u}}",9539897,3960515],"K_490\/20.1.2":["{{u}}",13500412,2799231],"K_490\/20.1.3":["{{u}}",16299643,1665800],"K_490\/20.1.4":["{{u}}",17965443,1928877],"K_490\/20.2.0":["{{u}}",19894320,2358214],"K_490\/20.2.1":["{{u}}",22252534,1855748],"K_490\/20.2.2":["{{u}}",24108282,118739],"K_490\/20.2.3":["{{u}}",24227021,653114],"K_490\/20.2.4":["{{u}}",24880135,1569157],"K_490\/20.3.0":["{{u}}",26449292,1277172],"K_490\/20.3.1":["{{u}}",27726464,1662080],"K_490\/20.3.2":["{{u}}",29388544,3529153],"K_490\/20.3.3":["{{u}}",32917697,1961743],"K_490\/20.3.4":["{{u}}",34879440,2100308],"K_490\/20.4.0":["{{u}}",36979748,528801],"K_490\/20.4.1":["{{u}}",37508549,1387513],"K_490\/20.4.2":["{{u}}",38896062,1662752],"K_490\/20.4.3":["{{u}}",40558814,419171],"K_490\/20.4.4":["{{u}}",40977985,78336],"K_490\/21.0.0":["{{v}}",151229,355406],"K_490\/21.0.1":["{{v}}",506635,744376],"K_490\/21.0.2":["{{v}}",1251011,1576534],"K_490\/21.0.3":["{{v}}",2827545,2614652],"K_490\/21.0.4":["{{v}}",5442197,41821],"K_490\/21.1.0":["{{v}}",5484018,984893],"K_490\/21.1.1":["{{v}}",6468911,3142394],"K_490\/21.1.2":["{{v}}",9611305,3646112],"K_490\/21.1.3":["{{v}}",13257417,1725740],"K_490\/21.1.4":["{{v}}",14983157,431275],"K_490\/21.2.0":["{{v}}",15414432,276935],"K_490\/21.2.1":["{{v}}",15691367,2989702],"K_490\/21.2.2":["{{v}}",18681069,88913],"K_490\/21.2.3":["{{v}}",18769982,1504949],"K_490\/21.2.4":["{{v}}",20274931,231148],"K_490\/21.3.0":["{{v}}",20506079,26785],"K_490\/21.3.1":["{{v}}",20532864,2800209],"K_490\/21.3.2":["{{v}}",23333073,3926992],"K_490\/21.3.3":["{{v}}",27260065,2272143],"K_490\/21.3.4":["{{v}}",29532208,870023],"K_490\/21.4.0":["{{v}}",30402231,10921],"K_490\/21.4.1":["{{v}}",30413152,1397826],"K_490\/21.4.2":["{{v}}",31810978,797715],"K_490\/21.4.3":["{{v}}",32608693,281444],"K_490\/21.4.4":["{{v}}",32890137,561983],"K_490\/22.0.0":["{{w}}",151229,1809645],"K_490\/22.0.1":["{{w}}",1960874,679355],"K_490\/22.0.2":["{{w}}",2640229,977230],"K_490\/22.0.3":["{{w}}",3617459,1983291],"K_490\/22.0.4":["{{w}}",5600750,2701473],"K_490\/22.1.0":["{{w}}",8302223,2794011],"K_490\/22.1.1":["{{w}}",11096234,3601598],"K_490\/22.1.2":["{{w}}",14697832,2738690],"K_490\/22.1.3":["{{w}}",17436522,1837013],"K_490\/22.1.4":["{{w}}",19273535,3275714],"K_490\/22.2.0":["{{w}}",22549249,2370651],"K_490\/22.2.1":["{{w}}",24919900,2244501],"K_490\/22.2.2":["{{w}}",27164401,140649],"K_490\/22.2.3":["{{w}}",27305050,450270],"K_490\/22.2.4":["{{w}}",27755320,309928],"K_490\/22.3.0":["{{w}}",28065248,1209264],"K_490\/22.3.1":["{{w}}",29274512,1816863],"K_490\/22.3.2":["{{w}}",31091375,5028970],"K_490\/22.3.3":["{{w}}",36120345,1983533],"K_490\/22.3.4":["{{w}}",38103878,473619],"K_490\/22.4.0":["{{w}}",38577497,65241],"K_490\/22.4.1":["{{w}}",38642738,319868],"K_490\/22.4.2":["{{w}}",38962606,1270425],"K_490\/22.4.3":["{{w}}",40233031,422900],"K_490\/22.4.4":["{{w}}",40655931,15922],"K_490\/23.0.0":["{{x}}",151229,62401],"K_490\/23.0.1":["{{x}}",213630,778196],"K_490\/23.0.2":["{{x}}",991826,1524289],"K_490\/23.0.3":["{{x}}",2516115,2391174],"K_490\/23.0.4":["{{x}}",4907289,216556],"K_490\/23.1.0":["{{x}}",5123845,168403],"K_490\/23.1.1":["{{x}}",5292248,4137863],"K_490\/23.1.2":["{{x}}",9430111,2652285],"K_490\/23.1.3":["{{x}}",12082396,2101100],"K_490\/23.1.4":["{{x}}",14183496,920576],"K_490\/23.2.0":["{{x}}",15104072,21479],"K_490\/23.2.1":["{{x}}",15125551,2801836],"K_490\/23.2.2":["{{x}}",17927387,51311],"K_490\/23.2.3":["{{x}}",17978698,284589],"K_490\/23.2.4":["{{x}}",18263287,194184],"K_490\/23.3.0":["{{x}}",18457471,10921],"K_490\/23.3.1":["{{x}}",18468392,2646877],"K_490\/23.3.2":["{{x}}",21115269,1961206],"K_490\/23.3.3":["{{x}}",23076475,2341607],"K_490\/23.3.4":["{{x}}",25418082,1364396],"K_490\/23.4.0":["{{x}}",26782478,30853],"K_490\/23.4.1":["{{x}}",26813331,141234],"K_490\/23.4.2":["{{x}}",26954565,276839],"K_490\/23.4.3":["{{x}}",27231404,238430],"K_490\/23.4.4":["{{x}}",27469834,870120],"K_490\/24.0.0":["{{y}}",151229,655690],"K_490\/24.0.1":["{{y}}",806919,196779],"K_490\/24.0.2":["{{y}}",1003698,947231],"K_490\/24.0.3":["{{y}}",1950929,1814063],"K_490\/24.0.4":["{{y}}",3764992,1258763],"K_490\/24.1.0":["{{y}}",5023755,2150706],"K_490\/24.1.1":["{{y}}",7174461,3441271],"K_490\/24.1.2":["{{y}}",10615732,2781990],"K_490\/24.1.3":["{{y}}",13397722,2374493],"K_490\/24.1.4":["{{y}}",15772215,2143963],"K_490\/24.2.0":["{{y}}",17916178,2352866],"K_490\/24.2.1":["{{y}}",20269044,1947015],"K_490\/24.2.2":["{{y}}",22216059,138469],"K_490\/24.2.3":["{{y}}",22354528,988603],"K_490\/24.2.4":["{{y}}",23343131,907648],"K_490\/24.3.0":["{{y}}",24250779,652929],"K_490\/24.3.1":["{{y}}",24903708,1038692],"K_490\/24.3.2":["{{y}}",25942400,3307816],"K_490\/24.3.3":["{{y}}",29250216,2892809],"K_490\/24.3.4":["{{y}}",32143025,423820],"K_490\/24.4.0":["{{y}}",32566845,42393],"K_490\/24.4.1":["{{y}}",32609238,669948],"K_490\/24.4.2":["{{y}}",33279186,715356],"K_490\/24.4.3":["{{y}}",33994542,691463],"K_490\/24.4.4":["{{y}}",34686005,113540],"K_490\/25.0.0":["{{z}}",151229,11023],"K_490\/25.0.1":["{{z}}",162252,257725],"K_490\/25.0.2":["{{z}}",419977,1951590],"K_490\/25.0.3":["{{z}}",2371567,1345968],"K_490\/25.0.4":["{{z}}",3717535,325648],"K_490\/25.1.0":["{{z}}",4043183,1548274],"K_490\/25.1.1":["{{z}}",5591457,4897208],"K_490\/25.1.2":["{{z}}",10488665,2569394],"K_490\/25.1.3":["{{z}}",13058059,2367229],"K_490\/25.1.4":["{{z}}",15425288,1289785],"K_490\/25.2.0":["{{z}}",16715073,3448123],"K_490\/25.2.1":["{{z}}",20163196,2803760],"K_490\/25.2.2":["{{z}}",22966956,93928],"K_490\/25.2.3":["{{z}}",23060884,1111442],"K_490\/25.2.4":["{{z}}",24172326,1811102],"K_490\/25.3.0":["{{z}}",25983428,1489644],"K_490\/25.3.1":["{{z}}",27473072,2024722],"K_490\/25.3.2":["{{z}}",29497794,1459213],"K_490\/25.3.3":["{{z}}",30957007,2512831],"K_490\/25.3.4":["{{z}}",33469838,2588210],"K_490\/25.4.0":["{{z}}",36058048,281906],"K_490\/25.4.1":["{{z}}",36339954,535124],"K_490\/25.4.2":["{{z}}",36875078,935371],"K_490\/25.4.3":["{{z}}",37810449,1440155],"K_490\/25.4.4":["{{z}}",39250604,353545],"K_490\/26.0.0":["{{A}}",151229,133805],"K_490\/26.0.1":["{{A}}",285034,163953],"K_490\/26.0.2":["{{A}}",448987,929284],"K_490\/26.0.3":["{{A}}",1378271,1052497],"K_490\/26.0.4":["{{A}}",2430768,977075],"K_490\/26.1.0":["{{A}}",3407843,1564269],"K_490\/26.1.1":["{{A}}",4972112,3159239],"K_490\/26.1.2":["{{A}}",8131351,2757625],"K_490\/26.1.3":["{{A}}",10888976,2066686],"K_490\/26.1.4":["{{A}}",12955662,3524944],"K_490\/26.2.0":["{{A}}",16480606,1225100],"K_490\/26.2.1":["{{A}}",17705706,2949296],"K_490\/26.2.2":["{{A}}",20655002,139987],"K_490\/26.2.3":["{{A}}",20794989,976601],"K_490\/26.2.4":["{{A}}",21771590,998843],"K_490\/26.3.0":["{{A}}",22770433,95678],"K_490\/26.3.1":["{{A}}",22866111,1257805],"K_490\/26.3.2":["{{A}}",24123916,2842388],"K_490\/26.3.3":["{{A}}",26966304,1884426],"K_490\/26.3.4":["{{A}}",28850730,595510],"K_490\/26.4.0":["{{A}}",29446240,81936],"K_490\/26.4.1":["{{A}}",29528176,976401],"K_490\/26.4.2":["{{A}}",30504577,970892],"K_490\/26.4.3":["{{A}}",31475469,1131770],"K_490\/26.4.4":["{{A}}",32607239,414227],"K_490\/27.0.0":["{{B}}",151229,153873],"K_490\/27.0.1":["{{B}}",305102,318737],"K_490\/27.0.2":["{{B}}",623839,395119],"K_490\/27.0.3":["{{B}}",1018958,1053630],"K_490\/27.0.4":["{{B}}",2072588,991003],"K_490\/27.1.0":["{{B}}",3063591,2515932],"K_490\/27.1.1":["{{B}}",5579523,4103739],"K_490\/27.1.2":["{{B}}",9683262,2429486],"K_490\/27.1.3":["{{B}}",12112748,1155734],"K_490\/27.1.4":["{{B}}",13268482,1610291],"K_490\/27.2.0":["{{B}}",14878773,3278673],"K_490\/27.2.1":["{{B}}",18157446,2619975],"K_490\/27.2.2":["{{B}}",20777421,96434],"K_490\/27.2.3":["{{B}}",20873855,375733],"K_490\/27.2.4":["{{B}}",21249588,3081509],"K_490\/27.3.0":["{{B}}",24331097,456303],"K_490\/27.3.1":["{{B}}",24787400,1549162],"K_490\/27.3.2":["{{B}}",26336562,1771069],"K_490\/27.3.3":["{{B}}",28107631,2198848],"K_490\/27.3.4":["{{B}}",30306479,1423867],"K_490\/27.4.0":["{{B}}",31730346,33690],"K_490\/27.4.1":["{{B}}",31764036,178057],"K_490\/27.4.2":["{{B}}",31942093,1901022],"K_490\/27.4.3":["{{B}}",33843115,652516],"K_490\/27.4.4":["{{B}}",34495631,1029957],"K_490\/28.0.0":["{{C}}",151229,58612],"K_490\/28.0.1":["{{C}}",209841,387858],"K_490\/28.0.2":["{{C}}",597699,765639],"K_490\/28.0.3":["{{C}}",1363338,2221958],"K_490\/28.0.4":["{{C}}",3585296,10921],"K_490\/28.1.0":["{{C}}",3596217,354126],"K_490\/28.1.1":["{{C}}",3950343,2961447],"K_490\/28.1.2":["{{C}}",6911790,2690285],"K_490\/28.1.3":["{{C}}",9602075,1856469],"K_490\/28.1.4":["{{C}}",11458544,90706],"K_490\/28.2.0":["{{C}}",11549250,893682],"K_490\/28.2.1":["{{C}}",12442932,3596096],"K_490\/28.2.2":["{{C}}",16039028,79575],"K_490\/28.2.3":["{{C}}",16118603,2632740],"K_490\/28.2.4":["{{C}}",18751343,1109686],"K_490\/28.3.0":["{{C}}",19861029,110269],"K_490\/28.3.1":["{{C}}",19971298,1451435],"K_490\/28.3.2":["{{C}}",21422733,1580578],"K_490\/28.3.3":["{{C}}",23003311,2314540],"K_490\/28.3.4":["{{C}}",25317851,455355],"K_490\/28.4.0":["{{C}}",25773206,24544],"K_490\/28.4.1":["{{C}}",25797750,742495],"K_490\/28.4.2":["{{C}}",26540245,209390],"K_490\/28.4.3":["{{C}}",26749635,2239484],"K_490\/28.4.4":["{{C}}",28989119,229260],"K_490\/29.0.0":["{{D}}",151229,1270338],"K_490\/29.0.1":["{{D}}",1421567,400969],"K_490\/29.0.2":["{{D}}",1822536,645507],"K_490\/29.0.3":["{{D}}",2468043,1893963],"K_490\/29.0.4":["{{D}}",4362006,807503],"K_490\/29.1.0":["{{D}}",5169509,2796192],"K_490\/29.1.1":["{{D}}",7965701,3138391],"K_490\/29.1.2":["{{D}}",11104092,2219875],"K_490\/29.1.3":["{{D}}",13323967,1279076],"K_490\/29.1.4":["{{D}}",14603043,3146778],"K_490\/29.2.0":["{{D}}",17749821,2916552],"K_490\/29.2.1":["{{D}}",20666373,2784899],"K_490\/29.2.2":["{{D}}",23451272,103994],"K_490\/29.2.3":["{{D}}",23555266,404856],"K_490\/29.2.4":["{{D}}",23960122,3578307],"K_490\/29.3.0":["{{D}}",27538429,1081705],"K_490\/29.3.1":["{{D}}",28620134,1414043],"K_490\/29.3.2":["{{D}}",30034177,864840],"K_490\/29.3.3":["{{D}}",30899017,1745591],"K_490\/29.3.4":["{{D}}",32644608,1486487],"K_490\/29.4.0":["{{D}}",34131095,35627],"K_490\/29.4.1":["{{D}}",34166722,606115],"K_490\/29.4.2":["{{D}}",34772837,439983],"K_490\/29.4.3":["{{D}}",35212820,652007],"K_490\/29.4.4":["{{D}}",35864827,476186],"K_490\/30.0.0":["{{E}}",151229,279415],"K_490\/30.0.1":["{{E}}",430644,445742],"K_490\/30.0.2":["{{E}}",876386,430904],"K_490\/30.0.3":["{{E}}",1307290,1547698],"K_490\/30.0.4":["{{E}}",2854988,137925],"K_490\/30.1.0":["{{E}}",2992913,816902],"K_490\/30.1.1":["{{E}}",3809815,3908118],"K_490\/30.1.2":["{{E}}",7717933,3634113],"K_490\/30.1.3":["{{E}}",11352046,1728355],"K_490\/30.1.4":["{{E}}",13080401,116901],"K_490\/30.2.0":["{{E}}",13197302,282266],"K_490\/30.2.1":["{{E}}",13479568,4132231],"K_490\/30.2.2":["{{E}}",17611799,31594],"K_490\/30.2.3":["{{E}}",17643393,1807932],"K_490\/30.2.4":["{{E}}",19451325,814624],"K_490\/30.3.0":["{{E}}",20265949,12498],"K_490\/30.3.1":["{{E}}",20278447,2294144],"K_490\/30.3.2":["{{E}}",22572591,2090044],"K_490\/30.3.3":["{{E}}",24662635,1624316],"K_490\/30.3.4":["{{E}}",26286951,2354418],"K_490\/30.4.0":["{{E}}",28641369,10921],"K_490\/30.4.1":["{{E}}",28652290,85703],"K_490\/30.4.2":["{{E}}",28737993,854759],"K_490\/30.4.3":["{{E}}",29592752,857455],"K_490\/30.4.4":["{{E}}",30450207,639610]}}