{"version":1,"templates":{"a":"s3:\/\/imos-data\/IMOS\/SRS\/OC\/gridded\/aqua\/P1D\/2011\/11\/A.P1D.20111101T053000Z.aust.chl_oc3.nc","b":"s3:\/\/imos-data\/IMOS\/SRS\/OC\/gridded\/aqua\/P1D\/2011\/11\/A.P1D.20111102T053000Z.aust.chl_oc3.nc","c":"s3:\/\/imos-data\/IMOS\/SRS\/OC\/gridded\/aqua\/P1D\/2011\/11\/A.P1D.20111103T053000Z.aust.chl_oc3.nc","d":"s3:\/\/imos-data\/IMOS\/SRS\/OC\/gridded\/aqua\/P1D\/2011\/11\/A.P1D.20111104T053000Z.aust.chl_oc3.nc","e":"s3:\/\/imos-data\/IMOS\/SRS\/OC\/gridded\/aqua\/P1D\/2011\/11\/A.P1D.20111105T053000Z.aust.chl_oc3.nc","f":"s3:\/\/imos-data\/IMOS\/SRS\/OC\/gridded\/aqua\/P1D\/2011\/11\/A.P1D.20111106T053000Z.aust.chl_oc3.nc","g":"s3:\/\/imos-data\/IMOS\/SRS\/OC\/gridded\/aqua\/P1D\/2011\/11\/A.P1D.20111107T053000Z.aust.chl_oc3.nc","h":"s3:\/\/imos-data\/IMOS\/SRS\/OC\/gridded\/aqua\/P1D\/2011\/11\/A.P1D.20111108T053000Z.aust.chl_oc3.nc","i":"s3:\/\/imos-data\/IMOS\/SRS\/OC\/gridded\/aqua\/P1D\/2011\/11\/A.P1D.20111109T053000Z.aust.chl_oc3.nc","j":"s3:\/\/imos-data\/IMOS\/SRS\/OC\/gridded\/aqua\/P1D\/2011\/11\/A.P1D.20111110T053000Z.aust.chl_oc3.nc","k":"s3:\/\/imos-data\/IMOS\/SRS\/OC\/gridded\/aqua\/P1D\/2011\/11\/A.P1D.20111111T053000Z.aust.chl_oc3.nc","l":"s3:\/\/imos-data\/IMOS\/SRS\/OC\/gridded\/aqua\/P1D\/2011\/11\/A.P1D.20111112T053000Z.aust.chl_oc3.nc","m":"s3:\/\/imos-data\/IMOS\/SRS\/OC\/gridded\/aqua\/P1D\/2011\/11\/A.P1D.20111113T053000Z.aust.chl_oc3.nc","n":"s3:\/\/imos-data\/IMOS\/SRS\/OC\/gridded\/aqua\/P1D\/2011\/11\/A.P1D.20111114T053000Z.aust.chl_oc3.nc","o":"s3:\/\/imos-data\/IMOS\/SRS\/OC\/gridded\/aqua\/P1D\/2011\/11\/A.P1D.20111115T053000Z.aust.chl_oc3.nc","p":"s3:\/\/imos-data\/IMOS\/SRS\/OC\/gridded\/aqua\/P1D\/2011\/11\/A.P1D.20111116T053000Z.aust.chl_oc3.nc","q":"s3:\/\/imos-data\/IMOS\/SRS\/OC\/gridded\/aqua\/P1D\/2011\/11\/A.P1D.20111117T053000Z.aust.chl_oc3.nc","r":"s3:\/\/imos-data\/IMOS\/SRS\/OC\/gridded\/aqua\/P1D\/2011\/11\/A.P1D.20111118T053000Z.aust.chl_oc3.nc","s":"s3:\/\/imos-data\/IMOS\/SRS\/OC\/gridded\/aqua\/P1D\/2011\/11\/A.P1D.20111119T053000Z.aust.chl_oc3.nc","t":"s3:\/\/imos-data\/IMOS\/SRS\/OC\/gridded\/aqua\/P1D\/2011\/11\/A.P1D.20111120T053000Z.aust.chl_oc3.nc","u":"s3:\/\/imos-data\/IMOS\/SRS\/OC\/gridded\/aqua\/P1D\/2011\/11\/A.P1D.20111121T053000Z.aust.chl_oc3.nc","v":"s3:\/\/imos-data\/IMOS\/SRS\/OC\/gridded\/aqua\/P1D\/2011\/11\/A.P1D.20111122T053000Z.aust.chl_oc3.nc","w":"s3:\/\/imos-data\/IMOS\/SRS\/OC\/gridded\/aqua\/P1D\/2011\/11\/A.P1D.20111123T053000Z.aust.chl_oc3.nc","x":"s3:\/\/imos-data\/IMOS\/SRS\/OC\/gridded\/aqua\/P1D\/2011\/11\/A.P1D.20111124T053000Z.aust.chl_oc3.nc","y":"s3:\/\/imos-data\/IMOS\/SRS\/OC\/gridded\/aqua\/P1D\/2011\/11\/A.P1D.20111125T053000Z.aust.chl_oc3.nc","z":"s3:\/\/imos-data\/IMOS\/SRS\/OC\/gridded\/aqua\/P1D\/2011\/11\/A.P1D.20111126T053000Z.aust.chl_oc3.nc","A":"s3:\/\/imos-data\/IMOS\/SRS\/OC\/gridded\/aqua\/P1D\/2011\/11\/A.P1D.20111127T053000Z.aust.chl_oc3.nc","B":"s3:\/\/imos-data\/IMOS\/SRS\/OC\/gridded\/aqua\/P1D\/2011\/11\/A.P1D.20111128T053000Z.aust.chl_oc3.nc","C":"s3:\/\/imos-data\/IMOS\/SRS\/OC\/gridded\/aqua\/P1D\/2011\/11\/A.P1D.20111129T053000Z.aust.chl_oc3.nc","D":"s3:\/\/imos-data\/IMOS\/SRS\/OC\/gridded\/aqua\/P1D\/2011\/11\/A.P1D.20111130T053000Z.aust.chl_oc3.nc"},"refs":{".zgroup":"{\"zarr_format\":2}",".zattrs":"{\"Conventions\":\"CF-1.6\",\"_NCProperties\":\"version=1|netcdflibversion=4.6.1|hdf5libversion=1.10.4\",\"_nc3_strict\":1,\"history\":\"File initialised at 2020-08-06T06:06:50.360179\\nInitialised var chl_oc3 at 2020-08-06T06:07:01.424027\\nAdd Granule A20111101_0320.20190920171047.L2OC_BASE.chl_oc3.nc at 2020-08-06T06:07:02.327392\\nAdd Granule A20111101_0325.20190920180223.L2OC_BASE.chl_oc3.nc at 2020-08-06T06:07:02.546401\\nAdd Granule A20111101_0330.20190920180911.L2OC_BASE.chl_oc3.nc at 2020-08-06T06:07:02.732419\\nAdd Granule A20111101_0335.20190920183733.L2OC_BASE.chl_oc3.nc at 2020-08-06T06:07:02.951878\\nAdd Granule A20111101_0455.20190920172925.L2OC_BASE.chl_oc3.nc at 2020-08-06T06:07:03.093671\\nAdd Granule A20111101_0500.20190920181652.L2OC_BASE.chl_oc3.nc at 2020-08-06T06:07:03.430377\\nAdd Granule A20111101_0505.20190920175720.L2OC_BASE.chl_oc3.nc at 2020-08-06T06:07:03.649986\\nAdd Granule A20111101_0510.20190920174420.L2OC_BASE.chl_oc3.nc at 2020-08-06T06:07:03.831859\\nAdd Granule A20111101_0515.20190920183031.L2OC_BASE.chl_oc3.nc at 2020-08-06T06:07:03.993552\\nAdd Granule A20111101_0635.20190920172518.L2OC_BASE.chl_oc3.nc at 2020-08-06T06:07:04.193298\\nAdd Granule A20111101_0640.20190920171854.L2OC_BASE.chl_oc3.nc at 2020-08-06T06:07:04.437106\\nAdd Granule A20111101_0645.20190920173348.L2OC_BASE.chl_oc3.nc at 2020-08-06T06:07:04.658651\\nAdd Granule A20111101_0650.20190920182252.L2OC_BASE.chl_oc3.nc at 2020-08-06T06:07:04.841566\\nAdd Granule A20111101_0655.20190920175037.L2OC_BASE.chl_oc3.nc at 2020-08-06T06:07:04.992993\",\"source_path\":\"imos-srs\\\/archive\\\/oc\\\/aqua\\\/1d\\\/v201909\\\/2011\\\/11\\\/A20111101.L2OC_BASE.aust.chl_oc3.nc\"}","longitude\/.zarray":"{\n    \"chunks\": [\n        10001\n    ],\n    \"compressor\": null,\n    \"dtype\": \"<f8\",\n    \"fill_value\": 9.969209968386869e+36,\n    \"filters\": null,\n    \"order\": \"C\",\n    \"shape\": [\n        10001\n    ],\n    \"zarr_format\": 2\n}","longitude\/.zattrs":"{\n    \"NAME\": \"longitude\",\n    \"_ARRAY_DIMENSIONS\": [\n        \"longitude\"\n    ],\n    \"_Netcdf4Dimid\": 2,\n    \"axis\": \"X\",\n    \"long_name\": \"longitude\",\n    \"standard_name\": \"longitude\",\n    \"units\": \"degrees_east\"\n}","longitude\/0":["{{a}}",58400,80008],"latitude\/.zarray":"{\n    \"chunks\": [\n        7001\n    ],\n    \"compressor\": null,\n    \"dtype\": \"<f8\",\n    \"fill_value\": 9.969209968386869e+36,\n    \"filters\": null,\n    \"order\": \"C\",\n    \"shape\": [\n        7001\n    ],\n    \"zarr_format\": 2\n}","latitude\/.zattrs":"{\n    \"NAME\": \"latitude\",\n    \"_ARRAY_DIMENSIONS\": [\n        \"latitude\"\n    ],\n    \"_Netcdf4Dimid\": 1,\n    \"axis\": \"Y\",\n    \"long_name\": \"latitude\",\n    \"standard_name\": \"latitude\",\n    \"units\": \"degrees_north\"\n}","latitude\/0":["{{a}}",2392,56008],"chl_oc3\/.zarray":"{\"chunks\":[1,1401,2001],\"compressor\":{\"id\":\"zlib\",\"level\":4},\"dtype\":\"<f4\",\"fill_value\":-999.0,\"filters\":[{\"elementsize\":4,\"id\":\"shuffle\"}],\"order\":\"C\",\"shape\":[30,7001,10001],\"zarr_format\":2}","chl_oc3\/.zattrs":"{\"_ARRAY_DIMENSIONS\":[\"time\",\"latitude\",\"longitude\"],\"flag_applied\":\"HISATZEN LAND CLDICE NAVFAIL\",\"long_name\":\"Chlorophyll Concentration, OC3 Algorithm\",\"units\":\"mg\\\/m^3\"}","time\/.zarray":"{\"chunks\":[30],\"compressor\":{\"blocksize\":0,\"clevel\":5,\"cname\":\"lz4\",\"id\":\"blosc\",\"shuffle\":1},\"dtype\":\"<M8[us]\",\"fill_value\":0,\"filters\":null,\"order\":\"C\",\"shape\":[30],\"zarr_format\":2}","time\/0":"base64:AgExCPAAAADwAAAArAAAABQAAACUAAAAHwABAAr6AaYGZsYmhuZGpgZmxiaG5kYQAPRVhl41DOS7kmpBGfDHn3ZNJfzUq4JaMQjgt49mPRXspcPh\/xw6WHaUss\/tCylHZYKgvtz6GDZTcY+ty+kGpbnN4fYKHjJGWm6Cl6u\/0+f7DyM3TGB0iJywxNjtsLCwsLCxsbGxsQUAF7IBAB8EAQAKD9EABlAAAAAAAA==","time\/.zattrs":"{\"NAME\":\"time\",\"_ARRAY_DIMENSIONS\":[\"time\"],\"_Netcdf4Dimid\":0,\"axis\":\"T\",\"long_name\":\"time\",\"standard_name\":\"time\"}","chl_oc3\/0.0.0":["{{a}}",151221,465627],"chl_oc3\/0.0.1":["{{a}}",616848,811116],"chl_oc3\/0.0.2":["{{a}}",1427964,1764639],"chl_oc3\/0.0.3":["{{a}}",3192603,3291945],"chl_oc3\/0.0.4":["{{a}}",6484548,10921],"chl_oc3\/0.1.0":["{{a}}",6495469,103975],"chl_oc3\/0.1.1":["{{a}}",6599444,3203015],"chl_oc3\/0.1.2":["{{a}}",9802459,2083317],"chl_oc3\/0.1.3":["{{a}}",11885776,2522593],"chl_oc3\/0.1.4":["{{a}}",14408369,190301],"chl_oc3\/0.2.0":["{{a}}",14598670,718503],"chl_oc3\/0.2.1":["{{a}}",15317173,3680750],"chl_oc3\/0.2.2":["{{a}}",18997923,48170],"chl_oc3\/0.2.3":["{{a}}",19046093,1891794],"chl_oc3\/0.2.4":["{{a}}",20937887,777296],"chl_oc3\/0.3.0":["{{a}}",21715183,101176],"chl_oc3\/0.3.1":["{{a}}",21816359,3985423],"chl_oc3\/0.3.2":["{{a}}",25801782,2023159],"chl_oc3\/0.3.3":["{{a}}",27824941,1736601],"chl_oc3\/0.3.4":["{{a}}",29561542,703540],"chl_oc3\/0.4.0":["{{a}}",30265082,10921],"chl_oc3\/0.4.1":["{{a}}",30276003,352439],"chl_oc3\/0.4.2":["{{a}}",30628442,695174],"chl_oc3\/0.4.3":["{{a}}",31323616,2269640],"chl_oc3\/0.4.4":["{{a}}",33593256,3306365],"chl_oc3\/1.0.0":["{{b}}",151221,388624],"chl_oc3\/1.0.1":["{{b}}",539845,542984],"chl_oc3\/1.0.2":["{{b}}",1082829,1013849],"chl_oc3\/1.0.3":["{{b}}",2096678,1764757],"chl_oc3\/1.0.4":["{{b}}",3861435,1973349],"chl_oc3\/1.1.0":["{{b}}",5834784,1116155],"chl_oc3\/1.1.1":["{{b}}",6950939,2465738],"chl_oc3\/1.1.2":["{{b}}",9416677,1430513],"chl_oc3\/1.1.3":["{{b}}",10847190,1977143],"chl_oc3\/1.1.4":["{{b}}",12824333,2128248],"chl_oc3\/1.2.0":["{{b}}",14952581,3022644],"chl_oc3\/1.2.1":["{{b}}",17975225,2477065],"chl_oc3\/1.2.2":["{{b}}",20452290,35083],"chl_oc3\/1.2.3":["{{b}}",20487373,965111],"chl_oc3\/1.2.4":["{{b}}",21452484,3445412],"chl_oc3\/1.3.0":["{{b}}",24897896,1678529],"chl_oc3\/1.3.1":["{{b}}",26576425,1763624],"chl_oc3\/1.3.2":["{{b}}",28340049,1519367],"chl_oc3\/1.3.3":["{{b}}",29859416,1703023],"chl_oc3\/1.3.4":["{{b}}",31562439,2228122],"chl_oc3\/1.4.0":["{{b}}",33790561,16721],"chl_oc3\/1.4.1":["{{b}}",33807282,277563],"chl_oc3\/1.4.2":["{{b}}",34084845,490595],"chl_oc3\/1.4.3":["{{b}}",34575440,2240135],"chl_oc3\/1.4.4":["{{b}}",36815575,562350],"chl_oc3\/2.0.0":["{{c}}",151221,31148],"chl_oc3\/2.0.1":["{{c}}",182369,33260],"chl_oc3\/2.0.2":["{{c}}",215629,2020249],"chl_oc3\/2.0.3":["{{c}}",2235878,2075669],"chl_oc3\/2.0.4":["{{c}}",4311547,47306],"chl_oc3\/2.1.0":["{{c}}",4358853,500575],"chl_oc3\/2.1.1":["{{c}}",4859428,1258924],"chl_oc3\/2.1.2":["{{c}}",6118352,1906494],"chl_oc3\/2.1.3":["{{c}}",8024846,2223448],"chl_oc3\/2.1.4":["{{c}}",10248294,1136413],"chl_oc3\/2.2.0":["{{c}}",11384707,315267],"chl_oc3\/2.2.1":["{{c}}",11699974,2759074],"chl_oc3\/2.2.2":["{{c}}",14459048,52688],"chl_oc3\/2.2.3":["{{c}}",14511736,1665657],"chl_oc3\/2.2.4":["{{c}}",16177393,1970177],"chl_oc3\/2.3.0":["{{c}}",18147570,12405],"chl_oc3\/2.3.1":["{{c}}",18159975,1836844],"chl_oc3\/2.3.2":["{{c}}",19996819,1434847],"chl_oc3\/2.3.3":["{{c}}",21431666,1961518],"chl_oc3\/2.3.4":["{{c}}",23393184,1931213],"chl_oc3\/2.4.0":["{{c}}",25324397,10921],"chl_oc3\/2.4.1":["{{c}}",25335318,15717],"chl_oc3\/2.4.2":["{{c}}",25351035,88707],"chl_oc3\/2.4.3":["{{c}}",25439742,1384457],"chl_oc3\/2.4.4":["{{c}}",26824199,2308743],"chl_oc3\/3.0.0":["{{d}}",151221,723161],"chl_oc3\/3.0.1":["{{d}}",874382,49524],"chl_oc3\/3.0.2":["{{d}}",923906,445108],"chl_oc3\/3.0.3":["{{d}}",1369014,1799905],"chl_oc3\/3.0.4":["{{d}}",3168919,2993333],"chl_oc3\/3.1.0":["{{d}}",6162252,53015],"chl_oc3\/3.1.1":["{{d}}",6215267,866594],"chl_oc3\/3.1.2":["{{d}}",7081861,1701750],"chl_oc3\/3.1.3":["{{d}}",8783611,1156758],"chl_oc3\/3.1.4":["{{d}}",9940369,3313043],"chl_oc3\/3.2.0":["{{d}}",13253412,1097880],"chl_oc3\/3.2.1":["{{d}}",14351292,2007861],"chl_oc3\/3.2.2":["{{d}}",16359153,123043],"chl_oc3\/3.2.3":["{{d}}",16482196,1321666],"chl_oc3\/3.2.4":["{{d}}",17803862,3418738],"chl_oc3\/3.3.0":["{{d}}",21222600,1460590],"chl_oc3\/3.3.1":["{{d}}",22683190,2522254],"chl_oc3\/3.3.2":["{{d}}",25205444,1801857],"chl_oc3\/3.3.3":["{{d}}",27007301,2192182],"chl_oc3\/3.3.4":["{{d}}",29199483,752771],"chl_oc3\/3.4.0":["{{d}}",29952254,311898],"chl_oc3\/3.4.1":["{{d}}",30264152,669435],"chl_oc3\/3.4.2":["{{d}}",30933587,56076],"chl_oc3\/3.4.3":["{{d}}",30989663,683802],"chl_oc3\/3.4.4":["{{d}}",31673465,1113815],"chl_oc3\/4.0.0":["{{e}}",151221,11759],"chl_oc3\/4.0.1":["{{e}}",162980,160112],"chl_oc3\/4.0.2":["{{e}}",323092,1326212],"chl_oc3\/4.0.3":["{{e}}",1649304,1893072],"chl_oc3\/4.0.4":["{{e}}",3542376,614185],"chl_oc3\/4.1.0":["{{e}}",4156561,149750],"chl_oc3\/4.1.1":["{{e}}",4306311,1894637],"chl_oc3\/4.1.2":["{{e}}",6200948,1748646],"chl_oc3\/4.1.3":["{{e}}",7949594,1100141],"chl_oc3\/4.1.4":["{{e}}",9049735,453591],"chl_oc3\/4.2.0":["{{e}}",9503326,10921],"chl_oc3\/4.2.1":["{{e}}",9514247,2304011],"chl_oc3\/4.2.2":["{{e}}",11818258,40216],"chl_oc3\/4.2.3":["{{e}}",11858474,813193],"chl_oc3\/4.2.4":["{{e}}",12671667,3072118],"chl_oc3\/4.3.0":["{{e}}",15743785,2877635],"chl_oc3\/4.3.1":["{{e}}",18621420,3528384],"chl_oc3\/4.3.2":["{{e}}",22149804,2517846],"chl_oc3\/4.3.3":["{{e}}",24667650,2621134],"chl_oc3\/4.3.4":["{{e}}",27288784,1421927],"chl_oc3\/4.4.0":["{{e}}",28710711,302361],"chl_oc3\/4.4.1":["{{e}}",29013072,568132],"chl_oc3\/4.4.2":["{{e}}",29581204,94712],"chl_oc3\/4.4.3":["{{e}}",29675916,148175],"chl_oc3\/4.4.4":["{{e}}",29824091,1305745],"chl_oc3\/5.0.0":["{{f}}",151221,718462],"chl_oc3\/5.0.1":["{{f}}",869683,20207],"chl_oc3\/5.0.2":["{{f}}",889890,559090],"chl_oc3\/5.0.3":["{{f}}",1448980,1021610],"chl_oc3\/5.0.4":["{{f}}",2470590,2711528],"chl_oc3\/5.1.0":["{{f}}",5182118,1475783],"chl_oc3\/5.1.1":["{{f}}",6657901,1631825],"chl_oc3\/5.1.2":["{{f}}",8289726,1268442],"chl_oc3\/5.1.3":["{{f}}",9558168,1131908],"chl_oc3\/5.1.4":["{{f}}",10690076,2373575],"chl_oc3\/5.2.0":["{{f}}",13063651,1362704],"chl_oc3\/5.2.1":["{{f}}",14426355,3253741],"chl_oc3\/5.2.2":["{{f}}",17680096,41450],"chl_oc3\/5.2.3":["{{f}}",17721546,1971970],"chl_oc3\/5.2.4":["{{f}}",19693516,1480826],"chl_oc3\/5.3.0":["{{f}}",21174342,223952],"chl_oc3\/5.3.1":["{{f}}",21398294,2718379],"chl_oc3\/5.3.2":["{{f}}",24116673,3191923],"chl_oc3\/5.3.3":["{{f}}",27308596,2757367],"chl_oc3\/5.3.4":["{{f}}",30065963,978378],"chl_oc3\/5.4.0":["{{f}}",31044341,29324],"chl_oc3\/5.4.1":["{{f}}",31073665,550475],"chl_oc3\/5.4.2":["{{f}}",31624140,912010],"chl_oc3\/5.4.3":["{{f}}",32536150,237184],"chl_oc3\/5.4.4":["{{f}}",32773334,605847],"chl_oc3\/6.0.0":["{{g}}",151221,2142439],"chl_oc3\/6.0.1":["{{g}}",2293660,451451],"chl_oc3\/6.0.2":["{{g}}",2745111,1467233],"chl_oc3\/6.0.3":["{{g}}",4212344,1436078],"chl_oc3\/6.0.4":["{{g}}",5648422,1300475],"chl_oc3\/6.1.0":["{{g}}",6948897,2962058],"chl_oc3\/6.1.1":["{{g}}",9910955,1022258],"chl_oc3\/6.1.2":["{{g}}",10933213,1146986],"chl_oc3\/6.1.3":["{{g}}",12080199,863440],"chl_oc3\/6.1.4":["{{g}}",12943639,400316],"chl_oc3\/6.2.0":["{{g}}",13343955,3485982],"chl_oc3\/6.2.1":["{{g}}",16829937,1764508],"chl_oc3\/6.2.2":["{{g}}",18594445,89216],"chl_oc3\/6.2.3":["{{g}}",18683661,398205],"chl_oc3\/6.2.4":["{{g}}",19081866,2794705],"chl_oc3\/6.3.0":["{{g}}",21876571,1890162],"chl_oc3\/6.3.1":["{{g}}",23766733,1605021],"chl_oc3\/6.3.2":["{{g}}",25371754,2615459],"chl_oc3\/6.3.3":["{{g}}",27987213,2129638],"chl_oc3\/6.3.4":["{{g}}",30116851,3115729],"chl_oc3\/6.4.0":["{{g}}",33232580,1617261],"chl_oc3\/6.4.1":["{{g}}",34849841,608384],"chl_oc3\/6.4.2":["{{g}}",35458225,1232941],"chl_oc3\/6.4.3":["{{g}}",36691166,1425774],"chl_oc3\/6.4.4":["{{g}}",38116940,288954],"chl_oc3\/7.0.0":["{{h}}",151221,781677],"chl_oc3\/7.0.1":["{{h}}",932898,277050],"chl_oc3\/7.0.2":["{{h}}",1209948,591213],"chl_oc3\/7.0.3":["{{h}}",1801161,989809],"chl_oc3\/7.0.4":["{{h}}",2790970,2577569],"chl_oc3\/7.1.0":["{{h}}",5368539,327599],"chl_oc3\/7.1.1":["{{h}}",5696138,1526861],"chl_oc3\/7.1.2":["{{h}}",7222999,927697],"chl_oc3\/7.1.3":["{{h}}",8150696,1313591],"chl_oc3\/7.1.4":["{{h}}",9464287,822690],"chl_oc3\/7.2.0":["{{h}}",10286977,606923],"chl_oc3\/7.2.1":["{{h}}",10893900,3098528],"chl_oc3\/7.2.2":["{{h}}",13992428,78065],"chl_oc3\/7.2.3":["{{h}}",14070493,2266643],"chl_oc3\/7.2.4":["{{h}}",16337136,583874],"chl_oc3\/7.3.0":["{{h}}",16921010,233648],"chl_oc3\/7.3.1":["{{h}}",17154658,2325933],"chl_oc3\/7.3.2":["{{h}}",19480591,2925837],"chl_oc3\/7.3.3":["{{h}}",22406428,1433092],"chl_oc3\/7.3.4":["{{h}}",23839520,999895],"chl_oc3\/7.4.0":["{{h}}",24839415,45767],"chl_oc3\/7.4.1":["{{h}}",24885182,694710],"chl_oc3\/7.4.2":["{{h}}",25579892,729837],"chl_oc3\/7.4.3":["{{h}}",26309729,693748],"chl_oc3\/7.4.4":["{{h}}",27003477,493152],"chl_oc3\/8.0.0":["{{i}}",151221,2597236],"chl_oc3\/8.0.1":["{{i}}",2748457,1415752],"chl_oc3\/8.0.2":["{{i}}",4164209,1352102],"chl_oc3\/8.0.3":["{{i}}",5516311,1668023],"chl_oc3\/8.0.4":["{{i}}",7184334,2447620],"chl_oc3\/8.1.0":["{{i}}",9631954,2779137],"chl_oc3\/8.1.1":["{{i}}",12411091,946339],"chl_oc3\/8.1.2":["{{i}}",13357430,1043249],"chl_oc3\/8.1.3":["{{i}}",14400679,1535928],"chl_oc3\/8.1.4":["{{i}}",15936607,1566316],"chl_oc3\/8.2.0":["{{i}}",17502923,2632621],"chl_oc3\/8.2.1":["{{i}}",20135544,1654969],"chl_oc3\/8.2.2":["{{i}}",21790513,121360],"chl_oc3\/8.2.3":["{{i}}",21911873,781635],"chl_oc3\/8.2.4":["{{i}}",22693508,1787256],"chl_oc3\/8.3.0":["{{i}}",24480764,2461506],"chl_oc3\/8.3.1":["{{i}}",26942270,1090705],"chl_oc3\/8.3.2":["{{i}}",28032975,2655936],"chl_oc3\/8.3.3":["{{i}}",30688911,518121],"chl_oc3\/8.3.4":["{{i}}",31207032,1426995],"chl_oc3\/8.4.0":["{{i}}",32634027,590104],"chl_oc3\/8.4.1":["{{i}}",33224131,442053],"chl_oc3\/8.4.2":["{{i}}",33666184,713709],"chl_oc3\/8.4.3":["{{i}}",34379893,201729],"chl_oc3\/8.4.4":["{{i}}",34581622,509756],"chl_oc3\/9.0.0":["{{j}}",151221,1599582],"chl_oc3\/9.0.1":["{{j}}",1750803,1711952],"chl_oc3\/9.0.2":["{{j}}",3462755,2273468],"chl_oc3\/9.0.3":["{{j}}",5736223,1891797],"chl_oc3\/9.0.4":["{{j}}",7628020,20216],"chl_oc3\/9.1.0":["{{j}}",7648236,324595],"chl_oc3\/9.1.1":["{{j}}",7972831,1409982],"chl_oc3\/9.1.2":["{{j}}",9382813,1923477],"chl_oc3\/9.1.3":["{{j}}",11306290,1396694],"chl_oc3\/9.1.4":["{{j}}",12702984,163840],"chl_oc3\/9.2.0":["{{j}}",12866824,624712],"chl_oc3\/9.2.1":["{{j}}",13491536,2847936],"chl_oc3\/9.2.2":["{{j}}",16339472,53547],"chl_oc3\/9.2.3":["{{j}}",16393019,1766889],"chl_oc3\/9.2.4":["{{j}}",18159908,1593779],"chl_oc3\/9.3.0":["{{j}}",19753687,41845],"chl_oc3\/9.3.1":["{{j}}",19795532,2570478],"chl_oc3\/9.3.2":["{{j}}",22366010,2777293],"chl_oc3\/9.3.3":["{{j}}",25143303,1000068],"chl_oc3\/9.3.4":["{{j}}",26143371,2266261],"chl_oc3\/9.4.0":["{{j}}",28409632,10921],"chl_oc3\/9.4.1":["{{j}}",28420553,1160006],"chl_oc3\/9.4.2":["{{j}}",29580559,955792],"chl_oc3\/9.4.3":["{{j}}",30536351,823759],"chl_oc3\/9.4.4":["{{j}}",31360110,1298217],"chl_oc3\/10.0.0":["{{k}}",151221,1627128],"chl_oc3\/10.0.1":["{{k}}",1778349,638559],"chl_oc3\/10.0.2":["{{k}}",2416908,1374995],"chl_oc3\/10.0.3":["{{k}}",3791903,434372],"chl_oc3\/10.0.4":["{{k}}",4226275,2958113],"chl_oc3\/10.1.0":["{{k}}",7184388,1846012],"chl_oc3\/10.1.1":["{{k}}",9030400,1879943],"chl_oc3\/10.1.2":["{{k}}",10910343,1931593],"chl_oc3\/10.1.3":["{{k}}",12841936,1715806],"chl_oc3\/10.1.4":["{{k}}",14557742,1669125],"chl_oc3\/10.2.0":["{{k}}",16226867,2454878],"chl_oc3\/10.2.1":["{{k}}",18681745,2604522],"chl_oc3\/10.2.2":["{{k}}",21286267,143350],"chl_oc3\/10.2.3":["{{k}}",21429617,1167367],"chl_oc3\/10.2.4":["{{k}}",22596984,3422399],"chl_oc3\/10.3.0":["{{k}}",26019383,783692],"chl_oc3\/10.3.1":["{{k}}",26803075,1514060],"chl_oc3\/10.3.2":["{{k}}",28317135,3217902],"chl_oc3\/10.3.3":["{{k}}",31535037,3516144],"chl_oc3\/10.3.4":["{{k}}",35051181,1478817],"chl_oc3\/10.4.0":["{{k}}",36529998,440262],"chl_oc3\/10.4.1":["{{k}}",36970260,693168],"chl_oc3\/10.4.2":["{{k}}",37663428,1332784],"chl_oc3\/10.4.3":["{{k}}",38996212,1588712],"chl_oc3\/10.4.4":["{{k}}",40584924,714854],"chl_oc3\/11.0.0":["{{l}}",151221,39727],"chl_oc3\/11.0.1":["{{l}}",190948,1341301],"chl_oc3\/11.0.2":["{{l}}",1532249,761096],"chl_oc3\/11.0.3":["{{l}}",2293345,2854849],"chl_oc3\/11.0.4":["{{l}}",5148194,149009],"chl_oc3\/11.1.0":["{{l}}",5297203,155115],"chl_oc3\/11.1.1":["{{l}}",5452318,2761371],"chl_oc3\/11.1.2":["{{l}}",8213689,1978186],"chl_oc3\/11.1.3":["{{l}}",10191875,1942304],"chl_oc3\/11.1.4":["{{l}}",12134179,710533],"chl_oc3\/11.2.0":["{{l}}",12844712,37099],"chl_oc3\/11.2.1":["{{l}}",12881811,2730949],"chl_oc3\/11.2.2":["{{l}}",15612760,11244],"chl_oc3\/11.2.3":["{{l}}",15624004,756938],"chl_oc3\/11.2.4":["{{l}}",16380942,2048612],"chl_oc3\/11.3.0":["{{l}}",18429554,10921],"chl_oc3\/11.3.1":["{{l}}",18440475,701626],"chl_oc3\/11.3.2":["{{l}}",19142101,2046210],"chl_oc3\/11.3.3":["{{l}}",21188311,2040805],"chl_oc3\/11.3.4":["{{l}}",23229116,2138037],"chl_oc3\/11.4.0":["{{l}}",25367153,35313],"chl_oc3\/11.4.1":["{{l}}",25402466,1177182],"chl_oc3\/11.4.2":["{{l}}",26579648,577650],"chl_oc3\/11.4.3":["{{l}}",27157298,833988],"chl_oc3\/11.4.4":["{{l}}",27991286,2365751],"chl_oc3\/12.0.0":["{{m}}",151221,2874266],"chl_oc3\/12.0.1":["{{m}}",3025487,934761],"chl_oc3\/12.0.2":["{{m}}",3960248,1265370],"chl_oc3\/12.0.3":["{{m}}",5225618,2679886],"chl_oc3\/12.0.4":["{{m}}",7905504,918972],"chl_oc3\/12.1.0":["{{m}}",8824476,927914],"chl_oc3\/12.1.1":["{{m}}",9752390,764147],"chl_oc3\/12.1.2":["{{m}}",10516537,2513451],"chl_oc3\/12.1.3":["{{m}}",13029988,1918659],"chl_oc3\/12.1.4":["{{m}}",14948647,850923],"chl_oc3\/12.2.0":["{{m}}",15799570,1206120],"chl_oc3\/12.2.1":["{{m}}",17005690,1541251],"chl_oc3\/12.2.2":["{{m}}",18546941,69563],"chl_oc3\/12.2.3":["{{m}}",18616504,1737101],"chl_oc3\/12.2.4":["{{m}}",20353605,2059715],"chl_oc3\/12.3.0":["{{m}}",22413320,697573],"chl_oc3\/12.3.1":["{{m}}",23110893,1604517],"chl_oc3\/12.3.2":["{{m}}",24715410,3154532],"chl_oc3\/12.3.3":["{{m}}",27869942,2213315],"chl_oc3\/12.3.4":["{{m}}",30083257,1145741],"chl_oc3\/12.4.0":["{{m}}",31228998,683027],"chl_oc3\/12.4.1":["{{m}}",31912025,2454467],"chl_oc3\/12.4.2":["{{m}}",34366492,2214902],"chl_oc3\/12.4.3":["{{m}}",36581394,1684752],"chl_oc3\/12.4.4":["{{m}}",38266146,894949],"chl_oc3\/13.0.0":["{{n}}",151221,110501],"chl_oc3\/13.0.1":["{{n}}",261722,927744],"chl_oc3\/13.0.2":["{{n}}",1189466,2442189],"chl_oc3\/13.0.3":["{{n}}",3631655,1790743],"chl_oc3\/13.0.4":["{{n}}",5422398,1248364],"chl_oc3\/13.1.0":["{{n}}",6670762,1219665],"chl_oc3\/13.1.1":["{{n}}",7890427,2406471],"chl_oc3\/13.1.2":["{{n}}",10296898,1610021],"chl_oc3\/13.1.3":["{{n}}",11906919,1405156],"chl_oc3\/13.1.4":["{{n}}",13312075,1390969],"chl_oc3\/13.2.0":["{{n}}",14703044,3198988],"chl_oc3\/13.2.1":["{{n}}",17902032,1809895],"chl_oc3\/13.2.2":["{{n}}",19711927,112872],"chl_oc3\/13.2.3":["{{n}}",19824799,829140],"chl_oc3\/13.2.4":["{{n}}",20653939,2635269],"chl_oc3\/13.3.0":["{{n}}",23289208,2395683],"chl_oc3\/13.3.1":["{{n}}",25684891,2984810],"chl_oc3\/13.3.2":["{{n}}",28669701,3528789],"chl_oc3\/13.3.3":["{{n}}",32198490,1477452],"chl_oc3\/13.3.4":["{{n}}",33675942,3635559],"chl_oc3\/13.4.0":["{{n}}",37311501,1560274],"chl_oc3\/13.4.1":["{{n}}",38871775,2131369],"chl_oc3\/13.4.2":["{{n}}",41003144,2582850],"chl_oc3\/13.4.3":["{{n}}",43585994,786372],"chl_oc3\/13.4.4":["{{n}}",44372366,1961174],"chl_oc3\/14.0.0":["{{o}}",151221,2003374],"chl_oc3\/14.0.1":["{{o}}",2154595,245339],"chl_oc3\/14.0.2":["{{o}}",2399934,1277663],"chl_oc3\/14.0.3":["{{o}}",3677597,3691917],"chl_oc3\/14.0.4":["{{o}}",7369514,2621350],"chl_oc3\/14.1.0":["{{o}}",9990864,481967],"chl_oc3\/14.1.1":["{{o}}",10472831,2178350],"chl_oc3\/14.1.2":["{{o}}",12651181,1566536],"chl_oc3\/14.1.3":["{{o}}",14217717,2577920],"chl_oc3\/14.1.4":["{{o}}",16795637,491866],"chl_oc3\/14.2.0":["{{o}}",17287503,543286],"chl_oc3\/14.2.1":["{{o}}",17830789,2795011],"chl_oc3\/14.2.2":["{{o}}",20625800,61138],"chl_oc3\/14.2.3":["{{o}}",20686938,2551399],"chl_oc3\/14.2.4":["{{o}}",23238337,898469],"chl_oc3\/14.3.0":["{{o}}",24136806,321200],"chl_oc3\/14.3.1":["{{o}}",24458006,848498],"chl_oc3\/14.3.2":["{{o}}",25306504,4061747],"chl_oc3\/14.3.3":["{{o}}",29368251,3594907],"chl_oc3\/14.3.4":["{{o}}",32963158,1552967],"chl_oc3\/14.4.0":["{{o}}",34516125,94243],"chl_oc3\/14.4.1":["{{o}}",34610368,1664471],"chl_oc3\/14.4.2":["{{o}}",36274839,3029926],"chl_oc3\/14.4.3":["{{o}}",39304765,3174479],"chl_oc3\/14.4.4":["{{o}}",42479244,842447],"chl_oc3\/15.0.0":["{{p}}",151221,3922634],"chl_oc3\/15.0.1":["{{p}}",4073855,461210],"chl_oc3\/15.0.2":["{{p}}",4535065,610436],"chl_oc3\/15.0.3":["{{p}}",5145501,1970192],"chl_oc3\/15.0.4":["{{p}}",7115693,2292693],"chl_oc3\/15.1.0":["{{p}}",9408386,2729269],"chl_oc3\/15.1.1":["{{p}}",12137655,2386746],"chl_oc3\/15.1.2":["{{p}}",14524401,1524244],"chl_oc3\/15.1.3":["{{p}}",16048645,750445],"chl_oc3\/15.1.4":["{{p}}",16799090,1336316],"chl_oc3\/15.2.0":["{{p}}",18135406,3264780],"chl_oc3\/15.2.1":["{{p}}",21400186,1867361],"chl_oc3\/15.2.2":["{{p}}",23267547,106632],"chl_oc3\/15.2.3":["{{p}}",23374179,718591],"chl_oc3\/15.2.4":["{{p}}",24092770,2737107],"chl_oc3\/15.3.0":["{{p}}",26829877,1197979],"chl_oc3\/15.3.1":["{{p}}",28027856,1234721],"chl_oc3\/15.3.2":["{{p}}",29262577,1808922],"chl_oc3\/15.3.3":["{{p}}",31071499,2649661],"chl_oc3\/15.3.4":["{{p}}",33721160,3064470],"chl_oc3\/15.4.0":["{{p}}",36785630,198502],"chl_oc3\/15.4.1":["{{p}}",36984132,1431487],"chl_oc3\/15.4.2":["{{p}}",38415619,2182774],"chl_oc3\/15.4.3":["{{p}}",40598393,2252308],"chl_oc3\/15.4.4":["{{p}}",42850701,1414729],"chl_oc3\/16.0.0":["{{q}}",151221,1224086],"chl_oc3\/16.0.1":["{{q}}",1375307,1012045],"chl_oc3\/16.0.2":["{{q}}",2387352,1403459],"chl_oc3\/16.0.3":["{{q}}",3790811,3211855],"chl_oc3\/16.0.4":["{{q}}",7002666,10921],"chl_oc3\/16.1.0":["{{q}}",7013587,257436],"chl_oc3\/16.1.1":["{{q}}",7271023,2567382],"chl_oc3\/16.1.2":["{{q}}",9838405,1591243],"chl_oc3\/16.1.3":["{{q}}",11429648,1850764],"chl_oc3\/16.1.4":["{{q}}",13280412,84611],"chl_oc3\/16.2.0":["{{q}}",13365023,480852],"chl_oc3\/16.2.1":["{{q}}",13845875,2996453],"chl_oc3\/16.2.2":["{{q}}",16842328,108028],"chl_oc3\/16.2.3":["{{q}}",16950356,1445364],"chl_oc3\/16.2.4":["{{q}}",18395720,1044885],"chl_oc3\/16.3.0":["{{q}}",19440605,204186],"chl_oc3\/16.3.1":["{{q}}",19644791,3600163],"chl_oc3\/16.3.2":["{{q}}",23244954,2145392],"chl_oc3\/16.3.3":["{{q}}",25390346,1939937],"chl_oc3\/16.3.4":["{{q}}",27330283,2119202],"chl_oc3\/16.4.0":["{{q}}",29449485,11768],"chl_oc3\/16.4.1":["{{q}}",29461253,1055292],"chl_oc3\/16.4.2":["{{q}}",30516545,818713],"chl_oc3\/16.4.3":["{{q}}",31335258,1482715],"chl_oc3\/16.4.4":["{{q}}",32817973,1434771],"chl_oc3\/17.0.0":["{{r}}",151221,3173793],"chl_oc3\/17.0.1":["{{r}}",3325014,1032082],"chl_oc3\/17.0.2":["{{r}}",4357096,1680313],"chl_oc3\/17.0.3":["{{r}}",6037409,1645428],"chl_oc3\/17.0.4":["{{r}}",7682837,1241914],"chl_oc3\/17.1.0":["{{r}}",8924751,1377324],"chl_oc3\/17.1.1":["{{r}}",10302075,1311099],"chl_oc3\/17.1.2":["{{r}}",11613174,1651536],"chl_oc3\/17.1.3":["{{r}}",13264710,829738],"chl_oc3\/17.1.4":["{{r}}",14094448,942005],"chl_oc3\/17.2.0":["{{r}}",15036453,2264123],"chl_oc3\/17.2.1":["{{r}}",17300576,2262493],"chl_oc3\/17.2.2":["{{r}}",19563069,114562],"chl_oc3\/17.2.3":["{{r}}",19677631,469409],"chl_oc3\/17.2.4":["{{r}}",20147040,2255273],"chl_oc3\/17.3.0":["{{r}}",22402313,937250],"chl_oc3\/17.3.1":["{{r}}",23339563,2509929],"chl_oc3\/17.3.2":["{{r}}",25849492,4461299],"chl_oc3\/17.3.3":["{{r}}",30310791,1909582],"chl_oc3\/17.3.4":["{{r}}",32220373,2273014],"chl_oc3\/17.4.0":["{{r}}",34493387,735455],"chl_oc3\/17.4.1":["{{r}}",35228842,1111918],"chl_oc3\/17.4.2":["{{r}}",36340760,1685654],"chl_oc3\/17.4.3":["{{r}}",38026414,572035],"chl_oc3\/17.4.4":["{{r}}",38598449,626141],"chl_oc3\/18.0.0":["{{s}}",151221,839621],"chl_oc3\/18.0.1":["{{s}}",990842,919516],"chl_oc3\/18.0.2":["{{s}}",1910358,2861494],"chl_oc3\/18.0.3":["{{s}}",4771852,2304482],"chl_oc3\/18.0.4":["{{s}}",7076334,73662],"chl_oc3\/18.1.0":["{{s}}",7149996,133552],"chl_oc3\/18.1.1":["{{s}}",7283548,1337269],"chl_oc3\/18.1.2":["{{s}}",8620817,2535052],"chl_oc3\/18.1.3":["{{s}}",11155869,1013086],"chl_oc3\/18.1.4":["{{s}}",12168955,68795],"chl_oc3\/18.2.0":["{{s}}",12237750,312409],"chl_oc3\/18.2.1":["{{s}}",12550159,3121555],"chl_oc3\/18.2.2":["{{s}}",15671714,17633],"chl_oc3\/18.2.3":["{{s}}",15689347,717858],"chl_oc3\/18.2.4":["{{s}}",16407205,1711396],"chl_oc3\/18.3.0":["{{s}}",18118601,10921],"chl_oc3\/18.3.1":["{{s}}",18129522,1491801],"chl_oc3\/18.3.2":["{{s}}",19621323,3350527],"chl_oc3\/18.3.3":["{{s}}",22971850,1571209],"chl_oc3\/18.3.4":["{{s}}",24543059,2051607],"chl_oc3\/18.4.0":["{{s}}",26594666,10921],"chl_oc3\/18.4.1":["{{s}}",26605587,441311],"chl_oc3\/18.4.2":["{{s}}",27046898,2165659],"chl_oc3\/18.4.3":["{{s}}",29212557,2426467],"chl_oc3\/18.4.4":["{{s}}",31639024,714455],"chl_oc3\/19.0.0":["{{t}}",151221,2290194],"chl_oc3\/19.0.1":["{{t}}",2441415,1295926],"chl_oc3\/19.0.2":["{{t}}",3737341,1682289],"chl_oc3\/19.0.3":["{{t}}",5419630,1987517],"chl_oc3\/19.0.4":["{{t}}",7407147,2931861],"chl_oc3\/19.1.0":["{{t}}",10339008,13470],"chl_oc3\/19.1.1":["{{t}}",10352478,867412],"chl_oc3\/19.1.2":["{{t}}",11219890,1968919],"chl_oc3\/19.1.3":["{{t}}",13188809,1335668],"chl_oc3\/19.1.4":["{{t}}",14524477,1347017],"chl_oc3\/19.2.0":["{{t}}",15871494,1238012],"chl_oc3\/19.2.1":["{{t}}",17109506,1171960],"chl_oc3\/19.2.2":["{{t}}",18281466,117707],"chl_oc3\/19.2.3":["{{t}}",18399173,1827045],"chl_oc3\/19.2.4":["{{t}}",20226218,2935091],"chl_oc3\/19.3.0":["{{t}}",23161309,504972],"chl_oc3\/19.3.1":["{{t}}",23666281,2096204],"chl_oc3\/19.3.2":["{{t}}",25762485,1797240],"chl_oc3\/19.3.3":["{{t}}",27559725,1411388],"chl_oc3\/19.3.4":["{{t}}",28971113,549235],"chl_oc3\/19.4.0":["{{t}}",29520348,1030664],"chl_oc3\/19.4.1":["{{t}}",30551012,1725548],"chl_oc3\/19.4.2":["{{t}}",32276560,676121],"chl_oc3\/19.4.3":["{{t}}",32952681,2667946],"chl_oc3\/19.4.4":["{{t}}",35620627,1197863],"chl_oc3\/20.0.0":["{{u}}",151221,101374],"chl_oc3\/20.0.1":["{{u}}",252595,435709],"chl_oc3\/20.0.2":["{{u}}",688304,3233052],"chl_oc3\/20.0.3":["{{u}}",3921356,582149],"chl_oc3\/20.0.4":["{{u}}",4503505,131927],"chl_oc3\/20.1.0":["{{u}}",4635432,34351],"chl_oc3\/20.1.1":["{{u}}",4669783,2293771],"chl_oc3\/20.1.2":["{{u}}",6963554,1909160],"chl_oc3\/20.1.3":["{{u}}",8872714,885562],"chl_oc3\/20.1.4":["{{u}}",9758276,193084],"chl_oc3\/20.2.0":["{{u}}",9951360,12742],"chl_oc3\/20.2.1":["{{u}}",9964102,2555866],"chl_oc3\/20.2.2":["{{u}}",12519968,12170],"chl_oc3\/20.2.3":["{{u}}",12532138,544446],"chl_oc3\/20.2.4":["{{u}}",13076584,2420115],"chl_oc3\/20.3.0":["{{u}}",15496699,1274001],"chl_oc3\/20.3.1":["{{u}}",16770700,1275222],"chl_oc3\/20.3.2":["{{u}}",18045922,1525916],"chl_oc3\/20.3.3":["{{u}}",19571838,2125424],"chl_oc3\/20.3.4":["{{u}}",21697262,2638807],"chl_oc3\/20.4.0":["{{u}}",24336069,1467405],"chl_oc3\/20.4.1":["{{u}}",25803474,63238],"chl_oc3\/20.4.2":["{{u}}",25866712,780724],"chl_oc3\/20.4.3":["{{u}}",26647436,1249030],"chl_oc3\/20.4.4":["{{u}}",27896466,3093684],"chl_oc3\/21.0.0":["{{v}}",151221,1263731],"chl_oc3\/21.0.1":["{{v}}",1414952,403697],"chl_oc3\/21.0.2":["{{v}}",1818649,1785754],"chl_oc3\/21.0.3":["{{v}}",3604403,1980313],"chl_oc3\/21.0.4":["{{v}}",5584716,3251848],"chl_oc3\/21.1.0":["{{v}}",8836564,979701],"chl_oc3\/21.1.1":["{{v}}",9816265,1829788],"chl_oc3\/21.1.2":["{{v}}",11646053,2223715],"chl_oc3\/21.1.3":["{{v}}",13869768,1035334],"chl_oc3\/21.1.4":["{{v}}",14905102,2084281],"chl_oc3\/21.2.0":["{{v}}",16989383,699158],"chl_oc3\/21.2.1":["{{v}}",17688541,3422649],"chl_oc3\/21.2.2":["{{v}}",21111190,20705],"chl_oc3\/21.2.3":["{{v}}",21131895,1084323],"chl_oc3\/21.2.4":["{{v}}",22216218,390540],"chl_oc3\/21.3.0":["{{v}}",22606758,765449],"chl_oc3\/21.3.1":["{{v}}",23372207,1163545],"chl_oc3\/21.3.2":["{{v}}",24535752,1907590],"chl_oc3\/21.3.3":["{{v}}",26443342,1084794],"chl_oc3\/21.3.4":["{{v}}",27528136,299572],"chl_oc3\/21.4.0":["{{v}}",27827708,588964],"chl_oc3\/21.4.1":["{{v}}",28416672,843061],"chl_oc3\/21.4.2":["{{v}}",29259733,287158],"chl_oc3\/21.4.3":["{{v}}",29546891,1031608],"chl_oc3\/21.4.4":["{{v}}",30578499,921105],"chl_oc3\/22.0.0":["{{w}}",151221,363415],"chl_oc3\/22.0.1":["{{w}}",514636,265420],"chl_oc3\/22.0.2":["{{w}}",780056,2683296],"chl_oc3\/22.0.3":["{{w}}",3463352,1454671],"chl_oc3\/22.0.4":["{{w}}",4918023,1798965],"chl_oc3\/22.1.0":["{{w}}",6716988,1604853],"chl_oc3\/22.1.1":["{{w}}",8321841,2048868],"chl_oc3\/22.1.2":["{{w}}",10370709,2094077],"chl_oc3\/22.1.3":["{{w}}",12464786,937838],"chl_oc3\/22.1.4":["{{w}}",13402624,1635236],"chl_oc3\/22.2.0":["{{w}}",15037860,2528674],"chl_oc3\/22.2.1":["{{w}}",17566534,1486631],"chl_oc3\/22.2.2":["{{w}}",19053165,56327],"chl_oc3\/22.2.3":["{{w}}",19109492,217977],"chl_oc3\/22.2.4":["{{w}}",19327469,2510193],"chl_oc3\/22.3.0":["{{w}}",21837662,2504670],"chl_oc3\/22.3.1":["{{w}}",24342332,1732248],"chl_oc3\/22.3.2":["{{w}}",26074580,1950834],"chl_oc3\/22.3.3":["{{w}}",28025414,1769352],"chl_oc3\/22.3.4":["{{w}}",29794766,1764938],"chl_oc3\/22.4.0":["{{w}}",31559704,1306924],"chl_oc3\/22.4.1":["{{w}}",32866628,591818],"chl_oc3\/22.4.2":["{{w}}",33458446,308399],"chl_oc3\/22.4.3":["{{w}}",33766845,648892],"chl_oc3\/22.4.4":["{{w}}",34415737,1443701],"chl_oc3\/23.0.0":["{{x}}",151221,1451479],"chl_oc3\/23.0.1":["{{x}}",1602700,610805],"chl_oc3\/23.0.2":["{{x}}",2213505,1839042],"chl_oc3\/23.0.3":["{{x}}",4052547,1383636],"chl_oc3\/23.0.4":["{{x}}",5436183,4258899],"chl_oc3\/23.1.0":["{{x}}",9695082,540366],"chl_oc3\/23.1.1":["{{x}}",10235448,3325699],"chl_oc3\/23.1.2":["{{x}}",13561147,1333078],"chl_oc3\/23.1.3":["{{x}}",14894225,1785788],"chl_oc3\/23.1.4":["{{x}}",16680013,1101707],"chl_oc3\/23.2.0":["{{x}}",17781720,812047],"chl_oc3\/23.2.1":["{{x}}",18593767,2780445],"chl_oc3\/23.2.2":["{{x}}",21374212,78085],"chl_oc3\/23.2.3":["{{x}}",21452297,1422564],"chl_oc3\/23.2.4":["{{x}}",22874861,695062],"chl_oc3\/23.3.0":["{{x}}",23569923,459145],"chl_oc3\/23.3.1":["{{x}}",24029068,1245579],"chl_oc3\/23.3.2":["{{x}}",25274647,2236379],"chl_oc3\/23.3.3":["{{x}}",27511026,1192141],"chl_oc3\/23.3.4":["{{x}}",28703167,458476],"chl_oc3\/23.4.0":["{{x}}",29161643,58906],"chl_oc3\/23.4.1":["{{x}}",29220549,366652],"chl_oc3\/23.4.2":["{{x}}",29587201,1148982],"chl_oc3\/23.4.3":["{{x}}",30736183,361372],"chl_oc3\/23.4.4":["{{x}}",31097555,280569],"chl_oc3\/24.0.0":["{{y}}",151221,722917],"chl_oc3\/24.0.1":["{{y}}",874138,2055247],"chl_oc3\/24.0.2":["{{y}}",2929385,863858],"chl_oc3\/24.0.3":["{{y}}",3793243,1438089],"chl_oc3\/24.0.4":["{{y}}",5231332,1984667],"chl_oc3\/24.1.0":["{{y}}",7215999,1535843],"chl_oc3\/24.1.1":["{{y}}",8751842,2751995],"chl_oc3\/24.1.2":["{{y}}",11503837,931474],"chl_oc3\/24.1.3":["{{y}}",12435311,790766],"chl_oc3\/24.1.4":["{{y}}",13226077,1279432],"chl_oc3\/24.2.0":["{{y}}",14505509,1818461],"chl_oc3\/24.2.1":["{{y}}",16323970,1878255],"chl_oc3\/24.2.2":["{{y}}",18202225,82281],"chl_oc3\/24.2.3":["{{y}}",18284506,567354],"chl_oc3\/24.2.4":["{{y}}",18851860,1568633],"chl_oc3\/24.3.0":["{{y}}",20420493,1685902],"chl_oc3\/24.3.1":["{{y}}",22106395,3261581],"chl_oc3\/24.3.2":["{{y}}",25367976,2150035],"chl_oc3\/24.3.3":["{{y}}",27518011,967871],"chl_oc3\/24.3.4":["{{y}}",28485882,1284535],"chl_oc3\/24.4.0":["{{y}}",29770417,841129],"chl_oc3\/24.4.1":["{{y}}",30611546,532490],"chl_oc3\/24.4.2":["{{y}}",31144036,315701],"chl_oc3\/24.4.3":["{{y}}",31459737,291811],"chl_oc3\/24.4.4":["{{y}}",31751548,152371],"chl_oc3\/25.0.0":["{{z}}",151221,307605],"chl_oc3\/25.0.1":["{{z}}",458826,1305527],"chl_oc3\/25.0.2":["{{z}}",1764353,1400762],"chl_oc3\/25.0.3":["{{z}}",3165115,2062187],"chl_oc3\/25.0.4":["{{z}}",5227302,12377],"chl_oc3\/25.1.0":["{{z}}",5239679,37881],"chl_oc3\/25.1.1":["{{z}}",5277560,3210703],"chl_oc3\/25.1.2":["{{z}}",8488263,598891],"chl_oc3\/25.1.3":["{{z}}",9087154,1026653],"chl_oc3\/25.1.4":["{{z}}",10113807,198709],"chl_oc3\/25.2.0":["{{z}}",10312516,478943],"chl_oc3\/25.2.1":["{{z}}",10791459,2341604],"chl_oc3\/25.2.2":["{{z}}",13133063,49040],"chl_oc3\/25.2.3":["{{z}}",13182103,1201497],"chl_oc3\/25.2.4":["{{z}}",14383600,1167437],"chl_oc3\/25.3.0":["{{z}}",15551037,119322],"chl_oc3\/25.3.1":["{{z}}",15670359,3148170],"chl_oc3\/25.3.2":["{{z}}",18818529,1425173],"chl_oc3\/25.3.3":["{{z}}",20243702,77550],"chl_oc3\/25.3.4":["{{z}}",20321252,723248],"chl_oc3\/25.4.0":["{{z}}",21044500,10921],"chl_oc3\/25.4.1":["{{z}}",21055421,647219],"chl_oc3\/25.4.2":["{{z}}",21702640,1006099],"chl_oc3\/25.4.3":["{{z}}",22708739,135509],"chl_oc3\/25.4.4":["{{z}}",22844248,1233598],"chl_oc3\/26.0.0":["{{A}}",151221,336486],"chl_oc3\/26.0.1":["{{A}}",487707,526315],"chl_oc3\/26.0.2":["{{A}}",1014022,2368406],"chl_oc3\/26.0.3":["{{A}}",3382428,2180820],"chl_oc3\/26.0.4":["{{A}}",5563248,2151285],"chl_oc3\/26.1.0":["{{A}}",7714533,109909],"chl_oc3\/26.1.1":["{{A}}",7824442,1861151],"chl_oc3\/26.1.2":["{{A}}",9685593,1424555],"chl_oc3\/26.1.3":["{{A}}",11110148,1216257],"chl_oc3\/26.1.4":["{{A}}",12326405,1780422],"chl_oc3\/26.2.0":["{{A}}",14106827,1503238],"chl_oc3\/26.2.1":["{{A}}",15610065,1926457],"chl_oc3\/26.2.2":["{{A}}",17536522,105109],"chl_oc3\/26.2.3":["{{A}}",17641631,1441434],"chl_oc3\/26.2.4":["{{A}}",19083065,2828508],"chl_oc3\/26.3.0":["{{A}}",21911573,1154585],"chl_oc3\/26.3.1":["{{A}}",23066158,1883316],"chl_oc3\/26.3.2":["{{A}}",24949474,2886372],"chl_oc3\/26.3.3":["{{A}}",27835846,1893905],"chl_oc3\/26.3.4":["{{A}}",29729751,735232],"chl_oc3\/26.4.0":["{{A}}",30464983,383443],"chl_oc3\/26.4.1":["{{A}}",30848426,1112600],"chl_oc3\/26.4.2":["{{A}}",31961026,1057946],"chl_oc3\/26.4.3":["{{A}}",33018972,2170106],"chl_oc3\/26.4.4":["{{A}}",35189078,222915],"chl_oc3\/27.0.0":["{{B}}",151221,320004],"chl_oc3\/27.0.1":["{{B}}",471225,471723],"chl_oc3\/27.0.2":["{{B}}",942948,2650228],"chl_oc3\/27.0.3":["{{B}}",3593176,1105756],"chl_oc3\/27.0.4":["{{B}}",4698932,67403],"chl_oc3\/27.1.0":["{{B}}",4766335,22731],"chl_oc3\/27.1.1":["{{B}}",4789066,954670],"chl_oc3\/27.1.2":["{{B}}",5743736,2605113],"chl_oc3\/27.1.3":["{{B}}",8348849,1842896],"chl_oc3\/27.1.4":["{{B}}",10191745,1087318],"chl_oc3\/27.2.0":["{{B}}",11279063,13187],"chl_oc3\/27.2.1":["{{B}}",11292250,2478382],"chl_oc3\/27.2.2":["{{B}}",13770632,13047],"chl_oc3\/27.2.3":["{{B}}",13783679,649103],"chl_oc3\/27.2.4":["{{B}}",14432782,2634714],"chl_oc3\/27.3.0":["{{B}}",17067496,10921],"chl_oc3\/27.3.1":["{{B}}",17078417,2423773],"chl_oc3\/27.3.2":["{{B}}",19502190,976292],"chl_oc3\/27.3.3":["{{B}}",20478482,1871955],"chl_oc3\/27.3.4":["{{B}}",22350437,2433306],"chl_oc3\/27.4.0":["{{B}}",24783743,38626],"chl_oc3\/27.4.1":["{{B}}",24822369,682263],"chl_oc3\/27.4.2":["{{B}}",25504632,1103929],"chl_oc3\/27.4.3":["{{B}}",26608561,2364925],"chl_oc3\/27.4.4":["{{B}}",28973486,2493608],"chl_oc3\/28.0.0":["{{C}}",151221,1018015],"chl_oc3\/28.0.1":["{{C}}",1169236,734347],"chl_oc3\/28.0.2":["{{C}}",1903583,1168671],"chl_oc3\/28.0.3":["{{C}}",3072254,1363080],"chl_oc3\/28.0.4":["{{C}}",4435334,2069496],"chl_oc3\/28.1.0":["{{C}}",6504830,176292],"chl_oc3\/28.1.1":["{{C}}",6681122,317894],"chl_oc3\/28.1.2":["{{C}}",6999016,2130927],"chl_oc3\/28.1.3":["{{C}}",9129943,2373560],"chl_oc3\/28.1.4":["{{C}}",11503503,2915845],"chl_oc3\/28.2.0":["{{C}}",14419348,1140464],"chl_oc3\/28.2.1":["{{C}}",15559812,2013930],"chl_oc3\/28.2.2":["{{C}}",17573742,52403],"chl_oc3\/28.2.3":["{{C}}",17626145,694404],"chl_oc3\/28.2.4":["{{C}}",18320549,2111356],"chl_oc3\/28.3.0":["{{C}}",20431905,575100],"chl_oc3\/28.3.1":["{{C}}",21007005,841885],"chl_oc3\/28.3.2":["{{C}}",21848890,3304097],"chl_oc3\/28.3.3":["{{C}}",25152987,773756],"chl_oc3\/28.3.4":["{{C}}",25926743,906766],"chl_oc3\/28.4.0":["{{C}}",26833509,128743],"chl_oc3\/28.4.1":["{{C}}",26962252,500284],"chl_oc3\/28.4.2":["{{C}}",27462536,1981797],"chl_oc3\/28.4.3":["{{C}}",29444333,954533],"chl_oc3\/28.4.4":["{{C}}",30398866,2280429],"chl_oc3\/29.0.0":["{{D}}",151221,90950],"chl_oc3\/29.0.1":["{{D}}",242171,1109256],"chl_oc3\/29.0.2":["{{D}}",1351427,573325],"chl_oc3\/29.0.3":["{{D}}",1924752,1908017],"chl_oc3\/29.0.4":["{{D}}",3832769,392370],"chl_oc3\/29.1.0":["{{D}}",4225139,359326],"chl_oc3\/29.1.1":["{{D}}",4584465,889844],"chl_oc3\/29.1.2":["{{D}}",5474309,1227099],"chl_oc3\/29.1.3":["{{D}}",6701408,897373],"chl_oc3\/29.1.4":["{{D}}",7598781,809150],"chl_oc3\/29.2.0":["{{D}}",8407931,2838006],"chl_oc3\/29.2.1":["{{D}}",11245937,2084048],"chl_oc3\/29.2.2":["{{D}}",13329985,95165],"chl_oc3\/29.2.3":["{{D}}",13425150,448462],"chl_oc3\/29.2.4":["{{D}}",13873612,368253],"chl_oc3\/29.3.0":["{{D}}",14241865,762591],"chl_oc3\/29.3.1":["{{D}}",15004456,1765800],"chl_oc3\/29.3.2":["{{D}}",16770256,2493853],"chl_oc3\/29.3.3":["{{D}}",19264109,1063134],"chl_oc3\/29.3.4":["{{D}}",20327243,2840615],"chl_oc3\/29.4.0":["{{D}}",23167858,633904],"chl_oc3\/29.4.1":["{{D}}",23801762,338707],"chl_oc3\/29.4.2":["{{D}}",24140469,1813516],"chl_oc3\/29.4.3":["{{D}}",25953985,1234438],"chl_oc3\/29.4.4":["{{D}}",27188423,1120706]}}