{"version":1,"templates":{"a":"s3:\/\/imos-data\/IMOS\/SRS\/OC\/gridded\/aqua\/P1D\/2012\/04\/A.P1D.20120401T053000Z.aust.chl_oc3.nc","b":"s3:\/\/imos-data\/IMOS\/SRS\/OC\/gridded\/aqua\/P1D\/2012\/04\/A.P1D.20120402T053000Z.aust.chl_oc3.nc","c":"s3:\/\/imos-data\/IMOS\/SRS\/OC\/gridded\/aqua\/P1D\/2012\/04\/A.P1D.20120403T053000Z.aust.chl_oc3.nc","d":"s3:\/\/imos-data\/IMOS\/SRS\/OC\/gridded\/aqua\/P1D\/2012\/04\/A.P1D.20120404T053000Z.aust.chl_oc3.nc","e":"s3:\/\/imos-data\/IMOS\/SRS\/OC\/gridded\/aqua\/P1D\/2012\/04\/A.P1D.20120405T053000Z.aust.chl_oc3.nc","f":"s3:\/\/imos-data\/IMOS\/SRS\/OC\/gridded\/aqua\/P1D\/2012\/04\/A.P1D.20120406T053000Z.aust.chl_oc3.nc","g":"s3:\/\/imos-data\/IMOS\/SRS\/OC\/gridded\/aqua\/P1D\/2012\/04\/A.P1D.20120407T053000Z.aust.chl_oc3.nc","h":"s3:\/\/imos-data\/IMOS\/SRS\/OC\/gridded\/aqua\/P1D\/2012\/04\/A.P1D.20120408T053000Z.aust.chl_oc3.nc","i":"s3:\/\/imos-data\/IMOS\/SRS\/OC\/gridded\/aqua\/P1D\/2012\/04\/A.P1D.20120409T053000Z.aust.chl_oc3.nc","j":"s3:\/\/imos-data\/IMOS\/SRS\/OC\/gridded\/aqua\/P1D\/2012\/04\/A.P1D.20120410T053000Z.aust.chl_oc3.nc","k":"s3:\/\/imos-data\/IMOS\/SRS\/OC\/gridded\/aqua\/P1D\/2012\/04\/A.P1D.20120411T053000Z.aust.chl_oc3.nc","l":"s3:\/\/imos-data\/IMOS\/SRS\/OC\/gridded\/aqua\/P1D\/2012\/04\/A.P1D.20120412T053000Z.aust.chl_oc3.nc","m":"s3:\/\/imos-data\/IMOS\/SRS\/OC\/gridded\/aqua\/P1D\/2012\/04\/A.P1D.20120413T053000Z.aust.chl_oc3.nc","n":"s3:\/\/imos-data\/IMOS\/SRS\/OC\/gridded\/aqua\/P1D\/2012\/04\/A.P1D.20120414T053000Z.aust.chl_oc3.nc","o":"s3:\/\/imos-data\/IMOS\/SRS\/OC\/gridded\/aqua\/P1D\/2012\/04\/A.P1D.20120415T053000Z.aust.chl_oc3.nc","p":"s3:\/\/imos-data\/IMOS\/SRS\/OC\/gridded\/aqua\/P1D\/2012\/04\/A.P1D.20120416T053000Z.aust.chl_oc3.nc","q":"s3:\/\/imos-data\/IMOS\/SRS\/OC\/gridded\/aqua\/P1D\/2012\/04\/A.P1D.20120417T053000Z.aust.chl_oc3.nc","r":"s3:\/\/imos-data\/IMOS\/SRS\/OC\/gridded\/aqua\/P1D\/2012\/04\/A.P1D.20120418T053000Z.aust.chl_oc3.nc","s":"s3:\/\/imos-data\/IMOS\/SRS\/OC\/gridded\/aqua\/P1D\/2012\/04\/A.P1D.20120419T053000Z.aust.chl_oc3.nc","t":"s3:\/\/imos-data\/IMOS\/SRS\/OC\/gridded\/aqua\/P1D\/2012\/04\/A.P1D.20120420T053000Z.aust.chl_oc3.nc","u":"s3:\/\/imos-data\/IMOS\/SRS\/OC\/gridded\/aqua\/P1D\/2012\/04\/A.P1D.20120421T053000Z.aust.chl_oc3.nc","v":"s3:\/\/imos-data\/IMOS\/SRS\/OC\/gridded\/aqua\/P1D\/2012\/04\/A.P1D.20120422T053000Z.aust.chl_oc3.nc","w":"s3:\/\/imos-data\/IMOS\/SRS\/OC\/gridded\/aqua\/P1D\/2012\/04\/A.P1D.20120423T053000Z.aust.chl_oc3.nc","x":"s3:\/\/imos-data\/IMOS\/SRS\/OC\/gridded\/aqua\/P1D\/2012\/04\/A.P1D.20120424T053000Z.aust.chl_oc3.nc","y":"s3:\/\/imos-data\/IMOS\/SRS\/OC\/gridded\/aqua\/P1D\/2012\/04\/A.P1D.20120425T053000Z.aust.chl_oc3.nc","z":"s3:\/\/imos-data\/IMOS\/SRS\/OC\/gridded\/aqua\/P1D\/2012\/04\/A.P1D.20120426T053000Z.aust.chl_oc3.nc","A":"s3:\/\/imos-data\/IMOS\/SRS\/OC\/gridded\/aqua\/P1D\/2012\/04\/A.P1D.20120427T053000Z.aust.chl_oc3.nc","B":"s3:\/\/imos-data\/IMOS\/SRS\/OC\/gridded\/aqua\/P1D\/2012\/04\/A.P1D.20120428T053000Z.aust.chl_oc3.nc","C":"s3:\/\/imos-data\/IMOS\/SRS\/OC\/gridded\/aqua\/P1D\/2012\/04\/A.P1D.20120429T053000Z.aust.chl_oc3.nc","D":"s3:\/\/imos-data\/IMOS\/SRS\/OC\/gridded\/aqua\/P1D\/2012\/04\/A.P1D.20120430T053000Z.aust.chl_oc3.nc"},"refs":{".zgroup":"{\"zarr_format\":2}",".zattrs":"{\"Conventions\":\"CF-1.6\",\"_NCProperties\":\"version=1|netcdflibversion=4.6.1|hdf5libversion=1.10.4\",\"_nc3_strict\":1,\"history\":\"File initialised at 2020-08-06T06:22:08.543702\\nInitialised var chl_oc3 at 2020-08-06T06:22:20.650888\\nAdd Granule A20120401_0235.20190920000840.L2OC_BASE.chl_oc3.nc at 2020-08-06T06:22:21.595598\\nAdd Granule A20120401_0240.20190920010547.L2OC_BASE.chl_oc3.nc at 2020-08-06T06:22:21.795350\\nAdd Granule A20120401_0245.20190920002048.L2OC_BASE.chl_oc3.nc at 2020-08-06T06:22:21.988071\\nAdd Granule A20120401_0250.20190920004600.L2OC_BASE.chl_oc3.nc at 2020-08-06T06:22:22.106509\\nAdd Granule A20120401_0410.20190919234745.L2OC_BASE.chl_oc3.nc at 2020-08-06T06:22:22.375417\\nAdd Granule A20120401_0415.20190919232406.L2OC_BASE.chl_oc3.nc at 2020-08-06T06:22:22.598671\\nAdd Granule A20120401_0420.20190920011557.L2OC_BASE.chl_oc3.nc at 2020-08-06T06:22:22.777744\\nAdd Granule A20120401_0425.20190920005339.L2OC_BASE.chl_oc3.nc at 2020-08-06T06:22:22.986604\\nAdd Granule A20120401_0545.20190920003332.L2OC_BASE.chl_oc3.nc at 2020-08-06T06:22:23.124410\\nAdd Granule A20120401_0550.20190920010040.L2OC_BASE.chl_oc3.nc at 2020-08-06T06:22:23.352023\\nAdd Granule A20120401_0555.20190919234155.L2OC_BASE.chl_oc3.nc at 2020-08-06T06:22:23.557866\\nAdd Granule A20120401_0600.20190919235913.L2OC_BASE.chl_oc3.nc at 2020-08-06T06:22:23.755802\\nAdd Granule A20120401_0605.20190919235346.L2OC_BASE.chl_oc3.nc at 2020-08-06T06:22:23.916468\\nAdd Granule A20120401_0725.20190919233019.L2OC_BASE.chl_oc3.nc at 2020-08-06T06:22:24.087832\\nAdd Granule A20120401_0730.20190920001552.L2OC_BASE.chl_oc3.nc at 2020-08-06T06:22:24.318009\\nAdd Granule A20120401_0735.20190920003721.L2OC_BASE.chl_oc3.nc at 2020-08-06T06:22:24.532747\\nAdd Granule A20120401_0740.20190920002527.L2OC_BASE.chl_oc3.nc at 2020-08-06T06:22:24.729891\\nAdd Granule A20120401_0745.20190919233436.L2OC_BASE.chl_oc3.nc at 2020-08-06T06:22:24.887738\",\"source_path\":\"imos-srs\\\/archive\\\/oc\\\/aqua\\\/1d\\\/v201909\\\/2012\\\/04\\\/A20120401.L2OC_BASE.aust.chl_oc3.nc\"}","longitude\/.zarray":"{\n    \"chunks\": [\n        10001\n    ],\n    \"compressor\": null,\n    \"dtype\": \"<f8\",\n    \"fill_value\": 9.969209968386869e+36,\n    \"filters\": null,\n    \"order\": \"C\",\n    \"shape\": [\n        10001\n    ],\n    \"zarr_format\": 2\n}","longitude\/.zattrs":"{\n    \"NAME\": \"longitude\",\n    \"_ARRAY_DIMENSIONS\": [\n        \"longitude\"\n    ],\n    \"_Netcdf4Dimid\": 2,\n    \"axis\": \"X\",\n    \"long_name\": \"longitude\",\n    \"standard_name\": \"longitude\",\n    \"units\": \"degrees_east\"\n}","longitude\/0":["{{a}}",58400,80008],"latitude\/.zarray":"{\n    \"chunks\": [\n        7001\n    ],\n    \"compressor\": null,\n    \"dtype\": \"<f8\",\n    \"fill_value\": 9.969209968386869e+36,\n    \"filters\": null,\n    \"order\": \"C\",\n    \"shape\": [\n        7001\n    ],\n    \"zarr_format\": 2\n}","latitude\/.zattrs":"{\n    \"NAME\": \"latitude\",\n    \"_ARRAY_DIMENSIONS\": [\n        \"latitude\"\n    ],\n    \"_Netcdf4Dimid\": 1,\n    \"axis\": \"Y\",\n    \"long_name\": \"latitude\",\n    \"standard_name\": \"latitude\",\n    \"units\": \"degrees_north\"\n}","latitude\/0":["{{a}}",2392,56008],"chl_oc3\/.zarray":"{\"chunks\":[1,1401,2001],\"compressor\":{\"id\":\"zlib\",\"level\":4},\"dtype\":\"<f4\",\"fill_value\":-999.0,\"filters\":[{\"elementsize\":4,\"id\":\"shuffle\"}],\"order\":\"C\",\"shape\":[30,7001,10001],\"zarr_format\":2}","chl_oc3\/.zattrs":"{\"_ARRAY_DIMENSIONS\":[\"time\",\"latitude\",\"longitude\"],\"flag_applied\":\"HISATZEN LAND CLDICE NAVFAIL\",\"long_name\":\"Chlorophyll Concentration, OC3 Algorithm\",\"units\":\"mg\\\/m^3\"}","time\/.zarray":"{\"chunks\":[30],\"compressor\":{\"blocksize\":0,\"clevel\":5,\"cname\":\"lz4\",\"id\":\"blosc\",\"shuffle\":1},\"dtype\":\"<M8[us]\",\"fill_value\":0,\"filters\":null,\"order\":\"C\",\"shape\":[30],\"zarr_format\":2}","time\/0":"base64:AgExCPAAAADwAAAArQAAABQAAACVAAAAHwABAAr6AaYGZsYmhuZGpgZmxiaG5kYQAPNWZz8W7cWcc0si+tGogFcuBt21jGM7EunBmHBHHvbNXXuZttTyEC5MaYelw+H\/HTpYdpSy0O0LKUdlg6C+l6u\/0+f7ECQ4TGB0iJywxdntARUpPVFmeo6itsrevLy8vLy8vb29vb0FABe+AQAfBAEACg\/RAAZQAAAAAAA=","time\/.zattrs":"{\"NAME\":\"time\",\"_ARRAY_DIMENSIONS\":[\"time\"],\"_Netcdf4Dimid\":0,\"axis\":\"T\",\"long_name\":\"time\",\"standard_name\":\"time\"}","chl_oc3\/0.0.0":["{{a}}",151221,2871112],"chl_oc3\/0.0.1":["{{a}}",3022333,1046945],"chl_oc3\/0.0.2":["{{a}}",4069278,1360243],"chl_oc3\/0.0.3":["{{a}}",5429521,701521],"chl_oc3\/0.0.4":["{{a}}",6131042,990697],"chl_oc3\/0.1.0":["{{a}}",7121739,3071746],"chl_oc3\/0.1.1":["{{a}}",10193485,3120416],"chl_oc3\/0.1.2":["{{a}}",13313901,2814050],"chl_oc3\/0.1.3":["{{a}}",16127951,1313592],"chl_oc3\/0.1.4":["{{a}}",17441543,72103],"chl_oc3\/0.2.0":["{{a}}",17513646,3203964],"chl_oc3\/0.2.1":["{{a}}",20717610,2589179],"chl_oc3\/0.2.2":["{{a}}",23306789,111260],"chl_oc3\/0.2.3":["{{a}}",23418049,728159],"chl_oc3\/0.2.4":["{{a}}",24146208,2157208],"chl_oc3\/0.3.0":["{{a}}",26303416,651825],"chl_oc3\/0.3.1":["{{a}}",26955241,506389],"chl_oc3\/0.3.2":["{{a}}",27461630,2040232],"chl_oc3\/0.3.3":["{{a}}",29501862,2306302],"chl_oc3\/0.3.4":["{{a}}",31808164,2412275],"chl_oc3\/0.4.0":["{{a}}",34220439,469615],"chl_oc3\/0.4.1":["{{a}}",34690054,910122],"chl_oc3\/0.4.2":["{{a}}",35600176,758121],"chl_oc3\/0.4.3":["{{a}}",36358297,1600819],"chl_oc3\/0.4.4":["{{a}}",37959116,836253],"chl_oc3\/1.0.0":["{{b}}",151221,858130],"chl_oc3\/1.0.1":["{{b}}",1009351,1085537],"chl_oc3\/1.0.2":["{{b}}",2094888,2723846],"chl_oc3\/1.0.3":["{{b}}",4818734,1025361],"chl_oc3\/1.0.4":["{{b}}",5844095,10921],"chl_oc3\/1.1.0":["{{b}}",5855016,559432],"chl_oc3\/1.1.1":["{{b}}",6414448,2500423],"chl_oc3\/1.1.2":["{{b}}",8914871,3970865],"chl_oc3\/1.1.3":["{{b}}",12885736,2053191],"chl_oc3\/1.1.4":["{{b}}",14938927,271730],"chl_oc3\/1.2.0":["{{b}}",15210657,428024],"chl_oc3\/1.2.1":["{{b}}",15638681,2816895],"chl_oc3\/1.2.2":["{{b}}",18455576,95103],"chl_oc3\/1.2.3":["{{b}}",18550679,2839595],"chl_oc3\/1.2.4":["{{b}}",21390274,911974],"chl_oc3\/1.3.0":["{{b}}",22302248,13176],"chl_oc3\/1.3.1":["{{b}}",22315424,276468],"chl_oc3\/1.3.2":["{{b}}",22591892,1449789],"chl_oc3\/1.3.3":["{{b}}",24041681,2058621],"chl_oc3\/1.3.4":["{{b}}",26100302,1707716],"chl_oc3\/1.4.0":["{{b}}",27808018,10921],"chl_oc3\/1.4.1":["{{b}}",27818939,417982],"chl_oc3\/1.4.2":["{{b}}",28236921,1635399],"chl_oc3\/1.4.3":["{{b}}",29872320,980179],"chl_oc3\/1.4.4":["{{b}}",30852499,1459226],"chl_oc3\/2.0.0":["{{c}}",151221,2910513],"chl_oc3\/2.0.1":["{{c}}",3061734,1035206],"chl_oc3\/2.0.2":["{{c}}",4096940,1647870],"chl_oc3\/2.0.3":["{{c}}",5744810,966461],"chl_oc3\/2.0.4":["{{c}}",6711271,489769],"chl_oc3\/2.1.0":["{{c}}",7201040,2140447],"chl_oc3\/2.1.1":["{{c}}",9341487,2799255],"chl_oc3\/2.1.2":["{{c}}",12140742,3511289],"chl_oc3\/2.1.3":["{{c}}",15652031,1696602],"chl_oc3\/2.1.4":["{{c}}",17348633,926795],"chl_oc3\/2.2.0":["{{c}}",18275428,2156693],"chl_oc3\/2.2.1":["{{c}}",20432121,2153702],"chl_oc3\/2.2.2":["{{c}}",22585823,144551],"chl_oc3\/2.2.3":["{{c}}",22730374,1261494],"chl_oc3\/2.2.4":["{{c}}",23991868,3455802],"chl_oc3\/2.3.0":["{{c}}",27447670,520317],"chl_oc3\/2.3.1":["{{c}}",27967987,962625],"chl_oc3\/2.3.2":["{{c}}",28930612,2540255],"chl_oc3\/2.3.3":["{{c}}",31470867,2220659],"chl_oc3\/2.3.4":["{{c}}",33691526,1245132],"chl_oc3\/2.4.0":["{{c}}",34936658,237127],"chl_oc3\/2.4.1":["{{c}}",35173785,558851],"chl_oc3\/2.4.2":["{{c}}",35732636,928446],"chl_oc3\/2.4.3":["{{c}}",36661082,317365],"chl_oc3\/2.4.4":["{{c}}",36978447,275558],"chl_oc3\/3.0.0":["{{d}}",151221,355348],"chl_oc3\/3.0.1":["{{d}}",506569,904780],"chl_oc3\/3.0.2":["{{d}}",1411349,2308782],"chl_oc3\/3.0.3":["{{d}}",3720131,715915],"chl_oc3\/3.0.4":["{{d}}",4436046,10921],"chl_oc3\/3.1.0":["{{d}}",4446967,100886],"chl_oc3\/3.1.1":["{{d}}",4547853,3022633],"chl_oc3\/3.1.2":["{{d}}",7570486,3622141],"chl_oc3\/3.1.3":["{{d}}",11192627,2512274],"chl_oc3\/3.1.4":["{{d}}",13704901,879149],"chl_oc3\/3.2.0":["{{d}}",14584050,29381],"chl_oc3\/3.2.1":["{{d}}",14613431,3395989],"chl_oc3\/3.2.2":["{{d}}",18009420,55463],"chl_oc3\/3.2.3":["{{d}}",18064883,2853474],"chl_oc3\/3.2.4":["{{d}}",20918357,2082485],"chl_oc3\/3.3.0":["{{d}}",23000842,554900],"chl_oc3\/3.3.1":["{{d}}",23555742,1692863],"chl_oc3\/3.3.2":["{{d}}",25248605,2944899],"chl_oc3\/3.3.3":["{{d}}",28193504,3090992],"chl_oc3\/3.3.4":["{{d}}",31284496,2894655],"chl_oc3\/3.4.0":["{{d}}",34179151,526124],"chl_oc3\/3.4.1":["{{d}}",34705275,961484],"chl_oc3\/3.4.2":["{{d}}",35666759,1267747],"chl_oc3\/3.4.3":["{{d}}",36934506,758990],"chl_oc3\/3.4.4":["{{d}}",37693496,680154],"chl_oc3\/4.0.0":["{{e}}",151221,2429305],"chl_oc3\/4.0.1":["{{e}}",2580526,873207],"chl_oc3\/4.0.2":["{{e}}",3453733,902704],"chl_oc3\/4.0.3":["{{e}}",4356437,1248340],"chl_oc3\/4.0.4":["{{e}}",5604777,713212],"chl_oc3\/4.1.0":["{{e}}",6317989,3341701],"chl_oc3\/4.1.1":["{{e}}",9659690,2917242],"chl_oc3\/4.1.2":["{{e}}",12576932,3115018],"chl_oc3\/4.1.3":["{{e}}",15691950,2811960],"chl_oc3\/4.1.4":["{{e}}",18503910,1065606],"chl_oc3\/4.2.0":["{{e}}",19569516,1247418],"chl_oc3\/4.2.1":["{{e}}",20816934,1093649],"chl_oc3\/4.2.2":["{{e}}",21910583,99126],"chl_oc3\/4.2.3":["{{e}}",22009709,1859803],"chl_oc3\/4.2.4":["{{e}}",23869512,4280852],"chl_oc3\/4.3.0":["{{e}}",28150364,538489],"chl_oc3\/4.3.1":["{{e}}",28688853,1471528],"chl_oc3\/4.3.2":["{{e}}",30160381,2469036],"chl_oc3\/4.3.3":["{{e}}",32629417,3423657],"chl_oc3\/4.3.4":["{{e}}",36053074,771213],"chl_oc3\/4.4.0":["{{e}}",36824287,11088],"chl_oc3\/4.4.1":["{{e}}",36835375,557502],"chl_oc3\/4.4.2":["{{e}}",37392877,2242461],"chl_oc3\/4.4.3":["{{e}}",39635338,2610782],"chl_oc3\/4.4.4":["{{e}}",42246120,98301],"chl_oc3\/5.0.0":["{{f}}",151221,171148],"chl_oc3\/5.0.1":["{{f}}",322369,1798468],"chl_oc3\/5.0.2":["{{f}}",2120837,1156391],"chl_oc3\/5.0.3":["{{f}}",3277228,978072],"chl_oc3\/5.0.4":["{{f}}",4255300,196750],"chl_oc3\/5.1.0":["{{f}}",4452050,1163509],"chl_oc3\/5.1.1":["{{f}}",5615559,4717143],"chl_oc3\/5.1.2":["{{f}}",10332702,2750650],"chl_oc3\/5.1.3":["{{f}}",13083352,3036546],"chl_oc3\/5.1.4":["{{f}}",16119898,1329156],"chl_oc3\/5.2.0":["{{f}}",17449054,4058969],"chl_oc3\/5.2.1":["{{f}}",21508023,2713317],"chl_oc3\/5.2.2":["{{f}}",24221340,33066],"chl_oc3\/5.2.3":["{{f}}",24254406,2099024],"chl_oc3\/5.2.4":["{{f}}",26353430,3165618],"chl_oc3\/5.3.0":["{{f}}",29519048,1288242],"chl_oc3\/5.3.1":["{{f}}",30807290,357092],"chl_oc3\/5.3.2":["{{f}}",31164382,1432734],"chl_oc3\/5.3.3":["{{f}}",32597116,1754775],"chl_oc3\/5.3.4":["{{f}}",34351891,3098360],"chl_oc3\/5.4.0":["{{f}}",37450251,207316],"chl_oc3\/5.4.1":["{{f}}",37657567,789655],"chl_oc3\/5.4.2":["{{f}}",38447222,1498790],"chl_oc3\/5.4.3":["{{f}}",39946012,1519940],"chl_oc3\/5.4.4":["{{f}}",41465952,1753950],"chl_oc3\/6.0.0":["{{g}}",151221,2454948],"chl_oc3\/6.0.1":["{{g}}",2606169,1357287],"chl_oc3\/6.0.2":["{{g}}",3963456,2135912],"chl_oc3\/6.0.3":["{{g}}",6099368,1306950],"chl_oc3\/6.0.4":["{{g}}",7406318,1793617],"chl_oc3\/6.1.0":["{{g}}",9199935,3163568],"chl_oc3\/6.1.1":["{{g}}",12363503,3746357],"chl_oc3\/6.1.2":["{{g}}",16109860,3124680],"chl_oc3\/6.1.3":["{{g}}",19234540,3646581],"chl_oc3\/6.1.4":["{{g}}",22881121,2559806],"chl_oc3\/6.2.0":["{{g}}",25440927,1787451],"chl_oc3\/6.2.1":["{{g}}",27228378,3156702],"chl_oc3\/6.2.2":["{{g}}",30385080,114343],"chl_oc3\/6.2.3":["{{g}}",30499423,2831558],"chl_oc3\/6.2.4":["{{g}}",33330981,1963268],"chl_oc3\/6.3.0":["{{g}}",35294249,484732],"chl_oc3\/6.3.1":["{{g}}",35778981,1315717],"chl_oc3\/6.3.2":["{{g}}",37094698,829188],"chl_oc3\/6.3.3":["{{g}}",37923886,1503292],"chl_oc3\/6.3.4":["{{g}}",39427178,1452380],"chl_oc3\/6.4.0":["{{g}}",40879558,10921],"chl_oc3\/6.4.1":["{{g}}",40890479,204796],"chl_oc3\/6.4.2":["{{g}}",41095275,1091280],"chl_oc3\/6.4.3":["{{g}}",42186555,1278004],"chl_oc3\/6.4.4":["{{g}}",43464559,270758],"chl_oc3\/7.0.0":["{{h}}",151221,3126113],"chl_oc3\/7.0.1":["{{h}}",3277334,1093772],"chl_oc3\/7.0.2":["{{h}}",4371106,1666133],"chl_oc3\/7.0.3":["{{h}}",6037239,1474504],"chl_oc3\/7.0.4":["{{h}}",7511743,1956848],"chl_oc3\/7.1.0":["{{h}}",9468591,5215555],"chl_oc3\/7.1.1":["{{h}}",14684146,4088810],"chl_oc3\/7.1.2":["{{h}}",18772956,2967307],"chl_oc3\/7.1.3":["{{h}}",21740263,2117282],"chl_oc3\/7.1.4":["{{h}}",23857545,1681430],"chl_oc3\/7.2.0":["{{h}}",25538975,4044829],"chl_oc3\/7.2.1":["{{h}}",29583804,3503272],"chl_oc3\/7.2.2":["{{h}}",33087076,52212],"chl_oc3\/7.2.3":["{{h}}",33139288,1316073],"chl_oc3\/7.2.4":["{{h}}",34455361,3202336],"chl_oc3\/7.3.0":["{{h}}",37657697,1071650],"chl_oc3\/7.3.1":["{{h}}",38729347,1664862],"chl_oc3\/7.3.2":["{{h}}",40394209,1833843],"chl_oc3\/7.3.3":["{{h}}",42228052,1064206],"chl_oc3\/7.3.4":["{{h}}",43292258,4553154],"chl_oc3\/7.4.0":["{{h}}",47845412,164408],"chl_oc3\/7.4.1":["{{h}}",48009820,75187],"chl_oc3\/7.4.2":["{{h}}",48085007,1009813],"chl_oc3\/7.4.3":["{{h}}",49094820,1586254],"chl_oc3\/7.4.4":["{{h}}",50681074,1984219],"chl_oc3\/8.0.0":["{{i}}",151221,854198],"chl_oc3\/8.0.1":["{{i}}",1005419,889366],"chl_oc3\/8.0.2":["{{i}}",1894785,1553086],"chl_oc3\/8.0.3":["{{i}}",3447871,2608509],"chl_oc3\/8.0.4":["{{i}}",6056380,10921],"chl_oc3\/8.1.0":["{{i}}",6067301,1913360],"chl_oc3\/8.1.1":["{{i}}",7980661,3523284],"chl_oc3\/8.1.2":["{{i}}",11503945,3764888],"chl_oc3\/8.1.3":["{{i}}",15268833,4530643],"chl_oc3\/8.1.4":["{{i}}",19799476,220909],"chl_oc3\/8.2.0":["{{i}}",20020385,821978],"chl_oc3\/8.2.1":["{{i}}",20842363,4215413],"chl_oc3\/8.2.2":["{{i}}",25057776,130703],"chl_oc3\/8.2.3":["{{i}}",25188479,3028163],"chl_oc3\/8.2.4":["{{i}}",28216642,973427],"chl_oc3\/8.3.0":["{{i}}",29190069,239527],"chl_oc3\/8.3.1":["{{i}}",29429596,2570055],"chl_oc3\/8.3.2":["{{i}}",31999651,1801917],"chl_oc3\/8.3.3":["{{i}}",33801568,2267283],"chl_oc3\/8.3.4":["{{i}}",36068851,1437246],"chl_oc3\/8.4.0":["{{i}}",37506097,12330],"chl_oc3\/8.4.1":["{{i}}",37518427,140187],"chl_oc3\/8.4.2":["{{i}}",37658614,91507],"chl_oc3\/8.4.3":["{{i}}",37750121,1472036],"chl_oc3\/8.4.4":["{{i}}",39222157,502398],"chl_oc3\/9.0.0":["{{j}}",151221,1775164],"chl_oc3\/9.0.1":["{{j}}",1926385,989390],"chl_oc3\/9.0.2":["{{j}}",2915775,954106],"chl_oc3\/9.0.3":["{{j}}",3869881,2019284],"chl_oc3\/9.0.4":["{{j}}",5889165,1601181],"chl_oc3\/9.1.0":["{{j}}",7490346,4960226],"chl_oc3\/9.1.1":["{{j}}",12450572,3526821],"chl_oc3\/9.1.2":["{{j}}",15977393,2601850],"chl_oc3\/9.1.3":["{{j}}",18579243,2404003],"chl_oc3\/9.1.4":["{{j}}",20983246,2891256],"chl_oc3\/9.2.0":["{{j}}",23874502,2163224],"chl_oc3\/9.2.1":["{{j}}",26037726,2588439],"chl_oc3\/9.2.2":["{{j}}",28626165,144415],"chl_oc3\/9.2.3":["{{j}}",28770580,909938],"chl_oc3\/9.2.4":["{{j}}",29680518,2852974],"chl_oc3\/9.3.0":["{{j}}",32533492,1254416],"chl_oc3\/9.3.1":["{{j}}",33787908,1847526],"chl_oc3\/9.3.2":["{{j}}",35635434,1753644],"chl_oc3\/9.3.3":["{{j}}",37389078,1511357],"chl_oc3\/9.3.4":["{{j}}",38900435,2713254],"chl_oc3\/9.4.0":["{{j}}",41613689,251168],"chl_oc3\/9.4.1":["{{j}}",41864857,520855],"chl_oc3\/9.4.2":["{{j}}",42385712,21414],"chl_oc3\/9.4.3":["{{j}}",42407126,454423],"chl_oc3\/9.4.4":["{{j}}",42861549,740572],"chl_oc3\/10.0.0":["{{k}}",151221,515544],"chl_oc3\/10.0.1":["{{k}}",666765,889687],"chl_oc3\/10.0.2":["{{k}}",1556452,1127400],"chl_oc3\/10.0.3":["{{k}}",2683852,2260067],"chl_oc3\/10.0.4":["{{k}}",4943919,168263],"chl_oc3\/10.1.0":["{{k}}",5112182,776785],"chl_oc3\/10.1.1":["{{k}}",5888967,3162595],"chl_oc3\/10.1.2":["{{k}}",9051562,2757839],"chl_oc3\/10.1.3":["{{k}}",11809401,2331979],"chl_oc3\/10.1.4":["{{k}}",14141380,324885],"chl_oc3\/10.2.0":["{{k}}",14466265,49363],"chl_oc3\/10.2.1":["{{k}}",14515628,2861652],"chl_oc3\/10.2.2":["{{k}}",17377280,57706],"chl_oc3\/10.2.3":["{{k}}",17434986,1834710],"chl_oc3\/10.2.4":["{{k}}",19269696,1700416],"chl_oc3\/10.3.0":["{{k}}",20970112,14088],"chl_oc3\/10.3.1":["{{k}}",20984200,2576866],"chl_oc3\/10.3.2":["{{k}}",23561066,1364161],"chl_oc3\/10.3.3":["{{k}}",24925227,1287240],"chl_oc3\/10.3.4":["{{k}}",26212467,1141283],"chl_oc3\/10.4.0":["{{k}}",27353750,10921],"chl_oc3\/10.4.1":["{{k}}",27364671,614108],"chl_oc3\/10.4.2":["{{k}}",27978779,271705],"chl_oc3\/10.4.3":["{{k}}",28250484,42942],"chl_oc3\/10.4.4":["{{k}}",28293426,1190106],"chl_oc3\/11.0.0":["{{l}}",151221,2981038],"chl_oc3\/11.0.1":["{{l}}",3132259,650130],"chl_oc3\/11.0.2":["{{l}}",3782389,1001106],"chl_oc3\/11.0.3":["{{l}}",4783495,1119293],"chl_oc3\/11.0.4":["{{l}}",5902788,3252453],"chl_oc3\/11.1.0":["{{l}}",9155241,2225396],"chl_oc3\/11.1.1":["{{l}}",11380637,3261188],"chl_oc3\/11.1.2":["{{l}}",14641825,2137512],"chl_oc3\/11.1.3":["{{l}}",16779337,935378],"chl_oc3\/11.1.4":["{{l}}",17714715,4538057],"chl_oc3\/11.2.0":["{{l}}",22252772,1482913],"chl_oc3\/11.2.1":["{{l}}",23735685,1363603],"chl_oc3\/11.2.2":["{{l}}",25099288,149498],"chl_oc3\/11.2.3":["{{l}}",25248786,857992],"chl_oc3\/11.2.4":["{{l}}",26106778,2212600],"chl_oc3\/11.3.0":["{{l}}",28319378,427145],"chl_oc3\/11.3.1":["{{l}}",28746523,1533308],"chl_oc3\/11.3.2":["{{l}}",30279831,3642302],"chl_oc3\/11.3.3":["{{l}}",33922133,2188486],"chl_oc3\/11.3.4":["{{l}}",36110619,1171743],"chl_oc3\/11.4.0":["{{l}}",37282362,54551],"chl_oc3\/11.4.1":["{{l}}",37336913,1355637],"chl_oc3\/11.4.2":["{{l}}",38692550,884930],"chl_oc3\/11.4.3":["{{l}}",39577480,340493],"chl_oc3\/11.4.4":["{{l}}",39917973,208454],"chl_oc3\/12.0.0":["{{m}}",151221,228080],"chl_oc3\/12.0.1":["{{m}}",379301,1636990],"chl_oc3\/12.0.2":["{{m}}",2016291,2218213],"chl_oc3\/12.0.3":["{{m}}",4234504,2415706],"chl_oc3\/12.0.4":["{{m}}",6650210,367314],"chl_oc3\/12.1.0":["{{m}}",7017524,101896],"chl_oc3\/12.1.1":["{{m}}",7119420,4839328],"chl_oc3\/12.1.2":["{{m}}",11958748,2793022],"chl_oc3\/12.1.3":["{{m}}",14751770,785710],"chl_oc3\/12.1.4":["{{m}}",15537480,944079],"chl_oc3\/12.2.0":["{{m}}",16481559,2347405],"chl_oc3\/12.2.1":["{{m}}",18828964,2897910],"chl_oc3\/12.2.2":["{{m}}",21726874,54668],"chl_oc3\/12.2.3":["{{m}}",21781542,1324071],"chl_oc3\/12.2.4":["{{m}}",23105613,1852265],"chl_oc3\/12.3.0":["{{m}}",24957878,345904],"chl_oc3\/12.3.1":["{{m}}",25303782,2063096],"chl_oc3\/12.3.2":["{{m}}",27366878,3208553],"chl_oc3\/12.3.3":["{{m}}",30575431,2499983],"chl_oc3\/12.3.4":["{{m}}",33075414,1865223],"chl_oc3\/12.4.0":["{{m}}",34940637,31912],"chl_oc3\/12.4.1":["{{m}}",34972549,789943],"chl_oc3\/12.4.2":["{{m}}",35762492,1344624],"chl_oc3\/12.4.3":["{{m}}",37107116,428093],"chl_oc3\/12.4.4":["{{m}}",37535209,550996],"chl_oc3\/13.0.0":["{{n}}",151221,1275702],"chl_oc3\/13.0.1":["{{n}}",1426923,708356],"chl_oc3\/13.0.2":["{{n}}",2135279,2617637],"chl_oc3\/13.0.3":["{{n}}",4752916,1527064],"chl_oc3\/13.0.4":["{{n}}",6279980,2906737],"chl_oc3\/13.1.0":["{{n}}",9186717,1955332],"chl_oc3\/13.1.1":["{{n}}",11142049,2968947],"chl_oc3\/13.1.2":["{{n}}",14110996,2061450],"chl_oc3\/13.1.3":["{{n}}",16172446,320653],"chl_oc3\/13.1.4":["{{n}}",16493099,3507839],"chl_oc3\/13.2.0":["{{n}}",20000938,1447295],"chl_oc3\/13.2.1":["{{n}}",21448233,2096918],"chl_oc3\/13.2.2":["{{n}}",23545151,136897],"chl_oc3\/13.2.3":["{{n}}",23682048,947738],"chl_oc3\/13.2.4":["{{n}}",24629786,2386910],"chl_oc3\/13.3.0":["{{n}}",27016696,105900],"chl_oc3\/13.3.1":["{{n}}",27122596,988733],"chl_oc3\/13.3.2":["{{n}}",28111329,3432265],"chl_oc3\/13.3.3":["{{n}}",31543594,2985812],"chl_oc3\/13.3.4":["{{n}}",34529406,145453],"chl_oc3\/13.4.0":["{{n}}",34674859,11374],"chl_oc3\/13.4.1":["{{n}}",34686233,160707],"chl_oc3\/13.4.2":["{{n}}",34846940,2821748],"chl_oc3\/13.4.3":["{{n}}",37668688,2281018],"chl_oc3\/13.4.4":["{{n}}",39949706,226794],"chl_oc3\/14.0.0":["{{o}}",151221,1517504],"chl_oc3\/14.0.1":["{{o}}",1668725,508789],"chl_oc3\/14.0.2":["{{o}}",2177514,2964292],"chl_oc3\/14.0.3":["{{o}}",5141806,1952227],"chl_oc3\/14.0.4":["{{o}}",7094033,1480170],"chl_oc3\/14.1.0":["{{o}}",8574203,2811823],"chl_oc3\/14.1.1":["{{o}}",11386026,2528731],"chl_oc3\/14.1.2":["{{o}}",13914757,1691434],"chl_oc3\/14.1.3":["{{o}}",15606191,994549],"chl_oc3\/14.1.4":["{{o}}",16600740,1165240],"chl_oc3\/14.2.0":["{{o}}",17765980,3456840],"chl_oc3\/14.2.1":["{{o}}",21222820,3098355],"chl_oc3\/14.2.2":["{{o}}",24321175,105159],"chl_oc3\/14.2.3":["{{o}}",24426334,719746],"chl_oc3\/14.2.4":["{{o}}",25146080,2544050],"chl_oc3\/14.3.0":["{{o}}",27690130,2446442],"chl_oc3\/14.3.1":["{{o}}",30136572,1218230],"chl_oc3\/14.3.2":["{{o}}",31354802,1989572],"chl_oc3\/14.3.3":["{{o}}",33344374,2005382],"chl_oc3\/14.3.4":["{{o}}",35349756,2073121],"chl_oc3\/14.4.0":["{{o}}",37422877,490033],"chl_oc3\/14.4.1":["{{o}}",37912910,2010728],"chl_oc3\/14.4.2":["{{o}}",39923638,536201],"chl_oc3\/14.4.3":["{{o}}",40459839,3391796],"chl_oc3\/14.4.4":["{{o}}",43851635,1586805],"chl_oc3\/15.0.0":["{{p}}",151221,368123],"chl_oc3\/15.0.1":["{{p}}",519344,564320],"chl_oc3\/15.0.2":["{{p}}",1083664,1585427],"chl_oc3\/15.0.3":["{{p}}",2669091,2270521],"chl_oc3\/15.0.4":["{{p}}",4939612,2171910],"chl_oc3\/15.1.0":["{{p}}",7111522,1408272],"chl_oc3\/15.1.1":["{{p}}",8519794,2371238],"chl_oc3\/15.1.2":["{{p}}",10891032,2646748],"chl_oc3\/15.1.3":["{{p}}",13537780,2011538],"chl_oc3\/15.1.4":["{{p}}",15549318,39542],"chl_oc3\/15.2.0":["{{p}}",15588860,1093508],"chl_oc3\/15.2.1":["{{p}}",16682368,4161769],"chl_oc3\/15.2.2":["{{p}}",20844137,110336],"chl_oc3\/15.2.3":["{{p}}",20954473,939481],"chl_oc3\/15.2.4":["{{p}}",21893954,499144],"chl_oc3\/15.3.0":["{{p}}",22393098,51945],"chl_oc3\/15.3.1":["{{p}}",22445043,2491787],"chl_oc3\/15.3.2":["{{p}}",24936830,3737371],"chl_oc3\/15.3.3":["{{p}}",28674201,2603990],"chl_oc3\/15.3.4":["{{p}}",31278191,472853],"chl_oc3\/15.4.0":["{{p}}",31751044,28431],"chl_oc3\/15.4.1":["{{p}}",31779475,1391892],"chl_oc3\/15.4.2":["{{p}}",33171367,951831],"chl_oc3\/15.4.3":["{{p}}",34123198,2914253],"chl_oc3\/15.4.4":["{{p}}",37037451,1258166],"chl_oc3\/16.0.0":["{{q}}",151221,1080198],"chl_oc3\/16.0.1":["{{q}}",1231419,1212466],"chl_oc3\/16.0.2":["{{q}}",2443885,1515630],"chl_oc3\/16.0.3":["{{q}}",3959515,1700062],"chl_oc3\/16.0.4":["{{q}}",5659577,1278398],"chl_oc3\/16.1.0":["{{q}}",6937975,2150092],"chl_oc3\/16.1.1":["{{q}}",9088067,3349663],"chl_oc3\/16.1.2":["{{q}}",12437730,1299105],"chl_oc3\/16.1.3":["{{q}}",13736835,1377278],"chl_oc3\/16.1.4":["{{q}}",15114113,3371509],"chl_oc3\/16.2.0":["{{q}}",18485622,2017285],"chl_oc3\/16.2.1":["{{q}}",20502907,2985796],"chl_oc3\/16.2.2":["{{q}}",23488703,124281],"chl_oc3\/16.2.3":["{{q}}",23612984,160957],"chl_oc3\/16.2.4":["{{q}}",23773941,2286995],"chl_oc3\/16.3.0":["{{q}}",26060936,1069297],"chl_oc3\/16.3.1":["{{q}}",27130233,2001817],"chl_oc3\/16.3.2":["{{q}}",29132050,2880826],"chl_oc3\/16.3.3":["{{q}}",32012876,2585757],"chl_oc3\/16.3.4":["{{q}}",34598633,3102301],"chl_oc3\/16.4.0":["{{q}}",37700934,472273],"chl_oc3\/16.4.1":["{{q}}",38173207,1562503],"chl_oc3\/16.4.2":["{{q}}",39735710,636267],"chl_oc3\/16.4.3":["{{q}}",40371977,1598430],"chl_oc3\/16.4.4":["{{q}}",41970407,1399107],"chl_oc3\/17.0.0":["{{r}}",151221,325048],"chl_oc3\/17.0.1":["{{r}}",476269,1252386],"chl_oc3\/17.0.2":["{{r}}",1728655,2970397],"chl_oc3\/17.0.3":["{{r}}",4699052,1406762],"chl_oc3\/17.0.4":["{{r}}",6105814,23666],"chl_oc3\/17.1.0":["{{r}}",6129480,410187],"chl_oc3\/17.1.1":["{{r}}",6539667,2541378],"chl_oc3\/17.1.2":["{{r}}",9081045,2156750],"chl_oc3\/17.1.3":["{{r}}",11237795,2407122],"chl_oc3\/17.1.4":["{{r}}",13644917,230961],"chl_oc3\/17.2.0":["{{r}}",13875878,214170],"chl_oc3\/17.2.1":["{{r}}",14090048,3148731],"chl_oc3\/17.2.2":["{{r}}",17238779,87589],"chl_oc3\/17.2.3":["{{r}}",17326368,784822],"chl_oc3\/17.2.4":["{{r}}",18111190,149536],"chl_oc3\/17.3.0":["{{r}}",18260726,17196],"chl_oc3\/17.3.1":["{{r}}",18277922,3052509],"chl_oc3\/17.3.2":["{{r}}",21330431,2032666],"chl_oc3\/17.3.3":["{{r}}",23363097,2156052],"chl_oc3\/17.3.4":["{{r}}",25519149,2023175],"chl_oc3\/17.4.0":["{{r}}",27542324,10921],"chl_oc3\/17.4.1":["{{r}}",27553245,1445126],"chl_oc3\/17.4.2":["{{r}}",28998371,1018006],"chl_oc3\/17.4.3":["{{r}}",30016377,1817313],"chl_oc3\/17.4.4":["{{r}}",31833690,811339],"chl_oc3\/18.0.0":["{{s}}",151221,647824],"chl_oc3\/18.0.1":["{{s}}",799045,775808],"chl_oc3\/18.0.2":["{{s}}",1574853,1399699],"chl_oc3\/18.0.3":["{{s}}",2974552,277870],"chl_oc3\/18.0.4":["{{s}}",3252422,2260631],"chl_oc3\/18.1.0":["{{s}}",5513053,1996787],"chl_oc3\/18.1.1":["{{s}}",7509840,3550844],"chl_oc3\/18.1.2":["{{s}}",11060684,2184476],"chl_oc3\/18.1.3":["{{s}}",13245160,1427787],"chl_oc3\/18.1.4":["{{s}}",14672947,2808015],"chl_oc3\/18.2.0":["{{s}}",17480962,1366888],"chl_oc3\/18.2.1":["{{s}}",18847850,1547498],"chl_oc3\/18.2.2":["{{s}}",20395348,135981],"chl_oc3\/18.2.3":["{{s}}",20531329,817818],"chl_oc3\/18.2.4":["{{s}}",21349147,1715774],"chl_oc3\/18.3.0":["{{s}}",23064921,849082],"chl_oc3\/18.3.1":["{{s}}",23914003,1022486],"chl_oc3\/18.3.2":["{{s}}",24936489,4115926],"chl_oc3\/18.3.3":["{{s}}",29052415,1155902],"chl_oc3\/18.3.4":["{{s}}",30208317,2252148],"chl_oc3\/18.4.0":["{{s}}",32460465,16121],"chl_oc3\/18.4.1":["{{s}}",32476586,1453781],"chl_oc3\/18.4.2":["{{s}}",33930367,2682402],"chl_oc3\/18.4.3":["{{s}}",36612769,324359],"chl_oc3\/18.4.4":["{{s}}",36937128,254636],"chl_oc3\/19.0.0":["{{t}}",151221,148746],"chl_oc3\/19.0.1":["{{t}}",299967,750491],"chl_oc3\/19.0.2":["{{t}}",1050458,1620888],"chl_oc3\/19.0.3":["{{t}}",2671346,1442246],"chl_oc3\/19.0.4":["{{t}}",4113592,421077],"chl_oc3\/19.1.0":["{{t}}",4534669,125605],"chl_oc3\/19.1.1":["{{t}}",4660274,3934281],"chl_oc3\/19.1.2":["{{t}}",8594555,1837850],"chl_oc3\/19.1.3":["{{t}}",10432405,2820380],"chl_oc3\/19.1.4":["{{t}}",13252785,930656],"chl_oc3\/19.2.0":["{{t}}",14183441,10921],"chl_oc3\/19.2.1":["{{t}}",14194362,1858980],"chl_oc3\/19.2.2":["{{t}}",16053342,10921],"chl_oc3\/19.2.3":["{{t}}",16064263,1756774],"chl_oc3\/19.2.4":["{{t}}",17821037,659098],"chl_oc3\/19.3.0":["{{t}}",18480135,25518],"chl_oc3\/19.3.1":["{{t}}",18505653,1331533],"chl_oc3\/19.3.2":["{{t}}",19837186,2866677],"chl_oc3\/19.3.3":["{{t}}",22703863,703779],"chl_oc3\/19.3.4":["{{t}}",23407642,3230340],"chl_oc3\/19.4.0":["{{t}}",26637982,1117355],"chl_oc3\/19.4.1":["{{t}}",27755337,632517],"chl_oc3\/19.4.2":["{{t}}",28387854,2249637],"chl_oc3\/19.4.3":["{{t}}",30637491,2648981],"chl_oc3\/19.4.4":["{{t}}",33286472,842133],"chl_oc3\/20.0.0":["{{u}}",151221,1300217],"chl_oc3\/20.0.1":["{{u}}",1451438,580154],"chl_oc3\/20.0.2":["{{u}}",2031592,942609],"chl_oc3\/20.0.3":["{{u}}",2974201,1063448],"chl_oc3\/20.0.4":["{{u}}",4037649,1633547],"chl_oc3\/20.1.0":["{{u}}",5671196,915046],"chl_oc3\/20.1.1":["{{u}}",6586242,3161264],"chl_oc3\/20.1.2":["{{u}}",9747506,2148101],"chl_oc3\/20.1.3":["{{u}}",11895607,2086979],"chl_oc3\/20.1.4":["{{u}}",13982586,1940498],"chl_oc3\/20.2.0":["{{u}}",15923084,719798],"chl_oc3\/20.2.1":["{{u}}",16642882,974015],"chl_oc3\/20.2.2":["{{u}}",17616897,146340],"chl_oc3\/20.2.3":["{{u}}",17763237,1468492],"chl_oc3\/20.2.4":["{{u}}",19231729,3287836],"chl_oc3\/20.3.0":["{{u}}",22519565,268347],"chl_oc3\/20.3.1":["{{u}}",22787912,896307],"chl_oc3\/20.3.2":["{{u}}",23684219,1332659],"chl_oc3\/20.3.3":["{{u}}",25016878,539620],"chl_oc3\/20.3.4":["{{u}}",25556498,963466],"chl_oc3\/20.4.0":["{{u}}",26519964,10921],"chl_oc3\/20.4.1":["{{u}}",26530885,1068468],"chl_oc3\/20.4.2":["{{u}}",27599353,1975298],"chl_oc3\/20.4.3":["{{u}}",29574651,2250463],"chl_oc3\/20.4.4":["{{u}}",31825114,771443],"chl_oc3\/21.0.0":["{{v}}",151221,165261],"chl_oc3\/21.0.1":["{{v}}",316482,407111],"chl_oc3\/21.0.2":["{{v}}",723593,1232481],"chl_oc3\/21.0.3":["{{v}}",1956074,1564993],"chl_oc3\/21.0.4":["{{v}}",3521067,824816],"chl_oc3\/21.1.0":["{{v}}",4345883,145971],"chl_oc3\/21.1.1":["{{v}}",4491854,4233312],"chl_oc3\/21.1.2":["{{v}}",8725166,1325303],"chl_oc3\/21.1.3":["{{v}}",10050469,2749165],"chl_oc3\/21.1.4":["{{v}}",12799634,1953695],"chl_oc3\/21.2.0":["{{v}}",14753329,2347297],"chl_oc3\/21.2.1":["{{v}}",17100626,1910943],"chl_oc3\/21.2.2":["{{v}}",19011569,60817],"chl_oc3\/21.2.3":["{{v}}",19072386,1178416],"chl_oc3\/21.2.4":["{{v}}",20250802,1526722],"chl_oc3\/21.3.0":["{{v}}",21777524,756512],"chl_oc3\/21.3.1":["{{v}}",22534036,967313],"chl_oc3\/21.3.2":["{{v}}",23501349,1634829],"chl_oc3\/21.3.3":["{{v}}",25136178,765533],"chl_oc3\/21.3.4":["{{v}}",25901711,3729801],"chl_oc3\/21.4.0":["{{v}}",29631512,1228151],"chl_oc3\/21.4.1":["{{v}}",30859663,812115],"chl_oc3\/21.4.2":["{{v}}",31671778,2665246],"chl_oc3\/21.4.3":["{{v}}",34337024,260249],"chl_oc3\/21.4.4":["{{v}}",34597273,316345],"chl_oc3\/22.0.0":["{{w}}",151221,2004856],"chl_oc3\/22.0.1":["{{w}}",2156077,956258],"chl_oc3\/22.0.2":["{{w}}",3112335,902433],"chl_oc3\/22.0.3":["{{w}}",4014768,1449663],"chl_oc3\/22.0.4":["{{w}}",5464431,2345243],"chl_oc3\/22.1.0":["{{w}}",7809674,1413049],"chl_oc3\/22.1.1":["{{w}}",9222723,2865692],"chl_oc3\/22.1.2":["{{w}}",12088415,1302952],"chl_oc3\/22.1.3":["{{w}}",13391367,2960325],"chl_oc3\/22.1.4":["{{w}}",16351692,1239039],"chl_oc3\/22.2.0":["{{w}}",17590731,48001],"chl_oc3\/22.2.1":["{{w}}",17638732,1642037],"chl_oc3\/22.2.2":["{{w}}",19280769,87192],"chl_oc3\/22.2.3":["{{w}}",19367961,1302803],"chl_oc3\/22.2.4":["{{w}}",20670764,69910],"chl_oc3\/22.3.0":["{{w}}",20740674,324261],"chl_oc3\/22.3.1":["{{w}}",21064935,1315399],"chl_oc3\/22.3.2":["{{w}}",22380334,2437457],"chl_oc3\/22.3.3":["{{w}}",24817791,685034],"chl_oc3\/22.3.4":["{{w}}",25502825,277842],"chl_oc3\/22.4.0":["{{w}}",25780667,161227],"chl_oc3\/22.4.1":["{{w}}",25941894,1277398],"chl_oc3\/22.4.2":["{{w}}",27219292,590632],"chl_oc3\/22.4.3":["{{w}}",27809924,920126],"chl_oc3\/22.4.4":["{{w}}",28730050,41198],"chl_oc3\/23.0.0":["{{x}}",151221,2540140],"chl_oc3\/23.0.1":["{{x}}",2691361,1495579],"chl_oc3\/23.0.2":["{{x}}",4186940,692337],"chl_oc3\/23.0.3":["{{x}}",4879277,1047158],"chl_oc3\/23.0.4":["{{x}}",5926435,517087],"chl_oc3\/23.1.0":["{{x}}",6443522,3033833],"chl_oc3\/23.1.1":["{{x}}",9477355,4178992],"chl_oc3\/23.1.2":["{{x}}",13656347,1344202],"chl_oc3\/23.1.3":["{{x}}",15000549,1946287],"chl_oc3\/23.1.4":["{{x}}",16946836,3719326],"chl_oc3\/23.2.0":["{{x}}",20666162,2912022],"chl_oc3\/23.2.1":["{{x}}",23578184,1720288],"chl_oc3\/23.2.2":["{{x}}",25298472,103778],"chl_oc3\/23.2.3":["{{x}}",25402250,360567],"chl_oc3\/23.2.4":["{{x}}",25762817,2980422],"chl_oc3\/23.3.0":["{{x}}",28743239,2554748],"chl_oc3\/23.3.1":["{{x}}",31297987,742777],"chl_oc3\/23.3.2":["{{x}}",32040764,808302],"chl_oc3\/23.3.3":["{{x}}",32849066,1315371],"chl_oc3\/23.3.4":["{{x}}",34164437,3849311],"chl_oc3\/23.4.0":["{{x}}",38013748,65059],"chl_oc3\/23.4.1":["{{x}}",38078807,1360054],"chl_oc3\/23.4.2":["{{x}}",39438861,1016855],"chl_oc3\/23.4.3":["{{x}}",40455716,946855],"chl_oc3\/23.4.4":["{{x}}",41402571,342890],"chl_oc3\/24.0.0":["{{y}}",151221,934904],"chl_oc3\/24.0.1":["{{y}}",1086125,1296327],"chl_oc3\/24.0.2":["{{y}}",2382452,1078013],"chl_oc3\/24.0.3":["{{y}}",3460465,1300565],"chl_oc3\/24.0.4":["{{y}}",4761030,10921],"chl_oc3\/24.1.0":["{{y}}",4771951,1094152],"chl_oc3\/24.1.1":["{{y}}",5866103,3331041],"chl_oc3\/24.1.2":["{{y}}",9197144,795469],"chl_oc3\/24.1.3":["{{y}}",9992613,2244826],"chl_oc3\/24.1.4":["{{y}}",12237439,193603],"chl_oc3\/24.2.0":["{{y}}",12431042,851485],"chl_oc3\/24.2.1":["{{y}}",13282527,3067800],"chl_oc3\/24.2.2":["{{y}}",16350327,118426],"chl_oc3\/24.2.3":["{{y}}",16468753,1238505],"chl_oc3\/24.2.4":["{{y}}",17707258,430871],"chl_oc3\/24.3.0":["{{y}}",18138129,153259],"chl_oc3\/24.3.1":["{{y}}",18291388,2468511],"chl_oc3\/24.3.2":["{{y}}",20759899,740142],"chl_oc3\/24.3.3":["{{y}}",21500041,1245118],"chl_oc3\/24.3.4":["{{y}}",22745159,619935],"chl_oc3\/24.4.0":["{{y}}",23365094,10921],"chl_oc3\/24.4.1":["{{y}}",23376015,242623],"chl_oc3\/24.4.2":["{{y}}",23618638,1637179],"chl_oc3\/24.4.3":["{{y}}",25255817,1674092],"chl_oc3\/24.4.4":["{{y}}",26929909,556753],"chl_oc3\/25.0.0":["{{z}}",151221,1735295],"chl_oc3\/25.0.1":["{{z}}",1886516,2111739],"chl_oc3\/25.0.2":["{{z}}",3998255,1230352],"chl_oc3\/25.0.3":["{{z}}",5228607,913576],"chl_oc3\/25.0.4":["{{z}}",6142183,1085866],"chl_oc3\/25.1.0":["{{z}}",7228049,2484996],"chl_oc3\/25.1.1":["{{z}}",9713045,3129911],"chl_oc3\/25.1.2":["{{z}}",12842956,754867],"chl_oc3\/25.1.3":["{{z}}",13597823,824677],"chl_oc3\/25.1.4":["{{z}}",14422500,4834480],"chl_oc3\/25.2.0":["{{z}}",19256980,3161442],"chl_oc3\/25.2.1":["{{z}}",22418422,2136433],"chl_oc3\/25.2.2":["{{z}}",24554855,141614],"chl_oc3\/25.2.3":["{{z}}",24696469,363581],"chl_oc3\/25.2.4":["{{z}}",25060050,2761850],"chl_oc3\/25.3.0":["{{z}}",27821900,781181],"chl_oc3\/25.3.1":["{{z}}",28603081,1344207],"chl_oc3\/25.3.2":["{{z}}",29947288,2645876],"chl_oc3\/25.3.3":["{{z}}",32593164,1426128],"chl_oc3\/25.3.4":["{{z}}",34019292,1622351],"chl_oc3\/25.4.0":["{{z}}",35641643,84702],"chl_oc3\/25.4.1":["{{z}}",35726345,345224],"chl_oc3\/25.4.2":["{{z}}",36071569,1159865],"chl_oc3\/25.4.3":["{{z}}",37231434,1512827],"chl_oc3\/25.4.4":["{{z}}",38744261,319568],"chl_oc3\/26.0.0":["{{A}}",151221,1082482],"chl_oc3\/26.0.1":["{{A}}",1233703,1012948],"chl_oc3\/26.0.2":["{{A}}",2246651,2779812],"chl_oc3\/26.0.3":["{{A}}",5026463,1400485],"chl_oc3\/26.0.4":["{{A}}",6426948,43468],"chl_oc3\/26.1.0":["{{A}}",6470416,972978],"chl_oc3\/26.1.1":["{{A}}",7443394,3729568],"chl_oc3\/26.1.2":["{{A}}",11172962,905687],"chl_oc3\/26.1.3":["{{A}}",12078649,1359307],"chl_oc3\/26.1.4":["{{A}}",13437956,585115],"chl_oc3\/26.2.0":["{{A}}",14023071,161445],"chl_oc3\/26.2.1":["{{A}}",14184516,3086486],"chl_oc3\/26.2.2":["{{A}}",17271002,55023],"chl_oc3\/26.2.3":["{{A}}",17326025,454906],"chl_oc3\/26.2.4":["{{A}}",17780931,999650],"chl_oc3\/26.3.0":["{{A}}",18780581,10921],"chl_oc3\/26.3.1":["{{A}}",18791502,663706],"chl_oc3\/26.3.2":["{{A}}",19455208,2844258],"chl_oc3\/26.3.3":["{{A}}",22299466,2122648],"chl_oc3\/26.3.4":["{{A}}",24422114,2053358],"chl_oc3\/26.4.0":["{{A}}",26475472,10921],"chl_oc3\/26.4.1":["{{A}}",26486393,1137505],"chl_oc3\/26.4.2":["{{A}}",27623898,332466],"chl_oc3\/26.4.3":["{{A}}",27956364,2189573],"chl_oc3\/26.4.4":["{{A}}",30145937,143413],"chl_oc3\/27.0.0":["{{B}}",151221,1175624],"chl_oc3\/27.0.1":["{{B}}",1326845,808821],"chl_oc3\/27.0.2":["{{B}}",2135666,2187895],"chl_oc3\/27.0.3":["{{B}}",4323561,2773782],"chl_oc3\/27.0.4":["{{B}}",7097343,1142240],"chl_oc3\/27.1.0":["{{B}}",8239583,3290372],"chl_oc3\/27.1.1":["{{B}}",11529955,2987716],"chl_oc3\/27.1.2":["{{B}}",14517671,2457155],"chl_oc3\/27.1.3":["{{B}}",16974826,1074719],"chl_oc3\/27.1.4":["{{B}}",18049545,3468372],"chl_oc3\/27.2.0":["{{B}}",21517917,2224925],"chl_oc3\/27.2.1":["{{B}}",23742842,2695770],"chl_oc3\/27.2.2":["{{B}}",26438612,111947],"chl_oc3\/27.2.3":["{{B}}",26550559,10968],"chl_oc3\/27.2.4":["{{B}}",26561527,3124944],"chl_oc3\/27.3.0":["{{B}}",29686471,401907],"chl_oc3\/27.3.1":["{{B}}",30088378,884253],"chl_oc3\/27.3.2":["{{B}}",30972631,1205451],"chl_oc3\/27.3.3":["{{B}}",32178082,1243186],"chl_oc3\/27.3.4":["{{B}}",33421268,2111109],"chl_oc3\/27.4.0":["{{B}}",35532377,71790],"chl_oc3\/27.4.1":["{{B}}",35604167,29561],"chl_oc3\/27.4.2":["{{B}}",35633728,1403863],"chl_oc3\/27.4.3":["{{B}}",37037591,705091],"chl_oc3\/27.4.4":["{{B}}",37742682,426426],"chl_oc3\/28.0.0":["{{C}}",151221,221114],"chl_oc3\/28.0.1":["{{C}}",372335,2123343],"chl_oc3\/28.0.2":["{{C}}",2495678,1673524],"chl_oc3\/28.0.3":["{{C}}",4169202,2016861],"chl_oc3\/28.0.4":["{{C}}",6186063,800052],"chl_oc3\/28.1.0":["{{C}}",6986115,212684],"chl_oc3\/28.1.1":["{{C}}",7198799,3621412],"chl_oc3\/28.1.2":["{{C}}",10820211,1759287],"chl_oc3\/28.1.3":["{{C}}",12579498,902502],"chl_oc3\/28.1.4":["{{C}}",13482000,657572],"chl_oc3\/28.2.0":["{{C}}",14139572,2362358],"chl_oc3\/28.2.1":["{{C}}",16501930,3666646],"chl_oc3\/28.2.2":["{{C}}",20168576,28796],"chl_oc3\/28.2.3":["{{C}}",20197372,339404],"chl_oc3\/28.2.4":["{{C}}",20536776,992045],"chl_oc3\/28.3.0":["{{C}}",21528821,3129420],"chl_oc3\/28.3.1":["{{C}}",24658241,880356],"chl_oc3\/28.3.2":["{{C}}",25538597,429208],"chl_oc3\/28.3.3":["{{C}}",25967805,716685],"chl_oc3\/28.3.4":["{{C}}",26684490,1613413],"chl_oc3\/28.4.0":["{{C}}",28297903,1201929],"chl_oc3\/28.4.1":["{{C}}",29499832,983988],"chl_oc3\/28.4.2":["{{C}}",30483820,19594],"chl_oc3\/28.4.3":["{{C}}",30503414,857362],"chl_oc3\/28.4.4":["{{C}}",31360776,1149294],"chl_oc3\/29.0.0":["{{D}}",151221,1125763],"chl_oc3\/29.0.1":["{{D}}",1276984,1178235],"chl_oc3\/29.0.2":["{{D}}",2455219,2116445],"chl_oc3\/29.0.3":["{{D}}",4571664,3162781],"chl_oc3\/29.0.4":["{{D}}",7734445,2897233],"chl_oc3\/29.1.0":["{{D}}",10631678,2264476],"chl_oc3\/29.1.1":["{{D}}",12896154,2438640],"chl_oc3\/29.1.2":["{{D}}",15334794,2515573],"chl_oc3\/29.1.3":["{{D}}",17850367,961338],"chl_oc3\/29.1.4":["{{D}}",18811705,2612883],"chl_oc3\/29.2.0":["{{D}}",21424588,2289728],"chl_oc3\/29.2.1":["{{D}}",23714316,2489233],"chl_oc3\/29.2.2":["{{D}}",26203549,112249],"chl_oc3\/29.2.3":["{{D}}",26315798,1438929],"chl_oc3\/29.2.4":["{{D}}",27754727,2376857],"chl_oc3\/29.3.0":["{{D}}",30131584,208939],"chl_oc3\/29.3.1":["{{D}}",30340523,1235422],"chl_oc3\/29.3.2":["{{D}}",31575945,453237],"chl_oc3\/29.3.3":["{{D}}",32029182,2233344],"chl_oc3\/29.3.4":["{{D}}",34262526,790785],"chl_oc3\/29.4.0":["{{D}}",35053311,13749],"chl_oc3\/29.4.1":["{{D}}",35067060,771993],"chl_oc3\/29.4.2":["{{D}}",35839053,353571],"chl_oc3\/29.4.3":["{{D}}",36192624,713340],"chl_oc3\/29.4.4":["{{D}}",36905964,790411]}}