{"version":1,"templates":{"a":"s3:\/\/imos-data\/IMOS\/SRS\/OC\/gridded\/aqua\/P1D\/2013\/07\/A.P1D.20130701T053000Z.aust.K_490.nc","b":"s3:\/\/imos-data\/IMOS\/SRS\/OC\/gridded\/aqua\/P1D\/2013\/07\/A.P1D.20130702T053000Z.aust.K_490.nc","c":"s3:\/\/imos-data\/IMOS\/SRS\/OC\/gridded\/aqua\/P1D\/2013\/07\/A.P1D.20130703T053000Z.aust.K_490.nc","d":"s3:\/\/imos-data\/IMOS\/SRS\/OC\/gridded\/aqua\/P1D\/2013\/07\/A.P1D.20130704T053000Z.aust.K_490.nc","e":"s3:\/\/imos-data\/IMOS\/SRS\/OC\/gridded\/aqua\/P1D\/2013\/07\/A.P1D.20130705T053000Z.aust.K_490.nc","f":"s3:\/\/imos-data\/IMOS\/SRS\/OC\/gridded\/aqua\/P1D\/2013\/07\/A.P1D.20130706T053000Z.aust.K_490.nc","g":"s3:\/\/imos-data\/IMOS\/SRS\/OC\/gridded\/aqua\/P1D\/2013\/07\/A.P1D.20130707T053000Z.aust.K_490.nc","h":"s3:\/\/imos-data\/IMOS\/SRS\/OC\/gridded\/aqua\/P1D\/2013\/07\/A.P1D.20130708T053000Z.aust.K_490.nc","i":"s3:\/\/imos-data\/IMOS\/SRS\/OC\/gridded\/aqua\/P1D\/2013\/07\/A.P1D.20130709T053000Z.aust.K_490.nc","j":"s3:\/\/imos-data\/IMOS\/SRS\/OC\/gridded\/aqua\/P1D\/2013\/07\/A.P1D.20130710T053000Z.aust.K_490.nc","k":"s3:\/\/imos-data\/IMOS\/SRS\/OC\/gridded\/aqua\/P1D\/2013\/07\/A.P1D.20130711T053000Z.aust.K_490.nc","l":"s3:\/\/imos-data\/IMOS\/SRS\/OC\/gridded\/aqua\/P1D\/2013\/07\/A.P1D.20130712T053000Z.aust.K_490.nc","m":"s3:\/\/imos-data\/IMOS\/SRS\/OC\/gridded\/aqua\/P1D\/2013\/07\/A.P1D.20130713T053000Z.aust.K_490.nc","n":"s3:\/\/imos-data\/IMOS\/SRS\/OC\/gridded\/aqua\/P1D\/2013\/07\/A.P1D.20130714T053000Z.aust.K_490.nc","o":"s3:\/\/imos-data\/IMOS\/SRS\/OC\/gridded\/aqua\/P1D\/2013\/07\/A.P1D.20130715T053000Z.aust.K_490.nc","p":"s3:\/\/imos-data\/IMOS\/SRS\/OC\/gridded\/aqua\/P1D\/2013\/07\/A.P1D.20130716T053000Z.aust.K_490.nc","q":"s3:\/\/imos-data\/IMOS\/SRS\/OC\/gridded\/aqua\/P1D\/2013\/07\/A.P1D.20130717T053000Z.aust.K_490.nc","r":"s3:\/\/imos-data\/IMOS\/SRS\/OC\/gridded\/aqua\/P1D\/2013\/07\/A.P1D.20130718T053000Z.aust.K_490.nc","s":"s3:\/\/imos-data\/IMOS\/SRS\/OC\/gridded\/aqua\/P1D\/2013\/07\/A.P1D.20130719T053000Z.aust.K_490.nc","t":"s3:\/\/imos-data\/IMOS\/SRS\/OC\/gridded\/aqua\/P1D\/2013\/07\/A.P1D.20130720T053000Z.aust.K_490.nc","u":"s3:\/\/imos-data\/IMOS\/SRS\/OC\/gridded\/aqua\/P1D\/2013\/07\/A.P1D.20130721T053000Z.aust.K_490.nc","v":"s3:\/\/imos-data\/IMOS\/SRS\/OC\/gridded\/aqua\/P1D\/2013\/07\/A.P1D.20130722T053000Z.aust.K_490.nc","w":"s3:\/\/imos-data\/IMOS\/SRS\/OC\/gridded\/aqua\/P1D\/2013\/07\/A.P1D.20130723T053000Z.aust.K_490.nc","x":"s3:\/\/imos-data\/IMOS\/SRS\/OC\/gridded\/aqua\/P1D\/2013\/07\/A.P1D.20130724T053000Z.aust.K_490.nc","y":"s3:\/\/imos-data\/IMOS\/SRS\/OC\/gridded\/aqua\/P1D\/2013\/07\/A.P1D.20130725T053000Z.aust.K_490.nc","z":"s3:\/\/imos-data\/IMOS\/SRS\/OC\/gridded\/aqua\/P1D\/2013\/07\/A.P1D.20130726T053000Z.aust.K_490.nc","A":"s3:\/\/imos-data\/IMOS\/SRS\/OC\/gridded\/aqua\/P1D\/2013\/07\/A.P1D.20130727T053000Z.aust.K_490.nc","B":"s3:\/\/imos-data\/IMOS\/SRS\/OC\/gridded\/aqua\/P1D\/2013\/07\/A.P1D.20130728T053000Z.aust.K_490.nc","C":"s3:\/\/imos-data\/IMOS\/SRS\/OC\/gridded\/aqua\/P1D\/2013\/07\/A.P1D.20130729T053000Z.aust.K_490.nc","D":"s3:\/\/imos-data\/IMOS\/SRS\/OC\/gridded\/aqua\/P1D\/2013\/07\/A.P1D.20130730T053000Z.aust.K_490.nc","E":"s3:\/\/imos-data\/IMOS\/SRS\/OC\/gridded\/aqua\/P1D\/2013\/07\/A.P1D.20130731T053000Z.aust.K_490.nc"},"refs":{".zgroup":"{\"zarr_format\":2}",".zattrs":"{\"Conventions\":\"CF-1.6\",\"_NCProperties\":\"version=1|netcdflibversion=4.6.1|hdf5libversion=1.10.4\",\"_nc3_strict\":1,\"history\":\"File initialised at 2020-08-06T06:04:56.880979\\nInitialised var K_490 at 2020-08-06T06:08:11.478227\\nAdd Granule A20130701_0320.20190919101020.L2OC_BASE.K_490.nc at 2020-08-06T06:08:12.393961\\nAdd Granule A20130701_0325.20190919095657.L2OC_BASE.K_490.nc at 2020-08-06T06:08:12.673708\\nAdd Granule A20130701_0330.20190919091632.L2OC_BASE.K_490.nc at 2020-08-06T06:08:12.901420\\nAdd Granule A20130701_0335.20190919085209.L2OC_BASE.K_490.nc at 2020-08-06T06:08:13.136011\\nAdd Granule A20130701_0500.20190919090130.L2OC_BASE.K_490.nc at 2020-08-06T06:08:13.439258\\nAdd Granule A20130701_0505.20190919094543.L2OC_BASE.K_490.nc at 2020-08-06T06:08:13.799322\\nAdd Granule A20130701_0510.20190919092445.L2OC_BASE.K_490.nc at 2020-08-06T06:08:14.031893\\nAdd Granule A20130701_0515.20190919100353.L2OC_BASE.K_490.nc at 2020-08-06T06:08:14.225465\\nAdd Granule A20130701_0640.20190919093108.L2OC_BASE.K_490.nc at 2020-08-06T06:08:14.577806\\nAdd Granule A20130701_0645.20190919090636.L2OC_BASE.K_490.nc at 2020-08-06T06:08:14.818974\\nAdd Granule A20130701_0650.20190919093840.L2OC_BASE.K_490.nc at 2020-08-06T06:08:15.035776\\nAdd Granule A20130701_0655.20190919095128.L2OC_BASE.K_490.nc at 2020-08-06T06:08:15.228045\",\"source_path\":\"imos-srs\\\/archive\\\/oc\\\/aqua\\\/1d\\\/v201909\\\/2013\\\/07\\\/A20130701.L2OC_BASE.aust.K_490.nc\"}","K_490\/.zarray":"{\"chunks\":[1,1401,2001],\"compressor\":{\"id\":\"zlib\",\"level\":4},\"dtype\":\"<f4\",\"fill_value\":-999.0,\"filters\":[{\"elementsize\":4,\"id\":\"shuffle\"}],\"order\":\"C\",\"shape\":[31,7001,10001],\"zarr_format\":2}","K_490\/.zattrs":"{\"_ARRAY_DIMENSIONS\":[\"time\",\"latitude\",\"longitude\"],\"flag_applied\":\"HISATZEN LAND CLDICE NAVFAIL\",\"long_name\":\"Diffuse attenuation coefficient at 490 nm (OBPG)\",\"units\":\"m^-1\"}","longitude\/.zarray":"{\n    \"chunks\": [\n        10001\n    ],\n    \"compressor\": null,\n    \"dtype\": \"<f8\",\n    \"fill_value\": 9.969209968386869e+36,\n    \"filters\": null,\n    \"order\": \"C\",\n    \"shape\": [\n        10001\n    ],\n    \"zarr_format\": 2\n}","longitude\/.zattrs":"{\n    \"NAME\": \"longitude\",\n    \"_ARRAY_DIMENSIONS\": [\n        \"longitude\"\n    ],\n    \"_Netcdf4Dimid\": 2,\n    \"axis\": \"X\",\n    \"long_name\": \"longitude\",\n    \"standard_name\": \"longitude\",\n    \"units\": \"degrees_east\"\n}","longitude\/0":["{{a}}",58400,80008],"latitude\/.zarray":"{\n    \"chunks\": [\n        7001\n    ],\n    \"compressor\": null,\n    \"dtype\": \"<f8\",\n    \"fill_value\": 9.969209968386869e+36,\n    \"filters\": null,\n    \"order\": \"C\",\n    \"shape\": [\n        7001\n    ],\n    \"zarr_format\": 2\n}","latitude\/.zattrs":"{\n    \"NAME\": \"latitude\",\n    \"_ARRAY_DIMENSIONS\": [\n        \"latitude\"\n    ],\n    \"_Netcdf4Dimid\": 1,\n    \"axis\": \"Y\",\n    \"long_name\": \"latitude\",\n    \"standard_name\": \"latitude\",\n    \"units\": \"degrees_north\"\n}","latitude\/0":["{{a}}",2392,56008],"time\/.zarray":"{\"chunks\":[31],\"compressor\":{\"blocksize\":0,\"clevel\":5,\"cname\":\"lz4\",\"id\":\"blosc\",\"shuffle\":1},\"dtype\":\"<M8[us]\",\"fill_value\":0,\"filters\":null,\"order\":\"C\",\"shape\":[31],\"zarr_format\":2}","time\/0":"base64:AgExCPgAAAD4AAAAsgAAABQAAACaAAAAHwABAAv7AaYGZsYmhuZGpgZmxiaG5kYQAPRbCuK5kGg\/Fu7FnXRLI\/rRqYBYLwbetYxkOxPqwZlwR4WiwN78GjhVc5GvzesIJkRigJ682fcVM1FvjKrI5gRsgJSovNHl+Q0hNUldcoaarsLW6v4SJztPY3eLn7PI4ODg4ODg4ODh4eHh4QUAFeIBAB8EAQALD9gAB1AAAAAAAA==","time\/.zattrs":"{\"NAME\":\"time\",\"_ARRAY_DIMENSIONS\":[\"time\"],\"_Netcdf4Dimid\":0,\"axis\":\"T\",\"long_name\":\"time\",\"standard_name\":\"time\"}","K_490\/0.0.0":["{{a}}",151229,617121],"K_490\/0.0.1":["{{a}}",768350,874181],"K_490\/0.0.2":["{{a}}",1642531,1452464],"K_490\/0.0.3":["{{a}}",3094995,2613989],"K_490\/0.0.4":["{{a}}",5708984,10921],"K_490\/0.1.0":["{{a}}",5719905,737579],"K_490\/0.1.1":["{{a}}",6457484,1302240],"K_490\/0.1.2":["{{a}}",7759724,1937849],"K_490\/0.1.3":["{{a}}",9697573,3055707],"K_490\/0.1.4":["{{a}}",12753280,29299],"K_490\/0.2.0":["{{a}}",12782579,667017],"K_490\/0.2.1":["{{a}}",13449596,3199766],"K_490\/0.2.2":["{{a}}",16649362,94311],"K_490\/0.2.3":["{{a}}",16743673,1920230],"K_490\/0.2.4":["{{a}}",18663903,236937],"K_490\/0.3.0":["{{a}}",18900840,179792],"K_490\/0.3.1":["{{a}}",19080632,3288489],"K_490\/0.3.2":["{{a}}",22369121,1871040],"K_490\/0.3.3":["{{a}}",24240161,1292790],"K_490\/0.3.4":["{{a}}",25532951,1366475],"K_490\/0.4.0":["{{a}}",26899426,21374],"K_490\/0.4.1":["{{a}}",26920800,1548438],"K_490\/0.4.2":["{{a}}",28469238,522990],"K_490\/0.4.3":["{{a}}",28992228,304140],"K_490\/0.4.4":["{{a}}",29296368,31917],"K_490\/1.0.0":["{{b}}",151229,10921],"K_490\/1.0.1":["{{b}}",162150,1092134],"K_490\/1.0.2":["{{b}}",1254284,2360618],"K_490\/1.0.3":["{{b}}",3614902,2489401],"K_490\/1.0.4":["{{b}}",6104303,2654873],"K_490\/1.1.0":["{{b}}",8759176,318547],"K_490\/1.1.1":["{{b}}",9077723,1385915],"K_490\/1.1.2":["{{b}}",10463638,1650180],"K_490\/1.1.3":["{{b}}",12113818,1728377],"K_490\/1.1.4":["{{b}}",13842195,2103957],"K_490\/1.2.0":["{{b}}",15946152,3060115],"K_490\/1.2.1":["{{b}}",19006267,1905312],"K_490\/1.2.2":["{{b}}",20911579,133383],"K_490\/1.2.3":["{{b}}",21044962,840667],"K_490\/1.2.4":["{{b}}",21885629,912380],"K_490\/1.3.0":["{{b}}",22798009,2625811],"K_490\/1.3.1":["{{b}}",25423820,2535153],"K_490\/1.3.2":["{{b}}",27958973,2721637],"K_490\/1.3.3":["{{b}}",30680610,1289650],"K_490\/1.3.4":["{{b}}",31970260,1058463],"K_490\/1.4.0":["{{b}}",33028723,285912],"K_490\/1.4.1":["{{b}}",33314635,674295],"K_490\/1.4.2":["{{b}}",33988930,1594157],"K_490\/1.4.3":["{{b}}",35583087,1370850],"K_490\/1.4.4":["{{b}}",36953937,261950],"K_490\/2.0.0":["{{c}}",151229,63335],"K_490\/2.0.1":["{{c}}",214564,72891],"K_490\/2.0.2":["{{c}}",287455,814821],"K_490\/2.0.3":["{{c}}",1102276,3860792],"K_490\/2.0.4":["{{c}}",4963068,225419],"K_490\/2.1.0":["{{c}}",5188487,215880],"K_490\/2.1.1":["{{c}}",5404367,1465319],"K_490\/2.1.2":["{{c}}",6869686,2987138],"K_490\/2.1.3":["{{c}}",9856824,1495428],"K_490\/2.1.4":["{{c}}",11352252,81337],"K_490\/2.2.0":["{{c}}",11433589,112631],"K_490\/2.2.1":["{{c}}",11546220,2533818],"K_490\/2.2.2":["{{c}}",14080038,48286],"K_490\/2.2.3":["{{c}}",14128324,2311395],"K_490\/2.2.4":["{{c}}",16439719,1373473],"K_490\/2.3.0":["{{c}}",17813192,11248],"K_490\/2.3.1":["{{c}}",17824440,2197196],"K_490\/2.3.2":["{{c}}",20021636,2208582],"K_490\/2.3.3":["{{c}}",22230218,2260246],"K_490\/2.3.4":["{{c}}",24490464,2082484],"K_490\/2.4.0":["{{c}}",26572948,10921],"K_490\/2.4.1":["{{c}}",26583869,371451],"K_490\/2.4.2":["{{c}}",26955320,806228],"K_490\/2.4.3":["{{c}}",27761548,419947],"K_490\/2.4.4":["{{c}}",28181495,1291448],"K_490\/3.0.0":["{{d}}",151229,10921],"K_490\/3.0.1":["{{d}}",162150,486378],"K_490\/3.0.2":["{{d}}",648528,966104],"K_490\/3.0.3":["{{d}}",1614632,1748291],"K_490\/3.0.4":["{{d}}",3362923,4400001],"K_490\/3.1.0":["{{d}}",7762924,429129],"K_490\/3.1.1":["{{d}}",8192053,2044264],"K_490\/3.1.2":["{{d}}",10236317,2732891],"K_490\/3.1.3":["{{d}}",12969208,1439877],"K_490\/3.1.4":["{{d}}",14409085,1636529],"K_490\/3.2.0":["{{d}}",16045614,1931265],"K_490\/3.2.1":["{{d}}",17976879,1901276],"K_490\/3.2.2":["{{d}}",19878155,106334],"K_490\/3.2.3":["{{d}}",19984489,1020686],"K_490\/3.2.4":["{{d}}",21005175,1870377],"K_490\/3.3.0":["{{d}}",22875552,1232766],"K_490\/3.3.1":["{{d}}",24108318,1557080],"K_490\/3.3.2":["{{d}}",25665398,1936653],"K_490\/3.3.3":["{{d}}",27602051,1564993],"K_490\/3.3.4":["{{d}}",29167044,725942],"K_490\/3.4.0":["{{d}}",29892986,16904],"K_490\/3.4.1":["{{d}}",29909890,198514],"K_490\/3.4.2":["{{d}}",30108404,702493],"K_490\/3.4.3":["{{d}}",30810897,687978],"K_490\/3.4.4":["{{d}}",31498875,14449],"K_490\/4.0.0":["{{e}}",151229,12147],"K_490\/4.0.1":["{{e}}",163376,103050],"K_490\/4.0.2":["{{e}}",266426,1318201],"K_490\/4.0.3":["{{e}}",1584627,2403843],"K_490\/4.0.4":["{{e}}",3988470,911441],"K_490\/4.1.0":["{{e}}",4899911,10921],"K_490\/4.1.1":["{{e}}",4910832,1928901],"K_490\/4.1.2":["{{e}}",6839733,2292538],"K_490\/4.1.3":["{{e}}",9132271,1842672],"K_490\/4.1.4":["{{e}}",10974943,1088317],"K_490\/4.2.0":["{{e}}",12063260,2679526],"K_490\/4.2.1":["{{e}}",14742786,3251733],"K_490\/4.2.2":["{{e}}",17994519,24861],"K_490\/4.2.3":["{{e}}",18019380,1661754],"K_490\/4.2.4":["{{e}}",19681134,1324076],"K_490\/4.3.0":["{{e}}",21005210,2403026],"K_490\/4.3.1":["{{e}}",23408236,1929421],"K_490\/4.3.2":["{{e}}",25337657,1688509],"K_490\/4.3.3":["{{e}}",27026166,1525066],"K_490\/4.3.4":["{{e}}",28551232,1814559],"K_490\/4.4.0":["{{e}}",30365791,224074],"K_490\/4.4.1":["{{e}}",30589865,206160],"K_490\/4.4.2":["{{e}}",30796025,445372],"K_490\/4.4.3":["{{e}}",31241397,430187],"K_490\/4.4.4":["{{e}}",31671584,198864],"K_490\/5.0.0":["{{f}}",151229,1295529],"K_490\/5.0.1":["{{f}}",1446758,268553],"K_490\/5.0.2":["{{f}}",1715311,1247858],"K_490\/5.0.3":["{{f}}",2963169,2689701],"K_490\/5.0.4":["{{f}}",5652870,3943286],"K_490\/5.1.0":["{{f}}",9596156,869195],"K_490\/5.1.1":["{{f}}",10465351,1860089],"K_490\/5.1.2":["{{f}}",12325440,2432066],"K_490\/5.1.3":["{{f}}",14757506,1873438],"K_490\/5.1.4":["{{f}}",16630944,3271000],"K_490\/5.2.0":["{{f}}",19901944,1307403],"K_490\/5.2.1":["{{f}}",21209347,2598523],"K_490\/5.2.2":["{{f}}",23807870,136117],"K_490\/5.2.3":["{{f}}",23943987,2438092],"K_490\/5.2.4":["{{f}}",26382079,2542964],"K_490\/5.3.0":["{{f}}",28925043,393058],"K_490\/5.3.1":["{{f}}",29318101,1475379],"K_490\/5.3.2":["{{f}}",30793480,3656115],"K_490\/5.3.3":["{{f}}",34449595,2357532],"K_490\/5.3.4":["{{f}}",36807127,1073917],"K_490\/5.4.0":["{{f}}",37881044,10921],"K_490\/5.4.1":["{{f}}",37891965,171414],"K_490\/5.4.2":["{{f}}",38063379,602223],"K_490\/5.4.3":["{{f}}",38665602,550943],"K_490\/5.4.4":["{{f}}",39216545,338942],"K_490\/6.0.0":["{{g}}",151229,10921],"K_490\/6.0.1":["{{g}}",162150,873491],"K_490\/6.0.2":["{{g}}",1035641,2376466],"K_490\/6.0.3":["{{g}}",3412107,1800016],"K_490\/6.0.4":["{{g}}",5212123,891709],"K_490\/6.1.0":["{{g}}",6103832,882524],"K_490\/6.1.1":["{{g}}",6986356,2752702],"K_490\/6.1.2":["{{g}}",9739058,1497797],"K_490\/6.1.3":["{{g}}",11236855,870446],"K_490\/6.1.4":["{{g}}",12107301,1028611],"K_490\/6.2.0":["{{g}}",13135912,3542572],"K_490\/6.2.1":["{{g}}",16678484,2830210],"K_490\/6.2.2":["{{g}}",19508694,106317],"K_490\/6.2.3":["{{g}}",19615011,1278234],"K_490\/6.2.4":["{{g}}",20893245,3075729],"K_490\/6.3.0":["{{g}}",23968974,1112611],"K_490\/6.3.1":["{{g}}",25081585,1030565],"K_490\/6.3.2":["{{g}}",26112150,3242306],"K_490\/6.3.3":["{{g}}",29354456,2481879],"K_490\/6.3.4":["{{g}}",31836335,4265144],"K_490\/6.4.0":["{{g}}",36101479,41116],"K_490\/6.4.1":["{{g}}",36142595,109573],"K_490\/6.4.2":["{{g}}",36252168,835299],"K_490\/6.4.3":["{{g}}",37087467,926061],"K_490\/6.4.4":["{{g}}",38013528,964611],"K_490\/7.0.0":["{{h}}",151229,269888],"K_490\/7.0.1":["{{h}}",421117,502792],"K_490\/7.0.2":["{{h}}",923909,631520],"K_490\/7.0.3":["{{h}}",1555429,885650],"K_490\/7.0.4":["{{h}}",2441079,10921],"K_490\/7.1.0":["{{h}}",2452000,987719],"K_490\/7.1.1":["{{h}}",3439719,2252008],"K_490\/7.1.2":["{{h}}",5691727,1088097],"K_490\/7.1.3":["{{h}}",6779824,1804658],"K_490\/7.1.4":["{{h}}",8584482,14691],"K_490\/7.2.0":["{{h}}",8599173,1204586],"K_490\/7.2.1":["{{h}}",9803759,3423813],"K_490\/7.2.2":["{{h}}",13227572,78090],"K_490\/7.2.3":["{{h}}",13305662,2267028],"K_490\/7.2.4":["{{h}}",15572690,716866],"K_490\/7.3.0":["{{h}}",16289556,59475],"K_490\/7.3.1":["{{h}}",16349031,267306],"K_490\/7.3.2":["{{h}}",16616337,3577494],"K_490\/7.3.3":["{{h}}",20193831,3016883],"K_490\/7.3.4":["{{h}}",23210714,1798029],"K_490\/7.4.0":["{{h}}",25008743,13825],"K_490\/7.4.1":["{{h}}",25022568,276465],"K_490\/7.4.2":["{{h}}",25299033,67156],"K_490\/7.4.3":["{{h}}",25366189,910481],"K_490\/7.4.4":["{{h}}",26276670,673304],"K_490\/8.0.0":["{{i}}",151229,270663],"K_490\/8.0.1":["{{i}}",421892,1930275],"K_490\/8.0.2":["{{i}}",2352167,932661],"K_490\/8.0.3":["{{i}}",3284828,616009],"K_490\/8.0.4":["{{i}}",3900837,838454],"K_490\/8.1.0":["{{i}}",4739291,2033837],"K_490\/8.1.1":["{{i}}",6773128,2739645],"K_490\/8.1.2":["{{i}}",9512773,1562411],"K_490\/8.1.3":["{{i}}",11075184,810836],"K_490\/8.1.4":["{{i}}",11886020,2222814],"K_490\/8.2.0":["{{i}}",14108834,3005990],"K_490\/8.2.1":["{{i}}",17114824,2237764],"K_490\/8.2.2":["{{i}}",19352588,85158],"K_490\/8.2.3":["{{i}}",19437746,524142],"K_490\/8.2.4":["{{i}}",19961888,3656557],"K_490\/8.3.0":["{{i}}",23618445,197502],"K_490\/8.3.1":["{{i}}",23815947,921034],"K_490\/8.3.2":["{{i}}",24736981,1873562],"K_490\/8.3.3":["{{i}}",26610543,2740472],"K_490\/8.3.4":["{{i}}",29351015,2842284],"K_490\/8.4.0":["{{i}}",32193299,86176],"K_490\/8.4.1":["{{i}}",32279475,733153],"K_490\/8.4.2":["{{i}}",33012628,157040],"K_490\/8.4.3":["{{i}}",33169668,1092855],"K_490\/8.4.4":["{{i}}",34262523,1196663],"K_490\/9.0.0":["{{j}}",151229,210598],"K_490\/9.0.1":["{{j}}",361827,716463],"K_490\/9.0.2":["{{j}}",1078290,1857063],"K_490\/9.0.3":["{{j}}",2935353,1011711],"K_490\/9.0.4":["{{j}}",3947064,27938],"K_490\/9.1.0":["{{j}}",3975002,746885],"K_490\/9.1.1":["{{j}}",4721887,1902508],"K_490\/9.1.2":["{{j}}",6624395,2658461],"K_490\/9.1.3":["{{j}}",9282856,1720268],"K_490\/9.1.4":["{{j}}",11003124,121862],"K_490\/9.2.0":["{{j}}",11124986,413918],"K_490\/9.2.1":["{{j}}",11538904,3066683],"K_490\/9.2.2":["{{j}}",14605587,58685],"K_490\/9.2.3":["{{j}}",14664272,849418],"K_490\/9.2.4":["{{j}}",15513690,1018033],"K_490\/9.3.0":["{{j}}",16531723,30939],"K_490\/9.3.1":["{{j}}",16562662,1829901],"K_490\/9.3.2":["{{j}}",18392563,2223721],"K_490\/9.3.3":["{{j}}",20616284,1804210],"K_490\/9.3.4":["{{j}}",22420494,2221370],"K_490\/9.4.0":["{{j}}",24641864,10921],"K_490\/9.4.1":["{{j}}",24652785,502834],"K_490\/9.4.2":["{{j}}",25155619,623927],"K_490\/9.4.3":["{{j}}",25779546,988365],"K_490\/9.4.4":["{{j}}",26767911,838927],"K_490\/10.0.0":["{{k}}",151229,10921],"K_490\/10.0.1":["{{k}}",162150,163212],"K_490\/10.0.2":["{{k}}",325362,536612],"K_490\/10.0.3":["{{k}}",861974,352529],"K_490\/10.0.4":["{{k}}",1214503,1763388],"K_490\/10.1.0":["{{k}}",2977891,10921],"K_490\/10.1.1":["{{k}}",2988812,1559539],"K_490\/10.1.2":["{{k}}",4548351,2229600],"K_490\/10.1.3":["{{k}}",6777951,843673],"K_490\/10.1.4":["{{k}}",7621624,1681892],"K_490\/10.2.0":["{{k}}",9303516,66493],"K_490\/10.2.1":["{{k}}",9370009,1061313],"K_490\/10.2.2":["{{k}}",10431322,100657],"K_490\/10.2.3":["{{k}}",10531979,788719],"K_490\/10.2.4":["{{k}}",11320698,2569899],"K_490\/10.3.0":["{{k}}",13890597,128128],"K_490\/10.3.1":["{{k}}",14018725,1579582],"K_490\/10.3.2":["{{k}}",15598307,3185424],"K_490\/10.3.3":["{{k}}",18783731,2386344],"K_490\/10.3.4":["{{k}}",21170075,2228267],"K_490\/10.4.0":["{{k}}",23398342,70225],"K_490\/10.4.1":["{{k}}",23468567,508730],"K_490\/10.4.2":["{{k}}",23977297,490048],"K_490\/10.4.3":["{{k}}",24467345,1003921],"K_490\/10.4.4":["{{k}}",25471266,253008],"K_490\/11.0.0":["{{l}}",151229,290805],"K_490\/11.0.1":["{{l}}",442034,845929],"K_490\/11.0.2":["{{l}}",1287963,302774],"K_490\/11.0.3":["{{l}}",1590737,1837843],"K_490\/11.0.4":["{{l}}",3428580,80669],"K_490\/11.1.0":["{{l}}",3509249,245337],"K_490\/11.1.1":["{{l}}",3754586,2299367],"K_490\/11.1.2":["{{l}}",6053953,1178055],"K_490\/11.1.3":["{{l}}",7232008,1009229],"K_490\/11.1.4":["{{l}}",8241237,194533],"K_490\/11.2.0":["{{l}}",8435770,55780],"K_490\/11.2.1":["{{l}}",8491550,3307586],"K_490\/11.2.2":["{{l}}",11799136,11239],"K_490\/11.2.3":["{{l}}",11810375,2023024],"K_490\/11.2.4":["{{l}}",13833399,1940385],"K_490\/11.3.0":["{{l}}",15773784,10921],"K_490\/11.3.1":["{{l}}",15784705,1295876],"K_490\/11.3.2":["{{l}}",17080581,1369765],"K_490\/11.3.3":["{{l}}",18450346,2179962],"K_490\/11.3.4":["{{l}}",20630308,2525281],"K_490\/11.4.0":["{{l}}",23155589,10921],"K_490\/11.4.1":["{{l}}",23166510,129482],"K_490\/11.4.2":["{{l}}",23295992,349881],"K_490\/11.4.3":["{{l}}",23645873,468539],"K_490\/11.4.4":["{{l}}",24114412,1171704],"K_490\/12.0.0":["{{m}}",151229,32661],"K_490\/12.0.1":["{{m}}",183890,171843],"K_490\/12.0.2":["{{m}}",355733,291973],"K_490\/12.0.3":["{{m}}",647706,1491960],"K_490\/12.0.4":["{{m}}",2139666,860099],"K_490\/12.1.0":["{{m}}",2999765,1402798],"K_490\/12.1.1":["{{m}}",4402563,1852065],"K_490\/12.1.2":["{{m}}",6254628,2101619],"K_490\/12.1.3":["{{m}}",8356247,1611131],"K_490\/12.1.4":["{{m}}",9967378,899670],"K_490\/12.2.0":["{{m}}",10867048,2249624],"K_490\/12.2.1":["{{m}}",13116672,2377030],"K_490\/12.2.2":["{{m}}",15493702,128148],"K_490\/12.2.3":["{{m}}",15621850,1753253],"K_490\/12.2.4":["{{m}}",17375103,3758999],"K_490\/12.3.0":["{{m}}",21134102,305779],"K_490\/12.3.1":["{{m}}",21439881,2197606],"K_490\/12.3.2":["{{m}}",23637487,1125171],"K_490\/12.3.3":["{{m}}",24762658,2596880],"K_490\/12.3.4":["{{m}}",27359538,787765],"K_490\/12.4.0":["{{m}}",28147303,134841],"K_490\/12.4.1":["{{m}}",28282144,1294373],"K_490\/12.4.2":["{{m}}",29576517,330571],"K_490\/12.4.3":["{{m}}",29907088,602796],"K_490\/12.4.4":["{{m}}",30509884,232081],"K_490\/13.0.0":["{{n}}",151229,10921],"K_490\/13.0.1":["{{n}}",162150,41509],"K_490\/13.0.2":["{{n}}",203659,1700748],"K_490\/13.0.3":["{{n}}",1904407,2637968],"K_490\/13.0.4":["{{n}}",4542375,1389808],"K_490\/13.1.0":["{{n}}",5932183,823948],"K_490\/13.1.1":["{{n}}",6756131,1367152],"K_490\/13.1.2":["{{n}}",8123283,2106366],"K_490\/13.1.3":["{{n}}",10229649,1288455],"K_490\/13.1.4":["{{n}}",11518104,454205],"K_490\/13.2.0":["{{n}}",11972309,3653361],"K_490\/13.2.1":["{{n}}",15625670,2766248],"K_490\/13.2.2":["{{n}}",18391918,85098],"K_490\/13.2.3":["{{n}}",18477016,1567301],"K_490\/13.2.4":["{{n}}",20044317,3109940],"K_490\/13.3.0":["{{n}}",23154257,2827812],"K_490\/13.3.1":["{{n}}",25982069,1782176],"K_490\/13.3.2":["{{n}}",27764245,1842376],"K_490\/13.3.3":["{{n}}",29606621,813329],"K_490\/13.3.4":["{{n}}",30419950,1628816],"K_490\/13.4.0":["{{n}}",32048766,1384336],"K_490\/13.4.1":["{{n}}",33433102,727044],"K_490\/13.4.2":["{{n}}",34160146,295915],"K_490\/13.4.3":["{{n}}",34456061,60920],"K_490\/13.4.4":["{{n}}",34516981,1275230],"K_490\/14.0.0":["{{o}}",151229,450402],"K_490\/14.0.1":["{{o}}",601631,51277],"K_490\/14.0.2":["{{o}}",652908,970196],"K_490\/14.0.3":["{{o}}",1623104,2333209],"K_490\/14.0.4":["{{o}}",3956313,4697200],"K_490\/14.1.0":["{{o}}",8653513,1566431],"K_490\/14.1.1":["{{o}}",10219944,1560416],"K_490\/14.1.2":["{{o}}",11780360,2629098],"K_490\/14.1.3":["{{o}}",14409458,2121960],"K_490\/14.1.4":["{{o}}",16531418,1873845],"K_490\/14.2.0":["{{o}}",18405263,1362660],"K_490\/14.2.1":["{{o}}",19767923,2961872],"K_490\/14.2.2":["{{o}}",22729795,141195],"K_490\/14.2.3":["{{o}}",22870990,1713614],"K_490\/14.2.4":["{{o}}",24584604,1481721],"K_490\/14.3.0":["{{o}}",26066325,282017],"K_490\/14.3.1":["{{o}}",26348342,2246359],"K_490\/14.3.2":["{{o}}",28594701,1940371],"K_490\/14.3.3":["{{o}}",30535072,619618],"K_490\/14.3.4":["{{o}}",31154690,453935],"K_490\/14.4.0":["{{o}}",31608625,334629],"K_490\/14.4.1":["{{o}}",31943254,2289674],"K_490\/14.4.2":["{{o}}",34232928,68249],"K_490\/14.4.3":["{{o}}",34301177,300398],"K_490\/14.4.4":["{{o}}",34601575,26069],"K_490\/15.0.0":["{{p}}",151229,10921],"K_490\/15.0.1":["{{p}}",162150,302781],"K_490\/15.0.2":["{{p}}",464931,1019877],"K_490\/15.0.3":["{{p}}",1484808,2029622],"K_490\/15.0.4":["{{p}}",3514430,811523],"K_490\/15.1.0":["{{p}}",4325953,10921],"K_490\/15.1.1":["{{p}}",4336874,2525560],"K_490\/15.1.2":["{{p}}",6862434,2546096],"K_490\/15.1.3":["{{p}}",9408530,962509],"K_490\/15.1.4":["{{p}}",10371039,1051866],"K_490\/15.2.0":["{{p}}",11422905,1869321],"K_490\/15.2.1":["{{p}}",13292226,1622018],"K_490\/15.2.2":["{{p}}",14914244,98702],"K_490\/15.2.3":["{{p}}",15012946,633800],"K_490\/15.2.4":["{{p}}",15646746,1185609],"K_490\/15.3.0":["{{p}}",16832355,1561905],"K_490\/15.3.1":["{{p}}",18394260,1588065],"K_490\/15.3.2":["{{p}}",19982325,1390459],"K_490\/15.3.3":["{{p}}",21372784,1344089],"K_490\/15.3.4":["{{p}}",22716873,2061613],"K_490\/15.4.0":["{{p}}",24778486,33198],"K_490\/15.4.1":["{{p}}",24811684,927360],"K_490\/15.4.2":["{{p}}",25739044,1047324],"K_490\/15.4.3":["{{p}}",26786368,11276],"K_490\/15.4.4":["{{p}}",26797644,176540],"K_490\/16.0.0":["{{q}}",151229,469511],"K_490\/16.0.1":["{{q}}",620740,269379],"K_490\/16.0.2":["{{q}}",890119,272416],"K_490\/16.0.3":["{{q}}",1162535,1894178],"K_490\/16.0.4":["{{q}}",3056713,10921],"K_490\/16.1.0":["{{q}}",3067634,130573],"K_490\/16.1.1":["{{q}}",3198207,1448283],"K_490\/16.1.2":["{{q}}",4646490,2422550],"K_490\/16.1.3":["{{q}}",7069040,1811452],"K_490\/16.1.4":["{{q}}",8880492,12046],"K_490\/16.2.0":["{{q}}",8892538,308911],"K_490\/16.2.1":["{{q}}",9201449,1655004],"K_490\/16.2.2":["{{q}}",10856453,105991],"K_490\/16.2.3":["{{q}}",10962444,2157663],"K_490\/16.2.4":["{{q}}",13120107,536338],"K_490\/16.3.0":["{{q}}",13656445,129949],"K_490\/16.3.1":["{{q}}",13786394,1683948],"K_490\/16.3.2":["{{q}}",15470342,684862],"K_490\/16.3.3":["{{q}}",16155204,1506561],"K_490\/16.3.4":["{{q}}",17661765,491547],"K_490\/16.4.0":["{{q}}",18153312,11197],"K_490\/16.4.1":["{{q}}",18164509,178690],"K_490\/16.4.2":["{{q}}",18343199,1202409],"K_490\/16.4.3":["{{q}}",19545608,355688],"K_490\/16.4.4":["{{q}}",19901296,249748],"K_490\/17.0.0":["{{r}}",151229,10921],"K_490\/17.0.1":["{{r}}",162150,219214],"K_490\/17.0.2":["{{r}}",381364,533728],"K_490\/17.0.3":["{{r}}",915092,977026],"K_490\/17.0.4":["{{r}}",1892118,2448022],"K_490\/17.1.0":["{{r}}",4340140,230739],"K_490\/17.1.1":["{{r}}",4570879,1871417],"K_490\/17.1.2":["{{r}}",6442296,2178444],"K_490\/17.1.3":["{{r}}",8620740,911188],"K_490\/17.1.4":["{{r}}",9531928,940990],"K_490\/17.2.0":["{{r}}",10472918,2301248],"K_490\/17.2.1":["{{r}}",12774166,1721635],"K_490\/17.2.2":["{{r}}",14495801,98634],"K_490\/17.2.3":["{{r}}",14594435,808716],"K_490\/17.2.4":["{{r}}",15403151,1419901],"K_490\/17.3.0":["{{r}}",16823052,1405172],"K_490\/17.3.1":["{{r}}",18228224,917629],"K_490\/17.3.2":["{{r}}",19145853,890745],"K_490\/17.3.3":["{{r}}",20036598,1168812],"K_490\/17.3.4":["{{r}}",21205410,1451631],"K_490\/17.4.0":["{{r}}",22657041,264051],"K_490\/17.4.1":["{{r}}",22921092,256913],"K_490\/17.4.2":["{{r}}",23178005,626770],"K_490\/17.4.3":["{{r}}",23804775,686528],"K_490\/17.4.4":["{{r}}",24491303,303444],"K_490\/18.0.0":["{{s}}",151229,488933],"K_490\/18.0.1":["{{s}}",640162,102198],"K_490\/18.0.2":["{{s}}",742360,379079],"K_490\/18.0.3":["{{s}}",1121439,1940240],"K_490\/18.0.4":["{{s}}",3061679,220216],"K_490\/18.1.0":["{{s}}",3281895,510555],"K_490\/18.1.1":["{{s}}",3792450,2548447],"K_490\/18.1.2":["{{s}}",6340897,2996527],"K_490\/18.1.3":["{{s}}",9337424,1843409],"K_490\/18.1.4":["{{s}}",11180833,484384],"K_490\/18.2.0":["{{s}}",11665217,286273],"K_490\/18.2.1":["{{s}}",11951490,4054558],"K_490\/18.2.2":["{{s}}",16006048,34569],"K_490\/18.2.3":["{{s}}",16040617,2164777],"K_490\/18.2.4":["{{s}}",18205394,1933366],"K_490\/18.3.0":["{{s}}",20138760,14165],"K_490\/18.3.1":["{{s}}",20152925,1579435],"K_490\/18.3.2":["{{s}}",21732360,1180318],"K_490\/18.3.3":["{{s}}",22912678,638093],"K_490\/18.3.4":["{{s}}",23550771,1834176],"K_490\/18.4.0":["{{s}}",25384947,10921],"K_490\/18.4.1":["{{s}}",25395868,607743],"K_490\/18.4.2":["{{s}}",26003611,205941],"K_490\/18.4.3":["{{s}}",26209552,81245],"K_490\/18.4.4":["{{s}}",26290797,874886],"K_490\/19.0.0":["{{t}}",151229,10921],"K_490\/19.0.1":["{{t}}",162150,178989],"K_490\/19.0.2":["{{t}}",341139,403533],"K_490\/19.0.3":["{{t}}",744672,984735],"K_490\/19.0.4":["{{t}}",1729407,2421129],"K_490\/19.1.0":["{{t}}",4150536,2088476],"K_490\/19.1.1":["{{t}}",6239012,1693069],"K_490\/19.1.2":["{{t}}",7932081,2551605],"K_490\/19.1.3":["{{t}}",10483686,1640098],"K_490\/19.1.4":["{{t}}",12123784,3394663],"K_490\/19.2.0":["{{t}}",15518447,2502992],"K_490\/19.2.1":["{{t}}",18021439,2596080],"K_490\/19.2.2":["{{t}}",20617519,116492],"K_490\/19.2.3":["{{t}}",20734011,1472186],"K_490\/19.2.4":["{{t}}",22206197,2981315],"K_490\/19.3.0":["{{t}}",25187512,200618],"K_490\/19.3.1":["{{t}}",25388130,1155644],"K_490\/19.3.2":["{{t}}",26543774,1763950],"K_490\/19.3.3":["{{t}}",28307724,1342293],"K_490\/19.3.4":["{{t}}",29650017,1042265],"K_490\/19.4.0":["{{t}}",30692282,102988],"K_490\/19.4.1":["{{t}}",30795270,553468],"K_490\/19.4.2":["{{t}}",31348738,325617],"K_490\/19.4.3":["{{t}}",31674355,723234],"K_490\/19.4.4":["{{t}}",32397589,62691],"K_490\/20.0.0":["{{u}}",151229,169540],"K_490\/20.0.1":["{{u}}",320769,1248117],"K_490\/20.0.2":["{{u}}",1568886,903771],"K_490\/20.0.3":["{{u}}",2472657,962399],"K_490\/20.0.4":["{{u}}",3435056,184121],"K_490\/20.1.0":["{{u}}",3619177,126762],"K_490\/20.1.1":["{{u}}",3745939,3115017],"K_490\/20.1.2":["{{u}}",6860956,807335],"K_490\/20.1.3":["{{u}}",7668291,873749],"K_490\/20.1.4":["{{u}}",8542040,1100645],"K_490\/20.2.0":["{{u}}",9642685,10921],"K_490\/20.2.1":["{{u}}",9653606,2514347],"K_490\/20.2.2":["{{u}}",12167953,26023],"K_490\/20.2.3":["{{u}}",12193976,2194494],"K_490\/20.2.4":["{{u}}",14388470,2817235],"K_490\/20.3.0":["{{u}}",17205705,1174163],"K_490\/20.3.1":["{{u}}",18379868,1044818],"K_490\/20.3.2":["{{u}}",19424686,989398],"K_490\/20.3.3":["{{u}}",20414084,1518912],"K_490\/20.3.4":["{{u}}",21932996,1752479],"K_490\/20.4.0":["{{u}}",23685475,433005],"K_490\/20.4.1":["{{u}}",24118480,90552],"K_490\/20.4.2":["{{u}}",24209032,332496],"K_490\/20.4.3":["{{u}}",24541528,873726],"K_490\/20.4.4":["{{u}}",25415254,740564],"K_490\/21.0.0":["{{v}}",151229,1123196],"K_490\/21.0.1":["{{v}}",1274425,468601],"K_490\/21.0.2":["{{v}}",1743026,942833],"K_490\/21.0.3":["{{v}}",2685859,1232977],"K_490\/21.0.4":["{{v}}",3918836,1574536],"K_490\/21.1.0":["{{v}}",5493372,2438522],"K_490\/21.1.1":["{{v}}",7931894,2774573],"K_490\/21.1.2":["{{v}}",10706467,1852457],"K_490\/21.1.3":["{{v}}",12558924,1293274],"K_490\/21.1.4":["{{v}}",13852198,3115404],"K_490\/21.2.0":["{{v}}",16967602,973472],"K_490\/21.2.1":["{{v}}",17941074,1601606],"K_490\/21.2.2":["{{v}}",19542680,128878],"K_490\/21.2.3":["{{v}}",19671558,1099565],"K_490\/21.2.4":["{{v}}",20771123,2252613],"K_490\/21.3.0":["{{v}}",23023736,377476],"K_490\/21.3.1":["{{v}}",23401212,647498],"K_490\/21.3.2":["{{v}}",24048710,2481964],"K_490\/21.3.3":["{{v}}",26530674,1611104],"K_490\/21.3.4":["{{v}}",28141778,1388567],"K_490\/21.4.0":["{{v}}",29530345,82033],"K_490\/21.4.1":["{{v}}",29612378,880222],"K_490\/21.4.2":["{{v}}",30492600,111895],"K_490\/21.4.3":["{{v}}",30604495,159580],"K_490\/21.4.4":["{{v}}",30764075,227412],"K_490\/22.0.0":["{{w}}",151229,10921],"K_490\/22.0.1":["{{w}}",162150,1303831],"K_490\/22.0.2":["{{w}}",1465981,463207],"K_490\/22.0.3":["{{w}}",1929188,344370],"K_490\/22.0.4":["{{w}}",2273558,76589],"K_490\/22.1.0":["{{w}}",2350147,1549391],"K_490\/22.1.1":["{{w}}",3899538,4402178],"K_490\/22.1.2":["{{w}}",8301716,1740508],"K_490\/22.1.3":["{{w}}",10042224,1685350],"K_490\/22.1.4":["{{w}}",11727574,2072910],"K_490\/22.2.0":["{{w}}",13800484,2612730],"K_490\/22.2.1":["{{w}}",16413214,1738759],"K_490\/22.2.2":["{{w}}",18151973,110517],"K_490\/22.2.3":["{{w}}",18262490,508429],"K_490\/22.2.4":["{{w}}",18770919,1194352],"K_490\/22.3.0":["{{w}}",19965271,1146302],"K_490\/22.3.1":["{{w}}",21111573,961309],"K_490\/22.3.2":["{{w}}",22072882,1300485],"K_490\/22.3.3":["{{w}}",23373367,1018673],"K_490\/22.3.4":["{{w}}",24392040,1388917],"K_490\/22.4.0":["{{w}}",25780957,298671],"K_490\/22.4.1":["{{w}}",26079628,265346],"K_490\/22.4.2":["{{w}}",26344974,415151],"K_490\/22.4.3":["{{w}}",26760125,86648],"K_490\/22.4.4":["{{w}}",26846773,1029880],"K_490\/23.0.0":["{{x}}",151229,798231],"K_490\/23.0.1":["{{x}}",949460,748283],"K_490\/23.0.2":["{{x}}",1697743,1279655],"K_490\/23.0.3":["{{x}}",2977398,445146],"K_490\/23.0.4":["{{x}}",3422544,10921],"K_490\/23.1.0":["{{x}}",3433465,733688],"K_490\/23.1.1":["{{x}}",4167153,1958374],"K_490\/23.1.2":["{{x}}",6125527,2736645],"K_490\/23.1.3":["{{x}}",8862172,1944345],"K_490\/23.1.4":["{{x}}",10806517,77171],"K_490\/23.2.0":["{{x}}",10883688,474611],"K_490\/23.2.1":["{{x}}",11358299,2041248],"K_490\/23.2.2":["{{x}}",13399547,98915],"K_490\/23.2.3":["{{x}}",13498462,1540099],"K_490\/23.2.4":["{{x}}",15038561,481856],"K_490\/23.3.0":["{{x}}",15520417,138244],"K_490\/23.3.1":["{{x}}",15658661,1993463],"K_490\/23.3.2":["{{x}}",17652124,691732],"K_490\/23.3.3":["{{x}}",18343856,1440578],"K_490\/23.3.4":["{{x}}",19784434,1536539],"K_490\/23.4.0":["{{x}}",21320973,10921],"K_490\/23.4.1":["{{x}}",21331894,236686],"K_490\/23.4.2":["{{x}}",21568580,38118],"K_490\/23.4.3":["{{x}}",21606698,341923],"K_490\/23.4.4":["{{x}}",21948621,560753],"K_490\/24.0.0":["{{y}}",151229,10921],"K_490\/24.0.1":["{{y}}",162150,1751663],"K_490\/24.0.2":["{{y}}",1913813,936606],"K_490\/24.0.3":["{{y}}",2850419,906908],"K_490\/24.0.4":["{{y}}",3757327,1275349],"K_490\/24.1.0":["{{y}}",5032676,10921],"K_490\/24.1.1":["{{y}}",5043597,3160120],"K_490\/24.1.2":["{{y}}",8203717,1815549],"K_490\/24.1.3":["{{y}}",10019266,520311],"K_490\/24.1.4":["{{y}}",10539577,2027705],"K_490\/24.2.0":["{{y}}",12567282,10921],"K_490\/24.2.1":["{{y}}",12578203,1730592],"K_490\/24.2.2":["{{y}}",14308795,118970],"K_490\/24.2.3":["{{y}}",14427765,449486],"K_490\/24.2.4":["{{y}}",14877251,2271067],"K_490\/24.3.0":["{{y}}",17148318,161733],"K_490\/24.3.1":["{{y}}",17310051,1337655],"K_490\/24.3.2":["{{y}}",18647706,3237691],"K_490\/24.3.3":["{{y}}",21885397,750041],"K_490\/24.3.4":["{{y}}",22635438,3810689],"K_490\/24.4.0":["{{y}}",26446127,63825],"K_490\/24.4.1":["{{y}}",26509952,415945],"K_490\/24.4.2":["{{y}}",26925897,548050],"K_490\/24.4.3":["{{y}}",27473947,217854],"K_490\/24.4.4":["{{y}}",27691801,701938],"K_490\/25.0.0":["{{z}}",151229,69698],"K_490\/25.0.1":["{{z}}",220927,534425],"K_490\/25.0.2":["{{z}}",755352,161651],"K_490\/25.0.3":["{{z}}",917003,1303508],"K_490\/25.0.4":["{{z}}",2220511,11801],"K_490\/25.1.0":["{{z}}",2232312,418484],"K_490\/25.1.1":["{{z}}",2650796,2479925],"K_490\/25.1.2":["{{z}}",5130721,2952204],"K_490\/25.1.3":["{{z}}",8082925,1010130],"K_490\/25.1.4":["{{z}}",9093055,46885],"K_490\/25.2.0":["{{z}}",9139940,91011],"K_490\/25.2.1":["{{z}}",9230951,2867472],"K_490\/25.2.2":["{{z}}",12098423,76413],"K_490\/25.2.3":["{{z}}",12174836,2458240],"K_490\/25.2.4":["{{z}}",14633076,1395062],"K_490\/25.3.0":["{{z}}",16028138,23905],"K_490\/25.3.1":["{{z}}",16052043,1275255],"K_490\/25.3.2":["{{z}}",17327298,1426791],"K_490\/25.3.3":["{{z}}",18754089,1671793],"K_490\/25.3.4":["{{z}}",20425882,1501536],"K_490\/25.4.0":["{{z}}",21927418,10921],"K_490\/25.4.1":["{{z}}",21938339,277673],"K_490\/25.4.2":["{{z}}",22216012,355349],"K_490\/25.4.3":["{{z}}",22571361,593688],"K_490\/25.4.4":["{{z}}",23165049,639228],"K_490\/26.0.0":["{{A}}",151229,10921],"K_490\/26.0.1":["{{A}}",162150,505300],"K_490\/26.0.2":["{{A}}",667450,145455],"K_490\/26.0.3":["{{A}}",812905,501778],"K_490\/26.0.4":["{{A}}",1314683,2755180],"K_490\/26.1.0":["{{A}}",4069863,10921],"K_490\/26.1.1":["{{A}}",4080784,2747478],"K_490\/26.1.2":["{{A}}",6828262,2486478],"K_490\/26.1.3":["{{A}}",9314740,1140664],"K_490\/26.1.4":["{{A}}",10455404,2990258],"K_490\/26.2.0":["{{A}}",13445662,610483],"K_490\/26.2.1":["{{A}}",14056145,1064266],"K_490\/26.2.2":["{{A}}",15120411,125729],"K_490\/26.2.3":["{{A}}",15246140,1027646],"K_490\/26.2.4":["{{A}}",16273786,1876307],"K_490\/26.3.0":["{{A}}",18150093,1565926],"K_490\/26.3.1":["{{A}}",19716019,1439113],"K_490\/26.3.2":["{{A}}",21155132,1256764],"K_490\/26.3.3":["{{A}}",22411896,1927094],"K_490\/26.3.4":["{{A}}",24338990,1925581],"K_490\/26.4.0":["{{A}}",26264571,181261],"K_490\/26.4.1":["{{A}}",26445832,376174],"K_490\/26.4.2":["{{A}}",26822006,987679],"K_490\/26.4.3":["{{A}}",27809685,388987],"K_490\/26.4.4":["{{A}}",28198672,35319],"K_490\/27.0.0":["{{B}}",151229,355262],"K_490\/27.0.1":["{{B}}",506491,1202013],"K_490\/27.0.2":["{{B}}",1708504,72761],"K_490\/27.0.3":["{{B}}",1781265,1399649],"K_490\/27.0.4":["{{B}}",3180914,486276],"K_490\/27.1.0":["{{B}}",3667190,149978],"K_490\/27.1.1":["{{B}}",3817168,2778760],"K_490\/27.1.2":["{{B}}",6595928,1187969],"K_490\/27.1.3":["{{B}}",7783897,1340795],"K_490\/27.1.4":["{{B}}",9124692,353125],"K_490\/27.2.0":["{{B}}",9477817,45698],"K_490\/27.2.1":["{{B}}",9523515,2740146],"K_490\/27.2.2":["{{B}}",12263661,39931],"K_490\/27.2.3":["{{B}}",12303592,1867938],"K_490\/27.2.4":["{{B}}",14171530,1095574],"K_490\/27.3.0":["{{B}}",15267104,263399],"K_490\/27.3.1":["{{B}}",15530503,2628705],"K_490\/27.3.2":["{{B}}",18159208,2012696],"K_490\/27.3.3":["{{B}}",20171904,713396],"K_490\/27.3.4":["{{B}}",20885300,3450796],"K_490\/27.4.0":["{{B}}",24336096,162075],"K_490\/27.4.1":["{{B}}",24498171,512662],"K_490\/27.4.2":["{{B}}",25010833,654646],"K_490\/27.4.3":["{{B}}",25665479,200512],"K_490\/27.4.4":["{{B}}",25865991,969986],"K_490\/28.0.0":["{{C}}",151229,14990],"K_490\/28.0.1":["{{C}}",166219,483739],"K_490\/28.0.2":["{{C}}",649958,86184],"K_490\/28.0.3":["{{C}}",736142,326683],"K_490\/28.0.4":["{{C}}",1062825,2435802],"K_490\/28.1.0":["{{C}}",3498627,1426073],"K_490\/28.1.1":["{{C}}",4924700,2755506],"K_490\/28.1.2":["{{C}}",7680206,1478571],"K_490\/28.1.3":["{{C}}",9158777,1489274],"K_490\/28.1.4":["{{C}}",10648051,1468611],"K_490\/28.2.0":["{{C}}",12116662,2229022],"K_490\/28.2.1":["{{C}}",14345684,2864982],"K_490\/28.2.2":["{{C}}",17210666,133630],"K_490\/28.2.3":["{{C}}",17344296,1123571],"K_490\/28.2.4":["{{C}}",18467867,775944],"K_490\/28.3.0":["{{C}}",19243811,417423],"K_490\/28.3.1":["{{C}}",19661234,1535719],"K_490\/28.3.2":["{{C}}",21196953,3168558],"K_490\/28.3.3":["{{C}}",24365511,2291313],"K_490\/28.3.4":["{{C}}",26656824,205801],"K_490\/28.4.0":["{{C}}",26862625,31433],"K_490\/28.4.1":["{{C}}",26894058,283341],"K_490\/28.4.2":["{{C}}",27177399,1102624],"K_490\/28.4.3":["{{C}}",28280023,233844],"K_490\/28.4.4":["{{C}}",28513867,20736],"K_490\/29.0.0":["{{D}}",151229,37312],"K_490\/29.0.1":["{{D}}",188541,521804],"K_490\/29.0.2":["{{D}}",710345,118213],"K_490\/29.0.3":["{{D}}",828558,786440],"K_490\/29.0.4":["{{D}}",1614998,522346],"K_490\/29.1.0":["{{D}}",2137344,972520],"K_490\/29.1.1":["{{D}}",3109864,3916360],"K_490\/29.1.2":["{{D}}",7026224,1220763],"K_490\/29.1.3":["{{D}}",8246987,2441875],"K_490\/29.1.4":["{{D}}",10688862,1838378],"K_490\/29.2.0":["{{D}}",12527240,1890472],"K_490\/29.2.1":["{{D}}",14417712,3458439],"K_490\/29.2.2":["{{D}}",17876151,94440],"K_490\/29.2.3":["{{D}}",17970591,936936],"K_490\/29.2.4":["{{D}}",18907527,1385527],"K_490\/29.3.0":["{{D}}",20293054,538232],"K_490\/29.3.1":["{{D}}",20831286,916004],"K_490\/29.3.2":["{{D}}",21747290,1698751],"K_490\/29.3.3":["{{D}}",23446041,1740048],"K_490\/29.3.4":["{{D}}",25186089,2014720],"K_490\/29.4.0":["{{D}}",27200809,862804],"K_490\/29.4.1":["{{D}}",28063613,808527],"K_490\/29.4.2":["{{D}}",28872140,967520],"K_490\/29.4.3":["{{D}}",29839660,1484819],"K_490\/29.4.4":["{{D}}",31324479,294954],"K_490\/30.0.0":["{{E}}",151229,212940],"K_490\/30.0.1":["{{E}}",364169,395869],"K_490\/30.0.2":["{{E}}",760038,463624],"K_490\/30.0.3":["{{E}}",1223662,398885],"K_490\/30.0.4":["{{E}}",1622547,3749853],"K_490\/30.1.0":["{{E}}",5372400,1151163],"K_490\/30.1.1":["{{E}}",6523563,2395579],"K_490\/30.1.2":["{{E}}",8919142,1918860],"K_490\/30.1.3":["{{E}}",10838002,2581384],"K_490\/30.1.4":["{{E}}",13419386,3997053],"K_490\/30.2.0":["{{E}}",17416439,504391],"K_490\/30.2.1":["{{E}}",17920830,1902570],"K_490\/30.2.2":["{{E}}",19823400,138368],"K_490\/30.2.3":["{{E}}",19961768,2410920],"K_490\/30.2.4":["{{E}}",22372688,1417737],"K_490\/30.3.0":["{{E}}",23790425,248957],"K_490\/30.3.1":["{{E}}",24039382,1680811],"K_490\/30.3.2":["{{E}}",25720193,2140379],"K_490\/30.3.3":["{{E}}",27860572,2626973],"K_490\/30.3.4":["{{E}}",30487545,228340],"K_490\/30.4.0":["{{E}}",30715885,21932],"K_490\/30.4.1":["{{E}}",30737817,1745566],"K_490\/30.4.2":["{{E}}",32483383,260488],"K_490\/30.4.3":["{{E}}",32743871,1272151],"K_490\/30.4.4":["{{E}}",34016022,736919]}}