{"version":1,"templates":{"a":"s3:\/\/imos-data\/IMOS\/SRS\/OC\/gridded\/aqua\/P1D\/2013\/02\/A.P1D.20130201T053000Z.aust.chl_oc3.nc","b":"s3:\/\/imos-data\/IMOS\/SRS\/OC\/gridded\/aqua\/P1D\/2013\/02\/A.P1D.20130202T053000Z.aust.chl_oc3.nc","c":"s3:\/\/imos-data\/IMOS\/SRS\/OC\/gridded\/aqua\/P1D\/2013\/02\/A.P1D.20130203T053000Z.aust.chl_oc3.nc","d":"s3:\/\/imos-data\/IMOS\/SRS\/OC\/gridded\/aqua\/P1D\/2013\/02\/A.P1D.20130204T053000Z.aust.chl_oc3.nc","e":"s3:\/\/imos-data\/IMOS\/SRS\/OC\/gridded\/aqua\/P1D\/2013\/02\/A.P1D.20130205T053000Z.aust.chl_oc3.nc","f":"s3:\/\/imos-data\/IMOS\/SRS\/OC\/gridded\/aqua\/P1D\/2013\/02\/A.P1D.20130206T053000Z.aust.chl_oc3.nc","g":"s3:\/\/imos-data\/IMOS\/SRS\/OC\/gridded\/aqua\/P1D\/2013\/02\/A.P1D.20130207T053000Z.aust.chl_oc3.nc","h":"s3:\/\/imos-data\/IMOS\/SRS\/OC\/gridded\/aqua\/P1D\/2013\/02\/A.P1D.20130208T053000Z.aust.chl_oc3.nc","i":"s3:\/\/imos-data\/IMOS\/SRS\/OC\/gridded\/aqua\/P1D\/2013\/02\/A.P1D.20130209T053000Z.aust.chl_oc3.nc","j":"s3:\/\/imos-data\/IMOS\/SRS\/OC\/gridded\/aqua\/P1D\/2013\/02\/A.P1D.20130210T053000Z.aust.chl_oc3.nc","k":"s3:\/\/imos-data\/IMOS\/SRS\/OC\/gridded\/aqua\/P1D\/2013\/02\/A.P1D.20130211T053000Z.aust.chl_oc3.nc","l":"s3:\/\/imos-data\/IMOS\/SRS\/OC\/gridded\/aqua\/P1D\/2013\/02\/A.P1D.20130212T053000Z.aust.chl_oc3.nc","m":"s3:\/\/imos-data\/IMOS\/SRS\/OC\/gridded\/aqua\/P1D\/2013\/02\/A.P1D.20130213T053000Z.aust.chl_oc3.nc","n":"s3:\/\/imos-data\/IMOS\/SRS\/OC\/gridded\/aqua\/P1D\/2013\/02\/A.P1D.20130214T053000Z.aust.chl_oc3.nc","o":"s3:\/\/imos-data\/IMOS\/SRS\/OC\/gridded\/aqua\/P1D\/2013\/02\/A.P1D.20130215T053000Z.aust.chl_oc3.nc","p":"s3:\/\/imos-data\/IMOS\/SRS\/OC\/gridded\/aqua\/P1D\/2013\/02\/A.P1D.20130216T053000Z.aust.chl_oc3.nc","q":"s3:\/\/imos-data\/IMOS\/SRS\/OC\/gridded\/aqua\/P1D\/2013\/02\/A.P1D.20130217T053000Z.aust.chl_oc3.nc","r":"s3:\/\/imos-data\/IMOS\/SRS\/OC\/gridded\/aqua\/P1D\/2013\/02\/A.P1D.20130218T053000Z.aust.chl_oc3.nc","s":"s3:\/\/imos-data\/IMOS\/SRS\/OC\/gridded\/aqua\/P1D\/2013\/02\/A.P1D.20130219T053000Z.aust.chl_oc3.nc","t":"s3:\/\/imos-data\/IMOS\/SRS\/OC\/gridded\/aqua\/P1D\/2013\/02\/A.P1D.20130220T053000Z.aust.chl_oc3.nc","u":"s3:\/\/imos-data\/IMOS\/SRS\/OC\/gridded\/aqua\/P1D\/2013\/02\/A.P1D.20130221T053000Z.aust.chl_oc3.nc","v":"s3:\/\/imos-data\/IMOS\/SRS\/OC\/gridded\/aqua\/P1D\/2013\/02\/A.P1D.20130222T053000Z.aust.chl_oc3.nc","w":"s3:\/\/imos-data\/IMOS\/SRS\/OC\/gridded\/aqua\/P1D\/2013\/02\/A.P1D.20130223T053000Z.aust.chl_oc3.nc","x":"s3:\/\/imos-data\/IMOS\/SRS\/OC\/gridded\/aqua\/P1D\/2013\/02\/A.P1D.20130224T053000Z.aust.chl_oc3.nc","y":"s3:\/\/imos-data\/IMOS\/SRS\/OC\/gridded\/aqua\/P1D\/2013\/02\/A.P1D.20130225T053000Z.aust.chl_oc3.nc","z":"s3:\/\/imos-data\/IMOS\/SRS\/OC\/gridded\/aqua\/P1D\/2013\/02\/A.P1D.20130226T053000Z.aust.chl_oc3.nc","A":"s3:\/\/imos-data\/IMOS\/SRS\/OC\/gridded\/aqua\/P1D\/2013\/02\/A.P1D.20130227T053000Z.aust.chl_oc3.nc","B":"s3:\/\/imos-data\/IMOS\/SRS\/OC\/gridded\/aqua\/P1D\/2013\/02\/A.P1D.20130228T053000Z.aust.chl_oc3.nc"},"refs":{".zgroup":"{\"zarr_format\":2}",".zattrs":"{\"Conventions\":\"CF-1.6\",\"_NCProperties\":\"version=1|netcdflibversion=4.6.1|hdf5libversion=1.10.4\",\"_nc3_strict\":1,\"history\":\"File initialised at 2020-08-06T06:47:25.774700\\nInitialised var chl_oc3 at 2020-08-06T06:47:36.131044\\nAdd Granule A20130201_0225.20190925095950.L2OC_BASE.chl_oc3.nc at 2020-08-06T06:47:36.988443\\nAdd Granule A20130201_0230.20190925101247.L2OC_BASE.chl_oc3.nc at 2020-08-06T06:47:37.200152\\nAdd Granule A20130201_0235.20190925104415.L2OC_BASE.chl_oc3.nc at 2020-08-06T06:47:37.375689\\nAdd Granule A20130201_0355.20190925101755.L2OC_BASE.chl_oc3.nc at 2020-08-06T06:47:37.543279\\nAdd Granule A20130201_0400.20190925104928.L2OC_BASE.chl_oc3.nc at 2020-08-06T06:47:37.778825\\nAdd Granule A20130201_0405.20190925103504.L2OC_BASE.chl_oc3.nc at 2020-08-06T06:47:37.971445\\nAdd Granule A20130201_0410.20190925105650.L2OC_BASE.chl_oc3.nc at 2020-08-06T06:47:38.151404\\nAdd Granule A20130201_0415.20190925094727.L2OC_BASE.chl_oc3.nc at 2020-08-06T06:47:38.307183\\nAdd Granule A20130201_0535.20190925095428.L2OC_BASE.chl_oc3.nc at 2020-08-06T06:47:38.535202\\nAdd Granule A20130201_0540.20190925110204.L2OC_BASE.chl_oc3.nc at 2020-08-06T06:47:38.760132\\nAdd Granule A20130201_0545.20190925102940.L2OC_BASE.chl_oc3.nc at 2020-08-06T06:47:38.948114\\nAdd Granule A20130201_0550.20190925100707.L2OC_BASE.chl_oc3.nc at 2020-08-06T06:47:39.138416\\nAdd Granule A20130201_0715.20190925103930.L2OC_BASE.chl_oc3.nc at 2020-08-06T06:47:39.363997\\nAdd Granule A20130201_0720.20190925102247.L2OC_BASE.chl_oc3.nc at 2020-08-06T06:47:39.599987\",\"source_path\":\"imos-srs\\\/archive\\\/oc\\\/aqua\\\/1d\\\/v201909\\\/2013\\\/02\\\/A20130201.L2OC_BASE.aust.chl_oc3.nc\"}","longitude\/.zarray":"{\n    \"chunks\": [\n        10001\n    ],\n    \"compressor\": null,\n    \"dtype\": \"<f8\",\n    \"fill_value\": 9.969209968386869e+36,\n    \"filters\": null,\n    \"order\": \"C\",\n    \"shape\": [\n        10001\n    ],\n    \"zarr_format\": 2\n}","longitude\/.zattrs":"{\n    \"NAME\": \"longitude\",\n    \"_ARRAY_DIMENSIONS\": [\n        \"longitude\"\n    ],\n    \"_Netcdf4Dimid\": 2,\n    \"axis\": \"X\",\n    \"long_name\": \"longitude\",\n    \"standard_name\": \"longitude\",\n    \"units\": \"degrees_east\"\n}","longitude\/0":["{{a}}",58400,80008],"latitude\/.zarray":"{\n    \"chunks\": [\n        7001\n    ],\n    \"compressor\": null,\n    \"dtype\": \"<f8\",\n    \"fill_value\": 9.969209968386869e+36,\n    \"filters\": null,\n    \"order\": \"C\",\n    \"shape\": [\n        7001\n    ],\n    \"zarr_format\": 2\n}","latitude\/.zattrs":"{\n    \"NAME\": \"latitude\",\n    \"_ARRAY_DIMENSIONS\": [\n        \"latitude\"\n    ],\n    \"_Netcdf4Dimid\": 1,\n    \"axis\": \"Y\",\n    \"long_name\": \"latitude\",\n    \"standard_name\": \"latitude\",\n    \"units\": \"degrees_north\"\n}","latitude\/0":["{{a}}",2392,56008],"chl_oc3\/.zarray":"{\"chunks\":[1,1401,2001],\"compressor\":{\"id\":\"zlib\",\"level\":4},\"dtype\":\"<f4\",\"fill_value\":-999.0,\"filters\":[{\"elementsize\":4,\"id\":\"shuffle\"}],\"order\":\"C\",\"shape\":[28,7001,10001],\"zarr_format\":2}","chl_oc3\/.zattrs":"{\"_ARRAY_DIMENSIONS\":[\"time\",\"latitude\",\"longitude\"],\"flag_applied\":\"HISATZEN LAND CLDICE NAVFAIL\",\"long_name\":\"Chlorophyll Concentration, OC3 Algorithm\",\"units\":\"mg\\\/m^3\"}","time\/.zarray":"{\"chunks\":[28],\"compressor\":{\"blocksize\":0,\"clevel\":5,\"cname\":\"lz4\",\"id\":\"blosc\",\"shuffle\":1},\"dtype\":\"<M8[us]\",\"fill_value\":0,\"filters\":null,\"order\":\"C\",\"shape\":[28],\"zarr_format\":2}","time\/0":"base64:AgExCOAAAADgAAAApgAAABQAAACOAAAAHwABAAj4AWbGJobmRqYGZsYmhuZGpgYQAPRP2K+HXjUN5LyTakIZ8Mifd04l\/dSrg1oyCeC4jwgmRGKAnrvZ9xUzUW6MqsjmBCE\/XXuZt9XyEC6jt8vf8wcbL0NYbICUqLzQ5PkNITVJXXGFma7C1NTU1NTV1dXV1QUAFdYBAB8EAQAID8MABFAAAAAAAA==","time\/.zattrs":"{\"NAME\":\"time\",\"_ARRAY_DIMENSIONS\":[\"time\"],\"_Netcdf4Dimid\":0,\"axis\":\"T\",\"long_name\":\"time\",\"standard_name\":\"time\"}","chl_oc3\/0.0.0":["{{a}}",151221,10921],"chl_oc3\/0.0.1":["{{a}}",162142,506240],"chl_oc3\/0.0.2":["{{a}}",668382,1308297],"chl_oc3\/0.0.3":["{{a}}",1976679,975658],"chl_oc3\/0.0.4":["{{a}}",2952337,316318],"chl_oc3\/0.1.0":["{{a}}",3268655,10921],"chl_oc3\/0.1.1":["{{a}}",3279576,1569855],"chl_oc3\/0.1.2":["{{a}}",4849431,1276410],"chl_oc3\/0.1.3":["{{a}}",6125841,1175556],"chl_oc3\/0.1.4":["{{a}}",7301397,354565],"chl_oc3\/0.2.0":["{{a}}",7655962,275612],"chl_oc3\/0.2.1":["{{a}}",7931574,1676789],"chl_oc3\/0.2.2":["{{a}}",9608363,111379],"chl_oc3\/0.2.3":["{{a}}",9719742,1484375],"chl_oc3\/0.2.4":["{{a}}",11204117,3250166],"chl_oc3\/0.3.0":["{{a}}",14454283,1739048],"chl_oc3\/0.3.1":["{{a}}",16193331,2398595],"chl_oc3\/0.3.2":["{{a}}",18591926,1668115],"chl_oc3\/0.3.3":["{{a}}",20260041,1997979],"chl_oc3\/0.3.4":["{{a}}",22258020,1501844],"chl_oc3\/0.4.0":["{{a}}",23759864,87769],"chl_oc3\/0.4.1":["{{a}}",23847633,790897],"chl_oc3\/0.4.2":["{{a}}",24638530,1450728],"chl_oc3\/0.4.3":["{{a}}",26089258,2925604],"chl_oc3\/0.4.4":["{{a}}",29014862,513828],"chl_oc3\/1.0.0":["{{b}}",151221,325594],"chl_oc3\/1.0.1":["{{b}}",476815,864433],"chl_oc3\/1.0.2":["{{b}}",1341248,1709276],"chl_oc3\/1.0.3":["{{b}}",3050524,1276277],"chl_oc3\/1.0.4":["{{b}}",4326801,111938],"chl_oc3\/1.1.0":["{{b}}",4438739,488623],"chl_oc3\/1.1.1":["{{b}}",4927362,2668040],"chl_oc3\/1.1.2":["{{b}}",7595402,1838677],"chl_oc3\/1.1.3":["{{b}}",9434079,570406],"chl_oc3\/1.1.4":["{{b}}",10004485,352194],"chl_oc3\/1.2.0":["{{b}}",10356679,21964],"chl_oc3\/1.2.1":["{{b}}",10378643,2675072],"chl_oc3\/1.2.2":["{{b}}",13053715,38923],"chl_oc3\/1.2.3":["{{b}}",13092638,1415313],"chl_oc3\/1.2.4":["{{b}}",14507951,2417612],"chl_oc3\/1.3.0":["{{b}}",16925563,470828],"chl_oc3\/1.3.1":["{{b}}",17396391,2008651],"chl_oc3\/1.3.2":["{{b}}",19405042,1560406],"chl_oc3\/1.3.3":["{{b}}",20965448,1352247],"chl_oc3\/1.3.4":["{{b}}",22317695,1662244],"chl_oc3\/1.4.0":["{{b}}",23979939,700776],"chl_oc3\/1.4.1":["{{b}}",24680715,954337],"chl_oc3\/1.4.2":["{{b}}",25635052,1266140],"chl_oc3\/1.4.3":["{{b}}",26901192,2531200],"chl_oc3\/1.4.4":["{{b}}",29432392,1452878],"chl_oc3\/2.0.0":["{{c}}",151221,14233],"chl_oc3\/2.0.1":["{{c}}",165454,1201751],"chl_oc3\/2.0.2":["{{c}}",1367205,1721555],"chl_oc3\/2.0.3":["{{c}}",3088760,1585795],"chl_oc3\/2.0.4":["{{c}}",4674555,130878],"chl_oc3\/2.1.0":["{{c}}",4805433,1078332],"chl_oc3\/2.1.1":["{{c}}",5883765,1170510],"chl_oc3\/2.1.2":["{{c}}",7054275,2663403],"chl_oc3\/2.1.3":["{{c}}",9717678,1875877],"chl_oc3\/2.1.4":["{{c}}",11593555,610783],"chl_oc3\/2.2.0":["{{c}}",12204338,665615],"chl_oc3\/2.2.1":["{{c}}",12869953,2600764],"chl_oc3\/2.2.2":["{{c}}",15470717,57403],"chl_oc3\/2.2.3":["{{c}}",15528120,2165582],"chl_oc3\/2.2.4":["{{c}}",17693702,3333973],"chl_oc3\/2.3.0":["{{c}}",21027675,864555],"chl_oc3\/2.3.1":["{{c}}",21892230,1777780],"chl_oc3\/2.3.2":["{{c}}",23670010,2087343],"chl_oc3\/2.3.3":["{{c}}",25757353,1992066],"chl_oc3\/2.3.4":["{{c}}",27749419,194515],"chl_oc3\/2.4.0":["{{c}}",27943934,591208],"chl_oc3\/2.4.1":["{{c}}",28535142,1365055],"chl_oc3\/2.4.2":["{{c}}",29900197,2038143],"chl_oc3\/2.4.3":["{{c}}",31938340,2906425],"chl_oc3\/2.4.4":["{{c}}",34844765,1397792],"chl_oc3\/3.0.0":["{{d}}",151221,10921],"chl_oc3\/3.0.1":["{{d}}",162142,44316],"chl_oc3\/3.0.2":["{{d}}",206458,3299466],"chl_oc3\/3.0.3":["{{d}}",3505924,884328],"chl_oc3\/3.0.4":["{{d}}",4390252,134374],"chl_oc3\/3.1.0":["{{d}}",4524626,634388],"chl_oc3\/3.1.1":["{{d}}",5159014,2770130],"chl_oc3\/3.1.2":["{{d}}",7929144,2639282],"chl_oc3\/3.1.3":["{{d}}",10568426,1652590],"chl_oc3\/3.1.4":["{{d}}",12221016,1770190],"chl_oc3\/3.2.0":["{{d}}",13991206,1345596],"chl_oc3\/3.2.1":["{{d}}",15336802,2043445],"chl_oc3\/3.2.2":["{{d}}",17380247,113977],"chl_oc3\/3.2.3":["{{d}}",17494224,1336142],"chl_oc3\/3.2.4":["{{d}}",18830366,3444503],"chl_oc3\/3.3.0":["{{d}}",22274869,2310966],"chl_oc3\/3.3.1":["{{d}}",24585835,2356160],"chl_oc3\/3.3.2":["{{d}}",26941995,2632048],"chl_oc3\/3.3.3":["{{d}}",29574043,2840449],"chl_oc3\/3.3.4":["{{d}}",32414492,2140524],"chl_oc3\/3.4.0":["{{d}}",34555016,351212],"chl_oc3\/3.4.1":["{{d}}",34906228,2603562],"chl_oc3\/3.4.2":["{{d}}",37509790,1423590],"chl_oc3\/3.4.3":["{{d}}",38933380,1873066],"chl_oc3\/3.4.4":["{{d}}",40806446,2066891],"chl_oc3\/4.0.0":["{{e}}",151221,221760],"chl_oc3\/4.0.1":["{{e}}",372981,42633],"chl_oc3\/4.0.2":["{{e}}",415614,1668009],"chl_oc3\/4.0.3":["{{e}}",2083623,1246431],"chl_oc3\/4.0.4":["{{e}}",3330054,1766829],"chl_oc3\/4.1.0":["{{e}}",5096883,154196],"chl_oc3\/4.1.1":["{{e}}",5251079,1449308],"chl_oc3\/4.1.2":["{{e}}",6700387,2375354],"chl_oc3\/4.1.3":["{{e}}",9075741,2527297],"chl_oc3\/4.1.4":["{{e}}",11603038,1540153],"chl_oc3\/4.2.0":["{{e}}",13143191,327596],"chl_oc3\/4.2.1":["{{e}}",13470787,2537992],"chl_oc3\/4.2.2":["{{e}}",16008779,94484],"chl_oc3\/4.2.3":["{{e}}",16103263,1812774],"chl_oc3\/4.2.4":["{{e}}",17916037,1507699],"chl_oc3\/4.3.0":["{{e}}",19423736,103299],"chl_oc3\/4.3.1":["{{e}}",19527035,1360478],"chl_oc3\/4.3.2":["{{e}}",20887513,3330845],"chl_oc3\/4.3.3":["{{e}}",24218358,3431237],"chl_oc3\/4.3.4":["{{e}}",27649595,686251],"chl_oc3\/4.4.0":["{{e}}",28335846,16568],"chl_oc3\/4.4.1":["{{e}}",28352414,1955356],"chl_oc3\/4.4.2":["{{e}}",30307770,2312810],"chl_oc3\/4.4.3":["{{e}}",32620580,1674828],"chl_oc3\/4.4.4":["{{e}}",34295408,411271],"chl_oc3\/5.0.0":["{{f}}",151221,10921],"chl_oc3\/5.0.1":["{{f}}",162142,352917],"chl_oc3\/5.0.2":["{{f}}",515059,734936],"chl_oc3\/5.0.3":["{{f}}",1249995,1725433],"chl_oc3\/5.0.4":["{{f}}",2975428,394857],"chl_oc3\/5.1.0":["{{f}}",3370285,10921],"chl_oc3\/5.1.1":["{{f}}",3381206,1832428],"chl_oc3\/5.1.2":["{{f}}",5213634,1776421],"chl_oc3\/5.1.3":["{{f}}",6990055,2236721],"chl_oc3\/5.1.4":["{{f}}",9226776,2021979],"chl_oc3\/5.2.0":["{{f}}",11248755,10921],"chl_oc3\/5.2.1":["{{f}}",11259676,2047637],"chl_oc3\/5.2.2":["{{f}}",13307313,102137],"chl_oc3\/5.2.3":["{{f}}",13409450,738766],"chl_oc3\/5.2.4":["{{f}}",14148216,2739768],"chl_oc3\/5.3.0":["{{f}}",16887984,500498],"chl_oc3\/5.3.1":["{{f}}",17388482,445590],"chl_oc3\/5.3.2":["{{f}}",17834072,1584569],"chl_oc3\/5.3.3":["{{f}}",19418641,2600911],"chl_oc3\/5.3.4":["{{f}}",22019552,2844881],"chl_oc3\/5.4.0":["{{f}}",24864433,176387],"chl_oc3\/5.4.1":["{{f}}",25040820,860261],"chl_oc3\/5.4.2":["{{f}}",25901081,1450569],"chl_oc3\/5.4.3":["{{f}}",27351650,1603968],"chl_oc3\/5.4.4":["{{f}}",28955618,554002],"chl_oc3\/6.0.0":["{{g}}",151221,108341],"chl_oc3\/6.0.1":["{{g}}",259562,788833],"chl_oc3\/6.0.2":["{{g}}",1048395,1197002],"chl_oc3\/6.0.3":["{{g}}",2245397,1299963],"chl_oc3\/6.0.4":["{{g}}",3545360,10921],"chl_oc3\/6.1.0":["{{g}}",3556281,168897],"chl_oc3\/6.1.1":["{{g}}",3725178,1332426],"chl_oc3\/6.1.2":["{{g}}",5057604,1927602],"chl_oc3\/6.1.3":["{{g}}",6985206,2604980],"chl_oc3\/6.1.4":["{{g}}",9590186,288163],"chl_oc3\/6.2.0":["{{g}}",9878349,85306],"chl_oc3\/6.2.1":["{{g}}",9963655,2841132],"chl_oc3\/6.2.2":["{{g}}",12804787,94542],"chl_oc3\/6.2.3":["{{g}}",12899329,1448481],"chl_oc3\/6.2.4":["{{g}}",14347810,867012],"chl_oc3\/6.3.0":["{{g}}",15214822,172697],"chl_oc3\/6.3.1":["{{g}}",15387519,635187],"chl_oc3\/6.3.2":["{{g}}",16022706,2011310],"chl_oc3\/6.3.3":["{{g}}",18034016,3278676],"chl_oc3\/6.3.4":["{{g}}",21312692,1844629],"chl_oc3\/6.4.0":["{{g}}",23157321,10921],"chl_oc3\/6.4.1":["{{g}}",23168242,73210],"chl_oc3\/6.4.2":["{{g}}",23241452,2309671],"chl_oc3\/6.4.3":["{{g}}",25551123,1214016],"chl_oc3\/6.4.4":["{{g}}",26765139,1145453],"chl_oc3\/7.0.0":["{{h}}",151221,10921],"chl_oc3\/7.0.1":["{{h}}",162142,1914556],"chl_oc3\/7.0.2":["{{h}}",2076698,1194176],"chl_oc3\/7.0.3":["{{h}}",3270874,1651847],"chl_oc3\/7.0.4":["{{h}}",4922721,992360],"chl_oc3\/7.1.0":["{{h}}",5915081,10921],"chl_oc3\/7.1.1":["{{h}}",5926002,2232349],"chl_oc3\/7.1.2":["{{h}}",8158351,2191102],"chl_oc3\/7.1.3":["{{h}}",10349453,2360244],"chl_oc3\/7.1.4":["{{h}}",12709697,2708963],"chl_oc3\/7.2.0":["{{h}}",15418660,13192],"chl_oc3\/7.2.1":["{{h}}",15431852,1132642],"chl_oc3\/7.2.2":["{{h}}",16564494,76252],"chl_oc3\/7.2.3":["{{h}}",16640746,832670],"chl_oc3\/7.2.4":["{{h}}",17473416,3241477],"chl_oc3\/7.3.0":["{{h}}",20714893,1244278],"chl_oc3\/7.3.1":["{{h}}",21959171,837536],"chl_oc3\/7.3.2":["{{h}}",22796707,1367194],"chl_oc3\/7.3.3":["{{h}}",24163901,2877790],"chl_oc3\/7.3.4":["{{h}}",27041691,4449436],"chl_oc3\/7.4.0":["{{h}}",31491127,11638],"chl_oc3\/7.4.1":["{{h}}",31502765,824271],"chl_oc3\/7.4.2":["{{h}}",32327036,389082],"chl_oc3\/7.4.3":["{{h}}",32716118,1349448],"chl_oc3\/7.4.4":["{{h}}",34065566,1934658],"chl_oc3\/8.0.0":["{{i}}",151221,35535],"chl_oc3\/8.0.1":["{{i}}",186756,520318],"chl_oc3\/8.0.2":["{{i}}",707074,801915],"chl_oc3\/8.0.3":["{{i}}",1508989,835522],"chl_oc3\/8.0.4":["{{i}}",2344511,105705],"chl_oc3\/8.1.0":["{{i}}",2450216,165974],"chl_oc3\/8.1.1":["{{i}}",2616190,2501381],"chl_oc3\/8.1.2":["{{i}}",5117571,2774368],"chl_oc3\/8.1.3":["{{i}}",7891939,3014659],"chl_oc3\/8.1.4":["{{i}}",10906598,1028034],"chl_oc3\/8.2.0":["{{i}}",11934632,157021],"chl_oc3\/8.2.1":["{{i}}",12091653,2564189],"chl_oc3\/8.2.2":["{{i}}",14655842,33346],"chl_oc3\/8.2.3":["{{i}}",14689188,1721353],"chl_oc3\/8.2.4":["{{i}}",16410541,1682420],"chl_oc3\/8.3.0":["{{i}}",18092961,13698],"chl_oc3\/8.3.1":["{{i}}",18106659,1325391],"chl_oc3\/8.3.2":["{{i}}",19432050,1193085],"chl_oc3\/8.3.3":["{{i}}",20625135,2322135],"chl_oc3\/8.3.4":["{{i}}",22947270,3570146],"chl_oc3\/8.4.0":["{{i}}",26517416,10921],"chl_oc3\/8.4.1":["{{i}}",26528337,70208],"chl_oc3\/8.4.2":["{{i}}",26598545,1517808],"chl_oc3\/8.4.3":["{{i}}",28116353,1422070],"chl_oc3\/8.4.4":["{{i}}",29538423,1442395],"chl_oc3\/9.0.0":["{{j}}",151221,10921],"chl_oc3\/9.0.1":["{{j}}",162142,455479],"chl_oc3\/9.0.2":["{{j}}",617621,923558],"chl_oc3\/9.0.3":["{{j}}",1541179,178149],"chl_oc3\/9.0.4":["{{j}}",1719328,567250],"chl_oc3\/9.1.0":["{{j}}",2286578,929810],"chl_oc3\/9.1.1":["{{j}}",3216388,1955649],"chl_oc3\/9.1.2":["{{j}}",5172037,2057139],"chl_oc3\/9.1.3":["{{j}}",7229176,2584339],"chl_oc3\/9.1.4":["{{j}}",9813515,4378460],"chl_oc3\/9.2.0":["{{j}}",14191975,1305158],"chl_oc3\/9.2.1":["{{j}}",15497133,1045199],"chl_oc3\/9.2.2":["{{j}}",16542332,65708],"chl_oc3\/9.2.3":["{{j}}",16608040,1886376],"chl_oc3\/9.2.4":["{{j}}",18494416,3841459],"chl_oc3\/9.3.0":["{{j}}",22335875,627781],"chl_oc3\/9.3.1":["{{j}}",22963656,1718797],"chl_oc3\/9.3.2":["{{j}}",24682453,1569811],"chl_oc3\/9.3.3":["{{j}}",26252264,2338165],"chl_oc3\/9.3.4":["{{j}}",28590429,1827302],"chl_oc3\/9.4.0":["{{j}}",30417731,908241],"chl_oc3\/9.4.1":["{{j}}",31325972,2670849],"chl_oc3\/9.4.2":["{{j}}",33996821,1054366],"chl_oc3\/9.4.3":["{{j}}",35051187,1895267],"chl_oc3\/9.4.4":["{{j}}",36946454,539546],"chl_oc3\/10.0.0":["{{k}}",151221,520409],"chl_oc3\/10.0.1":["{{k}}",671630,646088],"chl_oc3\/10.0.2":["{{k}}",1317718,1891319],"chl_oc3\/10.0.3":["{{k}}",3209037,737236],"chl_oc3\/10.0.4":["{{k}}",3946273,266913],"chl_oc3\/10.1.0":["{{k}}",4213186,176558],"chl_oc3\/10.1.1":["{{k}}",4389744,3480567],"chl_oc3\/10.1.2":["{{k}}",7870311,2279010],"chl_oc3\/10.1.3":["{{k}}",10149321,2210199],"chl_oc3\/10.1.4":["{{k}}",12359520,2111970],"chl_oc3\/10.2.0":["{{k}}",14471490,10921],"chl_oc3\/10.2.1":["{{k}}",14482411,2281819],"chl_oc3\/10.2.2":["{{k}}",16764230,45580],"chl_oc3\/10.2.3":["{{k}}",16809810,1357126],"chl_oc3\/10.2.4":["{{k}}",18166936,2969347],"chl_oc3\/10.3.0":["{{k}}",21136283,10921],"chl_oc3\/10.3.1":["{{k}}",21147204,1804139],"chl_oc3\/10.3.2":["{{k}}",22951343,1271492],"chl_oc3\/10.3.3":["{{k}}",24222835,1332122],"chl_oc3\/10.3.4":["{{k}}",25554957,3170748],"chl_oc3\/10.4.0":["{{k}}",28725705,14000],"chl_oc3\/10.4.1":["{{k}}",28739705,2156903],"chl_oc3\/10.4.2":["{{k}}",30896608,2150883],"chl_oc3\/10.4.3":["{{k}}",33047491,2130551],"chl_oc3\/10.4.4":["{{k}}",35178042,1247202],"chl_oc3\/11.0.0":["{{l}}",151221,1298165],"chl_oc3\/11.0.1":["{{l}}",1449386,900884],"chl_oc3\/11.0.2":["{{l}}",2350270,1520203],"chl_oc3\/11.0.3":["{{l}}",3870473,416255],"chl_oc3\/11.0.4":["{{l}}",4286728,1149188],"chl_oc3\/11.1.0":["{{l}}",5435916,1422571],"chl_oc3\/11.1.1":["{{l}}",6858487,2965112],"chl_oc3\/11.1.2":["{{l}}",9823599,1759953],"chl_oc3\/11.1.3":["{{l}}",11583552,2612024],"chl_oc3\/11.1.4":["{{l}}",14195576,3993381],"chl_oc3\/11.2.0":["{{l}}",18188957,1274837],"chl_oc3\/11.2.1":["{{l}}",19463794,3454840],"chl_oc3\/11.2.2":["{{l}}",22918634,79774],"chl_oc3\/11.2.3":["{{l}}",22998408,1778324],"chl_oc3\/11.2.4":["{{l}}",24776732,2463040],"chl_oc3\/11.3.0":["{{l}}",27239772,829611],"chl_oc3\/11.3.1":["{{l}}",28069383,2011314],"chl_oc3\/11.3.2":["{{l}}",30080697,2136811],"chl_oc3\/11.3.3":["{{l}}",32217508,2574761],"chl_oc3\/11.3.4":["{{l}}",34792269,395122],"chl_oc3\/11.4.0":["{{l}}",35187391,266152],"chl_oc3\/11.4.1":["{{l}}",35453543,152314],"chl_oc3\/11.4.2":["{{l}}",35605857,611358],"chl_oc3\/11.4.3":["{{l}}",36217215,2495439],"chl_oc3\/11.4.4":["{{l}}",38712654,1750860],"chl_oc3\/12.0.0":["{{m}}",151221,10921],"chl_oc3\/12.0.1":["{{m}}",162142,568910],"chl_oc3\/12.0.2":["{{m}}",731052,306201],"chl_oc3\/12.0.3":["{{m}}",1037253,350339],"chl_oc3\/12.0.4":["{{m}}",1387592,76101],"chl_oc3\/12.1.0":["{{m}}",1463693,10921],"chl_oc3\/12.1.1":["{{m}}",1474614,2866053],"chl_oc3\/12.1.2":["{{m}}",4340667,1087742],"chl_oc3\/12.1.3":["{{m}}",5428409,1301563],"chl_oc3\/12.1.4":["{{m}}",6729972,1981102],"chl_oc3\/12.2.0":["{{m}}",8711074,10921],"chl_oc3\/12.2.1":["{{m}}",8721995,2505076],"chl_oc3\/12.2.2":["{{m}}",11227071,102448],"chl_oc3\/12.2.3":["{{m}}",11329519,1167495],"chl_oc3\/12.2.4":["{{m}}",12497014,2588904],"chl_oc3\/12.3.0":["{{m}}",15085918,141041],"chl_oc3\/12.3.1":["{{m}}",15226959,1609384],"chl_oc3\/12.3.2":["{{m}}",16836343,2497209],"chl_oc3\/12.3.3":["{{m}}",19333552,2857748],"chl_oc3\/12.3.4":["{{m}}",22191300,3142164],"chl_oc3\/12.4.0":["{{m}}",25333464,1089891],"chl_oc3\/12.4.1":["{{m}}",26423355,593891],"chl_oc3\/12.4.2":["{{m}}",27017246,180574],"chl_oc3\/12.4.3":["{{m}}",27197820,438916],"chl_oc3\/12.4.4":["{{m}}",27636736,2154413],"chl_oc3\/13.0.0":["{{n}}",151221,1011952],"chl_oc3\/13.0.1":["{{n}}",1163173,565874],"chl_oc3\/13.0.2":["{{n}}",1729047,731968],"chl_oc3\/13.0.3":["{{n}}",2461015,624829],"chl_oc3\/13.0.4":["{{n}}",3085844,10921],"chl_oc3\/13.1.0":["{{n}}",3096765,973308],"chl_oc3\/13.1.1":["{{n}}",4070073,1958136],"chl_oc3\/13.1.2":["{{n}}",6028209,1246676],"chl_oc3\/13.1.3":["{{n}}",7274885,2009556],"chl_oc3\/13.1.4":["{{n}}",9284441,21756],"chl_oc3\/13.2.0":["{{n}}",9306197,1115654],"chl_oc3\/13.2.1":["{{n}}",10421851,1996343],"chl_oc3\/13.2.2":["{{n}}",12418194,124573],"chl_oc3\/13.2.3":["{{n}}",12542767,1796131],"chl_oc3\/13.2.4":["{{n}}",14338898,923859],"chl_oc3\/13.3.0":["{{n}}",15262757,432841],"chl_oc3\/13.3.1":["{{n}}",15695598,4258873],"chl_oc3\/13.3.2":["{{n}}",19954471,2392500],"chl_oc3\/13.3.3":["{{n}}",22346971,2773222],"chl_oc3\/13.3.4":["{{n}}",25120193,942843],"chl_oc3\/13.4.0":["{{n}}",26063036,93342],"chl_oc3\/13.4.1":["{{n}}",26156378,690435],"chl_oc3\/13.4.2":["{{n}}",26846813,59330],"chl_oc3\/13.4.3":["{{n}}",26906143,551624],"chl_oc3\/13.4.4":["{{n}}",27457767,1269392],"chl_oc3\/14.0.0":["{{o}}",151221,10921],"chl_oc3\/14.0.1":["{{o}}",162142,589991],"chl_oc3\/14.0.2":["{{o}}",752133,462270],"chl_oc3\/14.0.3":["{{o}}",1214403,255921],"chl_oc3\/14.0.4":["{{o}}",1470324,839981],"chl_oc3\/14.1.0":["{{o}}",2310305,64620],"chl_oc3\/14.1.1":["{{o}}",2374925,1163987],"chl_oc3\/14.1.2":["{{o}}",3538912,665213],"chl_oc3\/14.1.3":["{{o}}",4204125,950221],"chl_oc3\/14.1.4":["{{o}}",5154346,1617452],"chl_oc3\/14.2.0":["{{o}}",6771798,1331684],"chl_oc3\/14.2.1":["{{o}}",8103482,2196747],"chl_oc3\/14.2.2":["{{o}}",10300229,103475],"chl_oc3\/14.2.3":["{{o}}",10403704,504683],"chl_oc3\/14.2.4":["{{o}}",10908387,3613931],"chl_oc3\/14.3.0":["{{o}}",14522318,1534702],"chl_oc3\/14.3.1":["{{o}}",16057020,1783659],"chl_oc3\/14.3.2":["{{o}}",17840679,2821782],"chl_oc3\/14.3.3":["{{o}}",20662461,2852469],"chl_oc3\/14.3.4":["{{o}}",23514930,3685889],"chl_oc3\/14.4.0":["{{o}}",27200819,855712],"chl_oc3\/14.4.1":["{{o}}",28056531,2721377],"chl_oc3\/14.4.2":["{{o}}",30777908,1217202],"chl_oc3\/14.4.3":["{{o}}",31995110,105001],"chl_oc3\/14.4.4":["{{o}}",32100111,690970],"chl_oc3\/15.0.0":["{{p}}",151221,11055],"chl_oc3\/15.0.1":["{{p}}",162276,138070],"chl_oc3\/15.0.2":["{{p}}",300346,492544],"chl_oc3\/15.0.3":["{{p}}",792890,217705],"chl_oc3\/15.0.4":["{{p}}",1010595,10921],"chl_oc3\/15.1.0":["{{p}}",1021516,491696],"chl_oc3\/15.1.1":["{{p}}",1513212,401539],"chl_oc3\/15.1.2":["{{p}}",1914751,238763],"chl_oc3\/15.1.3":["{{p}}",2153514,408658],"chl_oc3\/15.1.4":["{{p}}",2562172,61158],"chl_oc3\/15.2.0":["{{p}}",2623330,574867],"chl_oc3\/15.2.1":["{{p}}",3198197,2640334],"chl_oc3\/15.2.2":["{{p}}",5838531,79793],"chl_oc3\/15.2.3":["{{p}}",5918324,414981],"chl_oc3\/15.2.4":["{{p}}",6333305,379714],"chl_oc3\/15.3.0":["{{p}}",6713019,25667],"chl_oc3\/15.3.1":["{{p}}",6738686,2148674],"chl_oc3\/15.3.2":["{{p}}",8887360,2680932],"chl_oc3\/15.3.3":["{{p}}",11568292,2743908],"chl_oc3\/15.3.4":["{{p}}",14312200,1397036],"chl_oc3\/15.4.0":["{{p}}",15709236,10921],"chl_oc3\/15.4.1":["{{p}}",15720157,3335992],"chl_oc3\/15.4.2":["{{p}}",19056149,158198],"chl_oc3\/15.4.3":["{{p}}",19214347,214381],"chl_oc3\/15.4.4":["{{p}}",19428728,184255],"chl_oc3\/16.0.0":["{{q}}",151221,10921],"chl_oc3\/16.0.1":["{{q}}",162142,13342],"chl_oc3\/16.0.2":["{{q}}",175484,70012],"chl_oc3\/16.0.3":["{{q}}",245496,651139],"chl_oc3\/16.0.4":["{{q}}",896635,1281979],"chl_oc3\/16.1.0":["{{q}}",2178614,1677432],"chl_oc3\/16.1.1":["{{q}}",3856046,806604],"chl_oc3\/16.1.2":["{{q}}",4662650,240680],"chl_oc3\/16.1.3":["{{q}}",4903330,310463],"chl_oc3\/16.1.4":["{{q}}",5213793,1020936],"chl_oc3\/16.2.0":["{{q}}",6234729,1681368],"chl_oc3\/16.2.1":["{{q}}",7916097,1434688],"chl_oc3\/16.2.2":["{{q}}",9350785,77123],"chl_oc3\/16.2.3":["{{q}}",9427908,151528],"chl_oc3\/16.2.4":["{{q}}",9579436,1309194],"chl_oc3\/16.3.0":["{{q}}",10888630,718895],"chl_oc3\/16.3.1":["{{q}}",11607525,2381946],"chl_oc3\/16.3.2":["{{q}}",13989471,1787883],"chl_oc3\/16.3.3":["{{q}}",15777354,3532618],"chl_oc3\/16.3.4":["{{q}}",19309972,2741576],"chl_oc3\/16.4.0":["{{q}}",22051548,132860],"chl_oc3\/16.4.1":["{{q}}",22184408,1011833],"chl_oc3\/16.4.2":["{{q}}",23196241,2730290],"chl_oc3\/16.4.3":["{{q}}",25926531,447826],"chl_oc3\/16.4.4":["{{q}}",26374357,55576],"chl_oc3\/17.0.0":["{{r}}",151221,118785],"chl_oc3\/17.0.1":["{{r}}",270006,175791],"chl_oc3\/17.0.2":["{{r}}",445797,62936],"chl_oc3\/17.0.3":["{{r}}",508733,602869],"chl_oc3\/17.0.4":["{{r}}",1111602,224828],"chl_oc3\/17.1.0":["{{r}}",1336430,118285],"chl_oc3\/17.1.1":["{{r}}",1454715,1216547],"chl_oc3\/17.1.2":["{{r}}",2671262,383453],"chl_oc3\/17.1.3":["{{r}}",3054715,1398290],"chl_oc3\/17.1.4":["{{r}}",4453005,1081768],"chl_oc3\/17.2.0":["{{r}}",5534773,41554],"chl_oc3\/17.2.1":["{{r}}",5576327,2510010],"chl_oc3\/17.2.2":["{{r}}",8086337,15570],"chl_oc3\/17.2.3":["{{r}}",8101907,75240],"chl_oc3\/17.2.4":["{{r}}",8177147,361066],"chl_oc3\/17.3.0":["{{r}}",8538213,10921],"chl_oc3\/17.3.1":["{{r}}",8549134,1488326],"chl_oc3\/17.3.2":["{{r}}",10037460,2917501],"chl_oc3\/17.3.3":["{{r}}",12954961,3289146],"chl_oc3\/17.3.4":["{{r}}",16244107,2819563],"chl_oc3\/17.4.0":["{{r}}",19063670,53914],"chl_oc3\/17.4.1":["{{r}}",19117584,666904],"chl_oc3\/17.4.2":["{{r}}",19784488,1708849],"chl_oc3\/17.4.3":["{{r}}",21493337,1418739],"chl_oc3\/17.4.4":["{{r}}",22912076,487320],"chl_oc3\/18.0.0":["{{s}}",151221,114761],"chl_oc3\/18.0.1":["{{s}}",265982,308144],"chl_oc3\/18.0.2":["{{s}}",574126,184563],"chl_oc3\/18.0.3":["{{s}}",758689,668699],"chl_oc3\/18.0.4":["{{s}}",1427388,157392],"chl_oc3\/18.1.0":["{{s}}",1584780,1746452],"chl_oc3\/18.1.1":["{{s}}",3331232,700568],"chl_oc3\/18.1.2":["{{s}}",4031800,335062],"chl_oc3\/18.1.3":["{{s}}",4366862,2106921],"chl_oc3\/18.1.4":["{{s}}",6473783,1673927],"chl_oc3\/18.2.0":["{{s}}",8147710,1787272],"chl_oc3\/18.2.1":["{{s}}",9934982,1408294],"chl_oc3\/18.2.2":["{{s}}",11343276,32452],"chl_oc3\/18.2.3":["{{s}}",11375728,309473],"chl_oc3\/18.2.4":["{{s}}",11685201,2104564],"chl_oc3\/18.3.0":["{{s}}",13789765,899066],"chl_oc3\/18.3.1":["{{s}}",14688831,1615813],"chl_oc3\/18.3.2":["{{s}}",16304644,2720307],"chl_oc3\/18.3.3":["{{s}}",19024951,2184482],"chl_oc3\/18.3.4":["{{s}}",21209433,173825],"chl_oc3\/18.4.0":["{{s}}",21383258,114173],"chl_oc3\/18.4.1":["{{s}}",21497431,605505],"chl_oc3\/18.4.2":["{{s}}",22102936,939050],"chl_oc3\/18.4.3":["{{s}}",23041986,2608813],"chl_oc3\/18.4.4":["{{s}}",25650799,252781],"chl_oc3\/19.0.0":["{{t}}",151221,10921],"chl_oc3\/19.0.1":["{{t}}",162142,97474],"chl_oc3\/19.0.2":["{{t}}",259616,203336],"chl_oc3\/19.0.3":["{{t}}",462952,1814743],"chl_oc3\/19.0.4":["{{t}}",2277695,709530],"chl_oc3\/19.1.0":["{{t}}",2987225,10921],"chl_oc3\/19.1.1":["{{t}}",2998146,521117],"chl_oc3\/19.1.2":["{{t}}",3519263,181594],"chl_oc3\/19.1.3":["{{t}}",3700857,1508402],"chl_oc3\/19.1.4":["{{t}}",5209259,1686179],"chl_oc3\/19.2.0":["{{t}}",6895438,10921],"chl_oc3\/19.2.1":["{{t}}",6906359,2153480],"chl_oc3\/19.2.2":["{{t}}",9059839,33709],"chl_oc3\/19.2.3":["{{t}}",9093548,636716],"chl_oc3\/19.2.4":["{{t}}",9730264,474533],"chl_oc3\/19.3.0":["{{t}}",10204797,10921],"chl_oc3\/19.3.1":["{{t}}",10215718,2073902],"chl_oc3\/19.3.2":["{{t}}",12289620,2198670],"chl_oc3\/19.3.3":["{{t}}",14488290,2173187],"chl_oc3\/19.3.4":["{{t}}",16661477,2473225],"chl_oc3\/19.4.0":["{{t}}",19134702,1759918],"chl_oc3\/19.4.1":["{{t}}",20894620,2709976],"chl_oc3\/19.4.2":["{{t}}",23604596,1083636],"chl_oc3\/19.4.3":["{{t}}",24688232,2043077],"chl_oc3\/19.4.4":["{{t}}",26731309,1718868],"chl_oc3\/20.0.0":["{{u}}",151221,86591],"chl_oc3\/20.0.1":["{{u}}",237812,16074],"chl_oc3\/20.0.2":["{{u}}",253886,147161],"chl_oc3\/20.0.3":["{{u}}",401047,563323],"chl_oc3\/20.0.4":["{{u}}",964370,2853665],"chl_oc3\/20.1.0":["{{u}}",3818035,354924],"chl_oc3\/20.1.1":["{{u}}",4172959,255338],"chl_oc3\/20.1.2":["{{u}}",4428297,83547],"chl_oc3\/20.1.3":["{{u}}",4511844,1547883],"chl_oc3\/20.1.4":["{{u}}",6059727,2330229],"chl_oc3\/20.2.0":["{{u}}",8389956,1145301],"chl_oc3\/20.2.1":["{{u}}",9535257,2921917],"chl_oc3\/20.2.2":["{{u}}",12457174,84438],"chl_oc3\/20.2.3":["{{u}}",12541612,1654302],"chl_oc3\/20.2.4":["{{u}}",14195914,725232],"chl_oc3\/20.3.0":["{{u}}",14921146,336019],"chl_oc3\/20.3.1":["{{u}}",15257165,2188793],"chl_oc3\/20.3.2":["{{u}}",17445958,2833330],"chl_oc3\/20.3.3":["{{u}}",20279288,3001332],"chl_oc3\/20.3.4":["{{u}}",23280620,814180],"chl_oc3\/20.4.0":["{{u}}",24094800,256293],"chl_oc3\/20.4.1":["{{u}}",24351093,2189778],"chl_oc3\/20.4.2":["{{u}}",26540871,1634975],"chl_oc3\/20.4.3":["{{u}}",28175846,988542],"chl_oc3\/20.4.4":["{{u}}",29164388,1454106],"chl_oc3\/21.0.0":["{{v}}",151221,10921],"chl_oc3\/21.0.1":["{{v}}",162142,364483],"chl_oc3\/21.0.2":["{{v}}",526625,61250],"chl_oc3\/21.0.3":["{{v}}",587875,670938],"chl_oc3\/21.0.4":["{{v}}",1258813,1101184],"chl_oc3\/21.1.0":["{{v}}",2359997,10921],"chl_oc3\/21.1.1":["{{v}}",2370918,65956],"chl_oc3\/21.1.2":["{{v}}",2436874,166764],"chl_oc3\/21.1.3":["{{v}}",2603638,549068],"chl_oc3\/21.1.4":["{{v}}",3152706,2130710],"chl_oc3\/21.2.0":["{{v}}",5283416,1203144],"chl_oc3\/21.2.1":["{{v}}",6486560,791501],"chl_oc3\/21.2.2":["{{v}}",7278061,29338],"chl_oc3\/21.2.3":["{{v}}",7307399,607761],"chl_oc3\/21.2.4":["{{v}}",7915160,3222794],"chl_oc3\/21.3.0":["{{v}}",11137954,448055],"chl_oc3\/21.3.1":["{{v}}",11586009,2364147],"chl_oc3\/21.3.2":["{{v}}",13950156,2491961],"chl_oc3\/21.3.3":["{{v}}",16442117,1973527],"chl_oc3\/21.3.4":["{{v}}",18415644,3155725],"chl_oc3\/21.4.0":["{{v}}",21571369,15427],"chl_oc3\/21.4.1":["{{v}}",21586796,876960],"chl_oc3\/21.4.2":["{{v}}",22463756,544187],"chl_oc3\/21.4.3":["{{v}}",23007943,1563109],"chl_oc3\/21.4.4":["{{v}}",24571052,1170895],"chl_oc3\/22.0.0":["{{w}}",151221,89258],"chl_oc3\/22.0.1":["{{w}}",240479,317767],"chl_oc3\/22.0.2":["{{w}}",558246,730413],"chl_oc3\/22.0.3":["{{w}}",1288659,220703],"chl_oc3\/22.0.4":["{{w}}",1509362,10921],"chl_oc3\/22.1.0":["{{w}}",1520283,86134],"chl_oc3\/22.1.1":["{{w}}",1606417,197765],"chl_oc3\/22.1.2":["{{w}}",1804182,557217],"chl_oc3\/22.1.3":["{{w}}",2361399,514555],"chl_oc3\/22.1.4":["{{w}}",2875954,75686],"chl_oc3\/22.2.0":["{{w}}",2951640,117330],"chl_oc3\/22.2.1":["{{w}}",3068970,1198884],"chl_oc3\/22.2.2":["{{w}}",4267854,17679],"chl_oc3\/22.2.3":["{{w}}",4285533,1149489],"chl_oc3\/22.2.4":["{{w}}",5435022,478883],"chl_oc3\/22.3.0":["{{w}}",5913905,73873],"chl_oc3\/22.3.1":["{{w}}",5987778,1603459],"chl_oc3\/22.3.2":["{{w}}",7591237,2827637],"chl_oc3\/22.3.3":["{{w}}",10418874,1689301],"chl_oc3\/22.3.4":["{{w}}",12108175,1331760],"chl_oc3\/22.4.0":["{{w}}",13439935,12227],"chl_oc3\/22.4.1":["{{w}}",13452162,392700],"chl_oc3\/22.4.2":["{{w}}",13844862,938133],"chl_oc3\/22.4.3":["{{w}}",14782995,1761809],"chl_oc3\/22.4.4":["{{w}}",16544804,591380],"chl_oc3\/23.0.0":["{{x}}",151221,10921],"chl_oc3\/23.0.1":["{{x}}",162142,592443],"chl_oc3\/23.0.2":["{{x}}",754585,825364],"chl_oc3\/23.0.3":["{{x}}",1579949,399853],"chl_oc3\/23.0.4":["{{x}}",1979802,895549],"chl_oc3\/23.1.0":["{{x}}",2875351,10921],"chl_oc3\/23.1.1":["{{x}}",2886272,66447],"chl_oc3\/23.1.2":["{{x}}",2952719,90904],"chl_oc3\/23.1.3":["{{x}}",3043623,308326],"chl_oc3\/23.1.4":["{{x}}",3351949,548031],"chl_oc3\/23.2.0":["{{x}}",3899980,10921],"chl_oc3\/23.2.1":["{{x}}",3910901,880664],"chl_oc3\/23.2.2":["{{x}}",4791565,10921],"chl_oc3\/23.2.3":["{{x}}",4802486,146072],"chl_oc3\/23.2.4":["{{x}}",4948558,1808731],"chl_oc3\/23.3.0":["{{x}}",6757289,466758],"chl_oc3\/23.3.1":["{{x}}",7224047,658013],"chl_oc3\/23.3.2":["{{x}}",7882060,3267327],"chl_oc3\/23.3.3":["{{x}}",11149387,734814],"chl_oc3\/23.3.4":["{{x}}",11884201,3700247],"chl_oc3\/23.4.0":["{{x}}",15584448,85822],"chl_oc3\/23.4.1":["{{x}}",15670270,1963753],"chl_oc3\/23.4.2":["{{x}}",17634023,2416707],"chl_oc3\/23.4.3":["{{x}}",20050730,985169],"chl_oc3\/23.4.4":["{{x}}",21035899,936999],"chl_oc3\/24.0.0":["{{y}}",151221,51938],"chl_oc3\/24.0.1":["{{y}}",203159,151568],"chl_oc3\/24.0.2":["{{y}}",354727,293276],"chl_oc3\/24.0.3":["{{y}}",648003,602388],"chl_oc3\/24.0.4":["{{y}}",1250391,80379],"chl_oc3\/24.1.0":["{{y}}",1330770,456339],"chl_oc3\/24.1.1":["{{y}}",1787109,479575],"chl_oc3\/24.1.2":["{{y}}",2266684,645677],"chl_oc3\/24.1.3":["{{y}}",2912361,621933],"chl_oc3\/24.1.4":["{{y}}",3534294,21346],"chl_oc3\/24.2.0":["{{y}}",3555640,104909],"chl_oc3\/24.2.1":["{{y}}",3660549,2066002],"chl_oc3\/24.2.2":["{{y}}",5726551,37151],"chl_oc3\/24.2.3":["{{y}}",5763702,561368],"chl_oc3\/24.2.4":["{{y}}",6325070,662363],"chl_oc3\/24.3.0":["{{y}}",6987433,12118],"chl_oc3\/24.3.1":["{{y}}",6999551,1207433],"chl_oc3\/24.3.2":["{{y}}",8206984,2767136],"chl_oc3\/24.3.3":["{{y}}",10974120,1973981],"chl_oc3\/24.3.4":["{{y}}",12948101,2767468],"chl_oc3\/24.4.0":["{{y}}",15715569,10921],"chl_oc3\/24.4.1":["{{y}}",15726490,1845247],"chl_oc3\/24.4.2":["{{y}}",17571737,2669614],"chl_oc3\/24.4.3":["{{y}}",20241351,3837742],"chl_oc3\/24.4.4":["{{y}}",24079093,681296],"chl_oc3\/25.0.0":["{{z}}",151221,10921],"chl_oc3\/25.0.1":["{{z}}",162142,562746],"chl_oc3\/25.0.2":["{{z}}",724888,798669],"chl_oc3\/25.0.3":["{{z}}",1523557,167713],"chl_oc3\/25.0.4":["{{z}}",1691270,1378442],"chl_oc3\/25.1.0":["{{z}}",3069712,1137577],"chl_oc3\/25.1.1":["{{z}}",4207289,253644],"chl_oc3\/25.1.2":["{{z}}",4460933,390542],"chl_oc3\/25.1.3":["{{z}}",4851475,1245315],"chl_oc3\/25.1.4":["{{z}}",6096790,1414254],"chl_oc3\/25.2.0":["{{z}}",7511044,1455153],"chl_oc3\/25.2.1":["{{z}}",8966197,1012979],"chl_oc3\/25.2.2":["{{z}}",9979176,10921],"chl_oc3\/25.2.3":["{{z}}",9990097,427672],"chl_oc3\/25.2.4":["{{z}}",10417769,2906342],"chl_oc3\/25.3.0":["{{z}}",13324111,177306],"chl_oc3\/25.3.1":["{{z}}",13501417,752903],"chl_oc3\/25.3.2":["{{z}}",14254320,2338851],"chl_oc3\/25.3.3":["{{z}}",16593171,1554333],"chl_oc3\/25.3.4":["{{z}}",18147504,1637067],"chl_oc3\/25.4.0":["{{z}}",19784571,30454],"chl_oc3\/25.4.1":["{{z}}",19815025,751900],"chl_oc3\/25.4.2":["{{z}}",20566925,3121579],"chl_oc3\/25.4.3":["{{z}}",23688504,3328256],"chl_oc3\/25.4.4":["{{z}}",27016760,1607514],"chl_oc3\/26.0.0":["{{A}}",151221,126803],"chl_oc3\/26.0.1":["{{A}}",278024,1223427],"chl_oc3\/26.0.2":["{{A}}",1501451,2174669],"chl_oc3\/26.0.3":["{{A}}",3676120,216487],"chl_oc3\/26.0.4":["{{A}}",3892607,324678],"chl_oc3\/26.1.0":["{{A}}",4217285,112190],"chl_oc3\/26.1.1":["{{A}}",4329475,637783],"chl_oc3\/26.1.2":["{{A}}",4967258,520656],"chl_oc3\/26.1.3":["{{A}}",5487914,562461],"chl_oc3\/26.1.4":["{{A}}",6050375,23282],"chl_oc3\/26.2.0":["{{A}}",6073657,10921],"chl_oc3\/26.2.1":["{{A}}",6084578,2729334],"chl_oc3\/26.2.2":["{{A}}",8813912,29506],"chl_oc3\/26.2.3":["{{A}}",8843418,816443],"chl_oc3\/26.2.4":["{{A}}",9659861,2607157],"chl_oc3\/26.3.0":["{{A}}",12267018,10921],"chl_oc3\/26.3.1":["{{A}}",12277939,1614318],"chl_oc3\/26.3.2":["{{A}}",13892257,2133965],"chl_oc3\/26.3.3":["{{A}}",16026222,751058],"chl_oc3\/26.3.4":["{{A}}",16777280,4044062],"chl_oc3\/26.4.0":["{{A}}",20821342,238659],"chl_oc3\/26.4.1":["{{A}}",21060001,372845],"chl_oc3\/26.4.2":["{{A}}",21432846,1694843],"chl_oc3\/26.4.3":["{{A}}",23127689,1888382],"chl_oc3\/26.4.4":["{{A}}",25016071,1736856],"chl_oc3\/27.0.0":["{{B}}",151221,499225],"chl_oc3\/27.0.1":["{{B}}",650446,848827],"chl_oc3\/27.0.2":["{{B}}",1499273,2755618],"chl_oc3\/27.0.3":["{{B}}",4254891,226612],"chl_oc3\/27.0.4":["{{B}}",4481503,692580],"chl_oc3\/27.1.0":["{{B}}",5174083,1646172],"chl_oc3\/27.1.1":["{{B}}",6820255,1347322],"chl_oc3\/27.1.2":["{{B}}",8167577,513973],"chl_oc3\/27.1.3":["{{B}}",8681550,624312],"chl_oc3\/27.1.4":["{{B}}",9305862,1306834],"chl_oc3\/27.2.0":["{{B}}",10612696,1202628],"chl_oc3\/27.2.1":["{{B}}",11815324,3342694],"chl_oc3\/27.2.2":["{{B}}",15158018,26740],"chl_oc3\/27.2.3":["{{B}}",15184758,1343392],"chl_oc3\/27.2.4":["{{B}}",16528150,1905749],"chl_oc3\/27.3.0":["{{B}}",18433899,515921],"chl_oc3\/27.3.1":["{{B}}",18949820,1974644],"chl_oc3\/27.3.2":["{{B}}",20924464,888265],"chl_oc3\/27.3.3":["{{B}}",21812729,880569],"chl_oc3\/27.3.4":["{{B}}",22693298,731414],"chl_oc3\/27.4.0":["{{B}}",23424712,257888],"chl_oc3\/27.4.1":["{{B}}",23682600,941421],"chl_oc3\/27.4.2":["{{B}}",24624021,499249],"chl_oc3\/27.4.3":["{{B}}",25123270,3362039],"chl_oc3\/27.4.4":["{{B}}",28485309,875787]}}