{"version":1,"templates":{"a":"s3:\/\/imos-data\/IMOS\/SRS\/OC\/gridded\/aqua\/P1D\/2013\/12\/A.P1D.20131201T053000Z.aust.K_490.nc","b":"s3:\/\/imos-data\/IMOS\/SRS\/OC\/gridded\/aqua\/P1D\/2013\/12\/A.P1D.20131202T053000Z.aust.K_490.nc","c":"s3:\/\/imos-data\/IMOS\/SRS\/OC\/gridded\/aqua\/P1D\/2013\/12\/A.P1D.20131203T053000Z.aust.K_490.nc","d":"s3:\/\/imos-data\/IMOS\/SRS\/OC\/gridded\/aqua\/P1D\/2013\/12\/A.P1D.20131204T053000Z.aust.K_490.nc","e":"s3:\/\/imos-data\/IMOS\/SRS\/OC\/gridded\/aqua\/P1D\/2013\/12\/A.P1D.20131205T053000Z.aust.K_490.nc","f":"s3:\/\/imos-data\/IMOS\/SRS\/OC\/gridded\/aqua\/P1D\/2013\/12\/A.P1D.20131206T053000Z.aust.K_490.nc","g":"s3:\/\/imos-data\/IMOS\/SRS\/OC\/gridded\/aqua\/P1D\/2013\/12\/A.P1D.20131207T053000Z.aust.K_490.nc","h":"s3:\/\/imos-data\/IMOS\/SRS\/OC\/gridded\/aqua\/P1D\/2013\/12\/A.P1D.20131208T053000Z.aust.K_490.nc","i":"s3:\/\/imos-data\/IMOS\/SRS\/OC\/gridded\/aqua\/P1D\/2013\/12\/A.P1D.20131209T053000Z.aust.K_490.nc","j":"s3:\/\/imos-data\/IMOS\/SRS\/OC\/gridded\/aqua\/P1D\/2013\/12\/A.P1D.20131210T053000Z.aust.K_490.nc","k":"s3:\/\/imos-data\/IMOS\/SRS\/OC\/gridded\/aqua\/P1D\/2013\/12\/A.P1D.20131211T053000Z.aust.K_490.nc","l":"s3:\/\/imos-data\/IMOS\/SRS\/OC\/gridded\/aqua\/P1D\/2013\/12\/A.P1D.20131212T053000Z.aust.K_490.nc","m":"s3:\/\/imos-data\/IMOS\/SRS\/OC\/gridded\/aqua\/P1D\/2013\/12\/A.P1D.20131213T053000Z.aust.K_490.nc","n":"s3:\/\/imos-data\/IMOS\/SRS\/OC\/gridded\/aqua\/P1D\/2013\/12\/A.P1D.20131214T053000Z.aust.K_490.nc","o":"s3:\/\/imos-data\/IMOS\/SRS\/OC\/gridded\/aqua\/P1D\/2013\/12\/A.P1D.20131215T053000Z.aust.K_490.nc","p":"s3:\/\/imos-data\/IMOS\/SRS\/OC\/gridded\/aqua\/P1D\/2013\/12\/A.P1D.20131216T053000Z.aust.K_490.nc","q":"s3:\/\/imos-data\/IMOS\/SRS\/OC\/gridded\/aqua\/P1D\/2013\/12\/A.P1D.20131217T053000Z.aust.K_490.nc","r":"s3:\/\/imos-data\/IMOS\/SRS\/OC\/gridded\/aqua\/P1D\/2013\/12\/A.P1D.20131218T053000Z.aust.K_490.nc","s":"s3:\/\/imos-data\/IMOS\/SRS\/OC\/gridded\/aqua\/P1D\/2013\/12\/A.P1D.20131219T053000Z.aust.K_490.nc","t":"s3:\/\/imos-data\/IMOS\/SRS\/OC\/gridded\/aqua\/P1D\/2013\/12\/A.P1D.20131220T053000Z.aust.K_490.nc","u":"s3:\/\/imos-data\/IMOS\/SRS\/OC\/gridded\/aqua\/P1D\/2013\/12\/A.P1D.20131221T053000Z.aust.K_490.nc","v":"s3:\/\/imos-data\/IMOS\/SRS\/OC\/gridded\/aqua\/P1D\/2013\/12\/A.P1D.20131222T053000Z.aust.K_490.nc","w":"s3:\/\/imos-data\/IMOS\/SRS\/OC\/gridded\/aqua\/P1D\/2013\/12\/A.P1D.20131223T053000Z.aust.K_490.nc","x":"s3:\/\/imos-data\/IMOS\/SRS\/OC\/gridded\/aqua\/P1D\/2013\/12\/A.P1D.20131224T053000Z.aust.K_490.nc","y":"s3:\/\/imos-data\/IMOS\/SRS\/OC\/gridded\/aqua\/P1D\/2013\/12\/A.P1D.20131225T053000Z.aust.K_490.nc","z":"s3:\/\/imos-data\/IMOS\/SRS\/OC\/gridded\/aqua\/P1D\/2013\/12\/A.P1D.20131226T053000Z.aust.K_490.nc","A":"s3:\/\/imos-data\/IMOS\/SRS\/OC\/gridded\/aqua\/P1D\/2013\/12\/A.P1D.20131227T053000Z.aust.K_490.nc","B":"s3:\/\/imos-data\/IMOS\/SRS\/OC\/gridded\/aqua\/P1D\/2013\/12\/A.P1D.20131228T053000Z.aust.K_490.nc","C":"s3:\/\/imos-data\/IMOS\/SRS\/OC\/gridded\/aqua\/P1D\/2013\/12\/A.P1D.20131229T053000Z.aust.K_490.nc","D":"s3:\/\/imos-data\/IMOS\/SRS\/OC\/gridded\/aqua\/P1D\/2013\/12\/A.P1D.20131230T053000Z.aust.K_490.nc","E":"s3:\/\/imos-data\/IMOS\/SRS\/OC\/gridded\/aqua\/P1D\/2013\/12\/A.P1D.20131231T053000Z.aust.K_490.nc"},"refs":{".zgroup":"{\"zarr_format\":2}",".zattrs":"{\"Conventions\":\"CF-1.6\",\"_NCProperties\":\"version=1|netcdflibversion=4.6.1|hdf5libversion=1.10.4\",\"_nc3_strict\":1,\"history\":\"File initialised at 2020-08-06T06:25:50.159771\\nInitialised var K_490 at 2020-08-06T06:27:00.658973\\nAdd Granule A20131201_0315.20190920070635.L2OC_BASE.K_490.nc at 2020-08-06T06:27:02.720556\\nAdd Granule A20131201_0320.20190920073601.L2OC_BASE.K_490.nc at 2020-08-06T06:27:02.973478\\nAdd Granule A20131201_0325.20190920071747.L2OC_BASE.K_490.nc at 2020-08-06T06:27:03.165297\\nAdd Granule A20131201_0330.20190920080025.L2OC_BASE.K_490.nc at 2020-08-06T06:27:03.363107\\nAdd Granule A20131201_0450.20190920065657.L2OC_BASE.K_490.nc at 2020-08-06T06:27:03.477876\\nAdd Granule A20131201_0455.20190920075404.L2OC_BASE.K_490.nc at 2020-08-06T06:27:04.132376\\nAdd Granule A20131201_0500.20190920070108.L2OC_BASE.K_490.nc at 2020-08-06T06:27:04.596985\\nAdd Granule A20131201_0505.20190920082427.L2OC_BASE.K_490.nc at 2020-08-06T06:27:04.790060\\nAdd Granule A20131201_0510.20190920080900.L2OC_BASE.K_490.nc at 2020-08-06T06:27:04.965412\\nAdd Granule A20131201_0630.20190920071145.L2OC_BASE.K_490.nc at 2020-08-06T06:27:05.181400\\nAdd Granule A20131201_0635.20190920081756.L2OC_BASE.K_490.nc at 2020-08-06T06:27:06.076396\\nAdd Granule A20131201_0640.20190920072908.L2OC_BASE.K_490.nc at 2020-08-06T06:27:06.501619\\nAdd Granule A20131201_0645.20190920074254.L2OC_BASE.K_490.nc at 2020-08-06T06:27:06.697257\\nAdd Granule A20131201_0650.20190920072401.L2OC_BASE.K_490.nc at 2020-08-06T06:27:06.855251\",\"source_path\":\"imos-srs\\\/archive\\\/oc\\\/aqua\\\/1d\\\/v201909\\\/2013\\\/12\\\/A20131201.L2OC_BASE.aust.K_490.nc\"}","K_490\/.zarray":"{\"chunks\":[1,1401,2001],\"compressor\":{\"id\":\"zlib\",\"level\":4},\"dtype\":\"<f4\",\"fill_value\":-999.0,\"filters\":[{\"elementsize\":4,\"id\":\"shuffle\"}],\"order\":\"C\",\"shape\":[31,7001,10001],\"zarr_format\":2}","K_490\/.zattrs":"{\"_ARRAY_DIMENSIONS\":[\"time\",\"latitude\",\"longitude\"],\"flag_applied\":\"HISATZEN LAND CLDICE NAVFAIL\",\"long_name\":\"Diffuse attenuation coefficient at 490 nm (OBPG)\",\"units\":\"m^-1\"}","latitude\/.zarray":"{\n    \"chunks\": [\n        7001\n    ],\n    \"compressor\": null,\n    \"dtype\": \"<f8\",\n    \"fill_value\": 9.969209968386869e+36,\n    \"filters\": null,\n    \"order\": \"C\",\n    \"shape\": [\n        7001\n    ],\n    \"zarr_format\": 2\n}","latitude\/.zattrs":"{\n    \"NAME\": \"latitude\",\n    \"_ARRAY_DIMENSIONS\": [\n        \"latitude\"\n    ],\n    \"_Netcdf4Dimid\": 1,\n    \"axis\": \"Y\",\n    \"long_name\": \"latitude\",\n    \"standard_name\": \"latitude\",\n    \"units\": \"degrees_north\"\n}","latitude\/0":["{{a}}",2392,56008],"longitude\/.zarray":"{\n    \"chunks\": [\n        10001\n    ],\n    \"compressor\": null,\n    \"dtype\": \"<f8\",\n    \"fill_value\": 9.969209968386869e+36,\n    \"filters\": null,\n    \"order\": \"C\",\n    \"shape\": [\n        10001\n    ],\n    \"zarr_format\": 2\n}","longitude\/.zattrs":"{\n    \"NAME\": \"longitude\",\n    \"_ARRAY_DIMENSIONS\": [\n        \"longitude\"\n    ],\n    \"_Netcdf4Dimid\": 2,\n    \"axis\": \"X\",\n    \"long_name\": \"longitude\",\n    \"standard_name\": \"longitude\",\n    \"units\": \"degrees_east\"\n}","longitude\/0":["{{a}}",58400,80008],"time\/.zarray":"{\"chunks\":[31],\"compressor\":{\"blocksize\":0,\"clevel\":5,\"cname\":\"lz4\",\"id\":\"blosc\",\"shuffle\":1},\"dtype\":\"<M8[us]\",\"fill_value\":0,\"filters\":null,\"order\":\"C\",\"shape\":[31],\"zarr_format\":2}","time\/0":"base64:AgExCPgAAAD4AAAAsgAAABQAAACaAAAAHwABAAv7AQZmxiaG5kamBmbGJobmRqYQAPNbw5pxSSD3z6Z+VSwE27KKYTkQ57+WbUUc9MuielEoAFp4lrTS7w0rSWeFo8De\/Bo4VnORr83rCSZEYoCevNpyhpquwtbr\/xMnO09jd4ugtMjc8AQYLEFVaX2RpbnN7Ozs7Ozs7Ozt7e3t7QUAFu4BAB8EAQALD9gAB1AAAAAAAA==","time\/.zattrs":"{\"NAME\":\"time\",\"_ARRAY_DIMENSIONS\":[\"time\"],\"_Netcdf4Dimid\":0,\"axis\":\"T\",\"long_name\":\"time\",\"standard_name\":\"time\"}","K_490\/0.0.0":["{{a}}",151229,142259],"K_490\/0.0.1":["{{a}}",293488,269840],"K_490\/0.0.2":["{{a}}",563328,2916618],"K_490\/0.0.3":["{{a}}",3479946,3182590],"K_490\/0.0.4":["{{a}}",6662536,16260],"K_490\/0.1.0":["{{a}}",6678796,148184],"K_490\/0.1.1":["{{a}}",6826980,1810741],"K_490\/0.1.2":["{{a}}",8637721,1578123],"K_490\/0.1.3":["{{a}}",10215844,965948],"K_490\/0.1.4":["{{a}}",11181792,90333],"K_490\/0.2.0":["{{a}}",11272125,314862],"K_490\/0.2.1":["{{a}}",11586987,1805886],"K_490\/0.2.2":["{{a}}",13392873,53901],"K_490\/0.2.3":["{{a}}",13446774,1259930],"K_490\/0.2.4":["{{a}}",14706704,343070],"K_490\/0.3.0":["{{a}}",15049774,70676],"K_490\/0.3.1":["{{a}}",15120450,2117676],"K_490\/0.3.2":["{{a}}",17238126,1950648],"K_490\/0.3.3":["{{a}}",19188774,1616980],"K_490\/0.3.4":["{{a}}",20805754,1374697],"K_490\/0.4.0":["{{a}}",22180451,10921],"K_490\/0.4.1":["{{a}}",22191372,1636762],"K_490\/0.4.2":["{{a}}",23828134,1269982],"K_490\/0.4.3":["{{a}}",25098116,937130],"K_490\/0.4.4":["{{a}}",26035246,690044],"K_490\/1.0.0":["{{b}}",151229,10921],"K_490\/1.0.1":["{{b}}",162150,274532],"K_490\/1.0.2":["{{b}}",436682,1990023],"K_490\/1.0.3":["{{b}}",2426705,2720113],"K_490\/1.0.4":["{{b}}",5146818,2575355],"K_490\/1.1.0":["{{b}}",7722173,623532],"K_490\/1.1.1":["{{b}}",8345705,1752733],"K_490\/1.1.2":["{{b}}",10098438,1519150],"K_490\/1.1.3":["{{b}}",11617588,416398],"K_490\/1.1.4":["{{b}}",12033986,1010711],"K_490\/1.2.0":["{{b}}",13044697,1286807],"K_490\/1.2.1":["{{b}}",14331504,1177957],"K_490\/1.2.2":["{{b}}",15509461,123219],"K_490\/1.2.3":["{{b}}",15632680,860171],"K_490\/1.2.4":["{{b}}",16492851,744686],"K_490\/1.3.0":["{{b}}",17237537,567876],"K_490\/1.3.1":["{{b}}",17805413,1613849],"K_490\/1.3.2":["{{b}}",19419262,2100995],"K_490\/1.3.3":["{{b}}",21520257,2602607],"K_490\/1.3.4":["{{b}}",24122864,2123646],"K_490\/1.4.0":["{{b}}",26246510,133822],"K_490\/1.4.1":["{{b}}",26380332,1476414],"K_490\/1.4.2":["{{b}}",27856746,1942991],"K_490\/1.4.3":["{{b}}",29799737,294310],"K_490\/1.4.4":["{{b}}",30094047,733609],"K_490\/2.0.0":["{{c}}",151229,10921],"K_490\/2.0.1":["{{c}}",162150,38501],"K_490\/2.0.2":["{{c}}",200651,1021829],"K_490\/2.0.3":["{{c}}",1222480,1924633],"K_490\/2.0.4":["{{c}}",3147113,383563],"K_490\/2.1.0":["{{c}}",3530676,25328],"K_490\/2.1.1":["{{c}}",3556004,1553206],"K_490\/2.1.2":["{{c}}",5109210,1194394],"K_490\/2.1.3":["{{c}}",6303604,912631],"K_490\/2.1.4":["{{c}}",7216235,675436],"K_490\/2.2.0":["{{c}}",7891671,29563],"K_490\/2.2.1":["{{c}}",7921234,1556152],"K_490\/2.2.2":["{{c}}",9477386,21288],"K_490\/2.2.3":["{{c}}",9498674,1054580],"K_490\/2.2.4":["{{c}}",10553254,1970834],"K_490\/2.3.0":["{{c}}",12524088,275360],"K_490\/2.3.1":["{{c}}",12799448,1282366],"K_490\/2.3.2":["{{c}}",14081814,1459296],"K_490\/2.3.3":["{{c}}",15541110,1883405],"K_490\/2.3.4":["{{c}}",17424515,906142],"K_490\/2.4.0":["{{c}}",18330657,871479],"K_490\/2.4.1":["{{c}}",19202136,587873],"K_490\/2.4.2":["{{c}}",19790009,2043819],"K_490\/2.4.3":["{{c}}",21833828,696290],"K_490\/2.4.4":["{{c}}",22530118,665261],"K_490\/3.0.0":["{{d}}",151229,19115],"K_490\/3.0.1":["{{d}}",170344,565562],"K_490\/3.0.2":["{{d}}",735906,1810836],"K_490\/3.0.3":["{{d}}",2546742,949030],"K_490\/3.0.4":["{{d}}",3495772,1821949],"K_490\/3.1.0":["{{d}}",5317721,663557],"K_490\/3.1.1":["{{d}}",5981278,881594],"K_490\/3.1.2":["{{d}}",6862872,1562591],"K_490\/3.1.3":["{{d}}",8425463,1017545],"K_490\/3.1.4":["{{d}}",9443008,2535878],"K_490\/3.2.0":["{{d}}",11978886,711161],"K_490\/3.2.1":["{{d}}",12690047,897497],"K_490\/3.2.2":["{{d}}",13587544,42953],"K_490\/3.2.3":["{{d}}",13630497,2116340],"K_490\/3.2.4":["{{d}}",15746837,1276038],"K_490\/3.3.0":["{{d}}",17022875,232056],"K_490\/3.3.1":["{{d}}",17254931,449483],"K_490\/3.3.2":["{{d}}",17704414,2077422],"K_490\/3.3.3":["{{d}}",19781836,1378977],"K_490\/3.3.4":["{{d}}",21160813,747962],"K_490\/3.4.0":["{{d}}",21908775,846594],"K_490\/3.4.1":["{{d}}",22755369,603951],"K_490\/3.4.2":["{{d}}",23359320,1395624],"K_490\/3.4.3":["{{d}}",24754944,1742013],"K_490\/3.4.4":["{{d}}",26496957,321227],"K_490\/4.0.0":["{{e}}",151229,24560],"K_490\/4.0.1":["{{e}}",175789,265599],"K_490\/4.0.2":["{{e}}",441388,2206725],"K_490\/4.0.3":["{{e}}",2648113,745517],"K_490\/4.0.4":["{{e}}",3393630,584742],"K_490\/4.1.0":["{{e}}",3978372,12282],"K_490\/4.1.1":["{{e}}",3990654,1536485],"K_490\/4.1.2":["{{e}}",5527139,1276382],"K_490\/4.1.3":["{{e}}",6803521,999546],"K_490\/4.1.4":["{{e}}",7803067,550746],"K_490\/4.2.0":["{{e}}",8353813,10921],"K_490\/4.2.1":["{{e}}",8364734,1204716],"K_490\/4.2.2":["{{e}}",9569450,25066],"K_490\/4.2.3":["{{e}}",9594516,854928],"K_490\/4.2.4":["{{e}}",10449444,2644629],"K_490\/4.3.0":["{{e}}",13094073,10921],"K_490\/4.3.1":["{{e}}",13104994,737787],"K_490\/4.3.2":["{{e}}",13842781,1132928],"K_490\/4.3.3":["{{e}}",14975709,895031],"K_490\/4.3.4":["{{e}}",15870740,1535886],"K_490\/4.4.0":["{{e}}",17406626,276123],"K_490\/4.4.1":["{{e}}",17682749,1140099],"K_490\/4.4.2":["{{e}}",18822848,1559492],"K_490\/4.4.3":["{{e}}",20382340,1357684],"K_490\/4.4.4":["{{e}}",21740024,134324],"K_490\/5.0.0":["{{f}}",151229,39407],"K_490\/5.0.1":["{{f}}",190636,158358],"K_490\/5.0.2":["{{f}}",348994,1147392],"K_490\/5.0.3":["{{f}}",1496386,941608],"K_490\/5.0.4":["{{f}}",2437994,3116739],"K_490\/5.1.0":["{{f}}",5554733,440574],"K_490\/5.1.1":["{{f}}",5995307,1195220],"K_490\/5.1.2":["{{f}}",7190527,765114],"K_490\/5.1.3":["{{f}}",7955641,1707820],"K_490\/5.1.4":["{{f}}",9663461,683509],"K_490\/5.2.0":["{{f}}",10346970,648904],"K_490\/5.2.1":["{{f}}",10995874,1279706],"K_490\/5.2.2":["{{f}}",12275580,20776],"K_490\/5.2.3":["{{f}}",12296356,2075084],"K_490\/5.2.4":["{{f}}",14371440,265983],"K_490\/5.3.0":["{{f}}",14637423,181042],"K_490\/5.3.1":["{{f}}",14818465,1483224],"K_490\/5.3.2":["{{f}}",16301689,1633999],"K_490\/5.3.3":["{{f}}",17935688,1634616],"K_490\/5.3.4":["{{f}}",19570304,662652],"K_490\/5.4.0":["{{f}}",20232956,94370],"K_490\/5.4.1":["{{f}}",20327326,869589],"K_490\/5.4.2":["{{f}}",21196915,1639274],"K_490\/5.4.3":["{{f}}",22836189,2657917],"K_490\/5.4.4":["{{f}}",25494106,82593],"K_490\/6.0.0":["{{g}}",151229,10921],"K_490\/6.0.1":["{{g}}",162150,664086],"K_490\/6.0.2":["{{g}}",826236,240735],"K_490\/6.0.3":["{{g}}",1066971,1318027],"K_490\/6.0.4":["{{g}}",2384998,852122],"K_490\/6.1.0":["{{g}}",3237120,10921],"K_490\/6.1.1":["{{g}}",3248041,1199565],"K_490\/6.1.2":["{{g}}",4447606,1049797],"K_490\/6.1.3":["{{g}}",5497403,1127629],"K_490\/6.1.4":["{{g}}",6625032,1105583],"K_490\/6.2.0":["{{g}}",7730615,10921],"K_490\/6.2.1":["{{g}}",7741536,918216],"K_490\/6.2.2":["{{g}}",8659752,96687],"K_490\/6.2.3":["{{g}}",8756439,629985],"K_490\/6.2.4":["{{g}}",9386424,1780890],"K_490\/6.3.0":["{{g}}",11167314,33812],"K_490\/6.3.1":["{{g}}",11201126,956248],"K_490\/6.3.2":["{{g}}",12157374,922239],"K_490\/6.3.3":["{{g}}",13079613,1517919],"K_490\/6.3.4":["{{g}}",14597532,2723801],"K_490\/6.4.0":["{{g}}",17321333,169814],"K_490\/6.4.1":["{{g}}",17491147,164544],"K_490\/6.4.2":["{{g}}",17655691,1267934],"K_490\/6.4.3":["{{g}}",18923625,2407523],"K_490\/6.4.4":["{{g}}",21331148,615542],"K_490\/7.0.0":["{{h}}",151229,769711],"K_490\/7.0.1":["{{h}}",920940,332562],"K_490\/7.0.2":["{{h}}",1253502,2214397],"K_490\/7.0.3":["{{h}}",3467899,584120],"K_490\/7.0.4":["{{h}}",4052019,10921],"K_490\/7.1.0":["{{h}}",4062940,312530],"K_490\/7.1.1":["{{h}}",4375470,602717],"K_490\/7.1.2":["{{h}}",4978187,1009367],"K_490\/7.1.3":["{{h}}",5987554,1434582],"K_490\/7.1.4":["{{h}}",7422136,97609],"K_490\/7.2.0":["{{h}}",7519745,407366],"K_490\/7.2.1":["{{h}}",7927111,1562115],"K_490\/7.2.2":["{{h}}",9489226,80834],"K_490\/7.2.3":["{{h}}",9570060,1494458],"K_490\/7.2.4":["{{h}}",11064518,1002326],"K_490\/7.3.0":["{{h}}",12066844,100560],"K_490\/7.3.1":["{{h}}",12167404,1061979],"K_490\/7.3.2":["{{h}}",13229383,2358954],"K_490\/7.3.3":["{{h}}",15588337,1028853],"K_490\/7.3.4":["{{h}}",16617190,983104],"K_490\/7.4.0":["{{h}}",17600294,10921],"K_490\/7.4.1":["{{h}}",17611215,250919],"K_490\/7.4.2":["{{h}}",17862134,1044151],"K_490\/7.4.3":["{{h}}",18906285,670294],"K_490\/7.4.4":["{{h}}",19576579,1057906],"K_490\/8.0.0":["{{i}}",151229,10921],"K_490\/8.0.1":["{{i}}",162150,381540],"K_490\/8.0.2":["{{i}}",543690,1664369],"K_490\/8.0.3":["{{i}}",2208059,1724967],"K_490\/8.0.4":["{{i}}",3933026,2353709],"K_490\/8.1.0":["{{i}}",6286735,134948],"K_490\/8.1.1":["{{i}}",6421683,900810],"K_490\/8.1.2":["{{i}}",7322493,1208243],"K_490\/8.1.3":["{{i}}",8530736,1001477],"K_490\/8.1.4":["{{i}}",9532213,1101634],"K_490\/8.2.0":["{{i}}",10633847,1536704],"K_490\/8.2.1":["{{i}}",12170551,1128949],"K_490\/8.2.2":["{{i}}",13299500,123708],"K_490\/8.2.3":["{{i}}",13423208,920806],"K_490\/8.2.4":["{{i}}",14344014,1787636],"K_490\/8.3.0":["{{i}}",16131650,437089],"K_490\/8.3.1":["{{i}}",16568739,689468],"K_490\/8.3.2":["{{i}}",17258207,1336571],"K_490\/8.3.3":["{{i}}",18594778,605537],"K_490\/8.3.4":["{{i}}",19200315,2130339],"K_490\/8.4.0":["{{i}}",21330654,72995],"K_490\/8.4.1":["{{i}}",21403649,125843],"K_490\/8.4.2":["{{i}}",21529492,1161520],"K_490\/8.4.3":["{{i}}",22691012,3051583],"K_490\/8.4.4":["{{i}}",25742595,409761],"K_490\/9.0.0":["{{j}}",151229,11020],"K_490\/9.0.1":["{{j}}",162249,502199],"K_490\/9.0.2":["{{j}}",664448,965575],"K_490\/9.0.3":["{{j}}",1630023,3220523],"K_490\/9.0.4":["{{j}}",4850546,76067],"K_490\/9.1.0":["{{j}}",4926613,36998],"K_490\/9.1.1":["{{j}}",4963611,1145185],"K_490\/9.1.2":["{{j}}",6108796,1383219],"K_490\/9.1.3":["{{j}}",7492015,1717020],"K_490\/9.1.4":["{{j}}",9209035,479657],"K_490\/9.2.0":["{{j}}",9688692,119392],"K_490\/9.2.1":["{{j}}",9808084,1699487],"K_490\/9.2.2":["{{j}}",11507571,11914],"K_490\/9.2.3":["{{j}}",11519485,1075435],"K_490\/9.2.4":["{{j}}",12594920,1671323],"K_490\/9.3.0":["{{j}}",14266243,11538],"K_490\/9.3.1":["{{j}}",14277781,596970],"K_490\/9.3.2":["{{j}}",14874751,844290],"K_490\/9.3.3":["{{j}}",15719041,1416510],"K_490\/9.3.4":["{{j}}",17135551,339250],"K_490\/9.4.0":["{{j}}",17474801,582771],"K_490\/9.4.1":["{{j}}",18057572,60947],"K_490\/9.4.2":["{{j}}",18118519,1325702],"K_490\/9.4.3":["{{j}}",19444221,1176733],"K_490\/9.4.4":["{{j}}",20620954,219111],"K_490\/10.0.0":["{{k}}",151229,10921],"K_490\/10.0.1":["{{k}}",162150,285261],"K_490\/10.0.2":["{{k}}",447411,426035],"K_490\/10.0.3":["{{k}}",873446,975621],"K_490\/10.0.4":["{{k}}",1849067,2376564],"K_490\/10.1.0":["{{k}}",4225631,272344],"K_490\/10.1.1":["{{k}}",4497975,752258],"K_490\/10.1.2":["{{k}}",5250233,1822322],"K_490\/10.1.3":["{{k}}",7072555,1626840],"K_490\/10.1.4":["{{k}}",8699395,1783888],"K_490\/10.2.0":["{{k}}",10483283,776034],"K_490\/10.2.1":["{{k}}",11259317,911610],"K_490\/10.2.2":["{{k}}",12170927,73031],"K_490\/10.2.3":["{{k}}",12243958,1313702],"K_490\/10.2.4":["{{k}}",13557660,1814099],"K_490\/10.3.0":["{{k}}",15371759,329777],"K_490\/10.3.1":["{{k}}",15701536,666195],"K_490\/10.3.2":["{{k}}",16367731,687561],"K_490\/10.3.3":["{{k}}",17055292,2198921],"K_490\/10.3.4":["{{k}}",19254213,1261142],"K_490\/10.4.0":["{{k}}",20515355,801720],"K_490\/10.4.1":["{{k}}",21317075,281822],"K_490\/10.4.2":["{{k}}",21598897,155516],"K_490\/10.4.3":["{{k}}",21754413,2096878],"K_490\/10.4.4":["{{k}}",23851291,1212539],"K_490\/11.0.0":["{{l}}",151229,11142],"K_490\/11.0.1":["{{l}}",162371,202443],"K_490\/11.0.2":["{{l}}",364814,1635803],"K_490\/11.0.3":["{{l}}",2000617,601684],"K_490\/11.0.4":["{{l}}",2602301,542910],"K_490\/11.1.0":["{{l}}",3145211,17208],"K_490\/11.1.1":["{{l}}",3162419,661880],"K_490\/11.1.2":["{{l}}",3824299,1604030],"K_490\/11.1.3":["{{l}}",5428329,916365],"K_490\/11.1.4":["{{l}}",6344694,1509159],"K_490\/11.2.0":["{{l}}",7853853,10921],"K_490\/11.2.1":["{{l}}",7864774,1405395],"K_490\/11.2.2":["{{l}}",9270169,43150],"K_490\/11.2.3":["{{l}}",9313319,514127],"K_490\/11.2.4":["{{l}}",9827446,1944662],"K_490\/11.3.0":["{{l}}",11772108,227067],"K_490\/11.3.1":["{{l}}",11999175,1127127],"K_490\/11.3.2":["{{l}}",13126302,720716],"K_490\/11.3.3":["{{l}}",13847018,1597895],"K_490\/11.3.4":["{{l}}",15444913,1735802],"K_490\/11.4.0":["{{l}}",17180715,1317929],"K_490\/11.4.1":["{{l}}",18498644,1017627],"K_490\/11.4.2":["{{l}}",19516271,555054],"K_490\/11.4.3":["{{l}}",20071325,1711713],"K_490\/11.4.4":["{{l}}",21783038,1245686],"K_490\/12.0.0":["{{m}}",151229,138190],"K_490\/12.0.1":["{{m}}",289419,110861],"K_490\/12.0.2":["{{m}}",400280,1201927],"K_490\/12.0.3":["{{m}}",1602207,890714],"K_490\/12.0.4":["{{m}}",2492921,2684608],"K_490\/12.1.0":["{{m}}",5177529,338255],"K_490\/12.1.1":["{{m}}",5515784,740803],"K_490\/12.1.2":["{{m}}",6256587,1597147],"K_490\/12.1.3":["{{m}}",7853734,1564333],"K_490\/12.1.4":["{{m}}",9418067,1940889],"K_490\/12.2.0":["{{m}}",11358956,592968],"K_490\/12.2.1":["{{m}}",11951924,2034603],"K_490\/12.2.2":["{{m}}",13986527,26645],"K_490\/12.2.3":["{{m}}",14013172,1470330],"K_490\/12.2.4":["{{m}}",15483502,1699514],"K_490\/12.3.0":["{{m}}",17183016,338302],"K_490\/12.3.1":["{{m}}",17521318,805084],"K_490\/12.3.2":["{{m}}",18326402,1401202],"K_490\/12.3.3":["{{m}}",19727604,1600684],"K_490\/12.3.4":["{{m}}",21328288,1412918],"K_490\/12.4.0":["{{m}}",22741206,82113],"K_490\/12.4.1":["{{m}}",22823319,654332],"K_490\/12.4.2":["{{m}}",23477651,601100],"K_490\/12.4.3":["{{m}}",24078751,1340752],"K_490\/12.4.4":["{{m}}",25419503,1851047],"K_490\/13.0.0":["{{n}}",151229,10921],"K_490\/13.0.1":["{{n}}",162150,15245],"K_490\/13.0.2":["{{n}}",177395,2041587],"K_490\/13.0.3":["{{n}}",2218982,1532918],"K_490\/13.0.4":["{{n}}",3751900,767442],"K_490\/13.1.0":["{{n}}",4519342,908329],"K_490\/13.1.1":["{{n}}",5427671,1086231],"K_490\/13.1.2":["{{n}}",6513902,1896432],"K_490\/13.1.3":["{{n}}",8410334,625585],"K_490\/13.1.4":["{{n}}",9035919,1615966],"K_490\/13.2.0":["{{n}}",10651885,2476200],"K_490\/13.2.1":["{{n}}",13128085,1451835],"K_490\/13.2.2":["{{n}}",14579920,100744],"K_490\/13.2.3":["{{n}}",14680664,821351],"K_490\/13.2.4":["{{n}}",15502015,1640383],"K_490\/13.3.0":["{{n}}",17142398,1722880],"K_490\/13.3.1":["{{n}}",18865278,914509],"K_490\/13.3.2":["{{n}}",19779787,1440893],"K_490\/13.3.3":["{{n}}",21220680,1171781],"K_490\/13.3.4":["{{n}}",22392461,2859022],"K_490\/13.4.0":["{{n}}",25251483,1648823],"K_490\/13.4.1":["{{n}}",26900306,864679],"K_490\/13.4.2":["{{n}}",27764985,558651],"K_490\/13.4.3":["{{n}}",28323636,1338722],"K_490\/13.4.4":["{{n}}",29662358,1727696],"K_490\/14.0.0":["{{o}}",151229,880605],"K_490\/14.0.1":["{{o}}",1031834,155095],"K_490\/14.0.2":["{{o}}",1186929,265240],"K_490\/14.0.3":["{{o}}",1452169,182686],"K_490\/14.0.4":["{{o}}",1634855,10921],"K_490\/14.1.0":["{{o}}",1645776,101568],"K_490\/14.1.1":["{{o}}",1747344,1066032],"K_490\/14.1.2":["{{o}}",2813376,919908],"K_490\/14.1.3":["{{o}}",3733284,1306778],"K_490\/14.1.4":["{{o}}",5040062,34896],"K_490\/14.2.0":["{{o}}",5074958,647002],"K_490\/14.2.1":["{{o}}",5721960,2437125],"K_490\/14.2.2":["{{o}}",8159085,109645],"K_490\/14.2.3":["{{o}}",8268730,2115903],"K_490\/14.2.4":["{{o}}",10384633,756748],"K_490\/14.3.0":["{{o}}",11141381,793215],"K_490\/14.3.1":["{{o}}",11934596,2100997],"K_490\/14.3.2":["{{o}}",14035593,1345973],"K_490\/14.3.3":["{{o}}",15381566,1673585],"K_490\/14.3.4":["{{o}}",17055151,748898],"K_490\/14.4.0":["{{o}}",17804049,96797],"K_490\/14.4.1":["{{o}}",17900846,623215],"K_490\/14.4.2":["{{o}}",18524061,111058],"K_490\/14.4.3":["{{o}}",18635119,1015378],"K_490\/14.4.4":["{{o}}",19650497,1439047],"K_490\/15.0.0":["{{p}}",151229,114174],"K_490\/15.0.1":["{{p}}",265403,610511],"K_490\/15.0.2":["{{p}}",875914,950744],"K_490\/15.0.3":["{{p}}",1826658,946311],"K_490\/15.0.4":["{{p}}",2772969,753207],"K_490\/15.1.0":["{{p}}",3526176,526831],"K_490\/15.1.1":["{{p}}",4053007,1241372],"K_490\/15.1.2":["{{p}}",5294379,740028],"K_490\/15.1.3":["{{p}}",6034407,623491],"K_490\/15.1.4":["{{p}}",6657898,1702246],"K_490\/15.2.0":["{{p}}",8360144,1534998],"K_490\/15.2.1":["{{p}}",9895142,1292140],"K_490\/15.2.2":["{{p}}",11187282,113737],"K_490\/15.2.3":["{{p}}",11301019,729055],"K_490\/15.2.4":["{{p}}",12030074,2562043],"K_490\/15.3.0":["{{p}}",14592117,1768075],"K_490\/15.3.1":["{{p}}",16360192,1940620],"K_490\/15.3.2":["{{p}}",18300812,2795803],"K_490\/15.3.3":["{{p}}",21096615,1421359],"K_490\/15.3.4":["{{p}}",22517974,2722361],"K_490\/15.4.0":["{{p}}",25240335,841776],"K_490\/15.4.1":["{{p}}",26082111,1292565],"K_490\/15.4.2":["{{p}}",27374676,1860667],"K_490\/15.4.3":["{{p}}",29235343,555395],"K_490\/15.4.4":["{{p}}",29790738,1239513],"K_490\/16.0.0":["{{q}}",151229,22894],"K_490\/16.0.1":["{{q}}",174123,183692],"K_490\/16.0.2":["{{q}}",357815,828887],"K_490\/16.0.3":["{{q}}",1186702,1592544],"K_490\/16.0.4":["{{q}}",2779246,14021],"K_490\/16.1.0":["{{q}}",2793267,13359],"K_490\/16.1.1":["{{q}}",2806626,842345],"K_490\/16.1.2":["{{q}}",3648971,1377655],"K_490\/16.1.3":["{{q}}",5026626,770872],"K_490\/16.1.4":["{{q}}",5797498,227653],"K_490\/16.2.0":["{{q}}",6025151,219074],"K_490\/16.2.1":["{{q}}",6244225,1435460],"K_490\/16.2.2":["{{q}}",7679685,48773],"K_490\/16.2.3":["{{q}}",7728458,1031113],"K_490\/16.2.4":["{{q}}",8759571,958748],"K_490\/16.3.0":["{{q}}",9718319,111562],"K_490\/16.3.1":["{{q}}",9829881,1963284],"K_490\/16.3.2":["{{q}}",11793165,1413775],"K_490\/16.3.3":["{{q}}",13206940,1911788],"K_490\/16.3.4":["{{q}}",15118728,1804437],"K_490\/16.4.0":["{{q}}",16923165,10921],"K_490\/16.4.1":["{{q}}",16934086,1437905],"K_490\/16.4.2":["{{q}}",18371991,1120686],"K_490\/16.4.3":["{{q}}",19492677,992824],"K_490\/16.4.4":["{{q}}",20485501,1922915],"K_490\/17.0.0":["{{r}}",151229,10921],"K_490\/17.0.1":["{{r}}",162150,341789],"K_490\/17.0.2":["{{r}}",503939,393968],"K_490\/17.0.3":["{{r}}",897907,919546],"K_490\/17.0.4":["{{r}}",1817453,3229813],"K_490\/17.1.0":["{{r}}",5047266,77988],"K_490\/17.1.1":["{{r}}",5125254,531330],"K_490\/17.1.2":["{{r}}",5656584,743987],"K_490\/17.1.3":["{{r}}",6400571,814781],"K_490\/17.1.4":["{{r}}",7215352,1210626],"K_490\/17.2.0":["{{r}}",8425978,1557684],"K_490\/17.2.1":["{{r}}",9983662,1067394],"K_490\/17.2.2":["{{r}}",11051056,122960],"K_490\/17.2.3":["{{r}}",11174016,878962],"K_490\/17.2.4":["{{r}}",12052978,1216597],"K_490\/17.3.0":["{{r}}",13269575,1402367],"K_490\/17.3.1":["{{r}}",14671942,1932785],"K_490\/17.3.2":["{{r}}",16604727,2340927],"K_490\/17.3.3":["{{r}}",18945654,2529332],"K_490\/17.3.4":["{{r}}",21474986,2392531],"K_490\/17.4.0":["{{r}}",23867517,438952],"K_490\/17.4.1":["{{r}}",24306469,543429],"K_490\/17.4.2":["{{r}}",24849898,1096891],"K_490\/17.4.3":["{{r}}",25946789,249537],"K_490\/17.4.4":["{{r}}",26196326,1223114],"K_490\/18.0.0":["{{s}}",151229,728205],"K_490\/18.0.1":["{{s}}",879434,380971],"K_490\/18.0.2":["{{s}}",1260405,241475],"K_490\/18.0.3":["{{s}}",1501880,606366],"K_490\/18.0.4":["{{s}}",2108246,270567],"K_490\/18.1.0":["{{s}}",2378813,34896],"K_490\/18.1.1":["{{s}}",2413709,618021],"K_490\/18.1.2":["{{s}}",3031730,215032],"K_490\/18.1.3":["{{s}}",3246762,646664],"K_490\/18.1.4":["{{s}}",3893426,723741],"K_490\/18.2.0":["{{s}}",4617167,11518],"K_490\/18.2.1":["{{s}}",4628685,1972752],"K_490\/18.2.2":["{{s}}",6601437,14059],"K_490\/18.2.3":["{{s}}",6615496,769748],"K_490\/18.2.4":["{{s}}",7385244,1837613],"K_490\/18.3.0":["{{s}}",9222857,68936],"K_490\/18.3.1":["{{s}}",9291793,2031982],"K_490\/18.3.2":["{{s}}",11323775,1026517],"K_490\/18.3.3":["{{s}}",12350292,2125426],"K_490\/18.3.4":["{{s}}",14475718,2277427],"K_490\/18.4.0":["{{s}}",16753145,138262],"K_490\/18.4.1":["{{s}}",16891407,1441893],"K_490\/18.4.2":["{{s}}",18333300,1695947],"K_490\/18.4.3":["{{s}}",20029247,1033591],"K_490\/18.4.4":["{{s}}",21062838,1051886],"K_490\/19.0.0":["{{t}}",151229,36787],"K_490\/19.0.1":["{{t}}",188016,511033],"K_490\/19.0.2":["{{t}}",699049,585704],"K_490\/19.0.3":["{{t}}",1284753,592292],"K_490\/19.0.4":["{{t}}",1877045,1642888],"K_490\/19.1.0":["{{t}}",3519933,788647],"K_490\/19.1.1":["{{t}}",4308580,604069],"K_490\/19.1.2":["{{t}}",4912649,987456],"K_490\/19.1.3":["{{t}}",5900105,415996],"K_490\/19.1.4":["{{t}}",6316101,1807104],"K_490\/19.2.0":["{{t}}",8123205,457370],"K_490\/19.2.1":["{{t}}",8580575,1508659],"K_490\/19.2.2":["{{t}}",10089234,13194],"K_490\/19.2.3":["{{t}}",10102428,1460930],"K_490\/19.2.4":["{{t}}",11563358,2250363],"K_490\/19.3.0":["{{t}}",13813721,225563],"K_490\/19.3.1":["{{t}}",14039284,1891050],"K_490\/19.3.2":["{{t}}",15930334,1327081],"K_490\/19.3.3":["{{t}}",17257415,1741488],"K_490\/19.3.4":["{{t}}",18998903,941826],"K_490\/19.4.0":["{{t}}",19940729,72168],"K_490\/19.4.1":["{{t}}",20012897,450586],"K_490\/19.4.2":["{{t}}",20463483,1354232],"K_490\/19.4.3":["{{t}}",21817715,1584492],"K_490\/19.4.4":["{{t}}",23402207,404530],"K_490\/20.0.0":["{{u}}",151229,59177],"K_490\/20.0.1":["{{u}}",210406,70745],"K_490\/20.0.2":["{{u}}",281151,563462],"K_490\/20.0.3":["{{u}}",844613,1839688],"K_490\/20.0.4":["{{u}}",2684301,860783],"K_490\/20.1.0":["{{u}}",3545084,33343],"K_490\/20.1.1":["{{u}}",3578427,911380],"K_490\/20.1.2":["{{u}}",4489807,632487],"K_490\/20.1.3":["{{u}}",5122294,1328012],"K_490\/20.1.4":["{{u}}",6450306,1050725],"K_490\/20.2.0":["{{u}}",7501031,2353903],"K_490\/20.2.1":["{{u}}",9854934,1713374],"K_490\/20.2.2":["{{u}}",11568308,62991],"K_490\/20.2.3":["{{u}}",11631299,1023589],"K_490\/20.2.4":["{{u}}",12654888,2157945],"K_490\/20.3.0":["{{u}}",14812833,2284510],"K_490\/20.3.1":["{{u}}",17097343,1314685],"K_490\/20.3.2":["{{u}}",18412028,920378],"K_490\/20.3.3":["{{u}}",19332406,894478],"K_490\/20.3.4":["{{u}}",20226884,1990385],"K_490\/20.4.0":["{{u}}",22217269,859700],"K_490\/20.4.1":["{{u}}",23076969,350330],"K_490\/20.4.2":["{{u}}",23427299,367995],"K_490\/20.4.3":["{{u}}",23795294,1532911],"K_490\/20.4.4":["{{u}}",25328205,2384604],"K_490\/21.0.0":["{{v}}",151229,684474],"K_490\/21.0.1":["{{v}}",835703,15579],"K_490\/21.0.2":["{{v}}",851282,173903],"K_490\/21.0.3":["{{v}}",1025185,2388536],"K_490\/21.0.4":["{{v}}",3413721,1347410],"K_490\/21.1.0":["{{v}}",4761131,515374],"K_490\/21.1.1":["{{v}}",5276505,695723],"K_490\/21.1.2":["{{v}}",5972228,481703],"K_490\/21.1.3":["{{v}}",6453931,1791866],"K_490\/21.1.4":["{{v}}",8245797,754061],"K_490\/21.2.0":["{{v}}",8999858,684337],"K_490\/21.2.1":["{{v}}",9684195,2635585],"K_490\/21.2.2":["{{v}}",12319780,49468],"K_490\/21.2.3":["{{v}}",12369248,2253317],"K_490\/21.2.4":["{{v}}",14622565,1401877],"K_490\/21.3.0":["{{v}}",16024442,458644],"K_490\/21.3.1":["{{v}}",16483086,1593088],"K_490\/21.3.2":["{{v}}",18076174,1722492],"K_490\/21.3.3":["{{v}}",19798666,276261],"K_490\/21.3.4":["{{v}}",20074927,431417],"K_490\/21.4.0":["{{v}}",20506344,123631],"K_490\/21.4.1":["{{v}}",20629975,812041],"K_490\/21.4.2":["{{v}}",21442016,321586],"K_490\/21.4.3":["{{v}}",21763602,1599521],"K_490\/21.4.4":["{{v}}",23363123,400036],"K_490\/22.0.0":["{{w}}",151229,10921],"K_490\/22.0.1":["{{w}}",162150,218242],"K_490\/22.0.2":["{{w}}",380392,863657],"K_490\/22.0.3":["{{w}}",1244049,1319370],"K_490\/22.0.4":["{{w}}",2563419,892803],"K_490\/22.1.0":["{{w}}",3456222,1982475],"K_490\/22.1.1":["{{w}}",5438697,545967],"K_490\/22.1.2":["{{w}}",5984664,251620],"K_490\/22.1.3":["{{w}}",6236284,700823],"K_490\/22.1.4":["{{w}}",6937107,256715],"K_490\/22.2.0":["{{w}}",7193822,2476823],"K_490\/22.2.1":["{{w}}",9670645,1351477],"K_490\/22.2.2":["{{w}}",11022122,93547],"K_490\/22.2.3":["{{w}}",11115669,765413],"K_490\/22.2.4":["{{w}}",11881082,2226790],"K_490\/22.3.0":["{{w}}",14107872,1985343],"K_490\/22.3.1":["{{w}}",16093215,820741],"K_490\/22.3.2":["{{w}}",16913956,1658653],"K_490\/22.3.3":["{{w}}",18572609,570862],"K_490\/22.3.4":["{{w}}",19143471,2372237],"K_490\/22.4.0":["{{w}}",21515708,354640],"K_490\/22.4.1":["{{w}}",21870348,301862],"K_490\/22.4.2":["{{w}}",22172210,554866],"K_490\/22.4.3":["{{w}}",22727076,333400],"K_490\/22.4.4":["{{w}}",23060476,1131616],"K_490\/23.0.0":["{{x}}",151229,1209850],"K_490\/23.0.1":["{{x}}",1361079,167378],"K_490\/23.0.2":["{{x}}",1528457,587658],"K_490\/23.0.3":["{{x}}",2116115,232160],"K_490\/23.0.4":["{{x}}",2348275,10921],"K_490\/23.1.0":["{{x}}",2359196,897001],"K_490\/23.1.1":["{{x}}",3256197,1643909],"K_490\/23.1.2":["{{x}}",4900106,126903],"K_490\/23.1.3":["{{x}}",5027009,2014458],"K_490\/23.1.4":["{{x}}",7041467,53210],"K_490\/23.2.0":["{{x}}",7094677,558154],"K_490\/23.2.1":["{{x}}",7652831,2092852],"K_490\/23.2.2":["{{x}}",9745683,86485],"K_490\/23.2.3":["{{x}}",9832168,1391803],"K_490\/23.2.4":["{{x}}",11223971,1023352],"K_490\/23.3.0":["{{x}}",12247323,28351],"K_490\/23.3.1":["{{x}}",12275674,2411235],"K_490\/23.3.2":["{{x}}",14686909,1016358],"K_490\/23.3.3":["{{x}}",15703267,1311762],"K_490\/23.3.4":["{{x}}",17015029,325379],"K_490\/23.4.0":["{{x}}",17340408,22743],"K_490\/23.4.1":["{{x}}",17363151,691109],"K_490\/23.4.2":["{{x}}",18054260,553755],"K_490\/23.4.3":["{{x}}",18608015,1898104],"K_490\/23.4.4":["{{x}}",20506119,475593],"K_490\/24.0.0":["{{y}}",151229,10921],"K_490\/24.0.1":["{{y}}",162150,176620],"K_490\/24.0.2":["{{y}}",338770,1234299],"K_490\/24.0.3":["{{y}}",1573069,683367],"K_490\/24.0.4":["{{y}}",2256436,1077073],"K_490\/24.1.0":["{{y}}",3333509,415775],"K_490\/24.1.1":["{{y}}",3749284,976780],"K_490\/24.1.2":["{{y}}",4726064,292458],"K_490\/24.1.3":["{{y}}",5018522,776030],"K_490\/24.1.4":["{{y}}",5794552,1349581],"K_490\/24.2.0":["{{y}}",7144133,1935297],"K_490\/24.2.1":["{{y}}",9079430,1753206],"K_490\/24.2.2":["{{y}}",10832636,122034],"K_490\/24.2.3":["{{y}}",10954670,854483],"K_490\/24.2.4":["{{y}}",11809153,2695486],"K_490\/24.3.0":["{{y}}",14504639,1646575],"K_490\/24.3.1":["{{y}}",16151214,640399],"K_490\/24.3.2":["{{y}}",16791613,3580082],"K_490\/24.3.3":["{{y}}",20371695,1771829],"K_490\/24.3.4":["{{y}}",22143524,1761404],"K_490\/24.4.0":["{{y}}",23904928,389646],"K_490\/24.4.1":["{{y}}",24294574,922235],"K_490\/24.4.2":["{{y}}",25216809,1596542],"K_490\/24.4.3":["{{y}}",26813351,1135455],"K_490\/24.4.4":["{{y}}",27948806,2316688],"K_490\/25.0.0":["{{z}}",151229,390037],"K_490\/25.0.1":["{{z}}",541266,85286],"K_490\/25.0.2":["{{z}}",626552,398902],"K_490\/25.0.3":["{{z}}",1025454,802229],"K_490\/25.0.4":["{{z}}",1827683,11169],"K_490\/25.1.0":["{{z}}",1838852,763604],"K_490\/25.1.1":["{{z}}",2602456,1950241],"K_490\/25.1.2":["{{z}}",4552697,682690],"K_490\/25.1.3":["{{z}}",5235387,1411037],"K_490\/25.1.4":["{{z}}",6646424,362528],"K_490\/25.2.0":["{{z}}",7008952,234233],"K_490\/25.2.1":["{{z}}",7243185,2347434],"K_490\/25.2.2":["{{z}}",9590619,15280],"K_490\/25.2.3":["{{z}}",9605899,1034687],"K_490\/25.2.4":["{{z}}",10640586,963001],"K_490\/25.3.0":["{{z}}",11603587,11447],"K_490\/25.3.1":["{{z}}",11615034,2293809],"K_490\/25.3.2":["{{z}}",13908843,1657133],"K_490\/25.3.3":["{{z}}",15565976,1285669],"K_490\/25.3.4":["{{z}}",16851645,1322564],"K_490\/25.4.0":["{{z}}",18174209,10921],"K_490\/25.4.1":["{{z}}",18185130,1233306],"K_490\/25.4.2":["{{z}}",19418436,1220555],"K_490\/25.4.3":["{{z}}",20638991,3125333],"K_490\/25.4.4":["{{z}}",23764324,2342903],"K_490\/26.0.0":["{{A}}",151229,10921],"K_490\/26.0.1":["{{A}}",162150,278755],"K_490\/26.0.2":["{{A}}",440905,343224],"K_490\/26.0.3":["{{A}}",784129,216520],"K_490\/26.0.4":["{{A}}",1000649,1103105],"K_490\/26.1.0":["{{A}}",2103754,1666847],"K_490\/26.1.1":["{{A}}",3770601,1089869],"K_490\/26.1.2":["{{A}}",4860470,544143],"K_490\/26.1.3":["{{A}}",5404613,1342020],"K_490\/26.1.4":["{{A}}",6746633,1305167],"K_490\/26.2.0":["{{A}}",8051800,909953],"K_490\/26.2.1":["{{A}}",8961753,1416690],"K_490\/26.2.2":["{{A}}",10378443,48743],"K_490\/26.2.3":["{{A}}",10427186,1247235],"K_490\/26.2.4":["{{A}}",11674421,1694782],"K_490\/26.3.0":["{{A}}",13369203,303533],"K_490\/26.3.1":["{{A}}",13672736,2834374],"K_490\/26.3.2":["{{A}}",16507110,1978466],"K_490\/26.3.3":["{{A}}",18485576,2650782],"K_490\/26.3.4":["{{A}}",21136358,644855],"K_490\/26.4.0":["{{A}}",21781213,588218],"K_490\/26.4.1":["{{A}}",22369431,2238730],"K_490\/26.4.2":["{{A}}",24608161,1036676],"K_490\/26.4.3":["{{A}}",25644837,1524227],"K_490\/26.4.4":["{{A}}",27169064,1547487],"K_490\/27.0.0":["{{B}}",151229,17098],"K_490\/27.0.1":["{{B}}",168327,104938],"K_490\/27.0.2":["{{B}}",273265,787161],"K_490\/27.0.3":["{{B}}",1060426,312483],"K_490\/27.0.4":["{{B}}",1372909,95145],"K_490\/27.1.0":["{{B}}",1468054,60447],"K_490\/27.1.1":["{{B}}",1528501,1016917],"K_490\/27.1.2":["{{B}}",2545418,980417],"K_490\/27.1.3":["{{B}}",3525835,942301],"K_490\/27.1.4":["{{B}}",4468136,514432],"K_490\/27.2.0":["{{B}}",4982568,1748626],"K_490\/27.2.1":["{{B}}",6731194,1756626],"K_490\/27.2.2":["{{B}}",8487820,30636],"K_490\/27.2.3":["{{B}}",8518456,1080415],"K_490\/27.2.4":["{{B}}",9598871,2364452],"K_490\/27.3.0":["{{B}}",11963323,1996356],"K_490\/27.3.1":["{{B}}",13959679,1917337],"K_490\/27.3.2":["{{B}}",15877016,3780874],"K_490\/27.3.3":["{{B}}",19657890,2325571],"K_490\/27.3.4":["{{B}}",21983461,1233420],"K_490\/27.4.0":["{{B}}",23216881,489335],"K_490\/27.4.1":["{{B}}",23706216,1639070],"K_490\/27.4.2":["{{B}}",25345286,1584817],"K_490\/27.4.3":["{{B}}",26930103,184257],"K_490\/27.4.4":["{{B}}",27114360,663302],"K_490\/28.0.0":["{{C}}",151229,10968],"K_490\/28.0.1":["{{C}}",162197,371172],"K_490\/28.0.2":["{{C}}",533369,1472437],"K_490\/28.0.3":["{{C}}",2005806,84281],"K_490\/28.0.4":["{{C}}",2090087,1178210],"K_490\/28.1.0":["{{C}}",3268297,617098],"K_490\/28.1.1":["{{C}}",3885395,358955],"K_490\/28.1.2":["{{C}}",4244350,668355],"K_490\/28.1.3":["{{C}}",4912705,1395205],"K_490\/28.1.4":["{{C}}",6307910,2370122],"K_490\/28.2.0":["{{C}}",8678032,735461],"K_490\/28.2.1":["{{C}}",9413493,1546913],"K_490\/28.2.2":["{{C}}",10960406,53827],"K_490\/28.2.3":["{{C}}",11014233,2307405],"K_490\/28.2.4":["{{C}}",13321638,2357319],"K_490\/28.3.0":["{{C}}",15678957,496711],"K_490\/28.3.1":["{{C}}",16175668,2611544],"K_490\/28.3.2":["{{C}}",18787212,3282396],"K_490\/28.3.3":["{{C}}",22069608,2601035],"K_490\/28.3.4":["{{C}}",24670643,581044],"K_490\/28.4.0":["{{C}}",25251687,214808],"K_490\/28.4.1":["{{C}}",25466495,1482421],"K_490\/28.4.2":["{{C}}",26948916,2283793],"K_490\/28.4.3":["{{C}}",29232709,236902],"K_490\/28.4.4":["{{C}}",29469611,407039],"K_490\/29.0.0":["{{D}}",151229,10921],"K_490\/29.0.1":["{{D}}",162150,22724],"K_490\/29.0.2":["{{D}}",184874,1459847],"K_490\/29.0.3":["{{D}}",1644721,354001],"K_490\/29.0.4":["{{D}}",1998722,356315],"K_490\/29.1.0":["{{D}}",2355037,1382894],"K_490\/29.1.1":["{{D}}",3737931,111311],"K_490\/29.1.2":["{{D}}",3849242,2032280],"K_490\/29.1.3":["{{D}}",5881522,1263260],"K_490\/29.1.4":["{{D}}",7144782,1278840],"K_490\/29.2.0":["{{D}}",8423622,2417912],"K_490\/29.2.1":["{{D}}",10841534,1014106],"K_490\/29.2.2":["{{D}}",11855640,11865],"K_490\/29.2.3":["{{D}}",11867505,759345],"K_490\/29.2.4":["{{D}}",12626850,2685627],"K_490\/29.3.0":["{{D}}",15312477,2232562],"K_490\/29.3.1":["{{D}}",17545039,1565248],"K_490\/29.3.2":["{{D}}",19110287,3381565],"K_490\/29.3.3":["{{D}}",22491852,2296764],"K_490\/29.3.4":["{{D}}",24788616,3214138],"K_490\/29.4.0":["{{D}}",28002754,969555],"K_490\/29.4.1":["{{D}}",28972309,857514],"K_490\/29.4.2":["{{D}}",29829823,718777],"K_490\/29.4.3":["{{D}}",30548600,567412],"K_490\/29.4.4":["{{D}}",31116012,239045],"K_490\/30.0.0":["{{E}}",151229,112048],"K_490\/30.0.1":["{{E}}",263277,39243],"K_490\/30.0.2":["{{E}}",302520,542030],"K_490\/30.0.3":["{{E}}",844550,241283],"K_490\/30.0.4":["{{E}}",1085833,10921],"K_490\/30.1.0":["{{E}}",1096754,364589],"K_490\/30.1.1":["{{E}}",1461343,241656],"K_490\/30.1.2":["{{E}}",1702999,1465430],"K_490\/30.1.3":["{{E}}",3168429,1955452],"K_490\/30.1.4":["{{E}}",5123881,50742],"K_490\/30.2.0":["{{E}}",5174623,878877],"K_490\/30.2.1":["{{E}}",6053500,1169586],"K_490\/30.2.2":["{{E}}",7223086,44191],"K_490\/30.2.3":["{{E}}",7267277,1236743],"K_490\/30.2.4":["{{E}}",8504020,355628],"K_490\/30.3.0":["{{E}}",8859648,251062],"K_490\/30.3.1":["{{E}}",9110710,3079478],"K_490\/30.3.2":["{{E}}",12190188,1916106],"K_490\/30.3.3":["{{E}}",14106294,1871824],"K_490\/30.3.4":["{{E}}",15978118,906392],"K_490\/30.4.0":["{{E}}",16884510,46827],"K_490\/30.4.1":["{{E}}",16931337,640218],"K_490\/30.4.2":["{{E}}",17571555,485779],"K_490\/30.4.3":["{{E}}",18057334,591302],"K_490\/30.4.4":["{{E}}",18648636,1184303]}}