{"version":1,"templates":{"a":"s3:\/\/imos-data\/IMOS\/SRS\/OC\/gridded\/aqua\/P1D\/2013\/06\/A.P1D.20130601T053000Z.aust.K_490.nc","b":"s3:\/\/imos-data\/IMOS\/SRS\/OC\/gridded\/aqua\/P1D\/2013\/06\/A.P1D.20130602T053000Z.aust.K_490.nc","c":"s3:\/\/imos-data\/IMOS\/SRS\/OC\/gridded\/aqua\/P1D\/2013\/06\/A.P1D.20130603T053000Z.aust.K_490.nc","d":"s3:\/\/imos-data\/IMOS\/SRS\/OC\/gridded\/aqua\/P1D\/2013\/06\/A.P1D.20130604T053000Z.aust.K_490.nc","e":"s3:\/\/imos-data\/IMOS\/SRS\/OC\/gridded\/aqua\/P1D\/2013\/06\/A.P1D.20130605T053000Z.aust.K_490.nc","f":"s3:\/\/imos-data\/IMOS\/SRS\/OC\/gridded\/aqua\/P1D\/2013\/06\/A.P1D.20130606T053000Z.aust.K_490.nc","g":"s3:\/\/imos-data\/IMOS\/SRS\/OC\/gridded\/aqua\/P1D\/2013\/06\/A.P1D.20130607T053000Z.aust.K_490.nc","h":"s3:\/\/imos-data\/IMOS\/SRS\/OC\/gridded\/aqua\/P1D\/2013\/06\/A.P1D.20130608T053000Z.aust.K_490.nc","i":"s3:\/\/imos-data\/IMOS\/SRS\/OC\/gridded\/aqua\/P1D\/2013\/06\/A.P1D.20130609T053000Z.aust.K_490.nc","j":"s3:\/\/imos-data\/IMOS\/SRS\/OC\/gridded\/aqua\/P1D\/2013\/06\/A.P1D.20130610T053000Z.aust.K_490.nc","k":"s3:\/\/imos-data\/IMOS\/SRS\/OC\/gridded\/aqua\/P1D\/2013\/06\/A.P1D.20130611T053000Z.aust.K_490.nc","l":"s3:\/\/imos-data\/IMOS\/SRS\/OC\/gridded\/aqua\/P1D\/2013\/06\/A.P1D.20130612T053000Z.aust.K_490.nc","m":"s3:\/\/imos-data\/IMOS\/SRS\/OC\/gridded\/aqua\/P1D\/2013\/06\/A.P1D.20130613T053000Z.aust.K_490.nc","n":"s3:\/\/imos-data\/IMOS\/SRS\/OC\/gridded\/aqua\/P1D\/2013\/06\/A.P1D.20130614T053000Z.aust.K_490.nc","o":"s3:\/\/imos-data\/IMOS\/SRS\/OC\/gridded\/aqua\/P1D\/2013\/06\/A.P1D.20130615T053000Z.aust.K_490.nc","p":"s3:\/\/imos-data\/IMOS\/SRS\/OC\/gridded\/aqua\/P1D\/2013\/06\/A.P1D.20130616T053000Z.aust.K_490.nc","q":"s3:\/\/imos-data\/IMOS\/SRS\/OC\/gridded\/aqua\/P1D\/2013\/06\/A.P1D.20130617T053000Z.aust.K_490.nc","r":"s3:\/\/imos-data\/IMOS\/SRS\/OC\/gridded\/aqua\/P1D\/2013\/06\/A.P1D.20130618T053000Z.aust.K_490.nc","s":"s3:\/\/imos-data\/IMOS\/SRS\/OC\/gridded\/aqua\/P1D\/2013\/06\/A.P1D.20130619T053000Z.aust.K_490.nc","t":"s3:\/\/imos-data\/IMOS\/SRS\/OC\/gridded\/aqua\/P1D\/2013\/06\/A.P1D.20130620T053000Z.aust.K_490.nc","u":"s3:\/\/imos-data\/IMOS\/SRS\/OC\/gridded\/aqua\/P1D\/2013\/06\/A.P1D.20130621T053000Z.aust.K_490.nc","v":"s3:\/\/imos-data\/IMOS\/SRS\/OC\/gridded\/aqua\/P1D\/2013\/06\/A.P1D.20130622T053000Z.aust.K_490.nc","w":"s3:\/\/imos-data\/IMOS\/SRS\/OC\/gridded\/aqua\/P1D\/2013\/06\/A.P1D.20130623T053000Z.aust.K_490.nc","x":"s3:\/\/imos-data\/IMOS\/SRS\/OC\/gridded\/aqua\/P1D\/2013\/06\/A.P1D.20130624T053000Z.aust.K_490.nc","y":"s3:\/\/imos-data\/IMOS\/SRS\/OC\/gridded\/aqua\/P1D\/2013\/06\/A.P1D.20130625T053000Z.aust.K_490.nc","z":"s3:\/\/imos-data\/IMOS\/SRS\/OC\/gridded\/aqua\/P1D\/2013\/06\/A.P1D.20130626T053000Z.aust.K_490.nc","A":"s3:\/\/imos-data\/IMOS\/SRS\/OC\/gridded\/aqua\/P1D\/2013\/06\/A.P1D.20130627T053000Z.aust.K_490.nc","B":"s3:\/\/imos-data\/IMOS\/SRS\/OC\/gridded\/aqua\/P1D\/2013\/06\/A.P1D.20130628T053000Z.aust.K_490.nc","C":"s3:\/\/imos-data\/IMOS\/SRS\/OC\/gridded\/aqua\/P1D\/2013\/06\/A.P1D.20130629T053000Z.aust.K_490.nc","D":"s3:\/\/imos-data\/IMOS\/SRS\/OC\/gridded\/aqua\/P1D\/2013\/06\/A.P1D.20130630T053000Z.aust.K_490.nc"},"refs":{".zgroup":"{\"zarr_format\":2}",".zattrs":"{\"Conventions\":\"CF-1.6\",\"_NCProperties\":\"version=1|netcdflibversion=4.6.1|hdf5libversion=1.10.4\",\"_nc3_strict\":1,\"history\":\"File initialised at 2020-08-06T06:58:27.919482\\nInitialised var K_490 at 2020-08-06T06:59:14.614667\\nAdd Granule A20130601_0310.20190920120329.L2OC_BASE.K_490.nc at 2020-08-06T06:59:15.536728\\nAdd Granule A20130601_0315.20190920121436.L2OC_BASE.K_490.nc at 2020-08-06T06:59:15.744017\\nAdd Granule A20130601_0320.20190920113820.L2OC_BASE.K_490.nc at 2020-08-06T06:59:15.995186\\nAdd Granule A20130601_0325.20190920111714.L2OC_BASE.K_490.nc at 2020-08-06T06:59:16.155662\\nAdd Granule A20130601_0445.20190920115535.L2OC_BASE.K_490.nc at 2020-08-06T06:59:16.317923\\nAdd Granule A20130601_0450.20190920114549.L2OC_BASE.K_490.nc at 2020-08-06T06:59:16.526046\\nAdd Granule A20130601_0455.20190920120007.L2OC_BASE.K_490.nc at 2020-08-06T06:59:16.717119\\nAdd Granule A20130601_0500.20190920112430.L2OC_BASE.K_490.nc at 2020-08-06T06:59:16.887805\\nAdd Granule A20130601_0625.20190920115114.L2OC_BASE.K_490.nc at 2020-08-06T06:59:17.119425\\nAdd Granule A20130601_0630.20190920111236.L2OC_BASE.K_490.nc at 2020-08-06T06:59:17.333517\\nAdd Granule A20130601_0635.20190920113130.L2OC_BASE.K_490.nc at 2020-08-06T06:59:17.514632\\nAdd Granule A20130601_0640.20190920120803.L2OC_BASE.K_490.nc at 2020-08-06T06:59:17.696725\",\"source_path\":\"imos-srs\\\/archive\\\/oc\\\/aqua\\\/1d\\\/v201909\\\/2013\\\/06\\\/A20130601.L2OC_BASE.aust.K_490.nc\"}","K_490\/.zarray":"{\"chunks\":[1,1401,2001],\"compressor\":{\"id\":\"zlib\",\"level\":4},\"dtype\":\"<f4\",\"fill_value\":-999.0,\"filters\":[{\"elementsize\":4,\"id\":\"shuffle\"}],\"order\":\"C\",\"shape\":[30,7001,10001],\"zarr_format\":2}","K_490\/.zattrs":"{\"_ARRAY_DIMENSIONS\":[\"time\",\"latitude\",\"longitude\"],\"flag_applied\":\"HISATZEN LAND CLDICE NAVFAIL\",\"long_name\":\"Diffuse attenuation coefficient at 490 nm (OBPG)\",\"units\":\"m^-1\"}","latitude\/.zarray":"{\n    \"chunks\": [\n        7001\n    ],\n    \"compressor\": null,\n    \"dtype\": \"<f8\",\n    \"fill_value\": 9.969209968386869e+36,\n    \"filters\": null,\n    \"order\": \"C\",\n    \"shape\": [\n        7001\n    ],\n    \"zarr_format\": 2\n}","latitude\/.zattrs":"{\n    \"NAME\": \"latitude\",\n    \"_ARRAY_DIMENSIONS\": [\n        \"latitude\"\n    ],\n    \"_Netcdf4Dimid\": 1,\n    \"axis\": \"Y\",\n    \"long_name\": \"latitude\",\n    \"standard_name\": \"latitude\",\n    \"units\": \"degrees_north\"\n}","latitude\/0":["{{a}}",2392,56008],"longitude\/.zarray":"{\n    \"chunks\": [\n        10001\n    ],\n    \"compressor\": null,\n    \"dtype\": \"<f8\",\n    \"fill_value\": 9.969209968386869e+36,\n    \"filters\": null,\n    \"order\": \"C\",\n    \"shape\": [\n        10001\n    ],\n    \"zarr_format\": 2\n}","longitude\/.zattrs":"{\n    \"NAME\": \"longitude\",\n    \"_ARRAY_DIMENSIONS\": [\n        \"longitude\"\n    ],\n    \"_Netcdf4Dimid\": 2,\n    \"axis\": \"X\",\n    \"long_name\": \"longitude\",\n    \"standard_name\": \"longitude\",\n    \"units\": \"degrees_east\"\n}","longitude\/0":["{{a}}",58400,80008],"time\/.zarray":"{\"chunks\":[30],\"compressor\":{\"blocksize\":0,\"clevel\":5,\"cname\":\"lz4\",\"id\":\"blosc\",\"shuffle\":1},\"dtype\":\"<M8[us]\",\"fill_value\":0,\"filters\":null,\"order\":\"C\",\"shape\":[30],\"zarr_format\":2}","time\/0":"base64:AgExCPAAAADwAAAAqwAAABQAAACTAAAAHwABAAr6AWbGJobmRqYGZsYmhuZGpgYQAPNQzaR8UyoC2bGIXzcO5b2UbEMa8smgeE8n\/tWthFszBSNBX32buNb0EjBOa4mnxeMBHjxaeJa00e8NK0lnESU5TWF1iZ2xxtruAhYqPlJne4+jt8vf8wccMERY3t7e3t4FABjfAQAQ4AEAHwQBAAoP0QAGUAAAAAAA","time\/.zattrs":"{\"NAME\":\"time\",\"_ARRAY_DIMENSIONS\":[\"time\"],\"_Netcdf4Dimid\":0,\"axis\":\"T\",\"long_name\":\"time\",\"standard_name\":\"time\"}","K_490\/0.0.0":["{{a}}",151229,749616],"K_490\/0.0.1":["{{a}}",900845,834756],"K_490\/0.0.2":["{{a}}",1735601,422675],"K_490\/0.0.3":["{{a}}",2158276,2054519],"K_490\/0.0.4":["{{a}}",4212795,16398],"K_490\/0.1.0":["{{a}}",4229193,424214],"K_490\/0.1.1":["{{a}}",4653407,896424],"K_490\/0.1.2":["{{a}}",5549831,2274921],"K_490\/0.1.3":["{{a}}",7824752,1715320],"K_490\/0.1.4":["{{a}}",9540072,540018],"K_490\/0.2.0":["{{a}}",10080090,174091],"K_490\/0.2.1":["{{a}}",10254181,2267448],"K_490\/0.2.2":["{{a}}",12521629,21328],"K_490\/0.2.3":["{{a}}",12542957,1608231],"K_490\/0.2.4":["{{a}}",14151188,1289564],"K_490\/0.3.0":["{{a}}",15440752,10921],"K_490\/0.3.1":["{{a}}",15451673,420626],"K_490\/0.3.2":["{{a}}",15872299,797960],"K_490\/0.3.3":["{{a}}",16670259,723411],"K_490\/0.3.4":["{{a}}",17393670,1530311],"K_490\/0.4.0":["{{a}}",18923981,10921],"K_490\/0.4.1":["{{a}}",18934902,13077],"K_490\/0.4.2":["{{a}}",18947979,157924],"K_490\/0.4.3":["{{a}}",19105903,507711],"K_490\/0.4.4":["{{a}}",19613614,62634],"K_490\/1.0.0":["{{b}}",151229,10921],"K_490\/1.0.1":["{{b}}",162150,1389098],"K_490\/1.0.2":["{{b}}",1551248,714570],"K_490\/1.0.3":["{{b}}",2265818,506675],"K_490\/1.0.4":["{{b}}",2772493,2768488],"K_490\/1.1.0":["{{b}}",5540981,1376934],"K_490\/1.1.1":["{{b}}",6917915,1052253],"K_490\/1.1.2":["{{b}}",7970168,2234707],"K_490\/1.1.3":["{{b}}",10204875,1615729],"K_490\/1.1.4":["{{b}}",11820604,2650416],"K_490\/1.2.0":["{{b}}",14471020,2658748],"K_490\/1.2.1":["{{b}}",17129768,1394602],"K_490\/1.2.2":["{{b}}",18524370,39415],"K_490\/1.2.3":["{{b}}",18563785,775529],"K_490\/1.2.4":["{{b}}",19339314,3144899],"K_490\/1.3.0":["{{b}}",22484213,790617],"K_490\/1.3.1":["{{b}}",23274830,1607671],"K_490\/1.3.2":["{{b}}",24882501,713321],"K_490\/1.3.3":["{{b}}",25595822,1610925],"K_490\/1.3.4":["{{b}}",27206747,626099],"K_490\/1.4.0":["{{b}}",27832846,119372],"K_490\/1.4.1":["{{b}}",27952218,142821],"K_490\/1.4.2":["{{b}}",28095039,40258],"K_490\/1.4.3":["{{b}}",28135297,578893],"K_490\/1.4.4":["{{b}}",28714190,249528],"K_490\/2.0.0":["{{c}}",151229,82545],"K_490\/2.0.1":["{{c}}",233774,1428362],"K_490\/2.0.2":["{{c}}",1662136,1808836],"K_490\/2.0.3":["{{c}}",3470972,372139],"K_490\/2.0.4":["{{c}}",3843111,251316],"K_490\/2.1.0":["{{c}}",4094427,59736],"K_490\/2.1.1":["{{c}}",4154163,1286837],"K_490\/2.1.2":["{{c}}",5441000,2233182],"K_490\/2.1.3":["{{c}}",7674182,1364661],"K_490\/2.1.4":["{{c}}",9038843,1150794],"K_490\/2.2.0":["{{c}}",10189637,3046889],"K_490\/2.2.1":["{{c}}",13236526,2718880],"K_490\/2.2.2":["{{c}}",15955406,12410],"K_490\/2.2.3":["{{c}}",15967816,742710],"K_490\/2.2.4":["{{c}}",16710526,1499687],"K_490\/2.3.0":["{{c}}",18210213,1150304],"K_490\/2.3.1":["{{c}}",19360517,631275],"K_490\/2.3.2":["{{c}}",19991792,665459],"K_490\/2.3.3":["{{c}}",20657251,800223],"K_490\/2.3.4":["{{c}}",21457474,422975],"K_490\/2.4.0":["{{c}}",21880449,105772],"K_490\/2.4.1":["{{c}}",21986221,288663],"K_490\/2.4.2":["{{c}}",22274884,11880],"K_490\/2.4.3":["{{c}}",22286764,273002],"K_490\/2.4.4":["{{c}}",22559766,1139810],"K_490\/3.0.0":["{{d}}",151229,113912],"K_490\/3.0.1":["{{d}}",265141,660517],"K_490\/3.0.2":["{{d}}",925658,1466781],"K_490\/3.0.3":["{{d}}",2392439,596475],"K_490\/3.0.4":["{{d}}",2988914,1486065],"K_490\/3.1.0":["{{d}}",4474979,1374632],"K_490\/3.1.1":["{{d}}",5849611,1266220],"K_490\/3.1.2":["{{d}}",7115831,1466483],"K_490\/3.1.3":["{{d}}",8582314,982032],"K_490\/3.1.4":["{{d}}",9564346,3390921],"K_490\/3.2.0":["{{d}}",12955267,1477563],"K_490\/3.2.1":["{{d}}",14432830,1301820],"K_490\/3.2.2":["{{d}}",15734650,11020],"K_490\/3.2.3":["{{d}}",15745670,1516506],"K_490\/3.2.4":["{{d}}",17262176,1652510],"K_490\/3.3.0":["{{d}}",18914686,293077],"K_490\/3.3.1":["{{d}}",19207763,889758],"K_490\/3.3.2":["{{d}}",20097521,409330],"K_490\/3.3.3":["{{d}}",20506851,1679451],"K_490\/3.3.4":["{{d}}",22186302,337785],"K_490\/3.4.0":["{{d}}",22524087,41316],"K_490\/3.4.1":["{{d}}",22565403,563688],"K_490\/3.4.2":["{{d}}",23129091,225256],"K_490\/3.4.3":["{{d}}",23354347,212761],"K_490\/3.4.4":["{{d}}",23567108,495518],"K_490\/4.0.0":["{{e}}",151229,10921],"K_490\/4.0.1":["{{e}}",162150,400427],"K_490\/4.0.2":["{{e}}",562577,1407763],"K_490\/4.0.3":["{{e}}",1970340,1797074],"K_490\/4.0.4":["{{e}}",3767414,924724],"K_490\/4.1.0":["{{e}}",4692138,1689173],"K_490\/4.1.1":["{{e}}",6381311,2252244],"K_490\/4.1.2":["{{e}}",8633555,1270230],"K_490\/4.1.3":["{{e}}",9903785,877535],"K_490\/4.1.4":["{{e}}",10781320,1105964],"K_490\/4.2.0":["{{e}}",11887284,2816360],"K_490\/4.2.1":["{{e}}",14703644,1746683],"K_490\/4.2.2":["{{e}}",16450327,12514],"K_490\/4.2.3":["{{e}}",16462841,493702],"K_490\/4.2.4":["{{e}}",16956543,2710255],"K_490\/4.3.0":["{{e}}",19666798,255054],"K_490\/4.3.1":["{{e}}",19921852,505329],"K_490\/4.3.2":["{{e}}",20427181,1171645],"K_490\/4.3.3":["{{e}}",21598826,400691],"K_490\/4.3.4":["{{e}}",21999517,1915473],"K_490\/4.4.0":["{{e}}",23914990,176271],"K_490\/4.4.1":["{{e}}",24091261,666694],"K_490\/4.4.2":["{{e}}",24757955,172246],"K_490\/4.4.3":["{{e}}",24930201,47398],"K_490\/4.4.4":["{{e}}",24977599,871932],"K_490\/5.0.0":["{{f}}",151229,1293886],"K_490\/5.0.1":["{{f}}",1445115,753871],"K_490\/5.0.2":["{{f}}",2198986,1433447],"K_490\/5.0.3":["{{f}}",3632433,1508095],"K_490\/5.0.4":["{{f}}",5140528,10921],"K_490\/5.1.0":["{{f}}",5151449,1031472],"K_490\/5.1.1":["{{f}}",6182921,1423537],"K_490\/5.1.2":["{{f}}",7606458,1212863],"K_490\/5.1.3":["{{f}}",8819321,1123665],"K_490\/5.1.4":["{{f}}",9942986,16308],"K_490\/5.2.0":["{{f}}",9959294,718287],"K_490\/5.2.1":["{{f}}",10677581,1845493],"K_490\/5.2.2":["{{f}}",12523074,55764],"K_490\/5.2.3":["{{f}}",12578838,1449769],"K_490\/5.2.4":["{{f}}",14028607,343942],"K_490\/5.3.0":["{{f}}",14372549,16945],"K_490\/5.3.1":["{{f}}",14389494,641611],"K_490\/5.3.2":["{{f}}",15031105,2410391],"K_490\/5.3.3":["{{f}}",17441496,747210],"K_490\/5.3.4":["{{f}}",18188706,504865],"K_490\/5.4.0":["{{f}}",18693571,11908],"K_490\/5.4.1":["{{f}}",18705479,598881],"K_490\/5.4.2":["{{f}}",19304360,764785],"K_490\/5.4.3":["{{f}}",20069145,203723],"K_490\/5.4.4":["{{f}}",20272868,146276],"K_490\/6.0.0":["{{g}}",151229,10921],"K_490\/6.0.1":["{{g}}",162150,1475359],"K_490\/6.0.2":["{{g}}",1637509,1213050],"K_490\/6.0.3":["{{g}}",2850559,974401],"K_490\/6.0.4":["{{g}}",3824960,1806231],"K_490\/6.1.0":["{{g}}",5631191,10921],"K_490\/6.1.1":["{{g}}",5642112,852763],"K_490\/6.1.2":["{{g}}",6494875,837460],"K_490\/6.1.3":["{{g}}",7332335,837439],"K_490\/6.1.4":["{{g}}",8169774,929475],"K_490\/6.2.0":["{{g}}",9099249,10921],"K_490\/6.2.1":["{{g}}",9110170,1718099],"K_490\/6.2.2":["{{g}}",10828269,20988],"K_490\/6.2.3":["{{g}}",10849257,566968],"K_490\/6.2.4":["{{g}}",11416225,1665242],"K_490\/6.3.0":["{{g}}",13081467,86019],"K_490\/6.3.1":["{{g}}",13167486,258796],"K_490\/6.3.2":["{{g}}",13426282,1791832],"K_490\/6.3.3":["{{g}}",15218114,1647229],"K_490\/6.3.4":["{{g}}",16865343,1453909],"K_490\/6.4.0":["{{g}}",18319252,433021],"K_490\/6.4.1":["{{g}}",18752273,300247],"K_490\/6.4.2":["{{g}}",19052520,104501],"K_490\/6.4.3":["{{g}}",19157021,1121405],"K_490\/6.4.4":["{{g}}",20278426,509057],"K_490\/7.0.0":["{{h}}",151229,429423],"K_490\/7.0.1":["{{h}}",580652,278236],"K_490\/7.0.2":["{{h}}",858888,1300469],"K_490\/7.0.3":["{{h}}",2159357,2134217],"K_490\/7.0.4":["{{h}}",4293574,24576],"K_490\/7.1.0":["{{h}}",4318150,866637],"K_490\/7.1.1":["{{h}}",5184787,1813723],"K_490\/7.1.2":["{{h}}",6998510,2027517],"K_490\/7.1.3":["{{h}}",9026027,1203583],"K_490\/7.1.4":["{{h}}",10229610,58739],"K_490\/7.2.0":["{{h}}",10288349,418826],"K_490\/7.2.1":["{{h}}",10707175,3602129],"K_490\/7.2.2":["{{h}}",14309304,81079],"K_490\/7.2.3":["{{h}}",14390383,1282945],"K_490\/7.2.4":["{{h}}",15673328,510050],"K_490\/7.3.0":["{{h}}",16183378,77124],"K_490\/7.3.1":["{{h}}",16260502,1148016],"K_490\/7.3.2":["{{h}}",17408518,375468],"K_490\/7.3.3":["{{h}}",17783986,2549186],"K_490\/7.3.4":["{{h}}",20333172,1616959],"K_490\/7.4.0":["{{h}}",21950131,10921],"K_490\/7.4.1":["{{h}}",21961052,214890],"K_490\/7.4.2":["{{h}}",22175942,591206],"K_490\/7.4.3":["{{h}}",22767148,430387],"K_490\/7.4.4":["{{h}}",23197535,899757],"K_490\/8.0.0":["{{i}}",151229,10921],"K_490\/8.0.1":["{{i}}",162150,188083],"K_490\/8.0.2":["{{i}}",350233,617438],"K_490\/8.0.3":["{{i}}",967671,972474],"K_490\/8.0.4":["{{i}}",1940145,1718219],"K_490\/8.1.0":["{{i}}",3658364,1268222],"K_490\/8.1.1":["{{i}}",4926586,453608],"K_490\/8.1.2":["{{i}}",5380194,1550081],"K_490\/8.1.3":["{{i}}",6930275,820889],"K_490\/8.1.4":["{{i}}",7751164,1810355],"K_490\/8.2.0":["{{i}}",9561519,2979538],"K_490\/8.2.1":["{{i}}",12541057,2279437],"K_490\/8.2.2":["{{i}}",14820494,136577],"K_490\/8.2.3":["{{i}}",14957071,448554],"K_490\/8.2.4":["{{i}}",15405625,2889084],"K_490\/8.3.0":["{{i}}",18294709,1679709],"K_490\/8.3.1":["{{i}}",19974418,1708935],"K_490\/8.3.2":["{{i}}",21683353,1522414],"K_490\/8.3.3":["{{i}}",23205767,935136],"K_490\/8.3.4":["{{i}}",24140903,1476578],"K_490\/8.4.0":["{{i}}",25617481,34018],"K_490\/8.4.1":["{{i}}",25651499,83404],"K_490\/8.4.2":["{{i}}",25734903,985055],"K_490\/8.4.3":["{{i}}",26719958,702029],"K_490\/8.4.4":["{{i}}",27421987,15991],"K_490\/9.0.0":["{{j}}",151229,18023],"K_490\/9.0.1":["{{j}}",169252,579311],"K_490\/9.0.2":["{{j}}",748563,1287529],"K_490\/9.0.3":["{{j}}",2036092,599327],"K_490\/9.0.4":["{{j}}",2635419,241382],"K_490\/9.1.0":["{{j}}",2876801,155437],"K_490\/9.1.1":["{{j}}",3032238,2159327],"K_490\/9.1.2":["{{j}}",5191565,1072218],"K_490\/9.1.3":["{{j}}",6263783,1257355],"K_490\/9.1.4":["{{j}}",7521138,424727],"K_490\/9.2.0":["{{j}}",7945865,36700],"K_490\/9.2.1":["{{j}}",7982565,2627674],"K_490\/9.2.2":["{{j}}",10610239,34870],"K_490\/9.2.3":["{{j}}",10645109,1460653],"K_490\/9.2.4":["{{j}}",12105762,1608353],"K_490\/9.3.0":["{{j}}",13714115,63601],"K_490\/9.3.1":["{{j}}",13777716,1945012],"K_490\/9.3.2":["{{j}}",15722728,1210533],"K_490\/9.3.3":["{{j}}",16933261,1236273],"K_490\/9.3.4":["{{j}}",18169534,2150803],"K_490\/9.4.0":["{{j}}",20320337,388691],"K_490\/9.4.1":["{{j}}",20709028,83928],"K_490\/9.4.2":["{{j}}",20792956,511203],"K_490\/9.4.3":["{{j}}",21304159,480501],"K_490\/9.4.4":["{{j}}",21784660,93803],"K_490\/10.0.0":["{{k}}",151229,70388],"K_490\/10.0.1":["{{k}}",221617,333429],"K_490\/10.0.2":["{{k}}",555046,500661],"K_490\/10.0.3":["{{k}}",1055707,1053921],"K_490\/10.0.4":["{{k}}",2109628,1235330],"K_490\/10.1.0":["{{k}}",3344958,1014024],"K_490\/10.1.1":["{{k}}",4358982,1458970],"K_490\/10.1.2":["{{k}}",5817952,2161025],"K_490\/10.1.3":["{{k}}",7978977,883956],"K_490\/10.1.4":["{{k}}",8862933,1379806],"K_490\/10.2.0":["{{k}}",10242739,2532705],"K_490\/10.2.1":["{{k}}",12775444,1893021],"K_490\/10.2.2":["{{k}}",14668465,109678],"K_490\/10.2.3":["{{k}}",14778143,1573002],"K_490\/10.2.4":["{{k}}",16351145,3725258],"K_490\/10.3.0":["{{k}}",20076403,307535],"K_490\/10.3.1":["{{k}}",20383938,1672631],"K_490\/10.3.2":["{{k}}",22056569,650727],"K_490\/10.3.3":["{{k}}",22707296,2027609],"K_490\/10.3.4":["{{k}}",24734905,750185],"K_490\/10.4.0":["{{k}}",25485090,172799],"K_490\/10.4.1":["{{k}}",25657889,141868],"K_490\/10.4.2":["{{k}}",25799757,297541],"K_490\/10.4.3":["{{k}}",26097298,354656],"K_490\/10.4.4":["{{k}}",26451954,92975],"K_490\/11.0.0":["{{l}}",151229,13458],"K_490\/11.0.1":["{{l}}",164687,37120],"K_490\/11.0.2":["{{l}}",201807,1868821],"K_490\/11.0.3":["{{l}}",2070628,1192887],"K_490\/11.0.4":["{{l}}",3263515,464431],"K_490\/11.1.0":["{{l}}",3727946,901094],"K_490\/11.1.1":["{{l}}",4629040,2337447],"K_490\/11.1.2":["{{l}}",6966487,2316086],"K_490\/11.1.3":["{{l}}",9282573,942524],"K_490\/11.1.4":["{{l}}",10225097,749469],"K_490\/11.2.0":["{{l}}",10974566,4171690],"K_490\/11.2.1":["{{l}}",15146256,2821009],"K_490\/11.2.2":["{{l}}",17967265,76548],"K_490\/11.2.3":["{{l}}",18043813,1126471],"K_490\/11.2.4":["{{l}}",19170284,3092794],"K_490\/11.3.0":["{{l}}",22263078,2163584],"K_490\/11.3.1":["{{l}}",24426662,1926060],"K_490\/11.3.2":["{{l}}",26352722,349922],"K_490\/11.3.3":["{{l}}",26702644,701668],"K_490\/11.3.4":["{{l}}",27404312,2394566],"K_490\/11.4.0":["{{l}}",29798878,263110],"K_490\/11.4.1":["{{l}}",30061988,1034672],"K_490\/11.4.2":["{{l}}",31096660,103059],"K_490\/11.4.3":["{{l}}",31199719,227964],"K_490\/11.4.4":["{{l}}",31427683,536157],"K_490\/12.0.0":["{{m}}",151229,526596],"K_490\/12.0.1":["{{m}}",677825,94970],"K_490\/12.0.2":["{{m}}",772795,695449],"K_490\/12.0.3":["{{m}}",1468244,1857282],"K_490\/12.0.4":["{{m}}",3325526,2815262],"K_490\/12.1.0":["{{m}}",6140788,1278865],"K_490\/12.1.1":["{{m}}",7419653,1262519],"K_490\/12.1.2":["{{m}}",8682172,2372585],"K_490\/12.1.3":["{{m}}",11054757,2024025],"K_490\/12.1.4":["{{m}}",13078782,3221108],"K_490\/12.2.0":["{{m}}",16299890,1360589],"K_490\/12.2.1":["{{m}}",17660479,2071857],"K_490\/12.2.2":["{{m}}",19732336,114553],"K_490\/12.2.3":["{{m}}",19846889,1283581],"K_490\/12.2.4":["{{m}}",21130470,1327000],"K_490\/12.3.0":["{{m}}",22457470,102976],"K_490\/12.3.1":["{{m}}",22560446,1420473],"K_490\/12.3.2":["{{m}}",23980919,1067273],"K_490\/12.3.3":["{{m}}",25048192,755381],"K_490\/12.3.4":["{{m}}",25803573,273566],"K_490\/12.4.0":["{{m}}",26077139,13660],"K_490\/12.4.1":["{{m}}",26090799,140894],"K_490\/12.4.2":["{{m}}",26231693,584479],"K_490\/12.4.3":["{{m}}",26816172,522075],"K_490\/12.4.4":["{{m}}",27338247,366426],"K_490\/13.0.0":["{{n}}",151229,10921],"K_490\/13.0.1":["{{n}}",162150,183504],"K_490\/13.0.2":["{{n}}",345654,261308],"K_490\/13.0.3":["{{n}}",606962,347030],"K_490\/13.0.4":["{{n}}",953992,1003996],"K_490\/13.1.0":["{{n}}",1957988,1791764],"K_490\/13.1.1":["{{n}}",3749752,2622399],"K_490\/13.1.2":["{{n}}",6372151,1371896],"K_490\/13.1.3":["{{n}}",7744047,1360482],"K_490\/13.1.4":["{{n}}",9104529,1429327],"K_490\/13.2.0":["{{n}}",10533856,2793593],"K_490\/13.2.1":["{{n}}",13327449,1621125],"K_490\/13.2.2":["{{n}}",14948574,95914],"K_490\/13.2.3":["{{n}}",15044488,437319],"K_490\/13.2.4":["{{n}}",15481807,1708657],"K_490\/13.3.0":["{{n}}",17190464,654521],"K_490\/13.3.1":["{{n}}",17844985,1361383],"K_490\/13.3.2":["{{n}}",19206368,1333503],"K_490\/13.3.3":["{{n}}",20539871,781973],"K_490\/13.3.4":["{{n}}",21321844,766564],"K_490\/13.4.0":["{{n}}",22088408,364291],"K_490\/13.4.1":["{{n}}",22452699,127745],"K_490\/13.4.2":["{{n}}",22580444,156101],"K_490\/13.4.3":["{{n}}",22736545,348344],"K_490\/13.4.4":["{{n}}",23084889,441227],"K_490\/14.0.0":["{{o}}",151229,361989],"K_490\/14.0.1":["{{o}}",513218,369613],"K_490\/14.0.2":["{{o}}",882831,239858],"K_490\/14.0.3":["{{o}}",1122689,899677],"K_490\/14.0.4":["{{o}}",2022366,10921],"K_490\/14.1.0":["{{o}}",2033287,413566],"K_490\/14.1.1":["{{o}}",2446853,892086],"K_490\/14.1.2":["{{o}}",3338939,1572416],"K_490\/14.1.3":["{{o}}",4911355,1917067],"K_490\/14.1.4":["{{o}}",6828422,186696],"K_490\/14.2.0":["{{o}}",7015118,505042],"K_490\/14.2.1":["{{o}}",7520160,3365332],"K_490\/14.2.2":["{{o}}",10885492,28867],"K_490\/14.2.3":["{{o}}",10914359,2179467],"K_490\/14.2.4":["{{o}}",13093826,357207],"K_490\/14.3.0":["{{o}}",13451033,173259],"K_490\/14.3.1":["{{o}}",13624292,2406130],"K_490\/14.3.2":["{{o}}",16030422,1209329],"K_490\/14.3.3":["{{o}}",17239751,711616],"K_490\/14.3.4":["{{o}}",17951367,727829],"K_490\/14.4.0":["{{o}}",18679196,17707],"K_490\/14.4.1":["{{o}}",18696903,341866],"K_490\/14.4.2":["{{o}}",19038769,215243],"K_490\/14.4.3":["{{o}}",19254012,71936],"K_490\/14.4.4":["{{o}}",19325948,167373],"K_490\/15.0.0":["{{p}}",151229,10921],"K_490\/15.0.1":["{{p}}",162150,1162522],"K_490\/15.0.2":["{{p}}",1324672,246148],"K_490\/15.0.3":["{{p}}",1570820,619267],"K_490\/15.0.4":["{{p}}",2190087,278885],"K_490\/15.1.0":["{{p}}",2468972,57003],"K_490\/15.1.1":["{{p}}",2525975,2340589],"K_490\/15.1.2":["{{p}}",4866564,1679658],"K_490\/15.1.3":["{{p}}",6546222,1180261],"K_490\/15.1.4":["{{p}}",7726483,2488941],"K_490\/15.2.0":["{{p}}",10215424,2712599],"K_490\/15.2.1":["{{p}}",12928023,1797924],"K_490\/15.2.2":["{{p}}",14725947,136698],"K_490\/15.2.3":["{{p}}",14862645,829630],"K_490\/15.2.4":["{{p}}",15692275,2284945],"K_490\/15.3.0":["{{p}}",17977220,1001407],"K_490\/15.3.1":["{{p}}",18978627,1401511],"K_490\/15.3.2":["{{p}}",20380138,2311906],"K_490\/15.3.3":["{{p}}",22692044,476226],"K_490\/15.3.4":["{{p}}",23168270,1221394],"K_490\/15.4.0":["{{p}}",24389664,16068],"K_490\/15.4.1":["{{p}}",24405732,403433],"K_490\/15.4.2":["{{p}}",24809165,172421],"K_490\/15.4.3":["{{p}}",24981586,231520],"K_490\/15.4.4":["{{p}}",25213106,219250],"K_490\/16.0.0":["{{q}}",151229,86294],"K_490\/16.0.1":["{{q}}",237523,133775],"K_490\/16.0.2":["{{q}}",371298,772404],"K_490\/16.0.3":["{{q}}",1143702,973904],"K_490\/16.0.4":["{{q}}",2117606,63613],"K_490\/16.1.0":["{{q}}",2181219,250082],"K_490\/16.1.1":["{{q}}",2431301,608136],"K_490\/16.1.2":["{{q}}",3039437,2609369],"K_490\/16.1.3":["{{q}}",5648806,1468768],"K_490\/16.1.4":["{{q}}",7117574,411130],"K_490\/16.2.0":["{{q}}",7528704,103572],"K_490\/16.2.1":["{{q}}",7632276,1499868],"K_490\/16.2.2":["{{q}}",9132144,54340],"K_490\/16.2.3":["{{q}}",9186484,2302030],"K_490\/16.2.4":["{{q}}",11488514,1145051],"K_490\/16.3.0":["{{q}}",12633565,10921],"K_490\/16.3.1":["{{q}}",12644486,990318],"K_490\/16.3.2":["{{q}}",13634804,2439391],"K_490\/16.3.3":["{{q}}",16074195,800861],"K_490\/16.3.4":["{{q}}",16875056,2060519],"K_490\/16.4.0":["{{q}}",18935575,10921],"K_490\/16.4.1":["{{q}}",18946496,237870],"K_490\/16.4.2":["{{q}}",19184366,246504],"K_490\/16.4.3":["{{q}}",19430870,345279],"K_490\/16.4.4":["{{q}}",19776149,141142],"K_490\/17.0.0":["{{r}}",151229,10921],"K_490\/17.0.1":["{{r}}",162150,287780],"K_490\/17.0.2":["{{r}}",449930,582931],"K_490\/17.0.3":["{{r}}",1032861,847190],"K_490\/17.0.4":["{{r}}",1880051,1392607],"K_490\/17.1.0":["{{r}}",3272658,1514565],"K_490\/17.1.1":["{{r}}",4787223,520398],"K_490\/17.1.2":["{{r}}",5307621,2073531],"K_490\/17.1.3":["{{r}}",7381152,829919],"K_490\/17.1.4":["{{r}}",8211071,2788649],"K_490\/17.2.0":["{{r}}",10999720,2549457],"K_490\/17.2.1":["{{r}}",13549177,1703838],"K_490\/17.2.2":["{{r}}",15253015,32841],"K_490\/17.2.3":["{{r}}",15285856,1718369],"K_490\/17.2.4":["{{r}}",17004225,1457920],"K_490\/17.3.0":["{{r}}",18462145,946902],"K_490\/17.3.1":["{{r}}",19409047,1174544],"K_490\/17.3.2":["{{r}}",20583591,2317825],"K_490\/17.3.3":["{{r}}",22901416,1519305],"K_490\/17.3.4":["{{r}}",24420721,884053],"K_490\/17.4.0":["{{r}}",25304774,237835],"K_490\/17.4.1":["{{r}}",25542609,1167255],"K_490\/17.4.2":["{{r}}",26709864,608534],"K_490\/17.4.3":["{{r}}",27318398,580108],"K_490\/17.4.4":["{{r}}",27898506,48237],"K_490\/18.0.0":["{{s}}",151229,127654],"K_490\/18.0.1":["{{s}}",278883,1499826],"K_490\/18.0.2":["{{s}}",1778709,922015],"K_490\/18.0.3":["{{s}}",2700724,750601],"K_490\/18.0.4":["{{s}}",3451325,233331],"K_490\/18.1.0":["{{s}}",3684656,83467],"K_490\/18.1.1":["{{s}}",3768123,808127],"K_490\/18.1.2":["{{s}}",4576250,934003],"K_490\/18.1.3":["{{s}}",5510253,1112111],"K_490\/18.1.4":["{{s}}",6622364,565112],"K_490\/18.2.0":["{{s}}",7187476,2960647],"K_490\/18.2.1":["{{s}}",10148123,3160056],"K_490\/18.2.2":["{{s}}",13308179,45458],"K_490\/18.2.3":["{{s}}",13353637,2036200],"K_490\/18.2.4":["{{s}}",15389837,2604869],"K_490\/18.3.0":["{{s}}",17994706,879257],"K_490\/18.3.1":["{{s}}",18873963,2028120],"K_490\/18.3.2":["{{s}}",20902083,2035492],"K_490\/18.3.3":["{{s}}",22937575,1490525],"K_490\/18.3.4":["{{s}}",24428100,1228657],"K_490\/18.4.0":["{{s}}",25656757,10921],"K_490\/18.4.1":["{{s}}",25667678,750419],"K_490\/18.4.2":["{{s}}",26418097,318090],"K_490\/18.4.3":["{{s}}",26736187,751170],"K_490\/18.4.4":["{{s}}",27487357,406473],"K_490\/19.0.0":["{{t}}",151229,956514],"K_490\/19.0.1":["{{t}}",1107743,638689],"K_490\/19.0.2":["{{t}}",1746432,1420874],"K_490\/19.0.3":["{{t}}",3167306,1430033],"K_490\/19.0.4":["{{t}}",4597339,600617],"K_490\/19.1.0":["{{t}}",5197956,1078705],"K_490\/19.1.1":["{{t}}",6276661,1185708],"K_490\/19.1.2":["{{t}}",7462369,1341589],"K_490\/19.1.3":["{{t}}",8803958,1403572],"K_490\/19.1.4":["{{t}}",10207530,2972241],"K_490\/19.2.0":["{{t}}",13179771,1174940],"K_490\/19.2.1":["{{t}}",14354711,2744254],"K_490\/19.2.2":["{{t}}",17098965,129934],"K_490\/19.2.3":["{{t}}",17228899,1077347],"K_490\/19.2.4":["{{t}}",18306246,2230543],"K_490\/19.3.0":["{{t}}",20536789,142618],"K_490\/19.3.1":["{{t}}",20679407,1305700],"K_490\/19.3.2":["{{t}}",21985107,1365752],"K_490\/19.3.3":["{{t}}",23350859,1933876],"K_490\/19.3.4":["{{t}}",25284735,368653],"K_490\/19.4.0":["{{t}}",25653388,10921],"K_490\/19.4.1":["{{t}}",25664309,102330],"K_490\/19.4.2":["{{t}}",25766639,248545],"K_490\/19.4.3":["{{t}}",26015184,498023],"K_490\/19.4.4":["{{t}}",26513207,329240],"K_490\/20.0.0":["{{u}}",151229,10921],"K_490\/20.0.1":["{{u}}",162150,618249],"K_490\/20.0.2":["{{u}}",780399,1021705],"K_490\/20.0.3":["{{u}}",1802104,1066067],"K_490\/20.0.4":["{{u}}",2868171,780311],"K_490\/20.1.0":["{{u}}",3648482,1758286],"K_490\/20.1.1":["{{u}}",5406768,1582717],"K_490\/20.1.2":["{{u}}",6989485,1227361],"K_490\/20.1.3":["{{u}}",8216846,1345935],"K_490\/20.1.4":["{{u}}",9562781,825418],"K_490\/20.2.0":["{{u}}",10388199,3083287],"K_490\/20.2.1":["{{u}}",13471486,2654992],"K_490\/20.2.2":["{{u}}",16126478,95856],"K_490\/20.2.3":["{{u}}",16222334,162696],"K_490\/20.2.4":["{{u}}",16385030,1705129],"K_490\/20.3.0":["{{u}}",18090159,1806621],"K_490\/20.3.1":["{{u}}",19896780,1570444],"K_490\/20.3.2":["{{u}}",21467224,1227072],"K_490\/20.3.3":["{{u}}",22694296,1723871],"K_490\/20.3.4":["{{u}}",24418167,2306575],"K_490\/20.4.0":["{{u}}",26724742,713668],"K_490\/20.4.1":["{{u}}",27438410,42225],"K_490\/20.4.2":["{{u}}",27480635,452053],"K_490\/20.4.3":["{{u}}",27932688,714965],"K_490\/20.4.4":["{{u}}",28647653,548589],"K_490\/21.0.0":["{{v}}",151229,716660],"K_490\/21.0.1":["{{v}}",867889,527339],"K_490\/21.0.2":["{{v}}",1395228,1959001],"K_490\/21.0.3":["{{v}}",3354229,1641761],"K_490\/21.0.4":["{{v}}",4995990,10921],"K_490\/21.1.0":["{{v}}",5006911,932500],"K_490\/21.1.1":["{{v}}",5939411,598239],"K_490\/21.1.2":["{{v}}",6537650,1090658],"K_490\/21.1.3":["{{v}}",7628308,915348],"K_490\/21.1.4":["{{v}}",8543656,11897],"K_490\/21.2.0":["{{v}}",8555553,964763],"K_490\/21.2.1":["{{v}}",9520316,2827935],"K_490\/21.2.2":["{{v}}",12348251,114722],"K_490\/21.2.3":["{{v}}",12462973,1682116],"K_490\/21.2.4":["{{v}}",14145089,29512],"K_490\/21.3.0":["{{v}}",14174601,223797],"K_490\/21.3.1":["{{v}}",14398398,3186715],"K_490\/21.3.2":["{{v}}",17585113,3517890],"K_490\/21.3.3":["{{v}}",21103003,3061849],"K_490\/21.3.4":["{{v}}",24164852,988234],"K_490\/21.4.0":["{{v}}",25153086,20659],"K_490\/21.4.1":["{{v}}",25173745,574961],"K_490\/21.4.2":["{{v}}",25748706,111524],"K_490\/21.4.3":["{{v}}",25860230,104350],"K_490\/21.4.4":["{{v}}",25964580,224582],"K_490\/22.0.0":["{{w}}",151229,10921],"K_490\/22.0.1":["{{w}}",162150,853803],"K_490\/22.0.2":["{{w}}",1015953,939003],"K_490\/22.0.3":["{{w}}",1954956,1895735],"K_490\/22.0.4":["{{w}}",3850691,2113178],"K_490\/22.1.0":["{{w}}",5963869,10921],"K_490\/22.1.1":["{{w}}",5974790,2547454],"K_490\/22.1.2":["{{w}}",8522244,2147361],"K_490\/22.1.3":["{{w}}",10669605,1252221],"K_490\/22.1.4":["{{w}}",11921826,1591937],"K_490\/22.2.0":["{{w}}",13513763,10921],"K_490\/22.2.1":["{{w}}",13524684,494153],"K_490\/22.2.2":["{{w}}",14018837,80519],"K_490\/22.2.3":["{{w}}",14099356,765525],"K_490\/22.2.4":["{{w}}",14864881,1870974],"K_490\/22.3.0":["{{w}}",16735855,450435],"K_490\/22.3.1":["{{w}}",17186290,692113],"K_490\/22.3.2":["{{w}}",17878403,4110801],"K_490\/22.3.3":["{{w}}",21989204,1986374],"K_490\/22.3.4":["{{w}}",23975578,2644073],"K_490\/22.4.0":["{{w}}",26619651,352464],"K_490\/22.4.1":["{{w}}",26972115,281892],"K_490\/22.4.2":["{{w}}",27254007,452992],"K_490\/22.4.3":["{{w}}",27706999,248861],"K_490\/22.4.4":["{{w}}",27955860,35050],"K_490\/23.0.0":["{{x}}",151229,500803],"K_490\/23.0.1":["{{x}}",652032,567916],"K_490\/23.0.2":["{{x}}",1219948,1532303],"K_490\/23.0.3":["{{x}}",2752251,2898900],"K_490\/23.0.4":["{{x}}",5651151,31515],"K_490\/23.1.0":["{{x}}",5682666,448027],"K_490\/23.1.1":["{{x}}",6130693,1786162],"K_490\/23.1.2":["{{x}}",7916855,2537483],"K_490\/23.1.3":["{{x}}",10454338,1977898],"K_490\/23.1.4":["{{x}}",12432236,274968],"K_490\/23.2.0":["{{x}}",12707204,375103],"K_490\/23.2.1":["{{x}}",13082307,2168620],"K_490\/23.2.2":["{{x}}",15250927,40197],"K_490\/23.2.3":["{{x}}",15291124,1867323],"K_490\/23.2.4":["{{x}}",17158447,441328],"K_490\/23.3.0":["{{x}}",17599775,17336],"K_490\/23.3.1":["{{x}}",17617111,1202043],"K_490\/23.3.2":["{{x}}",18819154,3636188],"K_490\/23.3.3":["{{x}}",22455342,1291954],"K_490\/23.3.4":["{{x}}",23747296,910383],"K_490\/23.4.0":["{{x}}",24657679,10921],"K_490\/23.4.1":["{{x}}",24668600,862717],"K_490\/23.4.2":["{{x}}",25531317,670792],"K_490\/23.4.3":["{{x}}",26202109,362212],"K_490\/23.4.4":["{{x}}",26564321,222013],"K_490\/24.0.0":["{{y}}",151229,10921],"K_490\/24.0.1":["{{y}}",162150,359069],"K_490\/24.0.2":["{{y}}",521219,1072788],"K_490\/24.0.3":["{{y}}",1594007,2532447],"K_490\/24.0.4":["{{y}}",4126454,3297755],"K_490\/24.1.0":["{{y}}",7424209,1613792],"K_490\/24.1.1":["{{y}}",9038001,2811857],"K_490\/24.1.2":["{{y}}",11849858,2233221],"K_490\/24.1.3":["{{y}}",14083079,1243125],"K_490\/24.1.4":["{{y}}",15326204,579789],"K_490\/24.2.0":["{{y}}",15905993,2863180],"K_490\/24.2.1":["{{y}}",18769173,1835276],"K_490\/24.2.2":["{{y}}",20604449,18508],"K_490\/24.2.3":["{{y}}",20622957,1217949],"K_490\/24.2.4":["{{y}}",21840906,864943],"K_490\/24.3.0":["{{y}}",22705849,1408965],"K_490\/24.3.1":["{{y}}",24114814,1927513],"K_490\/24.3.2":["{{y}}",26042327,2533292],"K_490\/24.3.3":["{{y}}",28575619,1001590],"K_490\/24.3.4":["{{y}}",29577209,1540391],"K_490\/24.4.0":["{{y}}",31117600,168543],"K_490\/24.4.1":["{{y}}",31286143,517265],"K_490\/24.4.2":["{{y}}",31803408,310397],"K_490\/24.4.3":["{{y}}",32113805,798259],"K_490\/24.4.4":["{{y}}",32912064,56238],"K_490\/25.0.0":["{{z}}",151229,27583],"K_490\/25.0.1":["{{z}}",178812,618750],"K_490\/25.0.2":["{{z}}",797562,1751431],"K_490\/25.0.3":["{{z}}",2548993,3491833],"K_490\/25.0.4":["{{z}}",6040826,568805],"K_490\/25.1.0":["{{z}}",6609631,265409],"K_490\/25.1.1":["{{z}}",6875040,2612390],"K_490\/25.1.2":["{{z}}",9487430,2510179],"K_490\/25.1.3":["{{z}}",11997609,2041617],"K_490\/25.1.4":["{{z}}",14039226,264518],"K_490\/25.2.0":["{{z}}",14303744,49114],"K_490\/25.2.1":["{{z}}",14352858,3488066],"K_490\/25.2.2":["{{z}}",17840924,21992],"K_490\/25.2.3":["{{z}}",17862916,2055367],"K_490\/25.2.4":["{{z}}",19918283,962318],"K_490\/25.3.0":["{{z}}",20880601,10921],"K_490\/25.3.1":["{{z}}",20891522,2161200],"K_490\/25.3.2":["{{z}}",23052722,2324765],"K_490\/25.3.3":["{{z}}",25377487,1089135],"K_490\/25.3.4":["{{z}}",26466622,952432],"K_490\/25.4.0":["{{z}}",27419054,10921],"K_490\/25.4.1":["{{z}}",27429975,124297],"K_490\/25.4.2":["{{z}}",27554272,316940],"K_490\/25.4.3":["{{z}}",27871212,1357666],"K_490\/25.4.4":["{{z}}",29228878,632059],"K_490\/26.0.0":["{{A}}",151229,73826],"K_490\/26.0.1":["{{A}}",225055,860416],"K_490\/26.0.2":["{{A}}",1085471,677326],"K_490\/26.0.3":["{{A}}",1762797,2402610],"K_490\/26.0.4":["{{A}}",4165407,2425407],"K_490\/26.1.0":["{{A}}",6590814,1817312],"K_490\/26.1.1":["{{A}}",8408126,2105681],"K_490\/26.1.2":["{{A}}",10513807,2454832],"K_490\/26.1.3":["{{A}}",12968639,2029877],"K_490\/26.1.4":["{{A}}",14998516,3121115],"K_490\/26.2.0":["{{A}}",18119631,2532635],"K_490\/26.2.1":["{{A}}",20652266,2919697],"K_490\/26.2.2":["{{A}}",23571963,71709],"K_490\/26.2.3":["{{A}}",23643672,1200048],"K_490\/26.2.4":["{{A}}",24843720,2333763],"K_490\/26.3.0":["{{A}}",27177483,496323],"K_490\/26.3.1":["{{A}}",27673806,1274423],"K_490\/26.3.2":["{{A}}",28948229,2779564],"K_490\/26.3.3":["{{A}}",31727793,1432316],"K_490\/26.3.4":["{{A}}",33160109,491471],"K_490\/26.4.0":["{{A}}",33651580,137055],"K_490\/26.4.1":["{{A}}",33788635,740029],"K_490\/26.4.2":["{{A}}",34528664,260522],"K_490\/26.4.3":["{{A}}",34789186,1000333],"K_490\/26.4.4":["{{A}}",35789519,269099],"K_490\/27.0.0":["{{B}}",151229,85064],"K_490\/27.0.1":["{{B}}",236293,1166259],"K_490\/27.0.2":["{{B}}",1402552,496937],"K_490\/27.0.3":["{{B}}",1899489,2422061],"K_490\/27.0.4":["{{B}}",4321550,1066084],"K_490\/27.1.0":["{{B}}",5387634,11306],"K_490\/27.1.1":["{{B}}",5398940,2552834],"K_490\/27.1.2":["{{B}}",7951774,1041596],"K_490\/27.1.3":["{{B}}",8993370,1610508],"K_490\/27.1.4":["{{B}}",10603878,1255650],"K_490\/27.2.0":["{{B}}",11859528,10921],"K_490\/27.2.1":["{{B}}",11870449,3582539],"K_490\/27.2.2":["{{B}}",15452988,86715],"K_490\/27.2.3":["{{B}}",15539703,1166163],"K_490\/27.2.4":["{{B}}",16705866,1857649],"K_490\/27.3.0":["{{B}}",18563515,10921],"K_490\/27.3.1":["{{B}}",18574436,1576975],"K_490\/27.3.2":["{{B}}",20151411,2379431],"K_490\/27.3.3":["{{B}}",22530842,2199525],"K_490\/27.3.4":["{{B}}",24730367,2836320],"K_490\/27.4.0":["{{B}}",27566687,78749],"K_490\/27.4.1":["{{B}}",27645436,37215],"K_490\/27.4.2":["{{B}}",27682651,247423],"K_490\/27.4.3":["{{B}}",27930074,738630],"K_490\/27.4.4":["{{B}}",28668704,1315233],"K_490\/28.0.0":["{{C}}",151229,1942862],"K_490\/28.0.1":["{{C}}",2094091,458125],"K_490\/28.0.2":["{{C}}",2552216,328808],"K_490\/28.0.3":["{{C}}",2881024,2399198],"K_490\/28.0.4":["{{C}}",5280222,3645350],"K_490\/28.1.0":["{{C}}",8925572,1949102],"K_490\/28.1.1":["{{C}}",10874674,1581696],"K_490\/28.1.2":["{{C}}",12456370,1543029],"K_490\/28.1.3":["{{C}}",13999399,1981336],"K_490\/28.1.4":["{{C}}",15980735,2976433],"K_490\/28.2.0":["{{C}}",18957168,1466008],"K_490\/28.2.1":["{{C}}",20423176,3743151],"K_490\/28.2.2":["{{C}}",24166327,83871],"K_490\/28.2.3":["{{C}}",24250198,1963603],"K_490\/28.2.4":["{{C}}",26213801,1078455],"K_490\/28.3.0":["{{C}}",27292256,183307],"K_490\/28.3.1":["{{C}}",27475563,1071109],"K_490\/28.3.2":["{{C}}",28546672,2680035],"K_490\/28.3.3":["{{C}}",31226707,2299549],"K_490\/28.3.4":["{{C}}",33526256,1239189],"K_490\/28.4.0":["{{C}}",34765445,123787],"K_490\/28.4.1":["{{C}}",34889232,371362],"K_490\/28.4.2":["{{C}}",35260594,131807],"K_490\/28.4.3":["{{C}}",35392401,144500],"K_490\/28.4.4":["{{C}}",35536901,183786],"K_490\/29.0.0":["{{D}}",151229,10921],"K_490\/29.0.1":["{{D}}",162150,712830],"K_490\/29.0.2":["{{D}}",874980,408824],"K_490\/29.0.3":["{{D}}",1283804,507786],"K_490\/29.0.4":["{{D}}",1791590,807028],"K_490\/29.1.0":["{{D}}",2598618,10921],"K_490\/29.1.1":["{{D}}",2609539,1738146],"K_490\/29.1.2":["{{D}}",4347685,1648464],"K_490\/29.1.3":["{{D}}",5996149,1847292],"K_490\/29.1.4":["{{D}}",7843441,2263394],"K_490\/29.2.0":["{{D}}",10106835,10921],"K_490\/29.2.1":["{{D}}",10117756,2359125],"K_490\/29.2.2":["{{D}}",12476881,36110],"K_490\/29.2.3":["{{D}}",12512991,719767],"K_490\/29.2.4":["{{D}}",13232758,2855588],"K_490\/29.3.0":["{{D}}",16088346,696971],"K_490\/29.3.1":["{{D}}",16785317,1274758],"K_490\/29.3.2":["{{D}}",18060075,1094300],"K_490\/29.3.3":["{{D}}",19154375,1418429],"K_490\/29.3.4":["{{D}}",20572804,3998391],"K_490\/29.4.0":["{{D}}",24571195,877001],"K_490\/29.4.1":["{{D}}",25448196,985938],"K_490\/29.4.2":["{{D}}",26434134,686211],"K_490\/29.4.3":["{{D}}",27120345,78767],"K_490\/29.4.4":["{{D}}",27199112,228757]}}