{"version":1,"templates":{"a":"s3:\/\/imos-data\/IMOS\/SRS\/OC\/gridded\/aqua\/P1D\/2014\/11\/A.P1D.20141101T053000Z.aust.chl_oc3.nc","b":"s3:\/\/imos-data\/IMOS\/SRS\/OC\/gridded\/aqua\/P1D\/2014\/11\/A.P1D.20141102T053000Z.aust.chl_oc3.nc","c":"s3:\/\/imos-data\/IMOS\/SRS\/OC\/gridded\/aqua\/P1D\/2014\/11\/A.P1D.20141103T053000Z.aust.chl_oc3.nc","d":"s3:\/\/imos-data\/IMOS\/SRS\/OC\/gridded\/aqua\/P1D\/2014\/11\/A.P1D.20141104T053000Z.aust.chl_oc3.nc","e":"s3:\/\/imos-data\/IMOS\/SRS\/OC\/gridded\/aqua\/P1D\/2014\/11\/A.P1D.20141105T053000Z.aust.chl_oc3.nc","f":"s3:\/\/imos-data\/IMOS\/SRS\/OC\/gridded\/aqua\/P1D\/2014\/11\/A.P1D.20141106T053000Z.aust.chl_oc3.nc","g":"s3:\/\/imos-data\/IMOS\/SRS\/OC\/gridded\/aqua\/P1D\/2014\/11\/A.P1D.20141107T053000Z.aust.chl_oc3.nc","h":"s3:\/\/imos-data\/IMOS\/SRS\/OC\/gridded\/aqua\/P1D\/2014\/11\/A.P1D.20141108T053000Z.aust.chl_oc3.nc","i":"s3:\/\/imos-data\/IMOS\/SRS\/OC\/gridded\/aqua\/P1D\/2014\/11\/A.P1D.20141109T053000Z.aust.chl_oc3.nc","j":"s3:\/\/imos-data\/IMOS\/SRS\/OC\/gridded\/aqua\/P1D\/2014\/11\/A.P1D.20141110T053000Z.aust.chl_oc3.nc","k":"s3:\/\/imos-data\/IMOS\/SRS\/OC\/gridded\/aqua\/P1D\/2014\/11\/A.P1D.20141111T053000Z.aust.chl_oc3.nc","l":"s3:\/\/imos-data\/IMOS\/SRS\/OC\/gridded\/aqua\/P1D\/2014\/11\/A.P1D.20141112T053000Z.aust.chl_oc3.nc","m":"s3:\/\/imos-data\/IMOS\/SRS\/OC\/gridded\/aqua\/P1D\/2014\/11\/A.P1D.20141113T053000Z.aust.chl_oc3.nc","n":"s3:\/\/imos-data\/IMOS\/SRS\/OC\/gridded\/aqua\/P1D\/2014\/11\/A.P1D.20141114T053000Z.aust.chl_oc3.nc","o":"s3:\/\/imos-data\/IMOS\/SRS\/OC\/gridded\/aqua\/P1D\/2014\/11\/A.P1D.20141115T053000Z.aust.chl_oc3.nc","p":"s3:\/\/imos-data\/IMOS\/SRS\/OC\/gridded\/aqua\/P1D\/2014\/11\/A.P1D.20141116T053000Z.aust.chl_oc3.nc","q":"s3:\/\/imos-data\/IMOS\/SRS\/OC\/gridded\/aqua\/P1D\/2014\/11\/A.P1D.20141117T053000Z.aust.chl_oc3.nc","r":"s3:\/\/imos-data\/IMOS\/SRS\/OC\/gridded\/aqua\/P1D\/2014\/11\/A.P1D.20141118T053000Z.aust.chl_oc3.nc","s":"s3:\/\/imos-data\/IMOS\/SRS\/OC\/gridded\/aqua\/P1D\/2014\/11\/A.P1D.20141119T053000Z.aust.chl_oc3.nc","t":"s3:\/\/imos-data\/IMOS\/SRS\/OC\/gridded\/aqua\/P1D\/2014\/11\/A.P1D.20141120T053000Z.aust.chl_oc3.nc","u":"s3:\/\/imos-data\/IMOS\/SRS\/OC\/gridded\/aqua\/P1D\/2014\/11\/A.P1D.20141121T053000Z.aust.chl_oc3.nc","v":"s3:\/\/imos-data\/IMOS\/SRS\/OC\/gridded\/aqua\/P1D\/2014\/11\/A.P1D.20141122T053000Z.aust.chl_oc3.nc","w":"s3:\/\/imos-data\/IMOS\/SRS\/OC\/gridded\/aqua\/P1D\/2014\/11\/A.P1D.20141123T053000Z.aust.chl_oc3.nc","x":"s3:\/\/imos-data\/IMOS\/SRS\/OC\/gridded\/aqua\/P1D\/2014\/11\/A.P1D.20141124T053000Z.aust.chl_oc3.nc","y":"s3:\/\/imos-data\/IMOS\/SRS\/OC\/gridded\/aqua\/P1D\/2014\/11\/A.P1D.20141125T053000Z.aust.chl_oc3.nc","z":"s3:\/\/imos-data\/IMOS\/SRS\/OC\/gridded\/aqua\/P1D\/2014\/11\/A.P1D.20141126T053000Z.aust.chl_oc3.nc","A":"s3:\/\/imos-data\/IMOS\/SRS\/OC\/gridded\/aqua\/P1D\/2014\/11\/A.P1D.20141127T053000Z.aust.chl_oc3.nc","B":"s3:\/\/imos-data\/IMOS\/SRS\/OC\/gridded\/aqua\/P1D\/2014\/11\/A.P1D.20141128T053000Z.aust.chl_oc3.nc","C":"s3:\/\/imos-data\/IMOS\/SRS\/OC\/gridded\/aqua\/P1D\/2014\/11\/A.P1D.20141129T053000Z.aust.chl_oc3.nc","D":"s3:\/\/imos-data\/IMOS\/SRS\/OC\/gridded\/aqua\/P1D\/2014\/11\/A.P1D.20141130T053000Z.aust.chl_oc3.nc"},"refs":{".zgroup":"{\"zarr_format\":2}",".zattrs":"{\"Conventions\":\"CF-1.6\",\"_NCProperties\":\"version=1|netcdflibversion=4.6.1|hdf5libversion=1.10.4\",\"_nc3_strict\":1,\"history\":\"File initialised at 2020-08-06T06:50:14.392850\\nInitialised var chl_oc3 at 2020-08-06T06:50:25.964443\\nAdd Granule A20141101_0235.20190925214742.L2OC_BASE.chl_oc3.nc at 2020-08-06T06:50:26.837753\\nAdd Granule A20141101_0240.20190925215555.L2OC_BASE.chl_oc3.nc at 2020-08-06T06:50:27.037935\\nAdd Granule A20141101_0245.20190925213311.L2OC_BASE.chl_oc3.nc at 2020-08-06T06:50:27.225747\\nAdd Granule A20141101_0250.20190925210612.L2OC_BASE.chl_oc3.nc at 2020-08-06T06:50:27.333105\\nAdd Granule A20141101_0410.20190925211853.L2OC_BASE.chl_oc3.nc at 2020-08-06T06:50:27.568293\\nAdd Granule A20141101_0415.20190925220405.L2OC_BASE.chl_oc3.nc at 2020-08-06T06:50:27.757457\\nAdd Granule A20141101_0420.20190918004141.L2OC_BASE.chl_oc3.nc at 2020-08-06T06:50:27.930828\\nAdd Granule A20141101_0425.20190918005200.L2OC_BASE.chl_oc3.nc at 2020-08-06T06:50:28.111457\\nAdd Granule A20141101_0545.20190925211508.L2OC_BASE.chl_oc3.nc at 2020-08-06T06:50:28.232326\\nAdd Granule A20141101_0550.20190918003623.L2OC_BASE.chl_oc3.nc at 2020-08-06T06:50:28.479207\\nAdd Granule A20141101_0555.20190918004627.L2OC_BASE.chl_oc3.nc at 2020-08-06T06:50:28.680785\\nAdd Granule A20141101_0600.20190918005648.L2OC_BASE.chl_oc3.nc at 2020-08-06T06:50:28.874494\\nAdd Granule A20141101_0605.20190925214110.L2OC_BASE.chl_oc3.nc at 2020-08-06T06:50:29.035214\\nAdd Granule A20141101_0725.20190918003228.L2OC_BASE.chl_oc3.nc at 2020-08-06T06:50:29.242221\\nAdd Granule A20141101_0730.20190925205232.L2OC_BASE.chl_oc3.nc at 2020-08-06T06:50:29.486563\\nAdd Granule A20141101_0735.20190925212358.L2OC_BASE.chl_oc3.nc at 2020-08-06T06:50:29.699461\\nAdd Granule A20141101_0740.20190925210028.L2OC_BASE.chl_oc3.nc at 2020-08-06T06:50:29.874282\",\"source_path\":\"imos-srs\\\/archive\\\/oc\\\/aqua\\\/1d\\\/v201909\\\/2014\\\/11\\\/A20141101.L2OC_BASE.aust.chl_oc3.nc\"}","longitude\/.zarray":"{\n    \"chunks\": [\n        10001\n    ],\n    \"compressor\": null,\n    \"dtype\": \"<f8\",\n    \"fill_value\": 9.969209968386869e+36,\n    \"filters\": null,\n    \"order\": \"C\",\n    \"shape\": [\n        10001\n    ],\n    \"zarr_format\": 2\n}","longitude\/.zattrs":"{\n    \"NAME\": \"longitude\",\n    \"_ARRAY_DIMENSIONS\": [\n        \"longitude\"\n    ],\n    \"_Netcdf4Dimid\": 2,\n    \"axis\": \"X\",\n    \"long_name\": \"longitude\",\n    \"standard_name\": \"longitude\",\n    \"units\": \"degrees_east\"\n}","longitude\/0":["{{a}}",58400,80008],"latitude\/.zarray":"{\n    \"chunks\": [\n        7001\n    ],\n    \"compressor\": null,\n    \"dtype\": \"<f8\",\n    \"fill_value\": 9.969209968386869e+36,\n    \"filters\": null,\n    \"order\": \"C\",\n    \"shape\": [\n        7001\n    ],\n    \"zarr_format\": 2\n}","latitude\/.zattrs":"{\n    \"NAME\": \"latitude\",\n    \"_ARRAY_DIMENSIONS\": [\n        \"latitude\"\n    ],\n    \"_Netcdf4Dimid\": 1,\n    \"axis\": \"Y\",\n    \"long_name\": \"latitude\",\n    \"standard_name\": \"latitude\",\n    \"units\": \"degrees_north\"\n}","latitude\/0":["{{a}}",2392,56008],"chl_oc3\/.zarray":"{\"chunks\":[1,1401,2001],\"compressor\":{\"id\":\"zlib\",\"level\":4},\"dtype\":\"<f4\",\"fill_value\":-999.0,\"filters\":[{\"elementsize\":4,\"id\":\"shuffle\"}],\"order\":\"C\",\"shape\":[30,7001,10001],\"zarr_format\":2}","chl_oc3\/.zattrs":"{\"_ARRAY_DIMENSIONS\":[\"time\",\"latitude\",\"longitude\"],\"flag_applied\":\"HISATZEN LAND CLDICE NAVFAIL\",\"long_name\":\"Chlorophyll Concentration, OC3 Algorithm\",\"units\":\"mg\\\/m^3\"}","time\/.zarray":"{\"chunks\":[30],\"compressor\":{\"blocksize\":0,\"clevel\":5,\"cname\":\"lz4\",\"id\":\"blosc\",\"shuffle\":1},\"dtype\":\"<M8[us]\",\"fill_value\":0,\"filters\":null,\"order\":\"C\",\"shape\":[30],\"zarr_format\":2}","time\/0":"base64:AgExCPAAAADwAAAAqwAAABQAAACTAAAAHwABAAr6AaYGZsYmhuZGpgZmxiaG5kYQAPRTmXFIH\/fOpX1ULAPasolgOA\/nvpVtRBvzyqJ5UCj\/Z4Wjwd78GjhWdJKvzesJJ0VigJ682vgVM1FvjavIxdntARUpPlJmeo6itsrf8wcbL0NXa3+UqLzQ5PgMBgYGBwcHBwcFABgIAQAvCQUBAAoP0QAGUAAAAAAA","time\/.zattrs":"{\"NAME\":\"time\",\"_ARRAY_DIMENSIONS\":[\"time\"],\"_Netcdf4Dimid\":0,\"axis\":\"T\",\"long_name\":\"time\",\"standard_name\":\"time\"}","chl_oc3\/0.0.0":["{{a}}",151221,22079],"chl_oc3\/0.0.1":["{{a}}",173300,1806764],"chl_oc3\/0.0.2":["{{a}}",1980064,512821],"chl_oc3\/0.0.3":["{{a}}",2492885,2002745],"chl_oc3\/0.0.4":["{{a}}",4495630,2917881],"chl_oc3\/0.1.0":["{{a}}",7413511,1120157],"chl_oc3\/0.1.1":["{{a}}",8533668,2708983],"chl_oc3\/0.1.2":["{{a}}",11242651,1597930],"chl_oc3\/0.1.3":["{{a}}",12840581,1084026],"chl_oc3\/0.1.4":["{{a}}",13924607,1741964],"chl_oc3\/0.2.0":["{{a}}",15666571,3469208],"chl_oc3\/0.2.1":["{{a}}",19135779,2043214],"chl_oc3\/0.2.2":["{{a}}",21178993,118671],"chl_oc3\/0.2.3":["{{a}}",21297664,745565],"chl_oc3\/0.2.4":["{{a}}",22043229,3351358],"chl_oc3\/0.3.0":["{{a}}",25394587,2152352],"chl_oc3\/0.3.1":["{{a}}",27546939,2028604],"chl_oc3\/0.3.2":["{{a}}",29575543,1910678],"chl_oc3\/0.3.3":["{{a}}",31486221,1364070],"chl_oc3\/0.3.4":["{{a}}",32850291,3629999],"chl_oc3\/0.4.0":["{{a}}",36480290,1221968],"chl_oc3\/0.4.1":["{{a}}",37702258,1166291],"chl_oc3\/0.4.2":["{{a}}",38868549,1460385],"chl_oc3\/0.4.3":["{{a}}",40328934,1061881],"chl_oc3\/0.4.4":["{{a}}",41390815,250367],"chl_oc3\/1.0.0":["{{b}}",151221,85890],"chl_oc3\/1.0.1":["{{b}}",237111,594676],"chl_oc3\/1.0.2":["{{b}}",831787,942505],"chl_oc3\/1.0.3":["{{b}}",1774292,4231314],"chl_oc3\/1.0.4":["{{b}}",6005606,40834],"chl_oc3\/1.1.0":["{{b}}",6046440,30221],"chl_oc3\/1.1.1":["{{b}}",6076661,1881745],"chl_oc3\/1.1.2":["{{b}}",7958406,1515544],"chl_oc3\/1.1.3":["{{b}}",9473950,1489058],"chl_oc3\/1.1.4":["{{b}}",10963008,137090],"chl_oc3\/1.2.0":["{{b}}",11100098,722917],"chl_oc3\/1.2.1":["{{b}}",11823015,3176700],"chl_oc3\/1.2.2":["{{b}}",14999715,75913],"chl_oc3\/1.2.3":["{{b}}",15075628,1401235],"chl_oc3\/1.2.4":["{{b}}",16476863,1527131],"chl_oc3\/1.3.0":["{{b}}",18003994,821425],"chl_oc3\/1.3.1":["{{b}}",18825419,3284084],"chl_oc3\/1.3.2":["{{b}}",22109503,1279778],"chl_oc3\/1.3.3":["{{b}}",23389281,2144325],"chl_oc3\/1.3.4":["{{b}}",25533606,1339213],"chl_oc3\/1.4.0":["{{b}}",26872819,103037],"chl_oc3\/1.4.1":["{{b}}",26975856,1169745],"chl_oc3\/1.4.2":["{{b}}",28145601,655893],"chl_oc3\/1.4.3":["{{b}}",28801494,594059],"chl_oc3\/1.4.4":["{{b}}",29395553,841405],"chl_oc3\/2.0.0":["{{c}}",151221,10921],"chl_oc3\/2.0.1":["{{c}}",162142,369844],"chl_oc3\/2.0.2":["{{c}}",531986,494314],"chl_oc3\/2.0.3":["{{c}}",1026300,3739367],"chl_oc3\/2.0.4":["{{c}}",4765667,2592911],"chl_oc3\/2.1.0":["{{c}}",7358578,767057],"chl_oc3\/2.1.1":["{{c}}",8125635,1398694],"chl_oc3\/2.1.2":["{{c}}",9524329,1238164],"chl_oc3\/2.1.3":["{{c}}",10762493,1315021],"chl_oc3\/2.1.4":["{{c}}",12077514,1202055],"chl_oc3\/2.2.0":["{{c}}",13279569,2238623],"chl_oc3\/2.2.1":["{{c}}",15518192,2100087],"chl_oc3\/2.2.2":["{{c}}",17618279,144838],"chl_oc3\/2.2.3":["{{c}}",17763117,502269],"chl_oc3\/2.2.4":["{{c}}",18265386,3029475],"chl_oc3\/2.3.0":["{{c}}",21294861,672323],"chl_oc3\/2.3.1":["{{c}}",21967184,1485482],"chl_oc3\/2.3.2":["{{c}}",23452666,3992671],"chl_oc3\/2.3.3":["{{c}}",27445337,2423369],"chl_oc3\/2.3.4":["{{c}}",29868706,2240938],"chl_oc3\/2.4.0":["{{c}}",32109644,347784],"chl_oc3\/2.4.1":["{{c}}",32457428,977976],"chl_oc3\/2.4.2":["{{c}}",33435404,1262836],"chl_oc3\/2.4.3":["{{c}}",34698240,1491601],"chl_oc3\/2.4.4":["{{c}}",36189841,239421],"chl_oc3\/3.0.0":["{{d}}",151221,118341],"chl_oc3\/3.0.1":["{{d}}",269562,135803],"chl_oc3\/3.0.2":["{{d}}",405365,874398],"chl_oc3\/3.0.3":["{{d}}",1279763,2157140],"chl_oc3\/3.0.4":["{{d}}",3436903,333419],"chl_oc3\/3.1.0":["{{d}}",3770322,74517],"chl_oc3\/3.1.1":["{{d}}",3844839,2272643],"chl_oc3\/3.1.2":["{{d}}",6117482,495954],"chl_oc3\/3.1.3":["{{d}}",6613436,971461],"chl_oc3\/3.1.4":["{{d}}",7584897,256205],"chl_oc3\/3.2.0":["{{d}}",7841102,2795205],"chl_oc3\/3.2.1":["{{d}}",10636307,2817150],"chl_oc3\/3.2.2":["{{d}}",13453457,44783],"chl_oc3\/3.2.3":["{{d}}",13498240,1009323],"chl_oc3\/3.2.4":["{{d}}",14507563,1554290],"chl_oc3\/3.3.0":["{{d}}",16061853,2405382],"chl_oc3\/3.3.1":["{{d}}",18467235,699024],"chl_oc3\/3.3.2":["{{d}}",19166259,2430298],"chl_oc3\/3.3.3":["{{d}}",21596557,1782505],"chl_oc3\/3.3.4":["{{d}}",23379062,3471546],"chl_oc3\/3.4.0":["{{d}}",26850608,471072],"chl_oc3\/3.4.1":["{{d}}",27321680,1164207],"chl_oc3\/3.4.2":["{{d}}",28485887,1874159],"chl_oc3\/3.4.3":["{{d}}",30360046,961881],"chl_oc3\/3.4.4":["{{d}}",31321927,974521],"chl_oc3\/4.0.0":["{{e}}",151221,13214],"chl_oc3\/4.0.1":["{{e}}",164435,277735],"chl_oc3\/4.0.2":["{{e}}",442170,568137],"chl_oc3\/4.0.3":["{{e}}",1010307,1342939],"chl_oc3\/4.0.4":["{{e}}",2353246,2981748],"chl_oc3\/4.1.0":["{{e}}",5334994,1318632],"chl_oc3\/4.1.1":["{{e}}",6653626,928442],"chl_oc3\/4.1.2":["{{e}}",7582068,1705284],"chl_oc3\/4.1.3":["{{e}}",9287352,1346621],"chl_oc3\/4.1.4":["{{e}}",10633973,1765982],"chl_oc3\/4.2.0":["{{e}}",12399955,1585382],"chl_oc3\/4.2.1":["{{e}}",13985337,1413494],"chl_oc3\/4.2.2":["{{e}}",15398831,41667],"chl_oc3\/4.2.3":["{{e}}",15440498,1394897],"chl_oc3\/4.2.4":["{{e}}",16835395,2449490],"chl_oc3\/4.3.0":["{{e}}",19284885,1307740],"chl_oc3\/4.3.1":["{{e}}",20592625,1604944],"chl_oc3\/4.3.2":["{{e}}",22197569,763119],"chl_oc3\/4.3.3":["{{e}}",22960688,2396511],"chl_oc3\/4.3.4":["{{e}}",25357199,1108737],"chl_oc3\/4.4.0":["{{e}}",26465936,26387],"chl_oc3\/4.4.1":["{{e}}",26492323,1356187],"chl_oc3\/4.4.2":["{{e}}",27848510,1692199],"chl_oc3\/4.4.3":["{{e}}",29540709,2106838],"chl_oc3\/4.4.4":["{{e}}",31647547,465257],"chl_oc3\/5.0.0":["{{f}}",151221,162777],"chl_oc3\/5.0.1":["{{f}}",313998,176025],"chl_oc3\/5.0.2":["{{f}}",490023,2312757],"chl_oc3\/5.0.3":["{{f}}",2802780,1623553],"chl_oc3\/5.0.4":["{{f}}",4426333,1103988],"chl_oc3\/5.1.0":["{{f}}",5530321,890199],"chl_oc3\/5.1.1":["{{f}}",6420520,2432360],"chl_oc3\/5.1.2":["{{f}}",8852880,871139],"chl_oc3\/5.1.3":["{{f}}",9724019,1221920],"chl_oc3\/5.1.4":["{{f}}",10945939,1083785],"chl_oc3\/5.2.0":["{{f}}",12029724,2416782],"chl_oc3\/5.2.1":["{{f}}",14446506,1572426],"chl_oc3\/5.2.2":["{{f}}",16018932,63997],"chl_oc3\/5.2.3":["{{f}}",16082929,724210],"chl_oc3\/5.2.4":["{{f}}",16807139,1053075],"chl_oc3\/5.3.0":["{{f}}",17860214,2711296],"chl_oc3\/5.3.1":["{{f}}",20571510,1484187],"chl_oc3\/5.3.2":["{{f}}",22055697,678862],"chl_oc3\/5.3.3":["{{f}}",22734559,367650],"chl_oc3\/5.3.4":["{{f}}",23102209,3431672],"chl_oc3\/5.4.0":["{{f}}",26533881,578972],"chl_oc3\/5.4.1":["{{f}}",27112853,973048],"chl_oc3\/5.4.2":["{{f}}",28085901,2061783],"chl_oc3\/5.4.3":["{{f}}",30147684,1011026],"chl_oc3\/5.4.4":["{{f}}",31158710,1231612],"chl_oc3\/6.0.0":["{{g}}",151221,491094],"chl_oc3\/6.0.1":["{{g}}",642315,329214],"chl_oc3\/6.0.2":["{{g}}",971529,2202981],"chl_oc3\/6.0.3":["{{g}}",3174510,1764050],"chl_oc3\/6.0.4":["{{g}}",4938560,3269179],"chl_oc3\/6.1.0":["{{g}}",8207739,652131],"chl_oc3\/6.1.1":["{{g}}",8859870,1213588],"chl_oc3\/6.1.2":["{{g}}",10073458,1969342],"chl_oc3\/6.1.3":["{{g}}",12042800,1244735],"chl_oc3\/6.1.4":["{{g}}",13287535,1133299],"chl_oc3\/6.2.0":["{{g}}",14420834,604538],"chl_oc3\/6.2.1":["{{g}}",15025372,2312867],"chl_oc3\/6.2.2":["{{g}}",17338239,16967],"chl_oc3\/6.2.3":["{{g}}",17355206,2380597],"chl_oc3\/6.2.4":["{{g}}",19735803,417782],"chl_oc3\/6.3.0":["{{g}}",20153585,393110],"chl_oc3\/6.3.1":["{{g}}",20546695,2154976],"chl_oc3\/6.3.2":["{{g}}",22701671,2807983],"chl_oc3\/6.3.3":["{{g}}",25509654,3358857],"chl_oc3\/6.3.4":["{{g}}",28868511,537046],"chl_oc3\/6.4.0":["{{g}}",29405557,26275],"chl_oc3\/6.4.1":["{{g}}",29431832,686274],"chl_oc3\/6.4.2":["{{g}}",30118106,2062269],"chl_oc3\/6.4.3":["{{g}}",32180375,888206],"chl_oc3\/6.4.4":["{{g}}",33068581,234193],"chl_oc3\/7.0.0":["{{h}}",151221,10921],"chl_oc3\/7.0.1":["{{h}}",162142,447920],"chl_oc3\/7.0.2":["{{h}}",610062,2679614],"chl_oc3\/7.0.3":["{{h}}",3289676,1203394],"chl_oc3\/7.0.4":["{{h}}",4493070,715596],"chl_oc3\/7.1.0":["{{h}}",5208666,10921],"chl_oc3\/7.1.1":["{{h}}",5219587,1759780],"chl_oc3\/7.1.2":["{{h}}",6979367,1473653],"chl_oc3\/7.1.3":["{{h}}",8453020,985424],"chl_oc3\/7.1.4":["{{h}}",9438444,1530697],"chl_oc3\/7.2.0":["{{h}}",10969141,1811527],"chl_oc3\/7.2.1":["{{h}}",12780668,1705555],"chl_oc3\/7.2.2":["{{h}}",14486223,38242],"chl_oc3\/7.2.3":["{{h}}",14524465,1055975],"chl_oc3\/7.2.4":["{{h}}",15580440,1730765],"chl_oc3\/7.3.0":["{{h}}",17311205,1304966],"chl_oc3\/7.3.1":["{{h}}",18616171,1982893],"chl_oc3\/7.3.2":["{{h}}",20599064,2644028],"chl_oc3\/7.3.3":["{{h}}",23243092,2423844],"chl_oc3\/7.3.4":["{{h}}",25666936,3626638],"chl_oc3\/7.4.0":["{{h}}",29293574,1607497],"chl_oc3\/7.4.1":["{{h}}",30901071,1206812],"chl_oc3\/7.4.2":["{{h}}",32107883,2113066],"chl_oc3\/7.4.3":["{{h}}",34220949,563906],"chl_oc3\/7.4.4":["{{h}}",34784855,322419],"chl_oc3\/8.0.0":["{{i}}",151221,114434],"chl_oc3\/8.0.1":["{{i}}",265655,605991],"chl_oc3\/8.0.2":["{{i}}",871646,2191696],"chl_oc3\/8.0.3":["{{i}}",3063342,2030545],"chl_oc3\/8.0.4":["{{i}}",5093887,10921],"chl_oc3\/8.1.0":["{{i}}",5104808,456061],"chl_oc3\/8.1.1":["{{i}}",5560869,1791482],"chl_oc3\/8.1.2":["{{i}}",7352351,2180566],"chl_oc3\/8.1.3":["{{i}}",9532917,1690652],"chl_oc3\/8.1.4":["{{i}}",11223569,186625],"chl_oc3\/8.2.0":["{{i}}",11410194,685382],"chl_oc3\/8.2.1":["{{i}}",12095576,2640574],"chl_oc3\/8.2.2":["{{i}}",14736150,82476],"chl_oc3\/8.2.3":["{{i}}",14818626,2464587],"chl_oc3\/8.2.4":["{{i}}",17283213,1090265],"chl_oc3\/8.3.0":["{{i}}",18373478,89974],"chl_oc3\/8.3.1":["{{i}}",18463452,2963278],"chl_oc3\/8.3.2":["{{i}}",21426730,4221029],"chl_oc3\/8.3.3":["{{i}}",25647759,1874319],"chl_oc3\/8.3.4":["{{i}}",27522078,1809772],"chl_oc3\/8.4.0":["{{i}}",29331850,29828],"chl_oc3\/8.4.1":["{{i}}",29361678,2039745],"chl_oc3\/8.4.2":["{{i}}",31401423,1404014],"chl_oc3\/8.4.3":["{{i}}",32805437,893827],"chl_oc3\/8.4.4":["{{i}}",33699264,362822],"chl_oc3\/9.0.0":["{{j}}",151221,10921],"chl_oc3\/9.0.1":["{{j}}",162142,954513],"chl_oc3\/9.0.2":["{{j}}",1116655,1761286],"chl_oc3\/9.0.3":["{{j}}",2877941,1501320],"chl_oc3\/9.0.4":["{{j}}",4379261,2695335],"chl_oc3\/9.1.0":["{{j}}",7074596,594807],"chl_oc3\/9.1.1":["{{j}}",7669403,1460175],"chl_oc3\/9.1.2":["{{j}}",9129578,1647030],"chl_oc3\/9.1.3":["{{j}}",10776608,1295084],"chl_oc3\/9.1.4":["{{j}}",12071692,1574172],"chl_oc3\/9.2.0":["{{j}}",13645864,2319669],"chl_oc3\/9.2.1":["{{j}}",15965533,2187025],"chl_oc3\/9.2.2":["{{j}}",18152558,87220],"chl_oc3\/9.2.3":["{{j}}",18239778,1172879],"chl_oc3\/9.2.4":["{{j}}",19412657,2923272],"chl_oc3\/9.3.0":["{{j}}",22335929,2005688],"chl_oc3\/9.3.1":["{{j}}",24341617,1861342],"chl_oc3\/9.3.2":["{{j}}",26202959,2973787],"chl_oc3\/9.3.3":["{{j}}",29176746,2570926],"chl_oc3\/9.3.4":["{{j}}",31747672,3450178],"chl_oc3\/9.4.0":["{{j}}",35197850,642472],"chl_oc3\/9.4.1":["{{j}}",35840322,222808],"chl_oc3\/9.4.2":["{{j}}",36063130,1639020],"chl_oc3\/9.4.3":["{{j}}",37702150,1418057],"chl_oc3\/9.4.4":["{{j}}",39120207,140668],"chl_oc3\/10.0.0":["{{k}}",151221,72733],"chl_oc3\/10.0.1":["{{k}}",223954,552639],"chl_oc3\/10.0.2":["{{k}}",776593,1618072],"chl_oc3\/10.0.3":["{{k}}",2394665,2555543],"chl_oc3\/10.0.4":["{{k}}",4950208,93295],"chl_oc3\/10.1.0":["{{k}}",5043503,18727],"chl_oc3\/10.1.1":["{{k}}",5062230,927461],"chl_oc3\/10.1.2":["{{k}}",5989691,2221976],"chl_oc3\/10.1.3":["{{k}}",8211667,849266],"chl_oc3\/10.1.4":["{{k}}",9060933,501927],"chl_oc3\/10.2.0":["{{k}}",9562860,845567],"chl_oc3\/10.2.1":["{{k}}",10408427,2950145],"chl_oc3\/10.2.2":["{{k}}",13358572,26723],"chl_oc3\/10.2.3":["{{k}}",13385295,1404550],"chl_oc3\/10.2.4":["{{k}}",14789845,2329340],"chl_oc3\/10.3.0":["{{k}}",17119185,1526159],"chl_oc3\/10.3.1":["{{k}}",18645344,3592081],"chl_oc3\/10.3.2":["{{k}}",22237425,1868921],"chl_oc3\/10.3.3":["{{k}}",24106346,2570861],"chl_oc3\/10.3.4":["{{k}}",26677207,2008743],"chl_oc3\/10.4.0":["{{k}}",28685950,1890216],"chl_oc3\/10.4.1":["{{k}}",30576166,686541],"chl_oc3\/10.4.2":["{{k}}",31262707,972713],"chl_oc3\/10.4.3":["{{k}}",32235420,1210482],"chl_oc3\/10.4.4":["{{k}}",33445902,1826499],"chl_oc3\/11.0.0":["{{l}}",151221,10921],"chl_oc3\/11.0.1":["{{l}}",162142,520022],"chl_oc3\/11.0.2":["{{l}}",682164,1440243],"chl_oc3\/11.0.3":["{{l}}",2122407,2943106],"chl_oc3\/11.0.4":["{{l}}",5065513,3954354],"chl_oc3\/11.1.0":["{{l}}",9019867,858355],"chl_oc3\/11.1.1":["{{l}}",9878222,893836],"chl_oc3\/11.1.2":["{{l}}",10772058,2365235],"chl_oc3\/11.1.3":["{{l}}",13137293,1545050],"chl_oc3\/11.1.4":["{{l}}",14682343,1461540],"chl_oc3\/11.2.0":["{{l}}",16143883,1633364],"chl_oc3\/11.2.1":["{{l}}",17777247,1877292],"chl_oc3\/11.2.2":["{{l}}",19654539,33106],"chl_oc3\/11.2.3":["{{l}}",19687645,1553394],"chl_oc3\/11.2.4":["{{l}}",21241039,3013346],"chl_oc3\/11.3.0":["{{l}}",24254385,523725],"chl_oc3\/11.3.1":["{{l}}",24778110,2015986],"chl_oc3\/11.3.2":["{{l}}",26794096,2632993],"chl_oc3\/11.3.3":["{{l}}",29427089,1646887],"chl_oc3\/11.3.4":["{{l}}",31073976,1298868],"chl_oc3\/11.4.0":["{{l}}",32372844,64705],"chl_oc3\/11.4.1":["{{l}}",32437549,898795],"chl_oc3\/11.4.2":["{{l}}",33336344,2368897],"chl_oc3\/11.4.3":["{{l}}",35705241,389065],"chl_oc3\/11.4.4":["{{l}}",36094306,158362],"chl_oc3\/12.0.0":["{{m}}",151221,189542],"chl_oc3\/12.0.1":["{{m}}",340763,1010274],"chl_oc3\/12.0.2":["{{m}}",1351037,2078086],"chl_oc3\/12.0.3":["{{m}}",3429123,1351434],"chl_oc3\/12.0.4":["{{m}}",4780557,624170],"chl_oc3\/12.1.0":["{{m}}",5404727,12796],"chl_oc3\/12.1.1":["{{m}}",5417523,1499588],"chl_oc3\/12.1.2":["{{m}}",6917111,1782990],"chl_oc3\/12.1.3":["{{m}}",8700101,1142442],"chl_oc3\/12.1.4":["{{m}}",9842543,388021],"chl_oc3\/12.2.0":["{{m}}",10230564,10921],"chl_oc3\/12.2.1":["{{m}}",10241485,2239506],"chl_oc3\/12.2.2":["{{m}}",12480991,11093],"chl_oc3\/12.2.3":["{{m}}",12492084,790217],"chl_oc3\/12.2.4":["{{m}}",13282301,2783499],"chl_oc3\/12.3.0":["{{m}}",16065800,553269],"chl_oc3\/12.3.1":["{{m}}",16619069,1381572],"chl_oc3\/12.3.2":["{{m}}",18000641,897108],"chl_oc3\/12.3.3":["{{m}}",18897749,1490777],"chl_oc3\/12.3.4":["{{m}}",20388526,1481090],"chl_oc3\/12.4.0":["{{m}}",21869616,2110991],"chl_oc3\/12.4.1":["{{m}}",23980607,984676],"chl_oc3\/12.4.2":["{{m}}",24965283,811352],"chl_oc3\/12.4.3":["{{m}}",25776635,733315],"chl_oc3\/12.4.4":["{{m}}",26509950,749278],"chl_oc3\/13.0.0":["{{n}}",151221,680059],"chl_oc3\/13.0.1":["{{n}}",831280,1108830],"chl_oc3\/13.0.2":["{{n}}",1940110,2336977],"chl_oc3\/13.0.3":["{{n}}",4277087,1936948],"chl_oc3\/13.0.4":["{{n}}",6214035,2021022],"chl_oc3\/13.1.0":["{{n}}",8235057,792851],"chl_oc3\/13.1.1":["{{n}}",9027908,653581],"chl_oc3\/13.1.2":["{{n}}",9681489,2331555],"chl_oc3\/13.1.3":["{{n}}",12013044,1237972],"chl_oc3\/13.1.4":["{{n}}",13251016,2522822],"chl_oc3\/13.2.0":["{{n}}",15773838,459702],"chl_oc3\/13.2.1":["{{n}}",16233540,1121809],"chl_oc3\/13.2.2":["{{n}}",17355349,13874],"chl_oc3\/13.2.3":["{{n}}",17369223,2664885],"chl_oc3\/13.2.4":["{{n}}",20034108,1592195],"chl_oc3\/13.3.0":["{{n}}",21626303,469942],"chl_oc3\/13.3.1":["{{n}}",22096245,385505],"chl_oc3\/13.3.2":["{{n}}",22481750,1168277],"chl_oc3\/13.3.3":["{{n}}",23650027,1649526],"chl_oc3\/13.3.4":["{{n}}",25299553,561819],"chl_oc3\/13.4.0":["{{n}}",25861372,223641],"chl_oc3\/13.4.1":["{{n}}",26085013,706757],"chl_oc3\/13.4.2":["{{n}}",26791770,322415],"chl_oc3\/13.4.3":["{{n}}",27114185,1229947],"chl_oc3\/13.4.4":["{{n}}",28344132,249251],"chl_oc3\/14.0.0":["{{o}}",151221,12892],"chl_oc3\/14.0.1":["{{o}}",164113,1512995],"chl_oc3\/14.0.2":["{{o}}",1677108,3112954],"chl_oc3\/14.0.3":["{{o}}",4790062,2676983],"chl_oc3\/14.0.4":["{{o}}",7467045,1758612],"chl_oc3\/14.1.0":["{{o}}",9225657,1169037],"chl_oc3\/14.1.1":["{{o}}",10394694,1222472],"chl_oc3\/14.1.2":["{{o}}",11617166,1132522],"chl_oc3\/14.1.3":["{{o}}",12749688,631548],"chl_oc3\/14.1.4":["{{o}}",13381236,1128965],"chl_oc3\/14.2.0":["{{o}}",14510201,2326363],"chl_oc3\/14.2.1":["{{o}}",16836564,1162399],"chl_oc3\/14.2.2":["{{o}}",17998963,15486],"chl_oc3\/14.2.3":["{{o}}",18014449,1166620],"chl_oc3\/14.2.4":["{{o}}",19181069,2488156],"chl_oc3\/14.3.0":["{{o}}",21669225,271632],"chl_oc3\/14.3.1":["{{o}}",21940857,1339671],"chl_oc3\/14.3.2":["{{o}}",23280528,1047832],"chl_oc3\/14.3.3":["{{o}}",24328360,1537865],"chl_oc3\/14.3.4":["{{o}}",25866225,1772410],"chl_oc3\/14.4.0":["{{o}}",27638635,42578],"chl_oc3\/14.4.1":["{{o}}",27681213,970767],"chl_oc3\/14.4.2":["{{o}}",28651980,574984],"chl_oc3\/14.4.3":["{{o}}",29226964,1086394],"chl_oc3\/14.4.4":["{{o}}",30313358,1547208],"chl_oc3\/15.0.0":["{{p}}",151221,516867],"chl_oc3\/15.0.1":["{{p}}",668088,633377],"chl_oc3\/15.0.2":["{{p}}",1301465,1696884],"chl_oc3\/15.0.3":["{{p}}",2998349,3713079],"chl_oc3\/15.0.4":["{{p}}",6711428,3972737],"chl_oc3\/15.1.0":["{{p}}",10684165,538975],"chl_oc3\/15.1.1":["{{p}}",11223140,2227004],"chl_oc3\/15.1.2":["{{p}}",13450144,1940145],"chl_oc3\/15.1.3":["{{p}}",15390289,1968135],"chl_oc3\/15.1.4":["{{p}}",17358424,40971],"chl_oc3\/15.2.0":["{{p}}",17399395,427940],"chl_oc3\/15.2.1":["{{p}}",17827335,3092213],"chl_oc3\/15.2.2":["{{p}}",20919548,56885],"chl_oc3\/15.2.3":["{{p}}",20976433,1650780],"chl_oc3\/15.2.4":["{{p}}",22627213,751162],"chl_oc3\/15.3.0":["{{p}}",23378375,86563],"chl_oc3\/15.3.1":["{{p}}",23464938,1954975],"chl_oc3\/15.3.2":["{{p}}",25419913,2724343],"chl_oc3\/15.3.3":["{{p}}",28144256,1031924],"chl_oc3\/15.3.4":["{{p}}",29176180,814153],"chl_oc3\/15.4.0":["{{p}}",29990333,16077],"chl_oc3\/15.4.1":["{{p}}",30006410,617417],"chl_oc3\/15.4.2":["{{p}}",30623827,1023977],"chl_oc3\/15.4.3":["{{p}}",31647804,722754],"chl_oc3\/15.4.4":["{{p}}",32370558,1593732],"chl_oc3\/16.0.0":["{{q}}",151221,496609],"chl_oc3\/16.0.1":["{{q}}",647830,924258],"chl_oc3\/16.0.2":["{{q}}",1572088,1572863],"chl_oc3\/16.0.3":["{{q}}",3144951,2748755],"chl_oc3\/16.0.4":["{{q}}",5893706,3472779],"chl_oc3\/16.1.0":["{{q}}",9366485,1968720],"chl_oc3\/16.1.1":["{{q}}",11335205,1748456],"chl_oc3\/16.1.2":["{{q}}",13083661,1325997],"chl_oc3\/16.1.3":["{{q}}",14409658,1677514],"chl_oc3\/16.1.4":["{{q}}",16087172,1447698],"chl_oc3\/16.2.0":["{{q}}",17534870,1600664],"chl_oc3\/16.2.1":["{{q}}",19135534,1776384],"chl_oc3\/16.2.2":["{{q}}",20911918,103279],"chl_oc3\/16.2.3":["{{q}}",21015197,771267],"chl_oc3\/16.2.4":["{{q}}",21786464,2175779],"chl_oc3\/16.3.0":["{{q}}",23962243,785959],"chl_oc3\/16.3.1":["{{q}}",24748202,938381],"chl_oc3\/16.3.2":["{{q}}",25686583,2094621],"chl_oc3\/16.3.3":["{{q}}",27781204,2284615],"chl_oc3\/16.3.4":["{{q}}",30065819,1139964],"chl_oc3\/16.4.0":["{{q}}",31205783,656150],"chl_oc3\/16.4.1":["{{q}}",31861933,1120285],"chl_oc3\/16.4.2":["{{q}}",32982218,1510662],"chl_oc3\/16.4.3":["{{q}}",34492880,1281629],"chl_oc3\/16.4.4":["{{q}}",35774509,346932],"chl_oc3\/17.0.0":["{{r}}",151221,373019],"chl_oc3\/17.0.1":["{{r}}",524240,586205],"chl_oc3\/17.0.2":["{{r}}",1110445,2593422],"chl_oc3\/17.0.3":["{{r}}",3703867,3561159],"chl_oc3\/17.0.4":["{{r}}",7265026,20632],"chl_oc3\/17.1.0":["{{r}}",7285658,140463],"chl_oc3\/17.1.1":["{{r}}",7426121,758243],"chl_oc3\/17.1.2":["{{r}}",8184364,1883609],"chl_oc3\/17.1.3":["{{r}}",10067973,1711486],"chl_oc3\/17.1.4":["{{r}}",11779459,341186],"chl_oc3\/17.2.0":["{{r}}",12120645,568173],"chl_oc3\/17.2.1":["{{r}}",12688818,2053202],"chl_oc3\/17.2.2":["{{r}}",14742020,41827],"chl_oc3\/17.2.3":["{{r}}",14783847,1493416],"chl_oc3\/17.2.4":["{{r}}",16277263,1604778],"chl_oc3\/17.3.0":["{{r}}",17882041,100631],"chl_oc3\/17.3.1":["{{r}}",17982672,2071071],"chl_oc3\/17.3.2":["{{r}}",20053743,1464167],"chl_oc3\/17.3.3":["{{r}}",21517910,1891320],"chl_oc3\/17.3.4":["{{r}}",23409230,2516881],"chl_oc3\/17.4.0":["{{r}}",25926111,10921],"chl_oc3\/17.4.1":["{{r}}",25937032,1759673],"chl_oc3\/17.4.2":["{{r}}",27696705,1332157],"chl_oc3\/17.4.3":["{{r}}",29028862,1680494],"chl_oc3\/17.4.4":["{{r}}",30709356,2536872],"chl_oc3\/18.0.0":["{{s}}",151221,10921],"chl_oc3\/18.0.1":["{{s}}",162142,682680],"chl_oc3\/18.0.2":["{{s}}",844822,1883602],"chl_oc3\/18.0.3":["{{s}}",2728424,3406690],"chl_oc3\/18.0.4":["{{s}}",6135114,2862971],"chl_oc3\/18.1.0":["{{s}}",8998085,636184],"chl_oc3\/18.1.1":["{{s}}",9634269,1099049],"chl_oc3\/18.1.2":["{{s}}",10733318,1942075],"chl_oc3\/18.1.3":["{{s}}",12675393,1660231],"chl_oc3\/18.1.4":["{{s}}",14335624,2226882],"chl_oc3\/18.2.0":["{{s}}",16562506,2583576],"chl_oc3\/18.2.1":["{{s}}",19146082,2443161],"chl_oc3\/18.2.2":["{{s}}",21589243,104765],"chl_oc3\/18.2.3":["{{s}}",21694008,846575],"chl_oc3\/18.2.4":["{{s}}",22540583,3752356],"chl_oc3\/18.3.0":["{{s}}",26292939,819199],"chl_oc3\/18.3.1":["{{s}}",27112138,688025],"chl_oc3\/18.3.2":["{{s}}",27800163,1597381],"chl_oc3\/18.3.3":["{{s}}",29397544,3149532],"chl_oc3\/18.3.4":["{{s}}",32547076,2681556],"chl_oc3\/18.4.0":["{{s}}",35228632,168582],"chl_oc3\/18.4.1":["{{s}}",35397214,724400],"chl_oc3\/18.4.2":["{{s}}",36121614,2489916],"chl_oc3\/18.4.3":["{{s}}",38611530,471475],"chl_oc3\/18.4.4":["{{s}}",39083005,896469],"chl_oc3\/19.0.0":["{{t}}",151221,48609],"chl_oc3\/19.0.1":["{{t}}",199830,423450],"chl_oc3\/19.0.2":["{{t}}",623280,1518274],"chl_oc3\/19.0.3":["{{t}}",2141554,4488908],"chl_oc3\/19.0.4":["{{t}}",6630462,487350],"chl_oc3\/19.1.0":["{{t}}",7117812,124639],"chl_oc3\/19.1.1":["{{t}}",7242451,1612219],"chl_oc3\/19.1.2":["{{t}}",8854670,1742044],"chl_oc3\/19.1.3":["{{t}}",10596714,1616279],"chl_oc3\/19.1.4":["{{t}}",12212993,411908],"chl_oc3\/19.2.0":["{{t}}",12624901,2321941],"chl_oc3\/19.2.1":["{{t}}",14946842,2864678],"chl_oc3\/19.2.2":["{{t}}",17811520,33761],"chl_oc3\/19.2.3":["{{t}}",17845281,646849],"chl_oc3\/19.2.4":["{{t}}",18492130,1990427],"chl_oc3\/19.3.0":["{{t}}",20482557,2286559],"chl_oc3\/19.3.1":["{{t}}",22769116,1174628],"chl_oc3\/19.3.2":["{{t}}",23943744,1351875],"chl_oc3\/19.3.3":["{{t}}",25295619,408724],"chl_oc3\/19.3.4":["{{t}}",25704343,1344053],"chl_oc3\/19.4.0":["{{t}}",27048396,406531],"chl_oc3\/19.4.1":["{{t}}",27454927,738177],"chl_oc3\/19.4.2":["{{t}}",28193104,1331062],"chl_oc3\/19.4.3":["{{t}}",29524166,2218970],"chl_oc3\/19.4.4":["{{t}}",31743136,1438757],"chl_oc3\/20.0.0":["{{u}}",151221,72072],"chl_oc3\/20.0.1":["{{u}}",223293,1447516],"chl_oc3\/20.0.2":["{{u}}",1670809,1857539],"chl_oc3\/20.0.3":["{{u}}",3528348,3368465],"chl_oc3\/20.0.4":["{{u}}",6896813,4393311],"chl_oc3\/20.1.0":["{{u}}",11290124,645418],"chl_oc3\/20.1.1":["{{u}}",11935542,977528],"chl_oc3\/20.1.2":["{{u}}",12913070,2442159],"chl_oc3\/20.1.3":["{{u}}",15355229,1964425],"chl_oc3\/20.1.4":["{{u}}",17319654,1511852],"chl_oc3\/20.2.0":["{{u}}",18831506,951746],"chl_oc3\/20.2.1":["{{u}}",19783252,1528303],"chl_oc3\/20.2.2":["{{u}}",21311555,54107],"chl_oc3\/20.2.3":["{{u}}",21365662,1748383],"chl_oc3\/20.2.4":["{{u}}",23114045,2460156],"chl_oc3\/20.3.0":["{{u}}",25574201,970239],"chl_oc3\/20.3.1":["{{u}}",26544440,1186333],"chl_oc3\/20.3.2":["{{u}}",27730773,3413114],"chl_oc3\/20.3.3":["{{u}}",31143887,1821838],"chl_oc3\/20.3.4":["{{u}}",32965725,257755],"chl_oc3\/20.4.0":["{{u}}",33223480,10979],"chl_oc3\/20.4.1":["{{u}}",33234459,414547],"chl_oc3\/20.4.2":["{{u}}",33649006,1055929],"chl_oc3\/20.4.3":["{{u}}",34704935,2574495],"chl_oc3\/20.4.4":["{{u}}",37279430,578198],"chl_oc3\/21.0.0":["{{v}}",151221,10921],"chl_oc3\/21.0.1":["{{v}}",162142,1820064],"chl_oc3\/21.0.2":["{{v}}",1982206,3679209],"chl_oc3\/21.0.3":["{{v}}",5661415,3065875],"chl_oc3\/21.0.4":["{{v}}",8727290,1075071],"chl_oc3\/21.1.0":["{{v}}",9802361,277164],"chl_oc3\/21.1.1":["{{v}}",10079525,1590257],"chl_oc3\/21.1.2":["{{v}}",11669782,1433935],"chl_oc3\/21.1.3":["{{v}}",13103717,1220093],"chl_oc3\/21.1.4":["{{v}}",14323810,1137533],"chl_oc3\/21.2.0":["{{v}}",15461343,2178942],"chl_oc3\/21.2.1":["{{v}}",17640285,1472278],"chl_oc3\/21.2.2":["{{v}}",19112563,110843],"chl_oc3\/21.2.3":["{{v}}",19223406,910863],"chl_oc3\/21.2.4":["{{v}}",20134269,3028863],"chl_oc3\/21.3.0":["{{v}}",23163132,2023713],"chl_oc3\/21.3.1":["{{v}}",25186845,1273619],"chl_oc3\/21.3.2":["{{v}}",26460464,3216196],"chl_oc3\/21.3.3":["{{v}}",29676660,1535741],"chl_oc3\/21.3.4":["{{v}}",31212401,2814847],"chl_oc3\/21.4.0":["{{v}}",34027248,502706],"chl_oc3\/21.4.1":["{{v}}",34529954,573400],"chl_oc3\/21.4.2":["{{v}}",35103354,718737],"chl_oc3\/21.4.3":["{{v}}",35822091,1407516],"chl_oc3\/21.4.4":["{{v}}",37229607,2966558],"chl_oc3\/22.0.0":["{{w}}",151221,302441],"chl_oc3\/22.0.1":["{{w}}",453662,955332],"chl_oc3\/22.0.2":["{{w}}",1408994,3453031],"chl_oc3\/22.0.3":["{{w}}",4862025,2723417],"chl_oc3\/22.0.4":["{{w}}",7585442,3093643],"chl_oc3\/22.1.0":["{{w}}",10679085,294867],"chl_oc3\/22.1.1":["{{w}}",10973952,1313895],"chl_oc3\/22.1.2":["{{w}}",12287847,2285771],"chl_oc3\/22.1.3":["{{w}}",14573618,1349479],"chl_oc3\/22.1.4":["{{w}}",15923097,2617652],"chl_oc3\/22.2.0":["{{w}}",18540749,447350],"chl_oc3\/22.2.1":["{{w}}",18988099,2452058],"chl_oc3\/22.2.2":["{{w}}",21440157,56731],"chl_oc3\/22.2.3":["{{w}}",21496888,2806693],"chl_oc3\/22.2.4":["{{w}}",24303581,1538761],"chl_oc3\/22.3.0":["{{w}}",25842342,116418],"chl_oc3\/22.3.1":["{{w}}",25958760,873668],"chl_oc3\/22.3.2":["{{w}}",26832428,3188586],"chl_oc3\/22.3.3":["{{w}}",30021014,2555860],"chl_oc3\/22.3.4":["{{w}}",32576874,576857],"chl_oc3\/22.4.0":["{{w}}",33153731,38029],"chl_oc3\/22.4.1":["{{w}}",33191760,594432],"chl_oc3\/22.4.2":["{{w}}",33786192,955836],"chl_oc3\/22.4.3":["{{w}}",34742028,1837501],"chl_oc3\/22.4.4":["{{w}}",36579529,1005533],"chl_oc3\/23.0.0":["{{x}}",151221,10921],"chl_oc3\/23.0.1":["{{x}}",162142,507228],"chl_oc3\/23.0.2":["{{x}}",669370,2979811],"chl_oc3\/23.0.3":["{{x}}",3649181,821959],"chl_oc3\/23.0.4":["{{x}}",4471140,1618824],"chl_oc3\/23.1.0":["{{x}}",6089964,1013433],"chl_oc3\/23.1.1":["{{x}}",7103397,1529048],"chl_oc3\/23.1.2":["{{x}}",8632445,1925586],"chl_oc3\/23.1.3":["{{x}}",10558031,698081],"chl_oc3\/23.1.4":["{{x}}",11256112,1873550],"chl_oc3\/23.2.0":["{{x}}",13129662,3113174],"chl_oc3\/23.2.1":["{{x}}",16242836,1197142],"chl_oc3\/23.2.2":["{{x}}",17439978,99975],"chl_oc3\/23.2.3":["{{x}}",17539953,751561],"chl_oc3\/23.2.4":["{{x}}",18291514,2924547],"chl_oc3\/23.3.0":["{{x}}",21216061,2826057],"chl_oc3\/23.3.1":["{{x}}",24042118,963435],"chl_oc3\/23.3.2":["{{x}}",25005553,2336138],"chl_oc3\/23.3.3":["{{x}}",27341691,1001895],"chl_oc3\/23.3.4":["{{x}}",28343586,2329888],"chl_oc3\/23.4.0":["{{x}}",30673474,1018570],"chl_oc3\/23.4.1":["{{x}}",31692044,2306337],"chl_oc3\/23.4.2":["{{x}}",33998381,340906],"chl_oc3\/23.4.3":["{{x}}",34339287,1031388],"chl_oc3\/23.4.4":["{{x}}",35370675,946043],"chl_oc3\/24.0.0":["{{y}}",151221,202379],"chl_oc3\/24.0.1":["{{y}}",353600,1091354],"chl_oc3\/24.0.2":["{{y}}",1444954,2590685],"chl_oc3\/24.0.3":["{{y}}",4035639,1878600],"chl_oc3\/24.0.4":["{{y}}",5914239,10921],"chl_oc3\/24.1.0":["{{y}}",5925160,248807],"chl_oc3\/24.1.1":["{{y}}",6173967,1738386],"chl_oc3\/24.1.2":["{{y}}",7912353,1898278],"chl_oc3\/24.1.3":["{{y}}",9810631,1740235],"chl_oc3\/24.1.4":["{{y}}",11550866,174530],"chl_oc3\/24.2.0":["{{y}}",11725396,511596],"chl_oc3\/24.2.1":["{{y}}",12236992,1710998],"chl_oc3\/24.2.2":["{{y}}",13947990,86545],"chl_oc3\/24.2.3":["{{y}}",14034535,2207052],"chl_oc3\/24.2.4":["{{y}}",16241587,1315959],"chl_oc3\/24.3.0":["{{y}}",17557546,447475],"chl_oc3\/24.3.1":["{{y}}",18005021,2046375],"chl_oc3\/24.3.2":["{{y}}",20051396,1336752],"chl_oc3\/24.3.3":["{{y}}",21388148,2041644],"chl_oc3\/24.3.4":["{{y}}",23429792,464078],"chl_oc3\/24.4.0":["{{y}}",23893870,10921],"chl_oc3\/24.4.1":["{{y}}",23904791,2363857],"chl_oc3\/24.4.2":["{{y}}",26268648,1098490],"chl_oc3\/24.4.3":["{{y}}",27367138,464331],"chl_oc3\/24.4.4":["{{y}}",27831469,904866],"chl_oc3\/25.0.0":["{{z}}",151221,10921],"chl_oc3\/25.0.1":["{{z}}",162142,1537627],"chl_oc3\/25.0.2":["{{z}}",1699769,1646714],"chl_oc3\/25.0.3":["{{z}}",3346483,2020089],"chl_oc3\/25.0.4":["{{z}}",5366572,1142143],"chl_oc3\/25.1.0":["{{z}}",6508715,480259],"chl_oc3\/25.1.1":["{{z}}",6988974,1779707],"chl_oc3\/25.1.2":["{{z}}",8768681,777539],"chl_oc3\/25.1.3":["{{z}}",9546220,1505846],"chl_oc3\/25.1.4":["{{z}}",11052066,1003624],"chl_oc3\/25.2.0":["{{z}}",12055690,2456486],"chl_oc3\/25.2.1":["{{z}}",14512176,1382843],"chl_oc3\/25.2.2":["{{z}}",15895019,130569],"chl_oc3\/25.2.3":["{{z}}",16025588,792954],"chl_oc3\/25.2.4":["{{z}}",16818542,3108479],"chl_oc3\/25.3.0":["{{z}}",19927021,1772814],"chl_oc3\/25.3.1":["{{z}}",21699835,1761812],"chl_oc3\/25.3.2":["{{z}}",23461647,1965078],"chl_oc3\/25.3.3":["{{z}}",25426725,1995299],"chl_oc3\/25.3.4":["{{z}}",27422024,3574038],"chl_oc3\/25.4.0":["{{z}}",30996062,972660],"chl_oc3\/25.4.1":["{{z}}",31968722,1857650],"chl_oc3\/25.4.2":["{{z}}",33826372,1974882],"chl_oc3\/25.4.3":["{{z}}",35801254,607350],"chl_oc3\/25.4.4":["{{z}}",36408604,38385],"chl_oc3\/26.0.0":["{{A}}",151221,102140],"chl_oc3\/26.0.1":["{{A}}",253361,168667],"chl_oc3\/26.0.2":["{{A}}",422028,2129462],"chl_oc3\/26.0.3":["{{A}}",2551490,1791684],"chl_oc3\/26.0.4":["{{A}}",4343174,110811],"chl_oc3\/26.1.0":["{{A}}",4453985,161371],"chl_oc3\/26.1.1":["{{A}}",4615356,1018067],"chl_oc3\/26.1.2":["{{A}}",5633423,1447035],"chl_oc3\/26.1.3":["{{A}}",7080458,2223485],"chl_oc3\/26.1.4":["{{A}}",9303943,624696],"chl_oc3\/26.2.0":["{{A}}",9928639,161829],"chl_oc3\/26.2.1":["{{A}}",10090468,2013422],"chl_oc3\/26.2.2":["{{A}}",12103890,12902],"chl_oc3\/26.2.3":["{{A}}",12116792,625576],"chl_oc3\/26.2.4":["{{A}}",12742368,1567182],"chl_oc3\/26.3.0":["{{A}}",14309550,11088],"chl_oc3\/26.3.1":["{{A}}",14320638,1618553],"chl_oc3\/26.3.2":["{{A}}",15939191,1480029],"chl_oc3\/26.3.3":["{{A}}",17419220,1564249],"chl_oc3\/26.3.4":["{{A}}",18983469,1931614],"chl_oc3\/26.4.0":["{{A}}",20915083,10921],"chl_oc3\/26.4.1":["{{A}}",20926004,2838334],"chl_oc3\/26.4.2":["{{A}}",23764338,1972176],"chl_oc3\/26.4.3":["{{A}}",25736514,1377235],"chl_oc3\/26.4.4":["{{A}}",27113749,571108],"chl_oc3\/27.0.0":["{{B}}",151221,10921],"chl_oc3\/27.0.1":["{{B}}",162142,406521],"chl_oc3\/27.0.2":["{{B}}",568663,1340449],"chl_oc3\/27.0.3":["{{B}}",1909112,783595],"chl_oc3\/27.0.4":["{{B}}",2692707,670691],"chl_oc3\/27.1.0":["{{B}}",3363398,843523],"chl_oc3\/27.1.1":["{{B}}",4206921,700072],"chl_oc3\/27.1.2":["{{B}}",4906993,1631129],"chl_oc3\/27.1.3":["{{B}}",6538122,1661600],"chl_oc3\/27.1.4":["{{B}}",8199722,1907885],"chl_oc3\/27.2.0":["{{B}}",10107607,1786061],"chl_oc3\/27.2.1":["{{B}}",11893668,2028748],"chl_oc3\/27.2.2":["{{B}}",13922416,94484],"chl_oc3\/27.2.3":["{{B}}",14016900,821100],"chl_oc3\/27.2.4":["{{B}}",14838000,2424362],"chl_oc3\/27.3.0":["{{B}}",17262362,1073279],"chl_oc3\/27.3.1":["{{B}}",18335641,1764941],"chl_oc3\/27.3.2":["{{B}}",20100582,1018903],"chl_oc3\/27.3.3":["{{B}}",21119485,2103736],"chl_oc3\/27.3.4":["{{B}}",23223221,1002795],"chl_oc3\/27.4.0":["{{B}}",24226016,103724],"chl_oc3\/27.4.1":["{{B}}",24329740,1860996],"chl_oc3\/27.4.2":["{{B}}",26190736,1905936],"chl_oc3\/27.4.3":["{{B}}",28096672,1663926],"chl_oc3\/27.4.4":["{{B}}",29760598,119582],"chl_oc3\/28.0.0":["{{C}}",151221,175270],"chl_oc3\/28.0.1":["{{C}}",326491,159106],"chl_oc3\/28.0.2":["{{C}}",485597,1068885],"chl_oc3\/28.0.3":["{{C}}",1554482,447533],"chl_oc3\/28.0.4":["{{C}}",2002015,11476],"chl_oc3\/28.1.0":["{{C}}",2013491,10921],"chl_oc3\/28.1.1":["{{C}}",2024412,1103621],"chl_oc3\/28.1.2":["{{C}}",3128033,1954324],"chl_oc3\/28.1.3":["{{C}}",5082357,1148485],"chl_oc3\/28.1.4":["{{C}}",6230842,809223],"chl_oc3\/28.2.0":["{{C}}",7040065,10921],"chl_oc3\/28.2.1":["{{C}}",7050986,2384289],"chl_oc3\/28.2.2":["{{C}}",9435275,47762],"chl_oc3\/28.2.3":["{{C}}",9483037,680330],"chl_oc3\/28.2.4":["{{C}}",10163367,1816292],"chl_oc3\/28.3.0":["{{C}}",11979659,1336259],"chl_oc3\/28.3.1":["{{C}}",13315918,1572944],"chl_oc3\/28.3.2":["{{C}}",14888862,813599],"chl_oc3\/28.3.3":["{{C}}",15702461,1819196],"chl_oc3\/28.3.4":["{{C}}",17521657,2618437],"chl_oc3\/28.4.0":["{{C}}",20140094,1179733],"chl_oc3\/28.4.1":["{{C}}",21319827,1967933],"chl_oc3\/28.4.2":["{{C}}",23287760,1107031],"chl_oc3\/28.4.3":["{{C}}",24394791,788358],"chl_oc3\/28.4.4":["{{C}}",25183149,1433204],"chl_oc3\/29.0.0":["{{D}}",151221,209974],"chl_oc3\/29.0.1":["{{D}}",361195,320627],"chl_oc3\/29.0.2":["{{D}}",681822,1194994],"chl_oc3\/29.0.3":["{{D}}",1876816,545325],"chl_oc3\/29.0.4":["{{D}}",2422141,1387446],"chl_oc3\/29.1.0":["{{D}}",3809587,220659],"chl_oc3\/29.1.1":["{{D}}",4030246,530081],"chl_oc3\/29.1.2":["{{D}}",4560327,1513614],"chl_oc3\/29.1.3":["{{D}}",6073941,1365721],"chl_oc3\/29.1.4":["{{D}}",7439662,1650480],"chl_oc3\/29.2.0":["{{D}}",9090142,665238],"chl_oc3\/29.2.1":["{{D}}",9755380,2629431],"chl_oc3\/29.2.2":["{{D}}",12384811,56507],"chl_oc3\/29.2.3":["{{D}}",12441318,2352674],"chl_oc3\/29.2.4":["{{D}}",14793992,1354321],"chl_oc3\/29.3.0":["{{D}}",16148313,682020],"chl_oc3\/29.3.1":["{{D}}",16830333,1898098],"chl_oc3\/29.3.2":["{{D}}",18728431,1396395],"chl_oc3\/29.3.3":["{{D}}",20124826,1552783],"chl_oc3\/29.3.4":["{{D}}",21677609,686419],"chl_oc3\/29.4.0":["{{D}}",22364028,340153],"chl_oc3\/29.4.1":["{{D}}",22704181,3145893],"chl_oc3\/29.4.2":["{{D}}",25850074,375142],"chl_oc3\/29.4.3":["{{D}}",26225216,2036859],"chl_oc3\/29.4.4":["{{D}}",28262075,487093]}}