{"version":1,"templates":{"a":"s3:\/\/imos-data\/IMOS\/SRS\/OC\/gridded\/aqua\/P1D\/2015\/12\/A.P1D.20151201T053000Z.aust.chl_gsm.nc","b":"s3:\/\/imos-data\/IMOS\/SRS\/OC\/gridded\/aqua\/P1D\/2015\/12\/A.P1D.20151202T053000Z.aust.chl_gsm.nc","c":"s3:\/\/imos-data\/IMOS\/SRS\/OC\/gridded\/aqua\/P1D\/2015\/12\/A.P1D.20151203T053000Z.aust.chl_gsm.nc","d":"s3:\/\/imos-data\/IMOS\/SRS\/OC\/gridded\/aqua\/P1D\/2015\/12\/A.P1D.20151204T053000Z.aust.chl_gsm.nc","e":"s3:\/\/imos-data\/IMOS\/SRS\/OC\/gridded\/aqua\/P1D\/2015\/12\/A.P1D.20151205T053000Z.aust.chl_gsm.nc","f":"s3:\/\/imos-data\/IMOS\/SRS\/OC\/gridded\/aqua\/P1D\/2015\/12\/A.P1D.20151206T053000Z.aust.chl_gsm.nc","g":"s3:\/\/imos-data\/IMOS\/SRS\/OC\/gridded\/aqua\/P1D\/2015\/12\/A.P1D.20151207T053000Z.aust.chl_gsm.nc","h":"s3:\/\/imos-data\/IMOS\/SRS\/OC\/gridded\/aqua\/P1D\/2015\/12\/A.P1D.20151208T053000Z.aust.chl_gsm.nc","i":"s3:\/\/imos-data\/IMOS\/SRS\/OC\/gridded\/aqua\/P1D\/2015\/12\/A.P1D.20151209T053000Z.aust.chl_gsm.nc","j":"s3:\/\/imos-data\/IMOS\/SRS\/OC\/gridded\/aqua\/P1D\/2015\/12\/A.P1D.20151210T053000Z.aust.chl_gsm.nc","k":"s3:\/\/imos-data\/IMOS\/SRS\/OC\/gridded\/aqua\/P1D\/2015\/12\/A.P1D.20151211T053000Z.aust.chl_gsm.nc","l":"s3:\/\/imos-data\/IMOS\/SRS\/OC\/gridded\/aqua\/P1D\/2015\/12\/A.P1D.20151212T053000Z.aust.chl_gsm.nc","m":"s3:\/\/imos-data\/IMOS\/SRS\/OC\/gridded\/aqua\/P1D\/2015\/12\/A.P1D.20151213T053000Z.aust.chl_gsm.nc","n":"s3:\/\/imos-data\/IMOS\/SRS\/OC\/gridded\/aqua\/P1D\/2015\/12\/A.P1D.20151214T053000Z.aust.chl_gsm.nc","o":"s3:\/\/imos-data\/IMOS\/SRS\/OC\/gridded\/aqua\/P1D\/2015\/12\/A.P1D.20151215T053000Z.aust.chl_gsm.nc","p":"s3:\/\/imos-data\/IMOS\/SRS\/OC\/gridded\/aqua\/P1D\/2015\/12\/A.P1D.20151216T053000Z.aust.chl_gsm.nc","q":"s3:\/\/imos-data\/IMOS\/SRS\/OC\/gridded\/aqua\/P1D\/2015\/12\/A.P1D.20151217T053000Z.aust.chl_gsm.nc","r":"s3:\/\/imos-data\/IMOS\/SRS\/OC\/gridded\/aqua\/P1D\/2015\/12\/A.P1D.20151218T053000Z.aust.chl_gsm.nc","s":"s3:\/\/imos-data\/IMOS\/SRS\/OC\/gridded\/aqua\/P1D\/2015\/12\/A.P1D.20151219T053000Z.aust.chl_gsm.nc","t":"s3:\/\/imos-data\/IMOS\/SRS\/OC\/gridded\/aqua\/P1D\/2015\/12\/A.P1D.20151220T053000Z.aust.chl_gsm.nc","u":"s3:\/\/imos-data\/IMOS\/SRS\/OC\/gridded\/aqua\/P1D\/2015\/12\/A.P1D.20151221T053000Z.aust.chl_gsm.nc","v":"s3:\/\/imos-data\/IMOS\/SRS\/OC\/gridded\/aqua\/P1D\/2015\/12\/A.P1D.20151222T053000Z.aust.chl_gsm.nc","w":"s3:\/\/imos-data\/IMOS\/SRS\/OC\/gridded\/aqua\/P1D\/2015\/12\/A.P1D.20151223T053000Z.aust.chl_gsm.nc","x":"s3:\/\/imos-data\/IMOS\/SRS\/OC\/gridded\/aqua\/P1D\/2015\/12\/A.P1D.20151224T053000Z.aust.chl_gsm.nc","y":"s3:\/\/imos-data\/IMOS\/SRS\/OC\/gridded\/aqua\/P1D\/2015\/12\/A.P1D.20151225T053000Z.aust.chl_gsm.nc","z":"s3:\/\/imos-data\/IMOS\/SRS\/OC\/gridded\/aqua\/P1D\/2015\/12\/A.P1D.20151226T053000Z.aust.chl_gsm.nc","A":"s3:\/\/imos-data\/IMOS\/SRS\/OC\/gridded\/aqua\/P1D\/2015\/12\/A.P1D.20151227T053000Z.aust.chl_gsm.nc","B":"s3:\/\/imos-data\/IMOS\/SRS\/OC\/gridded\/aqua\/P1D\/2015\/12\/A.P1D.20151228T053000Z.aust.chl_gsm.nc","C":"s3:\/\/imos-data\/IMOS\/SRS\/OC\/gridded\/aqua\/P1D\/2015\/12\/A.P1D.20151229T053000Z.aust.chl_gsm.nc","D":"s3:\/\/imos-data\/IMOS\/SRS\/OC\/gridded\/aqua\/P1D\/2015\/12\/A.P1D.20151230T053000Z.aust.chl_gsm.nc","E":"s3:\/\/imos-data\/IMOS\/SRS\/OC\/gridded\/aqua\/P1D\/2015\/12\/A.P1D.20151231T053000Z.aust.chl_gsm.nc"},"refs":{".zgroup":"{\"zarr_format\":2}",".zattrs":"{\"Conventions\":\"CF-1.6\",\"_NCProperties\":\"version=1|netcdflibversion=4.6.1|hdf5libversion=1.10.4\",\"_nc3_strict\":1,\"history\":\"File initialised at 2020-08-06T06:31:32.537459\\nInitialised var chl_gsm at 2020-08-06T06:31:57.134225\\nAdd Granule A20151201_0220.20190925142130.L2OC_BASE.chl_gsm.nc at 2020-08-06T06:31:58.016028\\nAdd Granule A20151201_0225.20190925161735.L2OC_BASE.chl_gsm.nc at 2020-08-06T06:31:58.181493\\nAdd Granule A20151201_0230.20190925141445.L2OC_BASE.chl_gsm.nc at 2020-08-06T06:31:58.313744\\nAdd Granule A20151201_0350.20190925142949.L2OC_BASE.chl_gsm.nc at 2020-08-06T06:31:58.531874\\nAdd Granule A20151201_0355.20190925152636.L2OC_BASE.chl_gsm.nc at 2020-08-06T06:31:58.797411\\nAdd Granule A20151201_0400.20190925141016.L2OC_BASE.chl_gsm.nc at 2020-08-06T06:31:58.972129\\nAdd Granule A20151201_0405.20190925160144.L2OC_BASE.chl_gsm.nc at 2020-08-06T06:31:59.193367\\nAdd Granule A20151201_0410.20190925153955.L2OC_BASE.chl_gsm.nc at 2020-08-06T06:31:59.310981\\nAdd Granule A20151201_0530.20190925153339.L2OC_BASE.chl_gsm.nc at 2020-08-06T06:31:59.615078\\nAdd Granule A20151201_0535.20190925145354.L2OC_BASE.chl_gsm.nc at 2020-08-06T06:31:59.827464\\nAdd Granule A20151201_0540.20190925163638.L2OC_BASE.chl_gsm.nc at 2020-08-06T06:32:00.008442\\nAdd Granule A20151201_0545.20190925162940.L2OC_BASE.chl_gsm.nc at 2020-08-06T06:32:00.200179\\nAdd Granule A20151201_0705.20190925144949.L2OC_BASE.chl_gsm.nc at 2020-08-06T06:32:00.357480\\nAdd Granule A20151201_0710.20190925151727.L2OC_BASE.chl_gsm.nc at 2020-08-06T06:32:00.680788\\nAdd Granule A20151201_0715.20190925155551.L2OC_BASE.chl_gsm.nc at 2020-08-06T06:32:00.889974\\nAdd Granule A20151201_0720.20190925144333.L2OC_BASE.chl_gsm.nc at 2020-08-06T06:32:01.076590\\nAdd Granule A20151201_0725.20190925162447.L2OC_BASE.chl_gsm.nc at 2020-08-06T06:32:01.252589\\nAdd Granule A20151201_0845.20190925152218.L2OC_BASE.chl_gsm.nc at 2020-08-06T06:32:01.429600\\nAdd Granule A20151201_0850.20190925161006.L2OC_BASE.chl_gsm.nc at 2020-08-06T06:32:01.593852\\nAdd Granule A20151201_0855.20190925143502.L2OC_BASE.chl_gsm.nc at 2020-08-06T06:32:01.774782\\nAdd Granule A20151201_0900.20190925150024.L2OC_BASE.chl_gsm.nc at 2020-08-06T06:32:01.909356\",\"source_path\":\"imos-srs\\\/archive\\\/oc\\\/aqua\\\/1d\\\/v201909\\\/2015\\\/12\\\/A20151201.L2OC_BASE.aust.chl_gsm.nc\"}","latitude\/.zarray":"{\n    \"chunks\": [\n        7001\n    ],\n    \"compressor\": null,\n    \"dtype\": \"<f8\",\n    \"fill_value\": 9.969209968386869e+36,\n    \"filters\": null,\n    \"order\": \"C\",\n    \"shape\": [\n        7001\n    ],\n    \"zarr_format\": 2\n}","latitude\/.zattrs":"{\n    \"NAME\": \"latitude\",\n    \"_ARRAY_DIMENSIONS\": [\n        \"latitude\"\n    ],\n    \"_Netcdf4Dimid\": 1,\n    \"axis\": \"Y\",\n    \"long_name\": \"latitude\",\n    \"standard_name\": \"latitude\",\n    \"units\": \"degrees_north\"\n}","latitude\/0":["{{a}}",2392,56008],"chl_gsm\/.zarray":"{\"chunks\":[1,1401,2001],\"compressor\":{\"id\":\"zlib\",\"level\":4},\"dtype\":\"<f4\",\"fill_value\":-999.0,\"filters\":[{\"elementsize\":4,\"id\":\"shuffle\"}],\"order\":\"C\",\"shape\":[31,7001,10001],\"zarr_format\":2}","chl_gsm\/.zattrs":"{\"_ARRAY_DIMENSIONS\":[\"time\",\"latitude\",\"longitude\"],\"flag_applied\":\"HISATZEN LAND CLDICE NAVFAIL\",\"long_name\":\"Chlorophyll Concentration, GSM model\",\"units\":\"mg\\\/m^3\"}","longitude\/.zarray":"{\n    \"chunks\": [\n        10001\n    ],\n    \"compressor\": null,\n    \"dtype\": \"<f8\",\n    \"fill_value\": 9.969209968386869e+36,\n    \"filters\": null,\n    \"order\": \"C\",\n    \"shape\": [\n        10001\n    ],\n    \"zarr_format\": 2\n}","longitude\/.zattrs":"{\n    \"NAME\": \"longitude\",\n    \"_ARRAY_DIMENSIONS\": [\n        \"longitude\"\n    ],\n    \"_Netcdf4Dimid\": 2,\n    \"axis\": \"X\",\n    \"long_name\": \"longitude\",\n    \"standard_name\": \"longitude\",\n    \"units\": \"degrees_east\"\n}","longitude\/0":["{{a}}",58400,80008],"time\/.zarray":"{\"chunks\":[31],\"compressor\":{\"blocksize\":0,\"clevel\":5,\"cname\":\"lz4\",\"id\":\"blosc\",\"shuffle\":1},\"dtype\":\"<M8[us]\",\"fill_value\":0,\"filters\":null,\"order\":\"C\",\"shape\":[31],\"zarr_format\":2}","time\/0":"base64:AgExCPgAAAD4AAAAtAAAABQAAACcAAAAHwABAAv7AcYmhuZGpgZmxiaG5kamBmYQAPRW6sKZcEgf986lfVQrA9qyiWA4D+a+lW1EG\/PKoXlQKHKQrszqCCVDYX+du9n2FDJQboypx+UDIT9cepi21PLP4\/cLHzRIXHCEmKzA1On9ESU5TWF1ip6yxtruAhYqJSUlJiYmJiYFABcnAQCPKCgoBQUFBQUFAAcP2AAHUAAAAAAA","time\/.zattrs":"{\"NAME\":\"time\",\"_ARRAY_DIMENSIONS\":[\"time\"],\"_Netcdf4Dimid\":0,\"axis\":\"T\",\"long_name\":\"time\",\"standard_name\":\"time\"}","chl_gsm\/0.0.0":["{{a}}",151217,474243],"chl_gsm\/0.0.1":["{{a}}",625460,1122344],"chl_gsm\/0.0.2":["{{a}}",1747804,2553223],"chl_gsm\/0.0.3":["{{a}}",4301027,3101657],"chl_gsm\/0.0.4":["{{a}}",7402684,1416826],"chl_gsm\/0.1.0":["{{a}}",8819510,807046],"chl_gsm\/0.1.1":["{{a}}",9626556,908397],"chl_gsm\/0.1.2":["{{a}}",10534953,1168611],"chl_gsm\/0.1.3":["{{a}}",11703564,1428035],"chl_gsm\/0.1.4":["{{a}}",13131599,2392852],"chl_gsm\/0.2.0":["{{a}}",15524451,2471671],"chl_gsm\/0.2.1":["{{a}}",17996122,1179232],"chl_gsm\/0.2.2":["{{a}}",19175354,80190],"chl_gsm\/0.2.3":["{{a}}",19255544,806600],"chl_gsm\/0.2.4":["{{a}}",20062144,2813842],"chl_gsm\/0.3.0":["{{a}}",22875986,1710398],"chl_gsm\/0.3.1":["{{a}}",24586384,1026539],"chl_gsm\/0.3.2":["{{a}}",25612923,2648995],"chl_gsm\/0.3.3":["{{a}}",28261918,2206612],"chl_gsm\/0.3.4":["{{a}}",30468530,805968],"chl_gsm\/0.4.0":["{{a}}",31274498,236227],"chl_gsm\/0.4.1":["{{a}}",31510725,300184],"chl_gsm\/0.4.2":["{{a}}",31810909,1248168],"chl_gsm\/0.4.3":["{{a}}",33059077,2513223],"chl_gsm\/0.4.4":["{{a}}",35572300,250656],"chl_gsm\/1.0.0":["{{b}}",151217,455467],"chl_gsm\/1.0.1":["{{b}}",606684,1625662],"chl_gsm\/1.0.2":["{{b}}",2232346,3771936],"chl_gsm\/1.0.3":["{{b}}",6004282,1892717],"chl_gsm\/1.0.4":["{{b}}",7896999,629252],"chl_gsm\/1.1.0":["{{b}}",8526251,1304687],"chl_gsm\/1.1.1":["{{b}}",9830938,1632594],"chl_gsm\/1.1.2":["{{b}}",11463532,1262727],"chl_gsm\/1.1.3":["{{b}}",12726259,914486],"chl_gsm\/1.1.4":["{{b}}",13640745,1016092],"chl_gsm\/1.2.0":["{{b}}",14656837,3264345],"chl_gsm\/1.2.1":["{{b}}",17921182,1648229],"chl_gsm\/1.2.2":["{{b}}",19569411,46651],"chl_gsm\/1.2.3":["{{b}}",19616062,164629],"chl_gsm\/1.2.4":["{{b}}",19780691,2963034],"chl_gsm\/1.3.0":["{{b}}",22743725,3706975],"chl_gsm\/1.3.1":["{{b}}",26450700,1397679],"chl_gsm\/1.3.2":["{{b}}",27848379,1890617],"chl_gsm\/1.3.3":["{{b}}",29738996,1015867],"chl_gsm\/1.3.4":["{{b}}",30754863,1704800],"chl_gsm\/1.4.0":["{{b}}",32459663,1717125],"chl_gsm\/1.4.1":["{{b}}",34176788,1046935],"chl_gsm\/1.4.2":["{{b}}",35223723,514002],"chl_gsm\/1.4.3":["{{b}}",35737725,1434380],"chl_gsm\/1.4.4":["{{b}}",37172105,978949],"chl_gsm\/2.0.0":["{{c}}",151217,1787599],"chl_gsm\/2.0.1":["{{c}}",1938816,1177357],"chl_gsm\/2.0.2":["{{c}}",3116173,2923890],"chl_gsm\/2.0.3":["{{c}}",6040063,3707846],"chl_gsm\/2.0.4":["{{c}}",9747909,2142043],"chl_gsm\/2.1.0":["{{c}}",11889952,1103838],"chl_gsm\/2.1.1":["{{c}}",12993790,1280752],"chl_gsm\/2.1.2":["{{c}}",14274542,1829949],"chl_gsm\/2.1.3":["{{c}}",16104491,1701174],"chl_gsm\/2.1.4":["{{c}}",17805665,2236286],"chl_gsm\/2.2.0":["{{c}}",20041951,2104935],"chl_gsm\/2.2.1":["{{c}}",22146886,1471837],"chl_gsm\/2.2.2":["{{c}}",23618723,15333],"chl_gsm\/2.2.3":["{{c}}",23634056,659889],"chl_gsm\/2.2.4":["{{c}}",24293945,1642273],"chl_gsm\/2.3.0":["{{c}}",25936218,3651968],"chl_gsm\/2.3.1":["{{c}}",29588186,2557143],"chl_gsm\/2.3.2":["{{c}}",32145329,1745601],"chl_gsm\/2.3.3":["{{c}}",33890930,2949798],"chl_gsm\/2.3.4":["{{c}}",36840728,1252356],"chl_gsm\/2.4.0":["{{c}}",38093084,526012],"chl_gsm\/2.4.1":["{{c}}",38619096,747666],"chl_gsm\/2.4.2":["{{c}}",39366762,1336272],"chl_gsm\/2.4.3":["{{c}}",40703034,1023779],"chl_gsm\/2.4.4":["{{c}}",41726813,1036569],"chl_gsm\/3.0.0":["{{d}}",151217,651284],"chl_gsm\/3.0.1":["{{d}}",802501,973396],"chl_gsm\/3.0.2":["{{d}}",1775897,3556091],"chl_gsm\/3.0.3":["{{d}}",5331988,2666994],"chl_gsm\/3.0.4":["{{d}}",7998982,305413],"chl_gsm\/3.1.0":["{{d}}",8304395,1392899],"chl_gsm\/3.1.1":["{{d}}",9697294,1787685],"chl_gsm\/3.1.2":["{{d}}",11484979,1870652],"chl_gsm\/3.1.3":["{{d}}",13355631,1093524],"chl_gsm\/3.1.4":["{{d}}",14449155,1141080],"chl_gsm\/3.2.0":["{{d}}",15590235,2824453],"chl_gsm\/3.2.1":["{{d}}",18414688,1462387],"chl_gsm\/3.2.2":["{{d}}",19877075,97484],"chl_gsm\/3.2.3":["{{d}}",19974559,518181],"chl_gsm\/3.2.4":["{{d}}",20492740,1775295],"chl_gsm\/3.3.0":["{{d}}",22268035,2712382],"chl_gsm\/3.3.1":["{{d}}",24980417,1436735],"chl_gsm\/3.3.2":["{{d}}",26417152,640514],"chl_gsm\/3.3.3":["{{d}}",27057666,2017663],"chl_gsm\/3.3.4":["{{d}}",29075329,2853998],"chl_gsm\/3.4.0":["{{d}}",31929327,2055214],"chl_gsm\/3.4.1":["{{d}}",33984541,1349979],"chl_gsm\/3.4.2":["{{d}}",35334520,1370826],"chl_gsm\/3.4.3":["{{d}}",36705346,1094830],"chl_gsm\/3.4.4":["{{d}}",37800176,726956],"chl_gsm\/4.0.0":["{{e}}",151217,1157087],"chl_gsm\/4.0.1":["{{e}}",1308304,969136],"chl_gsm\/4.0.2":["{{e}}",2277440,3194978],"chl_gsm\/4.0.3":["{{e}}",5472418,2485742],"chl_gsm\/4.0.4":["{{e}}",7958160,301426],"chl_gsm\/4.1.0":["{{e}}",8259586,650453],"chl_gsm\/4.1.1":["{{e}}",8910039,1917173],"chl_gsm\/4.1.2":["{{e}}",10827212,2123503],"chl_gsm\/4.1.3":["{{e}}",12950715,2026068],"chl_gsm\/4.1.4":["{{e}}",14976783,62700],"chl_gsm\/4.2.0":["{{e}}",15039483,2389553],"chl_gsm\/4.2.1":["{{e}}",17429036,2464539],"chl_gsm\/4.2.2":["{{e}}",19893575,37216],"chl_gsm\/4.2.3":["{{e}}",19930791,2099629],"chl_gsm\/4.2.4":["{{e}}",22030420,1022595],"chl_gsm\/4.3.0":["{{e}}",23053015,1102283],"chl_gsm\/4.3.1":["{{e}}",24155298,933744],"chl_gsm\/4.3.2":["{{e}}",25089042,362565],"chl_gsm\/4.3.3":["{{e}}",25451607,1626269],"chl_gsm\/4.3.4":["{{e}}",27077876,1135949],"chl_gsm\/4.4.0":["{{e}}",28213825,1438573],"chl_gsm\/4.4.1":["{{e}}",29652398,792338],"chl_gsm\/4.4.2":["{{e}}",30444736,1337578],"chl_gsm\/4.4.3":["{{e}}",31782314,598411],"chl_gsm\/4.4.4":["{{e}}",32380725,975602],"chl_gsm\/5.0.0":["{{f}}",151217,1485779],"chl_gsm\/5.0.1":["{{f}}",1636996,1459679],"chl_gsm\/5.0.2":["{{f}}",3096675,2654251],"chl_gsm\/5.0.3":["{{f}}",5750926,1180108],"chl_gsm\/5.0.4":["{{f}}",6931034,989267],"chl_gsm\/5.1.0":["{{f}}",7920301,1709240],"chl_gsm\/5.1.1":["{{f}}",9629541,996463],"chl_gsm\/5.1.2":["{{f}}",10626004,1074950],"chl_gsm\/5.1.3":["{{f}}",11700954,1924875],"chl_gsm\/5.1.4":["{{f}}",13625829,1454420],"chl_gsm\/5.2.0":["{{f}}",15080249,1861955],"chl_gsm\/5.2.1":["{{f}}",16942204,934054],"chl_gsm\/5.2.2":["{{f}}",17876258,38275],"chl_gsm\/5.2.3":["{{f}}",17914533,1165828],"chl_gsm\/5.2.4":["{{f}}",19080361,3133885],"chl_gsm\/5.3.0":["{{f}}",22214246,2676991],"chl_gsm\/5.3.1":["{{f}}",24891237,785967],"chl_gsm\/5.3.2":["{{f}}",25677204,1009018],"chl_gsm\/5.3.3":["{{f}}",26686222,1308711],"chl_gsm\/5.3.4":["{{f}}",27994933,2672349],"chl_gsm\/5.4.0":["{{f}}",30667282,3355874],"chl_gsm\/5.4.1":["{{f}}",34023156,720146],"chl_gsm\/5.4.2":["{{f}}",34743302,1068404],"chl_gsm\/5.4.3":["{{f}}",35811706,527357],"chl_gsm\/5.4.4":["{{f}}",36339063,623590],"chl_gsm\/6.0.0":["{{g}}",151217,1137726],"chl_gsm\/6.0.1":["{{g}}",1288943,1263647],"chl_gsm\/6.0.2":["{{g}}",2552590,2988733],"chl_gsm\/6.0.3":["{{g}}",5541323,1851120],"chl_gsm\/6.0.4":["{{g}}",7392443,18169],"chl_gsm\/6.1.0":["{{g}}",7410612,273753],"chl_gsm\/6.1.1":["{{g}}",7684365,1585894],"chl_gsm\/6.1.2":["{{g}}",9270259,2692786],"chl_gsm\/6.1.3":["{{g}}",11963045,2420252],"chl_gsm\/6.1.4":["{{g}}",14383297,352089],"chl_gsm\/6.2.0":["{{g}}",14735386,3357511],"chl_gsm\/6.2.1":["{{g}}",18092897,2445030],"chl_gsm\/6.2.2":["{{g}}",20537927,30832],"chl_gsm\/6.2.3":["{{g}}",20568759,1701542],"chl_gsm\/6.2.4":["{{g}}",22270301,1913532],"chl_gsm\/6.3.0":["{{g}}",24183833,2763492],"chl_gsm\/6.3.1":["{{g}}",26947325,1726987],"chl_gsm\/6.3.2":["{{g}}",28674312,683318],"chl_gsm\/6.3.3":["{{g}}",29357630,1572190],"chl_gsm\/6.3.4":["{{g}}",30929820,1445874],"chl_gsm\/6.4.0":["{{g}}",32375694,1884059],"chl_gsm\/6.4.1":["{{g}}",34259753,3668289],"chl_gsm\/6.4.2":["{{g}}",37928042,363994],"chl_gsm\/6.4.3":["{{g}}",38292036,185307],"chl_gsm\/6.4.4":["{{g}}",38477343,1255569],"chl_gsm\/7.0.0":["{{h}}",151217,1028020],"chl_gsm\/7.0.1":["{{h}}",1179237,1847069],"chl_gsm\/7.0.2":["{{h}}",3026306,1662487],"chl_gsm\/7.0.3":["{{h}}",4688793,1449748],"chl_gsm\/7.0.4":["{{h}}",6138541,1121316],"chl_gsm\/7.1.0":["{{h}}",7259857,1008232],"chl_gsm\/7.1.1":["{{h}}",8268089,1393396],"chl_gsm\/7.1.2":["{{h}}",9661485,1698199],"chl_gsm\/7.1.3":["{{h}}",11359684,1635861],"chl_gsm\/7.1.4":["{{h}}",12995545,1225018],"chl_gsm\/7.2.0":["{{h}}",14220563,2254132],"chl_gsm\/7.2.1":["{{h}}",16474695,2154537],"chl_gsm\/7.2.2":["{{h}}",18629232,144908],"chl_gsm\/7.2.3":["{{h}}",18774140,1427852],"chl_gsm\/7.2.4":["{{h}}",20201992,2991471],"chl_gsm\/7.3.0":["{{h}}",23193463,1215644],"chl_gsm\/7.3.1":["{{h}}",24409107,2294884],"chl_gsm\/7.3.2":["{{h}}",26703991,1608109],"chl_gsm\/7.3.3":["{{h}}",28312100,1085844],"chl_gsm\/7.3.4":["{{h}}",29397944,1502666],"chl_gsm\/7.4.0":["{{h}}",30900610,1386131],"chl_gsm\/7.4.1":["{{h}}",32286741,1364362],"chl_gsm\/7.4.2":["{{h}}",33651103,623514],"chl_gsm\/7.4.3":["{{h}}",34274617,320232],"chl_gsm\/7.4.4":["{{h}}",34594849,237678],"chl_gsm\/8.0.0":["{{i}}",151217,1462420],"chl_gsm\/8.0.1":["{{i}}",1613637,364655],"chl_gsm\/8.0.2":["{{i}}",1978292,2244565],"chl_gsm\/8.0.3":["{{i}}",4222857,1754899],"chl_gsm\/8.0.4":["{{i}}",5977756,341168],"chl_gsm\/8.1.0":["{{i}}",6318924,936759],"chl_gsm\/8.1.1":["{{i}}",7255683,1084927],"chl_gsm\/8.1.2":["{{i}}",8340610,1747626],"chl_gsm\/8.1.3":["{{i}}",10088236,1244507],"chl_gsm\/8.1.4":["{{i}}",11332743,221459],"chl_gsm\/8.2.0":["{{i}}",11554202,2753932],"chl_gsm\/8.2.1":["{{i}}",14308134,1843493],"chl_gsm\/8.2.2":["{{i}}",16151627,27581],"chl_gsm\/8.2.3":["{{i}}",16179208,839116],"chl_gsm\/8.2.4":["{{i}}",17018324,2294899],"chl_gsm\/8.3.0":["{{i}}",19313223,1098693],"chl_gsm\/8.3.1":["{{i}}",20411916,2630143],"chl_gsm\/8.3.2":["{{i}}",23042059,2603269],"chl_gsm\/8.3.3":["{{i}}",25645328,2231733],"chl_gsm\/8.3.4":["{{i}}",27877061,1491156],"chl_gsm\/8.4.0":["{{i}}",29368217,407971],"chl_gsm\/8.4.1":["{{i}}",29776188,1676301],"chl_gsm\/8.4.2":["{{i}}",31452489,799444],"chl_gsm\/8.4.3":["{{i}}",32251933,177792],"chl_gsm\/8.4.4":["{{i}}",32429725,752742],"chl_gsm\/9.0.0":["{{j}}",151217,1125746],"chl_gsm\/9.0.1":["{{j}}",1276963,955968],"chl_gsm\/9.0.2":["{{j}}",2232931,1433160],"chl_gsm\/9.0.3":["{{j}}",3666091,1287361],"chl_gsm\/9.0.4":["{{j}}",4953452,1870779],"chl_gsm\/9.1.0":["{{j}}",6824231,960175],"chl_gsm\/9.1.1":["{{j}}",7784406,1103537],"chl_gsm\/9.1.2":["{{j}}",8887943,1571945],"chl_gsm\/9.1.3":["{{j}}",10459888,1437289],"chl_gsm\/9.1.4":["{{j}}",11897177,1842602],"chl_gsm\/9.2.0":["{{j}}",13739779,1229377],"chl_gsm\/9.2.1":["{{j}}",14969156,1349719],"chl_gsm\/9.2.2":["{{j}}",16318875,58387],"chl_gsm\/9.2.3":["{{j}}",16377262,1335277],"chl_gsm\/9.2.4":["{{j}}",17712539,2154250],"chl_gsm\/9.3.0":["{{j}}",19866789,1714396],"chl_gsm\/9.3.1":["{{j}}",21581185,1981999],"chl_gsm\/9.3.2":["{{j}}",23563184,2905271],"chl_gsm\/9.3.3":["{{j}}",26468455,1917240],"chl_gsm\/9.3.4":["{{j}}",28385695,426398],"chl_gsm\/9.4.0":["{{j}}",28812093,542785],"chl_gsm\/9.4.1":["{{j}}",29354878,1092251],"chl_gsm\/9.4.2":["{{j}}",30447129,2015745],"chl_gsm\/9.4.3":["{{j}}",32462874,1093965],"chl_gsm\/9.4.4":["{{j}}",33556839,246649],"chl_gsm\/10.0.0":["{{k}}",151217,682479],"chl_gsm\/10.0.1":["{{k}}",833696,1491325],"chl_gsm\/10.0.2":["{{k}}",2325021,1949083],"chl_gsm\/10.0.3":["{{k}}",4274104,2457825],"chl_gsm\/10.0.4":["{{k}}",6731929,602828],"chl_gsm\/10.1.0":["{{k}}",7334757,1970069],"chl_gsm\/10.1.1":["{{k}}",9304826,1902079],"chl_gsm\/10.1.2":["{{k}}",11206905,1315960],"chl_gsm\/10.1.3":["{{k}}",12522865,1045419],"chl_gsm\/10.1.4":["{{k}}",13568284,1201515],"chl_gsm\/10.2.0":["{{k}}",14769799,1985420],"chl_gsm\/10.2.1":["{{k}}",16755219,1035590],"chl_gsm\/10.2.2":["{{k}}",17790809,79460],"chl_gsm\/10.2.3":["{{k}}",17870269,1307797],"chl_gsm\/10.2.4":["{{k}}",19178066,1477587],"chl_gsm\/10.3.0":["{{k}}",20655653,1540415],"chl_gsm\/10.3.1":["{{k}}",22196068,445224],"chl_gsm\/10.3.2":["{{k}}",22641292,2126982],"chl_gsm\/10.3.3":["{{k}}",24768274,1792494],"chl_gsm\/10.3.4":["{{k}}",26560768,1678541],"chl_gsm\/10.4.0":["{{k}}",28239309,355045],"chl_gsm\/10.4.1":["{{k}}",28594354,629116],"chl_gsm\/10.4.2":["{{k}}",29223470,1567370],"chl_gsm\/10.4.3":["{{k}}",30790840,1700377],"chl_gsm\/10.4.4":["{{k}}",32491217,2550001],"chl_gsm\/11.0.0":["{{l}}",151217,180439],"chl_gsm\/11.0.1":["{{l}}",331656,979525],"chl_gsm\/11.0.2":["{{l}}",1311181,2245419],"chl_gsm\/11.0.3":["{{l}}",3556600,1325120],"chl_gsm\/11.0.4":["{{l}}",4881720,4076850],"chl_gsm\/11.1.0":["{{l}}",8958570,1246338],"chl_gsm\/11.1.1":["{{l}}",10204908,1657172],"chl_gsm\/11.1.2":["{{l}}",11862080,1814920],"chl_gsm\/11.1.3":["{{l}}",13677000,2022332],"chl_gsm\/11.1.4":["{{l}}",15699332,1852579],"chl_gsm\/11.2.0":["{{l}}",17551911,2168190],"chl_gsm\/11.2.1":["{{l}}",19720101,1861076],"chl_gsm\/11.2.2":["{{l}}",21581177,20645],"chl_gsm\/11.2.3":["{{l}}",21601822,1435255],"chl_gsm\/11.2.4":["{{l}}",23037077,365142],"chl_gsm\/11.3.0":["{{l}}",23402219,1945524],"chl_gsm\/11.3.1":["{{l}}",25347743,1464146],"chl_gsm\/11.3.2":["{{l}}",26811889,967728],"chl_gsm\/11.3.3":["{{l}}",27779617,2370086],"chl_gsm\/11.3.4":["{{l}}",30149703,374008],"chl_gsm\/11.4.0":["{{l}}",30523711,215300],"chl_gsm\/11.4.1":["{{l}}",30739011,644539],"chl_gsm\/11.4.2":["{{l}}",31383550,146486],"chl_gsm\/11.4.3":["{{l}}",31530036,1362621],"chl_gsm\/11.4.4":["{{l}}",32892657,256120],"chl_gsm\/12.0.0":["{{m}}",151217,2212950],"chl_gsm\/12.0.1":["{{m}}",2364167,1278943],"chl_gsm\/12.0.2":["{{m}}",3643110,1680980],"chl_gsm\/12.0.3":["{{m}}",5324090,385409],"chl_gsm\/12.0.4":["{{m}}",5709499,1062015],"chl_gsm\/12.1.0":["{{m}}",6771514,1886285],"chl_gsm\/12.1.1":["{{m}}",8657799,1733486],"chl_gsm\/12.1.2":["{{m}}",10391285,1028443],"chl_gsm\/12.1.3":["{{m}}",11419728,405008],"chl_gsm\/12.1.4":["{{m}}",11824736,1816599],"chl_gsm\/12.2.0":["{{m}}",13641335,2474008],"chl_gsm\/12.2.1":["{{m}}",16115343,1358807],"chl_gsm\/12.2.2":["{{m}}",17474150,102033],"chl_gsm\/12.2.3":["{{m}}",17576183,667436],"chl_gsm\/12.2.4":["{{m}}",18243619,847289],"chl_gsm\/12.3.0":["{{m}}",19090908,1096440],"chl_gsm\/12.3.1":["{{m}}",20187348,1203918],"chl_gsm\/12.3.2":["{{m}}",21391266,2087841],"chl_gsm\/12.3.3":["{{m}}",23479107,1315470],"chl_gsm\/12.3.4":["{{m}}",24794577,2839791],"chl_gsm\/12.4.0":["{{m}}",27634368,1622683],"chl_gsm\/12.4.1":["{{m}}",29257051,862554],"chl_gsm\/12.4.2":["{{m}}",30119605,1569702],"chl_gsm\/12.4.3":["{{m}}",31689307,763135],"chl_gsm\/12.4.4":["{{m}}",32452442,1224233],"chl_gsm\/13.0.0":["{{n}}",151217,1108169],"chl_gsm\/13.0.1":["{{n}}",1259386,750646],"chl_gsm\/13.0.2":["{{n}}",2010032,1968159],"chl_gsm\/13.0.3":["{{n}}",3978191,1903959],"chl_gsm\/13.0.4":["{{n}}",5882150,10921],"chl_gsm\/13.1.0":["{{n}}",5893071,1858884],"chl_gsm\/13.1.1":["{{n}}",7751955,1255549],"chl_gsm\/13.1.2":["{{n}}",9007504,2082615],"chl_gsm\/13.1.3":["{{n}}",11090119,1751761],"chl_gsm\/13.1.4":["{{n}}",12841880,86850],"chl_gsm\/13.2.0":["{{n}}",12928730,3445792],"chl_gsm\/13.2.1":["{{n}}",16374522,3127858],"chl_gsm\/13.2.2":["{{n}}",19502380,101146],"chl_gsm\/13.2.3":["{{n}}",19603526,1752245],"chl_gsm\/13.2.4":["{{n}}",21355771,883245],"chl_gsm\/13.3.0":["{{n}}",22239016,2082970],"chl_gsm\/13.3.1":["{{n}}",24321986,1353670],"chl_gsm\/13.3.2":["{{n}}",25675656,2022592],"chl_gsm\/13.3.3":["{{n}}",27698248,2334967],"chl_gsm\/13.3.4":["{{n}}",30033215,1252795],"chl_gsm\/13.4.0":["{{n}}",31286010,1267363],"chl_gsm\/13.4.1":["{{n}}",32553373,2407526],"chl_gsm\/13.4.2":["{{n}}",34960899,1044921],"chl_gsm\/13.4.3":["{{n}}",36005820,2394367],"chl_gsm\/13.4.4":["{{n}}",38400187,356085],"chl_gsm\/14.0.0":["{{o}}",151217,2123876],"chl_gsm\/14.0.1":["{{o}}",2275093,491553],"chl_gsm\/14.0.2":["{{o}}",2766646,869038],"chl_gsm\/14.0.3":["{{o}}",3635684,1705208],"chl_gsm\/14.0.4":["{{o}}",5340892,1385295],"chl_gsm\/14.1.0":["{{o}}",6726187,2897581],"chl_gsm\/14.1.1":["{{o}}",9623768,773058],"chl_gsm\/14.1.2":["{{o}}",10396826,1087095],"chl_gsm\/14.1.3":["{{o}}",11483921,1408617],"chl_gsm\/14.1.4":["{{o}}",12892538,1439381],"chl_gsm\/14.2.0":["{{o}}",14331919,2829382],"chl_gsm\/14.2.1":["{{o}}",17161301,2468390],"chl_gsm\/14.2.2":["{{o}}",19629691,136797],"chl_gsm\/14.2.3":["{{o}}",19766488,878922],"chl_gsm\/14.2.4":["{{o}}",20645410,2013564],"chl_gsm\/14.3.0":["{{o}}",22658974,2648687],"chl_gsm\/14.3.1":["{{o}}",25307661,2374192],"chl_gsm\/14.3.2":["{{o}}",27681853,3054158],"chl_gsm\/14.3.3":["{{o}}",30736011,2432843],"chl_gsm\/14.3.4":["{{o}}",33168854,2648827],"chl_gsm\/14.4.0":["{{o}}",35817681,528444],"chl_gsm\/14.4.1":["{{o}}",36346125,1676998],"chl_gsm\/14.4.2":["{{o}}",38023123,1004125],"chl_gsm\/14.4.3":["{{o}}",39027248,1162268],"chl_gsm\/14.4.4":["{{o}}",40189516,81884],"chl_gsm\/15.0.0":["{{p}}",151217,1346477],"chl_gsm\/15.0.1":["{{p}}",1497694,179899],"chl_gsm\/15.0.2":["{{p}}",1677593,1046805],"chl_gsm\/15.0.3":["{{p}}",2724398,3487798],"chl_gsm\/15.0.4":["{{p}}",6212196,78318],"chl_gsm\/15.1.0":["{{p}}",6290514,2122653],"chl_gsm\/15.1.1":["{{p}}",8413167,952595],"chl_gsm\/15.1.2":["{{p}}",9365762,1001842],"chl_gsm\/15.1.3":["{{p}}",10367604,1898509],"chl_gsm\/15.1.4":["{{p}}",12266113,533601],"chl_gsm\/15.2.0":["{{p}}",12799714,2966986],"chl_gsm\/15.2.1":["{{p}}",15766700,2838723],"chl_gsm\/15.2.2":["{{p}}",18605423,17191],"chl_gsm\/15.2.3":["{{p}}",18622614,737704],"chl_gsm\/15.2.4":["{{p}}",19360318,1260732],"chl_gsm\/15.3.0":["{{p}}",20621050,890309],"chl_gsm\/15.3.1":["{{p}}",21511359,2999612],"chl_gsm\/15.3.2":["{{p}}",24510971,3670675],"chl_gsm\/15.3.3":["{{p}}",28181646,2439784],"chl_gsm\/15.3.4":["{{p}}",30621430,2028874],"chl_gsm\/15.4.0":["{{p}}",32650304,1486869],"chl_gsm\/15.4.1":["{{p}}",34137173,2166200],"chl_gsm\/15.4.2":["{{p}}",36303373,1971607],"chl_gsm\/15.4.3":["{{p}}",38274980,610679],"chl_gsm\/15.4.4":["{{p}}",38885659,1192108],"chl_gsm\/16.0.0":["{{q}}",151217,2542531],"chl_gsm\/16.0.1":["{{q}}",2693748,121605],"chl_gsm\/16.0.2":["{{q}}",2815353,1552364],"chl_gsm\/16.0.3":["{{q}}",4367717,1658682],"chl_gsm\/16.0.4":["{{q}}",6026399,2189790],"chl_gsm\/16.1.0":["{{q}}",8216189,1908647],"chl_gsm\/16.1.1":["{{q}}",10124836,381723],"chl_gsm\/16.1.2":["{{q}}",10506559,766499],"chl_gsm\/16.1.3":["{{q}}",11273058,1223125],"chl_gsm\/16.1.4":["{{q}}",12496183,2653694],"chl_gsm\/16.2.0":["{{q}}",15149877,2423375],"chl_gsm\/16.2.1":["{{q}}",17573252,2329976],"chl_gsm\/16.2.2":["{{q}}",19903228,104015],"chl_gsm\/16.2.3":["{{q}}",20007243,853505],"chl_gsm\/16.2.4":["{{q}}",20860748,1106056],"chl_gsm\/16.3.0":["{{q}}",21966804,1120254],"chl_gsm\/16.3.1":["{{q}}",23087058,1194226],"chl_gsm\/16.3.2":["{{q}}",24281284,3133882],"chl_gsm\/16.3.3":["{{q}}",27415166,3242768],"chl_gsm\/16.3.4":["{{q}}",30657934,547582],"chl_gsm\/16.4.0":["{{q}}",31205516,1908270],"chl_gsm\/16.4.1":["{{q}}",33113786,2197638],"chl_gsm\/16.4.2":["{{q}}",35311424,3392913],"chl_gsm\/16.4.3":["{{q}}",38704337,1113107],"chl_gsm\/16.4.4":["{{q}}",39817444,81380],"chl_gsm\/17.0.0":["{{r}}",151217,1744511],"chl_gsm\/17.0.1":["{{r}}",1895728,141116],"chl_gsm\/17.0.2":["{{r}}",2036844,2748728],"chl_gsm\/17.0.3":["{{r}}",4785572,1016013],"chl_gsm\/17.0.4":["{{r}}",5801585,463225],"chl_gsm\/17.1.0":["{{r}}",6264810,1430942],"chl_gsm\/17.1.1":["{{r}}",7695752,405844],"chl_gsm\/17.1.2":["{{r}}",8101596,601433],"chl_gsm\/17.1.3":["{{r}}",8703029,1081747],"chl_gsm\/17.1.4":["{{r}}",9784776,1235560],"chl_gsm\/17.2.0":["{{r}}",11020336,3359347],"chl_gsm\/17.2.1":["{{r}}",14379683,1507481],"chl_gsm\/17.2.2":["{{r}}",15887164,10967],"chl_gsm\/17.2.3":["{{r}}",15898131,707419],"chl_gsm\/17.2.4":["{{r}}",16605550,1738500],"chl_gsm\/17.3.0":["{{r}}",18344050,1424545],"chl_gsm\/17.3.1":["{{r}}",19768595,1320837],"chl_gsm\/17.3.2":["{{r}}",21089432,663821],"chl_gsm\/17.3.3":["{{r}}",21753253,2489505],"chl_gsm\/17.3.4":["{{r}}",24242758,2185560],"chl_gsm\/17.4.0":["{{r}}",26428318,954222],"chl_gsm\/17.4.1":["{{r}}",27382540,2109167],"chl_gsm\/17.4.2":["{{r}}",29491707,1883895],"chl_gsm\/17.4.3":["{{r}}",31375602,3928740],"chl_gsm\/17.4.4":["{{r}}",35304342,933414],"chl_gsm\/18.0.0":["{{s}}",151217,1957047],"chl_gsm\/18.0.1":["{{s}}",2108264,113079],"chl_gsm\/18.0.2":["{{s}}",2221343,1263767],"chl_gsm\/18.0.3":["{{s}}",3485110,2390320],"chl_gsm\/18.0.4":["{{s}}",5875430,411499],"chl_gsm\/18.1.0":["{{s}}",6286929,1465480],"chl_gsm\/18.1.1":["{{s}}",7752409,600116],"chl_gsm\/18.1.2":["{{s}}",8352525,86645],"chl_gsm\/18.1.3":["{{s}}",8439170,1116037],"chl_gsm\/18.1.4":["{{s}}",9555207,1562532],"chl_gsm\/18.2.0":["{{s}}",11117739,2670024],"chl_gsm\/18.2.1":["{{s}}",13787763,1046204],"chl_gsm\/18.2.2":["{{s}}",14833967,12553],"chl_gsm\/18.2.3":["{{s}}",14846520,2111925],"chl_gsm\/18.2.4":["{{s}}",16958445,452430],"chl_gsm\/18.3.0":["{{s}}",17410875,481882],"chl_gsm\/18.3.1":["{{s}}",17892757,745789],"chl_gsm\/18.3.2":["{{s}}",18638546,1172351],"chl_gsm\/18.3.3":["{{s}}",19810897,2233089],"chl_gsm\/18.3.4":["{{s}}",22043986,1126023],"chl_gsm\/18.4.0":["{{s}}",23170009,20706],"chl_gsm\/18.4.1":["{{s}}",23190715,122789],"chl_gsm\/18.4.2":["{{s}}",23313504,1485775],"chl_gsm\/18.4.3":["{{s}}",24799279,1456380],"chl_gsm\/18.4.4":["{{s}}",26255659,1163803],"chl_gsm\/19.0.0":["{{t}}",151217,2635166],"chl_gsm\/19.0.1":["{{t}}",2786383,90783],"chl_gsm\/19.0.2":["{{t}}",2877166,1789102],"chl_gsm\/19.0.3":["{{t}}",4666268,2310831],"chl_gsm\/19.0.4":["{{t}}",6977099,968478],"chl_gsm\/19.1.0":["{{t}}",7945577,1793780],"chl_gsm\/19.1.1":["{{t}}",9739357,919485],"chl_gsm\/19.1.2":["{{t}}",10658842,28104],"chl_gsm\/19.1.3":["{{t}}",10686946,639157],"chl_gsm\/19.1.4":["{{t}}",11326103,1959334],"chl_gsm\/19.2.0":["{{t}}",13285437,3501039],"chl_gsm\/19.2.1":["{{t}}",16786476,1442137],"chl_gsm\/19.2.2":["{{t}}",18228613,16413],"chl_gsm\/19.2.3":["{{t}}",18245026,734326],"chl_gsm\/19.2.4":["{{t}}",18979352,2160280],"chl_gsm\/19.3.0":["{{t}}",21139632,2312470],"chl_gsm\/19.3.1":["{{t}}",23452102,607780],"chl_gsm\/19.3.2":["{{t}}",24059882,1609403],"chl_gsm\/19.3.3":["{{t}}",25669285,2584867],"chl_gsm\/19.3.4":["{{t}}",28254152,3348094],"chl_gsm\/19.4.0":["{{t}}",31602246,1595233],"chl_gsm\/19.4.1":["{{t}}",33197479,31113],"chl_gsm\/19.4.2":["{{t}}",33228592,616394],"chl_gsm\/19.4.3":["{{t}}",33844986,828999],"chl_gsm\/19.4.4":["{{t}}",34673985,1309920],"chl_gsm\/20.0.0":["{{u}}",151217,1025005],"chl_gsm\/20.0.1":["{{u}}",1176222,474819],"chl_gsm\/20.0.2":["{{u}}",1651041,1272835],"chl_gsm\/20.0.3":["{{u}}",2923876,2086194],"chl_gsm\/20.0.4":["{{u}}",5010070,1825073],"chl_gsm\/20.1.0":["{{u}}",6835143,1011583],"chl_gsm\/20.1.1":["{{u}}",7846726,1079042],"chl_gsm\/20.1.2":["{{u}}",8925768,113921],"chl_gsm\/20.1.3":["{{u}}",9039689,810838],"chl_gsm\/20.1.4":["{{u}}",9850527,13835],"chl_gsm\/20.2.0":["{{u}}",9864362,3041023],"chl_gsm\/20.2.1":["{{u}}",12905385,2479457],"chl_gsm\/20.2.2":["{{u}}",15384842,96524],"chl_gsm\/20.2.3":["{{u}}",15481366,2200822],"chl_gsm\/20.2.4":["{{u}}",17682188,786337],"chl_gsm\/20.3.0":["{{u}}",18468525,2699403],"chl_gsm\/20.3.1":["{{u}}",21167928,4071123],"chl_gsm\/20.3.2":["{{u}}",25239051,1659874],"chl_gsm\/20.3.3":["{{u}}",26898925,1678579],"chl_gsm\/20.3.4":["{{u}}",28577504,1666542],"chl_gsm\/20.4.0":["{{u}}",30244046,509889],"chl_gsm\/20.4.1":["{{u}}",30753935,2839914],"chl_gsm\/20.4.2":["{{u}}",33593849,731458],"chl_gsm\/20.4.3":["{{u}}",34325307,1305746],"chl_gsm\/20.4.4":["{{u}}",35631053,401272],"chl_gsm\/21.0.0":["{{v}}",151217,3199289],"chl_gsm\/21.0.1":["{{v}}",3350506,1267592],"chl_gsm\/21.0.2":["{{v}}",4618098,1285621],"chl_gsm\/21.0.3":["{{v}}",5903719,811459],"chl_gsm\/21.0.4":["{{v}}",6715178,532753],"chl_gsm\/21.1.0":["{{v}}",7247931,2462707],"chl_gsm\/21.1.1":["{{v}}",9710638,1808591],"chl_gsm\/21.1.2":["{{v}}",11519229,452908],"chl_gsm\/21.1.3":["{{v}}",11972137,336291],"chl_gsm\/21.1.4":["{{v}}",12308428,751760],"chl_gsm\/21.2.0":["{{v}}",13060188,2961206],"chl_gsm\/21.2.1":["{{v}}",16021394,1805621],"chl_gsm\/21.2.2":["{{v}}",17827015,75901],"chl_gsm\/21.2.3":["{{v}}",17902916,513357],"chl_gsm\/21.2.4":["{{v}}",18416273,1690740],"chl_gsm\/21.3.0":["{{v}}",20107013,2083938],"chl_gsm\/21.3.1":["{{v}}",22190951,2470879],"chl_gsm\/21.3.2":["{{v}}",24661830,2821550],"chl_gsm\/21.3.3":["{{v}}",27483380,1413051],"chl_gsm\/21.3.4":["{{v}}",28896431,2365198],"chl_gsm\/21.4.0":["{{v}}",31261629,1010233],"chl_gsm\/21.4.1":["{{v}}",32271862,1451445],"chl_gsm\/21.4.2":["{{v}}",33723307,1209861],"chl_gsm\/21.4.3":["{{v}}",34933168,504189],"chl_gsm\/21.4.4":["{{v}}",35437357,776825],"chl_gsm\/22.0.0":["{{w}}",151217,1177595],"chl_gsm\/22.0.1":["{{w}}",1328812,1161061],"chl_gsm\/22.0.2":["{{w}}",2489873,2558742],"chl_gsm\/22.0.3":["{{w}}",5048615,1490186],"chl_gsm\/22.0.4":["{{w}}",6538801,10921],"chl_gsm\/22.1.0":["{{w}}",6549722,1788831],"chl_gsm\/22.1.1":["{{w}}",8338553,1411485],"chl_gsm\/22.1.2":["{{w}}",9750038,449342],"chl_gsm\/22.1.3":["{{w}}",10199380,1167106],"chl_gsm\/22.1.4":["{{w}}",11366486,418296],"chl_gsm\/22.2.0":["{{w}}",11784782,2975306],"chl_gsm\/22.2.1":["{{w}}",14760088,1980234],"chl_gsm\/22.2.2":["{{w}}",16740322,23560],"chl_gsm\/22.2.3":["{{w}}",16763882,643599],"chl_gsm\/22.2.4":["{{w}}",17407481,890084],"chl_gsm\/22.3.0":["{{w}}",18297565,2305013],"chl_gsm\/22.3.1":["{{w}}",20602578,2647867],"chl_gsm\/22.3.2":["{{w}}",23250445,2755552],"chl_gsm\/22.3.3":["{{w}}",26005997,2498818],"chl_gsm\/22.3.4":["{{w}}",28504815,1080782],"chl_gsm\/22.4.0":["{{w}}",29585597,362552],"chl_gsm\/22.4.1":["{{w}}",29948149,2356879],"chl_gsm\/22.4.2":["{{w}}",32305028,1452750],"chl_gsm\/22.4.3":["{{w}}",33757778,498994],"chl_gsm\/22.4.4":["{{w}}",34256772,681259],"chl_gsm\/23.0.0":["{{x}}",151217,1731578],"chl_gsm\/23.0.1":["{{x}}",1882795,2275720],"chl_gsm\/23.0.2":["{{x}}",4158515,2080107],"chl_gsm\/23.0.3":["{{x}}",6238622,574694],"chl_gsm\/23.0.4":["{{x}}",6813316,438065],"chl_gsm\/23.1.0":["{{x}}",7251381,1929003],"chl_gsm\/23.1.1":["{{x}}",9180384,1004291],"chl_gsm\/23.1.2":["{{x}}",10184675,437623],"chl_gsm\/23.1.3":["{{x}}",10622298,446262],"chl_gsm\/23.1.4":["{{x}}",11068560,969733],"chl_gsm\/23.2.0":["{{x}}",12038293,1681586],"chl_gsm\/23.2.1":["{{x}}",13719879,1378904],"chl_gsm\/23.2.2":["{{x}}",15098783,96137],"chl_gsm\/23.2.3":["{{x}}",15194920,182003],"chl_gsm\/23.2.4":["{{x}}",15376923,2658562],"chl_gsm\/23.3.0":["{{x}}",18035485,2256417],"chl_gsm\/23.3.1":["{{x}}",20291902,1138576],"chl_gsm\/23.3.2":["{{x}}",21430478,2786948],"chl_gsm\/23.3.3":["{{x}}",24217426,4083697],"chl_gsm\/23.3.4":["{{x}}",28301123,748014],"chl_gsm\/23.4.0":["{{x}}",29049137,605378],"chl_gsm\/23.4.1":["{{x}}",29654515,1319416],"chl_gsm\/23.4.2":["{{x}}",30973931,1608767],"chl_gsm\/23.4.3":["{{x}}",32582698,982009],"chl_gsm\/23.4.4":["{{x}}",33564707,283549],"chl_gsm\/24.0.0":["{{y}}",151217,2058591],"chl_gsm\/24.0.1":["{{y}}",2209808,1012657],"chl_gsm\/24.0.2":["{{y}}",3222465,2432988],"chl_gsm\/24.0.3":["{{y}}",5655453,1749690],"chl_gsm\/24.0.4":["{{y}}",7405143,25798],"chl_gsm\/24.1.0":["{{y}}",7430941,1340125],"chl_gsm\/24.1.1":["{{y}}",8771066,2209813],"chl_gsm\/24.1.2":["{{y}}",10980879,450724],"chl_gsm\/24.1.3":["{{y}}",11431603,598143],"chl_gsm\/24.1.4":["{{y}}",12029746,153449],"chl_gsm\/24.2.0":["{{y}}",12183195,2541052],"chl_gsm\/24.2.1":["{{y}}",14724247,1860156],"chl_gsm\/24.2.2":["{{y}}",16584403,16665],"chl_gsm\/24.2.3":["{{y}}",16601068,412705],"chl_gsm\/24.2.4":["{{y}}",17013773,1396921],"chl_gsm\/24.3.0":["{{y}}",18410694,2563081],"chl_gsm\/24.3.1":["{{y}}",20973775,1052496],"chl_gsm\/24.3.2":["{{y}}",22026271,2247366],"chl_gsm\/24.3.3":["{{y}}",24273637,2487602],"chl_gsm\/24.3.4":["{{y}}",26761239,3075045],"chl_gsm\/24.4.0":["{{y}}",29836284,270350],"chl_gsm\/24.4.1":["{{y}}",30106634,198063],"chl_gsm\/24.4.2":["{{y}}",30304697,1465219],"chl_gsm\/24.4.3":["{{y}}",31769916,1010825],"chl_gsm\/24.4.4":["{{y}}",32780741,1341769],"chl_gsm\/25.0.0":["{{z}}",151217,2239837],"chl_gsm\/25.0.1":["{{z}}",2391054,1358740],"chl_gsm\/25.0.2":["{{z}}",3749794,2414749],"chl_gsm\/25.0.3":["{{z}}",6164543,1884127],"chl_gsm\/25.0.4":["{{z}}",8048670,293275],"chl_gsm\/25.1.0":["{{z}}",8341945,1128077],"chl_gsm\/25.1.1":["{{z}}",9470022,2193477],"chl_gsm\/25.1.2":["{{z}}",11663499,535235],"chl_gsm\/25.1.3":["{{z}}",12198734,1465515],"chl_gsm\/25.1.4":["{{z}}",13664249,194138],"chl_gsm\/25.2.0":["{{z}}",13858387,2693478],"chl_gsm\/25.2.1":["{{z}}",16551865,1507079],"chl_gsm\/25.2.2":["{{z}}",18058944,53180],"chl_gsm\/25.2.3":["{{z}}",18112124,1835734],"chl_gsm\/25.2.4":["{{z}}",19947858,1900276],"chl_gsm\/25.3.0":["{{z}}",21848134,2719067],"chl_gsm\/25.3.1":["{{z}}",24567201,1585810],"chl_gsm\/25.3.2":["{{z}}",26153011,3020455],"chl_gsm\/25.3.3":["{{z}}",29173466,2017844],"chl_gsm\/25.3.4":["{{z}}",31191310,1127395],"chl_gsm\/25.4.0":["{{z}}",32318705,340482],"chl_gsm\/25.4.1":["{{z}}",32659187,1896943],"chl_gsm\/25.4.2":["{{z}}",34556130,2037289],"chl_gsm\/25.4.3":["{{z}}",36593419,1667575],"chl_gsm\/25.4.4":["{{z}}",38260994,372743],"chl_gsm\/26.0.0":["{{A}}",151217,1768308],"chl_gsm\/26.0.1":["{{A}}",1919525,1434767],"chl_gsm\/26.0.2":["{{A}}",3354292,4048119],"chl_gsm\/26.0.3":["{{A}}",7402411,1512404],"chl_gsm\/26.0.4":["{{A}}",8914815,568653],"chl_gsm\/26.1.0":["{{A}}",9483468,1640450],"chl_gsm\/26.1.1":["{{A}}",11123918,3128304],"chl_gsm\/26.1.2":["{{A}}",14252222,696456],"chl_gsm\/26.1.3":["{{A}}",14948678,504517],"chl_gsm\/26.1.4":["{{A}}",15453195,352468],"chl_gsm\/26.2.0":["{{A}}",15805663,3843282],"chl_gsm\/26.2.1":["{{A}}",19648945,1661999],"chl_gsm\/26.2.2":["{{A}}",21310944,46235],"chl_gsm\/26.2.3":["{{A}}",21357179,162673],"chl_gsm\/26.2.4":["{{A}}",21519852,2782631],"chl_gsm\/26.3.0":["{{A}}",24302483,2991872],"chl_gsm\/26.3.1":["{{A}}",27294355,2195884],"chl_gsm\/26.3.2":["{{A}}",29490239,2285763],"chl_gsm\/26.3.3":["{{A}}",31776002,1594549],"chl_gsm\/26.3.4":["{{A}}",33370551,3945693],"chl_gsm\/26.4.0":["{{A}}",37316244,781783],"chl_gsm\/26.4.1":["{{A}}",38098027,276719],"chl_gsm\/26.4.2":["{{A}}",38374746,1819208],"chl_gsm\/26.4.3":["{{A}}",40193954,3335493],"chl_gsm\/26.4.4":["{{A}}",43529447,1604177],"chl_gsm\/27.0.0":["{{B}}",151217,2695592],"chl_gsm\/27.0.1":["{{B}}",2846809,1339005],"chl_gsm\/27.0.2":["{{B}}",4185814,2398882],"chl_gsm\/27.0.3":["{{B}}",6584696,889021],"chl_gsm\/27.0.4":["{{B}}",7473717,231641],"chl_gsm\/27.1.0":["{{B}}",7705358,1638137],"chl_gsm\/27.1.1":["{{B}}",9343495,2846949],"chl_gsm\/27.1.2":["{{B}}",12190444,971924],"chl_gsm\/27.1.3":["{{B}}",13162368,313094],"chl_gsm\/27.1.4":["{{B}}",13475462,586572],"chl_gsm\/27.2.0":["{{B}}",14062034,2915944],"chl_gsm\/27.2.1":["{{B}}",16977978,2340918],"chl_gsm\/27.2.2":["{{B}}",19318896,61162],"chl_gsm\/27.2.3":["{{B}}",19380058,562378],"chl_gsm\/27.2.4":["{{B}}",19942436,436018],"chl_gsm\/27.3.0":["{{B}}",20378454,1975890],"chl_gsm\/27.3.1":["{{B}}",22354344,2802471],"chl_gsm\/27.3.2":["{{B}}",25156815,3474565],"chl_gsm\/27.3.3":["{{B}}",28631380,1945437],"chl_gsm\/27.3.4":["{{B}}",30576817,191243],"chl_gsm\/27.4.0":["{{B}}",30768060,650310],"chl_gsm\/27.4.1":["{{B}}",31418370,2577543],"chl_gsm\/27.4.2":["{{B}}",33995913,2342357],"chl_gsm\/27.4.3":["{{B}}",36338270,817819],"chl_gsm\/27.4.4":["{{B}}",37156089,782777],"chl_gsm\/28.0.0":["{{C}}",151217,3468643],"chl_gsm\/28.0.1":["{{C}}",3619860,1819866],"chl_gsm\/28.0.2":["{{C}}",5439726,1288723],"chl_gsm\/28.0.3":["{{C}}",6728449,885579],"chl_gsm\/28.0.4":["{{C}}",7614028,210355],"chl_gsm\/28.1.0":["{{C}}",7824383,2058802],"chl_gsm\/28.1.1":["{{C}}",9883185,2476102],"chl_gsm\/28.1.2":["{{C}}",12359287,906118],"chl_gsm\/28.1.3":["{{C}}",13265405,234177],"chl_gsm\/28.1.4":["{{C}}",13499582,285890],"chl_gsm\/28.2.0":["{{C}}",13785472,2316143],"chl_gsm\/28.2.1":["{{C}}",16101615,1151299],"chl_gsm\/28.2.2":["{{C}}",17252914,79633],"chl_gsm\/28.2.3":["{{C}}",17332547,135544],"chl_gsm\/28.2.4":["{{C}}",17468091,1164383],"chl_gsm\/28.3.0":["{{C}}",18632474,1840740],"chl_gsm\/28.3.1":["{{C}}",20473214,2090860],"chl_gsm\/28.3.2":["{{C}}",22564074,3129169],"chl_gsm\/28.3.3":["{{C}}",25693243,2590954],"chl_gsm\/28.3.4":["{{C}}",28284197,2441341],"chl_gsm\/28.4.0":["{{C}}",30725538,168712],"chl_gsm\/28.4.1":["{{C}}",30894250,1285279],"chl_gsm\/28.4.2":["{{C}}",32179529,2553385],"chl_gsm\/28.4.3":["{{C}}",34732914,3815032],"chl_gsm\/28.4.4":["{{C}}",38547946,847416],"chl_gsm\/29.0.0":["{{D}}",151217,3017095],"chl_gsm\/29.0.1":["{{D}}",3168312,1114572],"chl_gsm\/29.0.2":["{{D}}",4282884,2116741],"chl_gsm\/29.0.3":["{{D}}",6399625,1501198],"chl_gsm\/29.0.4":["{{D}}",7900823,10921],"chl_gsm\/29.1.0":["{{D}}",7911744,1737372],"chl_gsm\/29.1.1":["{{D}}",9649116,2480292],"chl_gsm\/29.1.2":["{{D}}",12129408,1710165],"chl_gsm\/29.1.3":["{{D}}",13839573,339402],"chl_gsm\/29.1.4":["{{D}}",14178975,46923],"chl_gsm\/29.2.0":["{{D}}",14225898,2597297],"chl_gsm\/29.2.1":["{{D}}",16823195,1914993],"chl_gsm\/29.2.2":["{{D}}",18738188,27147],"chl_gsm\/29.2.3":["{{D}}",18765335,1543019],"chl_gsm\/29.2.4":["{{D}}",20308354,608969],"chl_gsm\/29.3.0":["{{D}}",20917323,1539375],"chl_gsm\/29.3.1":["{{D}}",22456698,3045903],"chl_gsm\/29.3.2":["{{D}}",25502601,2537297],"chl_gsm\/29.3.3":["{{D}}",28039898,3318728],"chl_gsm\/29.3.4":["{{D}}",31358626,1511502],"chl_gsm\/29.4.0":["{{D}}",32870128,83028],"chl_gsm\/29.4.1":["{{D}}",32953156,410106],"chl_gsm\/29.4.2":["{{D}}",33363262,1991501],"chl_gsm\/29.4.3":["{{D}}",35354763,1190592],"chl_gsm\/29.4.4":["{{D}}",36545355,2886587],"chl_gsm\/30.0.0":["{{E}}",151217,3671437],"chl_gsm\/30.0.1":["{{E}}",3822654,2096161],"chl_gsm\/30.0.2":["{{E}}",5918815,1906852],"chl_gsm\/30.0.3":["{{E}}",7825667,605522],"chl_gsm\/30.0.4":["{{E}}",8431189,257010],"chl_gsm\/30.1.0":["{{E}}",8688199,1752376],"chl_gsm\/30.1.1":["{{E}}",10440575,2555659],"chl_gsm\/30.1.2":["{{E}}",12996234,1603620],"chl_gsm\/30.1.3":["{{E}}",14599854,841564],"chl_gsm\/30.1.4":["{{E}}",15441418,625363],"chl_gsm\/30.2.0":["{{E}}",16066781,2115669],"chl_gsm\/30.2.1":["{{E}}",18182450,1590087],"chl_gsm\/30.2.2":["{{E}}",19772537,105544],"chl_gsm\/30.2.3":["{{E}}",19878081,570183],"chl_gsm\/30.2.4":["{{E}}",20448264,2401160],"chl_gsm\/30.3.0":["{{E}}",22849424,1479020],"chl_gsm\/30.3.1":["{{E}}",24328444,2933520],"chl_gsm\/30.3.2":["{{E}}",27261964,2760961],"chl_gsm\/30.3.3":["{{E}}",30022925,3250726],"chl_gsm\/30.3.4":["{{E}}",33273651,2271791],"chl_gsm\/30.4.0":["{{E}}",35545442,587171],"chl_gsm\/30.4.1":["{{E}}",36132613,1111653],"chl_gsm\/30.4.2":["{{E}}",37244266,1862729],"chl_gsm\/30.4.3":["{{E}}",39106995,2928590],"chl_gsm\/30.4.4":["{{E}}",42035585,879685]}}