{"version":1,"templates":{"a":"s3:\/\/imos-data\/IMOS\/SRS\/OC\/gridded\/aqua\/P1D\/2016\/12\/A.P1D.20161201T053000Z.aust.chl_oc3.nc","b":"s3:\/\/imos-data\/IMOS\/SRS\/OC\/gridded\/aqua\/P1D\/2016\/12\/A.P1D.20161202T053000Z.aust.chl_oc3.nc","c":"s3:\/\/imos-data\/IMOS\/SRS\/OC\/gridded\/aqua\/P1D\/2016\/12\/A.P1D.20161203T053000Z.aust.chl_oc3.nc","d":"s3:\/\/imos-data\/IMOS\/SRS\/OC\/gridded\/aqua\/P1D\/2016\/12\/A.P1D.20161204T053000Z.aust.chl_oc3.nc","e":"s3:\/\/imos-data\/IMOS\/SRS\/OC\/gridded\/aqua\/P1D\/2016\/12\/A.P1D.20161205T053000Z.aust.chl_oc3.nc","f":"s3:\/\/imos-data\/IMOS\/SRS\/OC\/gridded\/aqua\/P1D\/2016\/12\/A.P1D.20161206T053000Z.aust.chl_oc3.nc","g":"s3:\/\/imos-data\/IMOS\/SRS\/OC\/gridded\/aqua\/P1D\/2016\/12\/A.P1D.20161207T053000Z.aust.chl_oc3.nc","h":"s3:\/\/imos-data\/IMOS\/SRS\/OC\/gridded\/aqua\/P1D\/2016\/12\/A.P1D.20161208T053000Z.aust.chl_oc3.nc","i":"s3:\/\/imos-data\/IMOS\/SRS\/OC\/gridded\/aqua\/P1D\/2016\/12\/A.P1D.20161209T053000Z.aust.chl_oc3.nc","j":"s3:\/\/imos-data\/IMOS\/SRS\/OC\/gridded\/aqua\/P1D\/2016\/12\/A.P1D.20161210T053000Z.aust.chl_oc3.nc","k":"s3:\/\/imos-data\/IMOS\/SRS\/OC\/gridded\/aqua\/P1D\/2016\/12\/A.P1D.20161211T053000Z.aust.chl_oc3.nc","l":"s3:\/\/imos-data\/IMOS\/SRS\/OC\/gridded\/aqua\/P1D\/2016\/12\/A.P1D.20161212T053000Z.aust.chl_oc3.nc","m":"s3:\/\/imos-data\/IMOS\/SRS\/OC\/gridded\/aqua\/P1D\/2016\/12\/A.P1D.20161213T053000Z.aust.chl_oc3.nc","n":"s3:\/\/imos-data\/IMOS\/SRS\/OC\/gridded\/aqua\/P1D\/2016\/12\/A.P1D.20161214T053000Z.aust.chl_oc3.nc","o":"s3:\/\/imos-data\/IMOS\/SRS\/OC\/gridded\/aqua\/P1D\/2016\/12\/A.P1D.20161215T053000Z.aust.chl_oc3.nc","p":"s3:\/\/imos-data\/IMOS\/SRS\/OC\/gridded\/aqua\/P1D\/2016\/12\/A.P1D.20161216T053000Z.aust.chl_oc3.nc","q":"s3:\/\/imos-data\/IMOS\/SRS\/OC\/gridded\/aqua\/P1D\/2016\/12\/A.P1D.20161217T053000Z.aust.chl_oc3.nc","r":"s3:\/\/imos-data\/IMOS\/SRS\/OC\/gridded\/aqua\/P1D\/2016\/12\/A.P1D.20161218T053000Z.aust.chl_oc3.nc","s":"s3:\/\/imos-data\/IMOS\/SRS\/OC\/gridded\/aqua\/P1D\/2016\/12\/A.P1D.20161219T053000Z.aust.chl_oc3.nc","t":"s3:\/\/imos-data\/IMOS\/SRS\/OC\/gridded\/aqua\/P1D\/2016\/12\/A.P1D.20161220T053000Z.aust.chl_oc3.nc","u":"s3:\/\/imos-data\/IMOS\/SRS\/OC\/gridded\/aqua\/P1D\/2016\/12\/A.P1D.20161221T053000Z.aust.chl_oc3.nc","v":"s3:\/\/imos-data\/IMOS\/SRS\/OC\/gridded\/aqua\/P1D\/2016\/12\/A.P1D.20161222T053000Z.aust.chl_oc3.nc","w":"s3:\/\/imos-data\/IMOS\/SRS\/OC\/gridded\/aqua\/P1D\/2016\/12\/A.P1D.20161223T053000Z.aust.chl_oc3.nc","x":"s3:\/\/imos-data\/IMOS\/SRS\/OC\/gridded\/aqua\/P1D\/2016\/12\/A.P1D.20161224T053000Z.aust.chl_oc3.nc","y":"s3:\/\/imos-data\/IMOS\/SRS\/OC\/gridded\/aqua\/P1D\/2016\/12\/A.P1D.20161225T053000Z.aust.chl_oc3.nc","z":"s3:\/\/imos-data\/IMOS\/SRS\/OC\/gridded\/aqua\/P1D\/2016\/12\/A.P1D.20161226T053000Z.aust.chl_oc3.nc","A":"s3:\/\/imos-data\/IMOS\/SRS\/OC\/gridded\/aqua\/P1D\/2016\/12\/A.P1D.20161227T053000Z.aust.chl_oc3.nc","B":"s3:\/\/imos-data\/IMOS\/SRS\/OC\/gridded\/aqua\/P1D\/2016\/12\/A.P1D.20161228T053000Z.aust.chl_oc3.nc","C":"s3:\/\/imos-data\/IMOS\/SRS\/OC\/gridded\/aqua\/P1D\/2016\/12\/A.P1D.20161229T053000Z.aust.chl_oc3.nc","D":"s3:\/\/imos-data\/IMOS\/SRS\/OC\/gridded\/aqua\/P1D\/2016\/12\/A.P1D.20161230T053000Z.aust.chl_oc3.nc","E":"s3:\/\/imos-data\/IMOS\/SRS\/OC\/gridded\/aqua\/P1D\/2016\/12\/A.P1D.20161231T053000Z.aust.chl_oc3.nc"},"refs":{".zgroup":"{\"zarr_format\":2}",".zattrs":"{\"Conventions\":\"CF-1.6\",\"_NCProperties\":\"version=1|netcdflibversion=4.6.1|hdf5libversion=1.10.4\",\"_nc3_strict\":1,\"history\":\"File initialised at 2020-08-06T06:50:03.325758\\nInitialised var chl_oc3 at 2020-08-06T06:50:15.403298\\nAdd Granule A20161201_0230.20190926071737.L2OC_BASE.chl_oc3.nc at 2020-08-06T06:50:16.258398\\nAdd Granule A20161201_0235.20190926070420.L2OC_BASE.chl_oc3.nc at 2020-08-06T06:50:16.453034\\nAdd Granule A20161201_0240.20190926063603.L2OC_BASE.chl_oc3.nc at 2020-08-06T06:50:16.640910\\nAdd Granule A20161201_0400.20190926072440.L2OC_BASE.chl_oc3.nc at 2020-08-06T06:50:16.784297\\nAdd Granule A20161201_0405.20190926062520.L2OC_BASE.chl_oc3.nc at 2020-08-06T06:50:17.001806\\nAdd Granule A20161201_0410.20190926062051.L2OC_BASE.chl_oc3.nc at 2020-08-06T06:50:17.194826\\nAdd Granule A20161201_0415.20190926071132.L2OC_BASE.chl_oc3.nc at 2020-08-06T06:50:17.361844\\nAdd Granule A20161201_0420.20190926065617.L2OC_BASE.chl_oc3.nc at 2020-08-06T06:50:17.519650\\nAdd Granule A20161201_0540.20190926064451.L2OC_BASE.chl_oc3.nc at 2020-08-06T06:50:17.714921\\nAdd Granule A20161201_0545.20190926060816.L2OC_BASE.chl_oc3.nc at 2020-08-06T06:50:17.948065\\nAdd Granule A20161201_0550.20190926061550.L2OC_BASE.chl_oc3.nc at 2020-08-06T06:50:18.118784\\nAdd Granule A20161201_0555.20190926052929.L2OC_BASE.chl_oc3.nc at 2020-08-06T06:50:18.278640\\nAdd Granule A20161201_0600.20190926055635.L2OC_BASE.chl_oc3.nc at 2020-08-06T06:50:18.377927\\nAdd Granule A20161201_0720.20190926063119.L2OC_BASE.chl_oc3.nc at 2020-08-06T06:50:18.594945\\nAdd Granule A20161201_0725.20190926072906.L2OC_BASE.chl_oc3.nc at 2020-08-06T06:50:18.800121\\nAdd Granule A20161201_0730.20190926064923.L2OC_BASE.chl_oc3.nc at 2020-08-06T06:50:18.974822\\nAdd Granule A20161201_0735.20190926054839.L2OC_BASE.chl_oc3.nc at 2020-08-06T06:50:19.153547\\nAdd Granule A20161201_0900.20190926053426.L2OC_BASE.chl_oc3.nc at 2020-08-06T06:50:19.336358\\nAdd Granule A20161201_0905.20190926060125.L2OC_BASE.chl_oc3.nc at 2020-08-06T06:50:19.429450\\nAdd Granule A20161201_0910.20190926053912.L2OC_BASE.chl_oc3.nc at 2020-08-06T06:50:19.535487\",\"source_path\":\"imos-srs\\\/archive\\\/oc\\\/aqua\\\/1d\\\/v201909\\\/2016\\\/12\\\/A20161201.L2OC_BASE.aust.chl_oc3.nc\"}","latitude\/.zarray":"{\n    \"chunks\": [\n        7001\n    ],\n    \"compressor\": null,\n    \"dtype\": \"<f8\",\n    \"fill_value\": 9.969209968386869e+36,\n    \"filters\": null,\n    \"order\": \"C\",\n    \"shape\": [\n        7001\n    ],\n    \"zarr_format\": 2\n}","latitude\/.zattrs":"{\n    \"NAME\": \"latitude\",\n    \"_ARRAY_DIMENSIONS\": [\n        \"latitude\"\n    ],\n    \"_Netcdf4Dimid\": 1,\n    \"axis\": \"Y\",\n    \"long_name\": \"latitude\",\n    \"standard_name\": \"latitude\",\n    \"units\": \"degrees_north\"\n}","latitude\/0":["{{a}}",2392,56008],"longitude\/.zarray":"{\n    \"chunks\": [\n        10001\n    ],\n    \"compressor\": null,\n    \"dtype\": \"<f8\",\n    \"fill_value\": 9.969209968386869e+36,\n    \"filters\": null,\n    \"order\": \"C\",\n    \"shape\": [\n        10001\n    ],\n    \"zarr_format\": 2\n}","longitude\/.zattrs":"{\n    \"NAME\": \"longitude\",\n    \"_ARRAY_DIMENSIONS\": [\n        \"longitude\"\n    ],\n    \"_Netcdf4Dimid\": 2,\n    \"axis\": \"X\",\n    \"long_name\": \"longitude\",\n    \"standard_name\": \"longitude\",\n    \"units\": \"degrees_east\"\n}","longitude\/0":["{{a}}",58400,80008],"chl_oc3\/.zarray":"{\"chunks\":[1,1401,2001],\"compressor\":{\"id\":\"zlib\",\"level\":4},\"dtype\":\"<f4\",\"fill_value\":-999.0,\"filters\":[{\"elementsize\":4,\"id\":\"shuffle\"}],\"order\":\"C\",\"shape\":[31,7001,10001],\"zarr_format\":2}","chl_oc3\/.zattrs":"{\"_ARRAY_DIMENSIONS\":[\"time\",\"latitude\",\"longitude\"],\"flag_applied\":\"HISATZEN LAND CLDICE NAVFAIL\",\"long_name\":\"Chlorophyll Concentration, OC3 Algorithm\",\"units\":\"mg\\\/m^3\"}","time\/.zarray":"{\"chunks\":[31],\"compressor\":{\"blocksize\":0,\"clevel\":5,\"cname\":\"lz4\",\"id\":\"blosc\",\"shuffle\":1},\"dtype\":\"<M8[us]\",\"fill_value\":0,\"filters\":null,\"order\":\"C\",\"shape\":[31],\"zarr_format\":2}","time\/0":"base64:AgExCPgAAAD4AAAAsAAAABQAAACYAAAAHwABAAv7AQZmxiaG5kamBmbGJobmRqYQAPRZ1q2EXDMK4rmRaD8X7sWddEwj+tKpgFgvB961jWQ7Exw6WHaUss\/tCylHZYKgvtz6GDVTcY+ty+kGJEJgfpySprrO4vYKHjNHW2+Dl6u\/0+j8ECQ4TGB0iZ2xxdntQkJCQkJCQ0NDQ0MFABdEAQAfBQEACw\/YAAdQAAAAAAA=","time\/.zattrs":"{\"NAME\":\"time\",\"_ARRAY_DIMENSIONS\":[\"time\"],\"_Netcdf4Dimid\":0,\"axis\":\"T\",\"long_name\":\"time\",\"standard_name\":\"time\"}","chl_oc3\/0.0.0":["{{a}}",151221,2227079],"chl_oc3\/0.0.1":["{{a}}",2378300,336593],"chl_oc3\/0.0.2":["{{a}}",2714893,1859601],"chl_oc3\/0.0.3":["{{a}}",4574494,1196117],"chl_oc3\/0.0.4":["{{a}}",5770611,2817144],"chl_oc3\/0.1.0":["{{a}}",8587755,1290100],"chl_oc3\/0.1.1":["{{a}}",9877855,530739],"chl_oc3\/0.1.2":["{{a}}",10408594,1058816],"chl_oc3\/0.1.3":["{{a}}",11467410,2225960],"chl_oc3\/0.1.4":["{{a}}",13693370,2212232],"chl_oc3\/0.2.0":["{{a}}",15905602,2505485],"chl_oc3\/0.2.1":["{{a}}",18411087,1214303],"chl_oc3\/0.2.2":["{{a}}",19625390,87842],"chl_oc3\/0.2.3":["{{a}}",19713232,1206138],"chl_oc3\/0.2.4":["{{a}}",20919370,1503324],"chl_oc3\/0.3.0":["{{a}}",22422694,778228],"chl_oc3\/0.3.1":["{{a}}",23200922,1516604],"chl_oc3\/0.3.2":["{{a}}",24717526,3233508],"chl_oc3\/0.3.3":["{{a}}",27951034,1707208],"chl_oc3\/0.3.4":["{{a}}",29658242,2111716],"chl_oc3\/0.4.0":["{{a}}",31769958,245346],"chl_oc3\/0.4.1":["{{a}}",32015304,692447],"chl_oc3\/0.4.2":["{{a}}",32707751,749324],"chl_oc3\/0.4.3":["{{a}}",33457075,740328],"chl_oc3\/0.4.4":["{{a}}",34197403,615644],"chl_oc3\/1.0.0":["{{b}}",151221,1048112],"chl_oc3\/1.0.1":["{{b}}",1199333,199494],"chl_oc3\/1.0.2":["{{b}}",1398827,716035],"chl_oc3\/1.0.3":["{{b}}",2114862,2731090],"chl_oc3\/1.0.4":["{{b}}",4845952,92058],"chl_oc3\/1.1.0":["{{b}}",4938010,1690707],"chl_oc3\/1.1.1":["{{b}}",6628717,814392],"chl_oc3\/1.1.2":["{{b}}",7443109,1181367],"chl_oc3\/1.1.3":["{{b}}",8624476,1903441],"chl_oc3\/1.1.4":["{{b}}",10527917,1042436],"chl_oc3\/1.2.0":["{{b}}",11570353,3455572],"chl_oc3\/1.2.1":["{{b}}",15025925,2218990],"chl_oc3\/1.2.2":["{{b}}",17244915,15461],"chl_oc3\/1.2.3":["{{b}}",17260376,1542536],"chl_oc3\/1.2.4":["{{b}}",18802912,2491408],"chl_oc3\/1.3.0":["{{b}}",21294320,999789],"chl_oc3\/1.3.1":["{{b}}",22294109,858345],"chl_oc3\/1.3.2":["{{b}}",23152454,2698877],"chl_oc3\/1.3.3":["{{b}}",25851331,2227104],"chl_oc3\/1.3.4":["{{b}}",28078435,2667800],"chl_oc3\/1.4.0":["{{b}}",30746235,186847],"chl_oc3\/1.4.1":["{{b}}",30933082,141521],"chl_oc3\/1.4.2":["{{b}}",31074603,1197096],"chl_oc3\/1.4.3":["{{b}}",32271699,2295910],"chl_oc3\/1.4.4":["{{b}}",34567609,2170566],"chl_oc3\/2.0.0":["{{c}}",151221,1689437],"chl_oc3\/2.0.1":["{{c}}",1840658,267218],"chl_oc3\/2.0.2":["{{c}}",2107876,211608],"chl_oc3\/2.0.3":["{{c}}",2319484,1400964],"chl_oc3\/2.0.4":["{{c}}",3720448,3386396],"chl_oc3\/2.1.0":["{{c}}",7106844,1536584],"chl_oc3\/2.1.1":["{{c}}",8643428,712828],"chl_oc3\/2.1.2":["{{c}}",9356256,742839],"chl_oc3\/2.1.3":["{{c}}",10099095,2374531],"chl_oc3\/2.1.4":["{{c}}",12473626,3635560],"chl_oc3\/2.2.0":["{{c}}",16109186,2359621],"chl_oc3\/2.2.1":["{{c}}",18468807,1874475],"chl_oc3\/2.2.2":["{{c}}",20343282,106967],"chl_oc3\/2.2.3":["{{c}}",20450249,1710698],"chl_oc3\/2.2.4":["{{c}}",22160947,3725324],"chl_oc3\/2.3.0":["{{c}}",25886271,705973],"chl_oc3\/2.3.1":["{{c}}",26592244,928063],"chl_oc3\/2.3.2":["{{c}}",27520307,1823980],"chl_oc3\/2.3.3":["{{c}}",29344287,2630899],"chl_oc3\/2.3.4":["{{c}}",31975186,1380515],"chl_oc3\/2.4.0":["{{c}}",33355701,685050],"chl_oc3\/2.4.1":["{{c}}",34040751,249164],"chl_oc3\/2.4.2":["{{c}}",34289915,422785],"chl_oc3\/2.4.3":["{{c}}",34712700,2584884],"chl_oc3\/2.4.4":["{{c}}",37297584,1736667],"chl_oc3\/3.0.0":["{{d}}",151221,2631068],"chl_oc3\/3.0.1":["{{d}}",2782289,569777],"chl_oc3\/3.0.2":["{{d}}",3352066,195553],"chl_oc3\/3.0.3":["{{d}}",3547619,1752269],"chl_oc3\/3.0.4":["{{d}}",5299888,649684],"chl_oc3\/3.1.0":["{{d}}",5949572,2188186],"chl_oc3\/3.1.1":["{{d}}",8137758,1012793],"chl_oc3\/3.1.2":["{{d}}",9150551,1271677],"chl_oc3\/3.1.3":["{{d}}",10422228,1650795],"chl_oc3\/3.1.4":["{{d}}",12073023,1993445],"chl_oc3\/3.2.0":["{{d}}",14066468,3163848],"chl_oc3\/3.2.1":["{{d}}",17230316,2329054],"chl_oc3\/3.2.2":["{{d}}",19559370,41609],"chl_oc3\/3.2.3":["{{d}}",19600979,758734],"chl_oc3\/3.2.4":["{{d}}",20359713,3304527],"chl_oc3\/3.3.0":["{{d}}",23664240,1159018],"chl_oc3\/3.3.1":["{{d}}",24823258,520592],"chl_oc3\/3.3.2":["{{d}}",25343850,1969150],"chl_oc3\/3.3.3":["{{d}}",27313000,1563256],"chl_oc3\/3.3.4":["{{d}}",28876256,2352990],"chl_oc3\/3.4.0":["{{d}}",31229246,880790],"chl_oc3\/3.4.1":["{{d}}",32110036,540919],"chl_oc3\/3.4.2":["{{d}}",32650955,309739],"chl_oc3\/3.4.3":["{{d}}",32960694,1282012],"chl_oc3\/3.4.4":["{{d}}",34242706,3584073],"chl_oc3\/4.0.0":["{{e}}",151221,1437147],"chl_oc3\/4.0.1":["{{e}}",1588368,707792],"chl_oc3\/4.0.2":["{{e}}",2296160,257596],"chl_oc3\/4.0.3":["{{e}}",2553756,658220],"chl_oc3\/4.0.4":["{{e}}",3211976,2782257],"chl_oc3\/4.1.0":["{{e}}",5994233,1860296],"chl_oc3\/4.1.1":["{{e}}",7854529,865882],"chl_oc3\/4.1.2":["{{e}}",8720411,664313],"chl_oc3\/4.1.3":["{{e}}",9384724,2358223],"chl_oc3\/4.1.4":["{{e}}",11742947,2438570],"chl_oc3\/4.2.0":["{{e}}",14181517,3026318],"chl_oc3\/4.2.1":["{{e}}",17207835,2419640],"chl_oc3\/4.2.2":["{{e}}",19627475,44238],"chl_oc3\/4.2.3":["{{e}}",19671713,2182893],"chl_oc3\/4.2.4":["{{e}}",21854606,1585899],"chl_oc3\/4.3.0":["{{e}}",23440505,2118965],"chl_oc3\/4.3.1":["{{e}}",25559470,874045],"chl_oc3\/4.3.2":["{{e}}",26433515,2317373],"chl_oc3\/4.3.3":["{{e}}",28750888,1501185],"chl_oc3\/4.3.4":["{{e}}",30252073,175904],"chl_oc3\/4.4.0":["{{e}}",30427977,1172638],"chl_oc3\/4.4.1":["{{e}}",31600615,590677],"chl_oc3\/4.4.2":["{{e}}",32191292,576852],"chl_oc3\/4.4.3":["{{e}}",32768144,1304999],"chl_oc3\/4.4.4":["{{e}}",34073143,761268],"chl_oc3\/5.0.0":["{{f}}",151221,2161608],"chl_oc3\/5.0.1":["{{f}}",2312829,1494732],"chl_oc3\/5.0.2":["{{f}}",3807561,562526],"chl_oc3\/5.0.3":["{{f}}",4370087,1315961],"chl_oc3\/5.0.4":["{{f}}",5686048,1451524],"chl_oc3\/5.1.0":["{{f}}",7137572,2703515],"chl_oc3\/5.1.1":["{{f}}",9841087,442199],"chl_oc3\/5.1.2":["{{f}}",10283286,722107],"chl_oc3\/5.1.3":["{{f}}",11005393,977275],"chl_oc3\/5.1.4":["{{f}}",11982668,2019522],"chl_oc3\/5.2.0":["{{f}}",14002190,3940787],"chl_oc3\/5.2.1":["{{f}}",17942977,960712],"chl_oc3\/5.2.2":["{{f}}",18903689,14757],"chl_oc3\/5.2.3":["{{f}}",18918446,323645],"chl_oc3\/5.2.4":["{{f}}",19242091,3235514],"chl_oc3\/5.3.0":["{{f}}",22477605,1207841],"chl_oc3\/5.3.1":["{{f}}",23685446,974511],"chl_oc3\/5.3.2":["{{f}}",24659957,2360417],"chl_oc3\/5.3.3":["{{f}}",27020374,1143455],"chl_oc3\/5.3.4":["{{f}}",28163829,1927765],"chl_oc3\/5.4.0":["{{f}}",30091594,585173],"chl_oc3\/5.4.1":["{{f}}",30676767,1518509],"chl_oc3\/5.4.2":["{{f}}",32195276,948654],"chl_oc3\/5.4.3":["{{f}}",33143930,1918508],"chl_oc3\/5.4.4":["{{f}}",35062438,2307912],"chl_oc3\/6.0.0":["{{g}}",151221,785971],"chl_oc3\/6.0.1":["{{g}}",937192,565355],"chl_oc3\/6.0.2":["{{g}}",1502547,831031],"chl_oc3\/6.0.3":["{{g}}",2333578,1966976],"chl_oc3\/6.0.4":["{{g}}",4300554,3702331],"chl_oc3\/6.1.0":["{{g}}",8002885,2090984],"chl_oc3\/6.1.1":["{{g}}",10093869,1120307],"chl_oc3\/6.1.2":["{{g}}",11214176,277863],"chl_oc3\/6.1.3":["{{g}}",11492039,1034508],"chl_oc3\/6.1.4":["{{g}}",12526547,1779091],"chl_oc3\/6.2.0":["{{g}}",14305638,3378687],"chl_oc3\/6.2.1":["{{g}}",17684325,1733369],"chl_oc3\/6.2.2":["{{g}}",19417694,43858],"chl_oc3\/6.2.3":["{{g}}",19461552,1361353],"chl_oc3\/6.2.4":["{{g}}",20822905,392059],"chl_oc3\/6.3.0":["{{g}}",21214964,2202126],"chl_oc3\/6.3.1":["{{g}}",23417090,1295348],"chl_oc3\/6.3.2":["{{g}}",24712438,2275778],"chl_oc3\/6.3.3":["{{g}}",26988216,2713295],"chl_oc3\/6.3.4":["{{g}}",29701511,616629],"chl_oc3\/6.4.0":["{{g}}",30318140,1630667],"chl_oc3\/6.4.1":["{{g}}",31948807,441262],"chl_oc3\/6.4.2":["{{g}}",32390069,893161],"chl_oc3\/6.4.3":["{{g}}",33283230,2470482],"chl_oc3\/6.4.4":["{{g}}",35753712,2838042],"chl_oc3\/7.0.0":["{{h}}",151221,612296],"chl_oc3\/7.0.1":["{{h}}",763517,300565],"chl_oc3\/7.0.2":["{{h}}",1064082,1008780],"chl_oc3\/7.0.3":["{{h}}",2072862,1227204],"chl_oc3\/7.0.4":["{{h}}",3300066,1046791],"chl_oc3\/7.1.0":["{{h}}",4346857,2340647],"chl_oc3\/7.1.1":["{{h}}",6687504,421772],"chl_oc3\/7.1.2":["{{h}}",7109276,1622699],"chl_oc3\/7.1.3":["{{h}}",8731975,1502592],"chl_oc3\/7.1.4":["{{h}}",10234567,781610],"chl_oc3\/7.2.0":["{{h}}",11016177,2975861],"chl_oc3\/7.2.1":["{{h}}",13992038,1323521],"chl_oc3\/7.2.2":["{{h}}",15315559,23698],"chl_oc3\/7.2.3":["{{h}}",15339257,637057],"chl_oc3\/7.2.4":["{{h}}",15976314,2702259],"chl_oc3\/7.3.0":["{{h}}",18678573,3034618],"chl_oc3\/7.3.1":["{{h}}",21713191,1178219],"chl_oc3\/7.3.2":["{{h}}",22891410,964391],"chl_oc3\/7.3.3":["{{h}}",23855801,735578],"chl_oc3\/7.3.4":["{{h}}",24591379,1827261],"chl_oc3\/7.4.0":["{{h}}",26418640,1126274],"chl_oc3\/7.4.1":["{{h}}",27544914,526216],"chl_oc3\/7.4.2":["{{h}}",28071130,174004],"chl_oc3\/7.4.3":["{{h}}",28245134,635410],"chl_oc3\/7.4.4":["{{h}}",28880544,485604],"chl_oc3\/8.0.0":["{{i}}",151221,124915],"chl_oc3\/8.0.1":["{{i}}",276136,217024],"chl_oc3\/8.0.2":["{{i}}",493160,2555347],"chl_oc3\/8.0.3":["{{i}}",3048507,3565197],"chl_oc3\/8.0.4":["{{i}}",6613704,42463],"chl_oc3\/8.1.0":["{{i}}",6656167,2189105],"chl_oc3\/8.1.1":["{{i}}",8845272,310737],"chl_oc3\/8.1.2":["{{i}}",9156009,1396149],"chl_oc3\/8.1.3":["{{i}}",10552158,1849057],"chl_oc3\/8.1.4":["{{i}}",12401215,364309],"chl_oc3\/8.2.0":["{{i}}",12765524,3462634],"chl_oc3\/8.2.1":["{{i}}",16228158,2492660],"chl_oc3\/8.2.2":["{{i}}",18720818,22717],"chl_oc3\/8.2.3":["{{i}}",18743535,1198195],"chl_oc3\/8.2.4":["{{i}}",19941730,1827505],"chl_oc3\/8.3.0":["{{i}}",21769235,1475230],"chl_oc3\/8.3.1":["{{i}}",23244465,4776090],"chl_oc3\/8.3.2":["{{i}}",28020555,757402],"chl_oc3\/8.3.3":["{{i}}",28777957,1159248],"chl_oc3\/8.3.4":["{{i}}",29937205,798479],"chl_oc3\/8.4.0":["{{i}}",30735684,1185948],"chl_oc3\/8.4.1":["{{i}}",31921632,2034525],"chl_oc3\/8.4.2":["{{i}}",33956157,110442],"chl_oc3\/8.4.3":["{{i}}",34066599,628908],"chl_oc3\/8.4.4":["{{i}}",34695507,96419],"chl_oc3\/9.0.0":["{{j}}",151221,555018],"chl_oc3\/9.0.1":["{{j}}",706239,263323],"chl_oc3\/9.0.2":["{{j}}",969562,1922351],"chl_oc3\/9.0.3":["{{j}}",2891913,1778225],"chl_oc3\/9.0.4":["{{j}}",4670138,2066353],"chl_oc3\/9.1.0":["{{j}}",6736491,1385269],"chl_oc3\/9.1.1":["{{j}}",8121760,787808],"chl_oc3\/9.1.2":["{{j}}",8909568,1063115],"chl_oc3\/9.1.3":["{{j}}",9972683,892753],"chl_oc3\/9.1.4":["{{j}}",10865436,869097],"chl_oc3\/9.2.0":["{{j}}",11734533,2752398],"chl_oc3\/9.2.1":["{{j}}",14486931,1491086],"chl_oc3\/9.2.2":["{{j}}",15978017,147065],"chl_oc3\/9.2.3":["{{j}}",16125082,746748],"chl_oc3\/9.2.4":["{{j}}",16871830,2736588],"chl_oc3\/9.3.0":["{{j}}",19608418,2563413],"chl_oc3\/9.3.1":["{{j}}",22171831,2045475],"chl_oc3\/9.3.2":["{{j}}",24217306,3679101],"chl_oc3\/9.3.3":["{{j}}",27896407,1945639],"chl_oc3\/9.3.4":["{{j}}",29842046,1000010],"chl_oc3\/9.4.0":["{{j}}",30842056,1230028],"chl_oc3\/9.4.1":["{{j}}",32072084,1301452],"chl_oc3\/9.4.2":["{{j}}",33373536,2334673],"chl_oc3\/9.4.3":["{{j}}",35708209,717910],"chl_oc3\/9.4.4":["{{j}}",36426119,52876],"chl_oc3\/10.0.0":["{{k}}",151221,661847],"chl_oc3\/10.0.1":["{{k}}",813068,12326],"chl_oc3\/10.0.2":["{{k}}",825394,2290449],"chl_oc3\/10.0.3":["{{k}}",3115843,3506666],"chl_oc3\/10.0.4":["{{k}}",6622509,191124],"chl_oc3\/10.1.0":["{{k}}",6813633,2189629],"chl_oc3\/10.1.1":["{{k}}",9003262,892239],"chl_oc3\/10.1.2":["{{k}}",9895501,1505080],"chl_oc3\/10.1.3":["{{k}}",11400581,1077921],"chl_oc3\/10.1.4":["{{k}}",12478502,108058],"chl_oc3\/10.2.0":["{{k}}",12586560,2831855],"chl_oc3\/10.2.1":["{{k}}",15418415,2105672],"chl_oc3\/10.2.2":["{{k}}",17524087,37377],"chl_oc3\/10.2.3":["{{k}}",17561464,516953],"chl_oc3\/10.2.4":["{{k}}",18078417,1782177],"chl_oc3\/10.3.0":["{{k}}",19860594,2073890],"chl_oc3\/10.3.1":["{{k}}",21934484,1705108],"chl_oc3\/10.3.2":["{{k}}",23639592,1661899],"chl_oc3\/10.3.3":["{{k}}",25301491,3164640],"chl_oc3\/10.3.4":["{{k}}",28466131,2507679],"chl_oc3\/10.4.0":["{{k}}",30973810,394256],"chl_oc3\/10.4.1":["{{k}}",31368066,526027],"chl_oc3\/10.4.2":["{{k}}",31894093,639034],"chl_oc3\/10.4.3":["{{k}}",32533127,1258303],"chl_oc3\/10.4.4":["{{k}}",33791430,1272414],"chl_oc3\/11.0.0":["{{l}}",151221,1005543],"chl_oc3\/11.0.1":["{{l}}",1156764,529828],"chl_oc3\/11.0.2":["{{l}}",1686592,2074763],"chl_oc3\/11.0.3":["{{l}}",3761355,2123053],"chl_oc3\/11.0.4":["{{l}}",5884408,1787871],"chl_oc3\/11.1.0":["{{l}}",7672279,1464787],"chl_oc3\/11.1.1":["{{l}}",9137066,425713],"chl_oc3\/11.1.2":["{{l}}",9562779,1121139],"chl_oc3\/11.1.3":["{{l}}",10683918,1536270],"chl_oc3\/11.1.4":["{{l}}",12220188,785203],"chl_oc3\/11.2.0":["{{l}}",13005391,1841176],"chl_oc3\/11.2.1":["{{l}}",14846567,1476771],"chl_oc3\/11.2.2":["{{l}}",16323338,49824],"chl_oc3\/11.2.3":["{{l}}",16373162,981312],"chl_oc3\/11.2.4":["{{l}}",17354474,1437605],"chl_oc3\/11.3.0":["{{l}}",18792079,2224442],"chl_oc3\/11.3.1":["{{l}}",21016521,1162058],"chl_oc3\/11.3.2":["{{l}}",22178579,1767426],"chl_oc3\/11.3.3":["{{l}}",23946005,2617751],"chl_oc3\/11.3.4":["{{l}}",26563756,972951],"chl_oc3\/11.4.0":["{{l}}",27536707,1128518],"chl_oc3\/11.4.1":["{{l}}",28665225,627187],"chl_oc3\/11.4.2":["{{l}}",29292412,749975],"chl_oc3\/11.4.3":["{{l}}",30042387,880597],"chl_oc3\/11.4.4":["{{l}}",30922984,870674],"chl_oc3\/12.0.0":["{{m}}",151221,1685614],"chl_oc3\/12.0.1":["{{m}}",1836835,161307],"chl_oc3\/12.0.2":["{{m}}",1998142,1008637],"chl_oc3\/12.0.3":["{{m}}",3006779,2220448],"chl_oc3\/12.0.4":["{{m}}",5227227,708656],"chl_oc3\/12.1.0":["{{m}}",5935883,1907385],"chl_oc3\/12.1.1":["{{m}}",7843268,784755],"chl_oc3\/12.1.2":["{{m}}",8628023,921208],"chl_oc3\/12.1.3":["{{m}}",9549231,583994],"chl_oc3\/12.1.4":["{{m}}",10133225,547512],"chl_oc3\/12.2.0":["{{m}}",10680737,1599990],"chl_oc3\/12.2.1":["{{m}}",12280727,1752628],"chl_oc3\/12.2.2":["{{m}}",14033355,74583],"chl_oc3\/12.2.3":["{{m}}",14107938,689809],"chl_oc3\/12.2.4":["{{m}}",14797747,2933992],"chl_oc3\/12.3.0":["{{m}}",17731739,1522549],"chl_oc3\/12.3.1":["{{m}}",19254288,1465981],"chl_oc3\/12.3.2":["{{m}}",20720269,1082540],"chl_oc3\/12.3.3":["{{m}}",21802809,566788],"chl_oc3\/12.3.4":["{{m}}",22369597,1350891],"chl_oc3\/12.4.0":["{{m}}",23720488,1186580],"chl_oc3\/12.4.1":["{{m}}",24907068,1659837],"chl_oc3\/12.4.2":["{{m}}",26566905,1820430],"chl_oc3\/12.4.3":["{{m}}",28387335,1112583],"chl_oc3\/12.4.4":["{{m}}",29499918,1504989],"chl_oc3\/13.0.0":["{{n}}",151221,2026396],"chl_oc3\/13.0.1":["{{n}}",2177617,494364],"chl_oc3\/13.0.2":["{{n}}",2671981,369367],"chl_oc3\/13.0.3":["{{n}}",3041348,1974956],"chl_oc3\/13.0.4":["{{n}}",5016304,4061573],"chl_oc3\/13.1.0":["{{n}}",9077877,1353386],"chl_oc3\/13.1.1":["{{n}}",10431263,982176],"chl_oc3\/13.1.2":["{{n}}",11413439,769049],"chl_oc3\/13.1.3":["{{n}}",12182488,827486],"chl_oc3\/13.1.4":["{{n}}",13009974,744857],"chl_oc3\/13.2.0":["{{n}}",13754831,2435750],"chl_oc3\/13.2.1":["{{n}}",16190581,2761405],"chl_oc3\/13.2.2":["{{n}}",18951986,27645],"chl_oc3\/13.2.3":["{{n}}",18979631,2161475],"chl_oc3\/13.2.4":["{{n}}",21141106,491798],"chl_oc3\/13.3.0":["{{n}}",21632904,3630284],"chl_oc3\/13.3.1":["{{n}}",25263188,947445],"chl_oc3\/13.3.2":["{{n}}",26210633,3118275],"chl_oc3\/13.3.3":["{{n}}",29328908,1784797],"chl_oc3\/13.3.4":["{{n}}",31113705,210776],"chl_oc3\/13.4.0":["{{n}}",31324481,3006763],"chl_oc3\/13.4.1":["{{n}}",34331244,1814647],"chl_oc3\/13.4.2":["{{n}}",36145891,1790711],"chl_oc3\/13.4.3":["{{n}}",37936602,1423829],"chl_oc3\/13.4.4":["{{n}}",39360431,476003],"chl_oc3\/14.0.0":["{{o}}",151221,3500399],"chl_oc3\/14.0.1":["{{o}}",3651620,848193],"chl_oc3\/14.0.2":["{{o}}",4499813,73833],"chl_oc3\/14.0.3":["{{o}}",4573646,725210],"chl_oc3\/14.0.4":["{{o}}",5298856,2075800],"chl_oc3\/14.1.0":["{{o}}",7374656,2659392],"chl_oc3\/14.1.1":["{{o}}",10034048,831391],"chl_oc3\/14.1.2":["{{o}}",10865439,533899],"chl_oc3\/14.1.3":["{{o}}",11399338,740453],"chl_oc3\/14.1.4":["{{o}}",12139791,365091],"chl_oc3\/14.2.0":["{{o}}",12504882,2404681],"chl_oc3\/14.2.1":["{{o}}",14909563,1298045],"chl_oc3\/14.2.2":["{{o}}",16207608,104674],"chl_oc3\/14.2.3":["{{o}}",16312282,730947],"chl_oc3\/14.2.4":["{{o}}",17043229,1756668],"chl_oc3\/14.3.0":["{{o}}",18799897,2448026],"chl_oc3\/14.3.1":["{{o}}",21247923,2230385],"chl_oc3\/14.3.2":["{{o}}",23478308,1417922],"chl_oc3\/14.3.3":["{{o}}",24896230,1930867],"chl_oc3\/14.3.4":["{{o}}",26827097,1991071],"chl_oc3\/14.4.0":["{{o}}",28818168,692332],"chl_oc3\/14.4.1":["{{o}}",29510500,2529064],"chl_oc3\/14.4.2":["{{o}}",32039564,1291544],"chl_oc3\/14.4.3":["{{o}}",33331108,616820],"chl_oc3\/14.4.4":["{{o}}",33947928,1142785],"chl_oc3\/15.0.0":["{{p}}",151221,2008772],"chl_oc3\/15.0.1":["{{p}}",2159993,1568835],"chl_oc3\/15.0.2":["{{p}}",3728828,314637],"chl_oc3\/15.0.3":["{{p}}",4043465,1163919],"chl_oc3\/15.0.4":["{{p}}",5207384,10921],"chl_oc3\/15.1.0":["{{p}}",5218305,1868824],"chl_oc3\/15.1.1":["{{p}}",7087129,513196],"chl_oc3\/15.1.2":["{{p}}",7600325,184822],"chl_oc3\/15.1.3":["{{p}}",7785147,1530063],"chl_oc3\/15.1.4":["{{p}}",9315210,42526],"chl_oc3\/15.2.0":["{{p}}",9357736,3535754],"chl_oc3\/15.2.1":["{{p}}",12893490,1746810],"chl_oc3\/15.2.2":["{{p}}",14640300,98239],"chl_oc3\/15.2.3":["{{p}}",14738539,1504050],"chl_oc3\/15.2.4":["{{p}}",16242589,1135330],"chl_oc3\/15.3.0":["{{p}}",17377919,2341486],"chl_oc3\/15.3.1":["{{p}}",19719405,2283857],"chl_oc3\/15.3.2":["{{p}}",22003262,2008700],"chl_oc3\/15.3.3":["{{p}}",24011962,1490853],"chl_oc3\/15.3.4":["{{p}}",25502815,1448459],"chl_oc3\/15.4.0":["{{p}}",26951274,139153],"chl_oc3\/15.4.1":["{{p}}",27090427,1395267],"chl_oc3\/15.4.2":["{{p}}",28485694,2372420],"chl_oc3\/15.4.3":["{{p}}",30858114,1746988],"chl_oc3\/15.4.4":["{{p}}",32605102,645582],"chl_oc3\/16.0.0":["{{q}}",151221,2441632],"chl_oc3\/16.0.1":["{{q}}",2592853,674593],"chl_oc3\/16.0.2":["{{q}}",3267446,1479012],"chl_oc3\/16.0.3":["{{q}}",4746458,826608],"chl_oc3\/16.0.4":["{{q}}",5573066,1611691],"chl_oc3\/16.1.0":["{{q}}",7184757,2115393],"chl_oc3\/16.1.1":["{{q}}",9300150,357533],"chl_oc3\/16.1.2":["{{q}}",9657683,289047],"chl_oc3\/16.1.3":["{{q}}",9946730,857535],"chl_oc3\/16.1.4":["{{q}}",10804265,906347],"chl_oc3\/16.2.0":["{{q}}",11710612,2598016],"chl_oc3\/16.2.1":["{{q}}",14308628,1604624],"chl_oc3\/16.2.2":["{{q}}",15913252,118459],"chl_oc3\/16.2.3":["{{q}}",16031711,1150014],"chl_oc3\/16.2.4":["{{q}}",17181725,2285321],"chl_oc3\/16.3.0":["{{q}}",19467046,1124255],"chl_oc3\/16.3.1":["{{q}}",20591301,1226729],"chl_oc3\/16.3.2":["{{q}}",21818030,3809249],"chl_oc3\/16.3.3":["{{q}}",25627279,2150723],"chl_oc3\/16.3.4":["{{q}}",27778002,2264547],"chl_oc3\/16.4.0":["{{q}}",30042549,278057],"chl_oc3\/16.4.1":["{{q}}",30320606,163626],"chl_oc3\/16.4.2":["{{q}}",30484232,1990509],"chl_oc3\/16.4.3":["{{q}}",32474741,1214885],"chl_oc3\/16.4.4":["{{q}}",33689626,506523],"chl_oc3\/17.0.0":["{{r}}",151221,1298575],"chl_oc3\/17.0.1":["{{r}}",1449796,904121],"chl_oc3\/17.0.2":["{{r}}",2353917,1618223],"chl_oc3\/17.0.3":["{{r}}",3972140,152620],"chl_oc3\/17.0.4":["{{r}}",4124760,13362],"chl_oc3\/17.1.0":["{{r}}",4138122,2216802],"chl_oc3\/17.1.1":["{{r}}",6354924,361522],"chl_oc3\/17.1.2":["{{r}}",6716446,30519],"chl_oc3\/17.1.3":["{{r}}",6746965,1350780],"chl_oc3\/17.1.4":["{{r}}",8097745,306543],"chl_oc3\/17.2.0":["{{r}}",8404288,3218565],"chl_oc3\/17.2.1":["{{r}}",11622853,2091563],"chl_oc3\/17.2.2":["{{r}}",13714416,12351],"chl_oc3\/17.2.3":["{{r}}",13726767,1091408],"chl_oc3\/17.2.4":["{{r}}",14818175,2367226],"chl_oc3\/17.3.0":["{{r}}",17185401,982292],"chl_oc3\/17.3.1":["{{r}}",18167693,1470204],"chl_oc3\/17.3.2":["{{r}}",19637897,1509327],"chl_oc3\/17.3.3":["{{r}}",21147224,2458002],"chl_oc3\/17.3.4":["{{r}}",23605226,1612793],"chl_oc3\/17.4.0":["{{r}}",25218019,188037],"chl_oc3\/17.4.1":["{{r}}",25406056,286592],"chl_oc3\/17.4.2":["{{r}}",25692648,270111],"chl_oc3\/17.4.3":["{{r}}",25962759,1558423],"chl_oc3\/17.4.4":["{{r}}",27521182,959651],"chl_oc3\/18.0.0":["{{s}}",151221,2399793],"chl_oc3\/18.0.1":["{{s}}",2551014,244824],"chl_oc3\/18.0.2":["{{s}}",2795838,397553],"chl_oc3\/18.0.3":["{{s}}",3193391,282909],"chl_oc3\/18.0.4":["{{s}}",3476300,1057426],"chl_oc3\/18.1.0":["{{s}}",4533726,1482713],"chl_oc3\/18.1.1":["{{s}}",6016439,192717],"chl_oc3\/18.1.2":["{{s}}",6209156,200477],"chl_oc3\/18.1.3":["{{s}}",6409633,1123331],"chl_oc3\/18.1.4":["{{s}}",7532964,1315389],"chl_oc3\/18.2.0":["{{s}}",8848353,2733746],"chl_oc3\/18.2.1":["{{s}}",11582099,1212309],"chl_oc3\/18.2.2":["{{s}}",12794408,18497],"chl_oc3\/18.2.3":["{{s}}",12812905,1183566],"chl_oc3\/18.2.4":["{{s}}",13996471,2389916],"chl_oc3\/18.3.0":["{{s}}",16386387,1083740],"chl_oc3\/18.3.1":["{{s}}",17470127,1006933],"chl_oc3\/18.3.2":["{{s}}",18477060,3221102],"chl_oc3\/18.3.3":["{{s}}",21698162,2308576],"chl_oc3\/18.3.4":["{{s}}",24006738,830887],"chl_oc3\/18.4.0":["{{s}}",24837625,296866],"chl_oc3\/18.4.1":["{{s}}",25134491,645019],"chl_oc3\/18.4.2":["{{s}}",25779510,503514],"chl_oc3\/18.4.3":["{{s}}",26283024,579859],"chl_oc3\/18.4.4":["{{s}}",26862883,127902],"chl_oc3\/19.0.0":["{{t}}",151221,2777239],"chl_oc3\/19.0.1":["{{t}}",2928460,326759],"chl_oc3\/19.0.2":["{{t}}",3255219,2244166],"chl_oc3\/19.0.3":["{{t}}",5499385,205533],"chl_oc3\/19.0.4":["{{t}}",5704918,133964],"chl_oc3\/19.1.0":["{{t}}",5838882,2715121],"chl_oc3\/19.1.1":["{{t}}",8554003,402015],"chl_oc3\/19.1.2":["{{t}}",8956018,356600],"chl_oc3\/19.1.3":["{{t}}",9312618,943314],"chl_oc3\/19.1.4":["{{t}}",10255932,849276],"chl_oc3\/19.2.0":["{{t}}",11105208,3838342],"chl_oc3\/19.2.1":["{{t}}",14943550,1215517],"chl_oc3\/19.2.2":["{{t}}",16159067,22618],"chl_oc3\/19.2.3":["{{t}}",16181685,1103324],"chl_oc3\/19.2.4":["{{t}}",17285009,2817173],"chl_oc3\/19.3.0":["{{t}}",20102182,2371496],"chl_oc3\/19.3.1":["{{t}}",22473678,1345342],"chl_oc3\/19.3.2":["{{t}}",23819020,1805015],"chl_oc3\/19.3.3":["{{t}}",25624035,1629552],"chl_oc3\/19.3.4":["{{t}}",27253587,3492812],"chl_oc3\/19.4.0":["{{t}}",30746399,2085058],"chl_oc3\/19.4.1":["{{t}}",32831457,663026],"chl_oc3\/19.4.2":["{{t}}",33494483,372562],"chl_oc3\/19.4.3":["{{t}}",33867045,867984],"chl_oc3\/19.4.4":["{{t}}",34735029,834487],"chl_oc3\/20.0.0":["{{u}}",151221,1626619],"chl_oc3\/20.0.1":["{{u}}",1777840,822569],"chl_oc3\/20.0.2":["{{u}}",2600409,829463],"chl_oc3\/20.0.3":["{{u}}",3429872,968072],"chl_oc3\/20.0.4":["{{u}}",4397944,1644521],"chl_oc3\/20.1.0":["{{u}}",6042465,1842996],"chl_oc3\/20.1.1":["{{u}}",7885461,316143],"chl_oc3\/20.1.2":["{{u}}",8201604,116063],"chl_oc3\/20.1.3":["{{u}}",8317667,2245066],"chl_oc3\/20.1.4":["{{u}}",10562733,2411485],"chl_oc3\/20.2.0":["{{u}}",12974218,3054590],"chl_oc3\/20.2.1":["{{u}}",16028808,1688787],"chl_oc3\/20.2.2":["{{u}}",17717595,51882],"chl_oc3\/20.2.3":["{{u}}",17769477,2425708],"chl_oc3\/20.2.4":["{{u}}",20195185,1156079],"chl_oc3\/20.3.0":["{{u}}",21351264,2807234],"chl_oc3\/20.3.1":["{{u}}",24158498,2628181],"chl_oc3\/20.3.2":["{{u}}",26786679,1261262],"chl_oc3\/20.3.3":["{{u}}",28047941,2724976],"chl_oc3\/20.3.4":["{{u}}",30772917,581389],"chl_oc3\/20.4.0":["{{u}}",31354306,1375170],"chl_oc3\/20.4.1":["{{u}}",32729476,1366281],"chl_oc3\/20.4.2":["{{u}}",34095757,223862],"chl_oc3\/20.4.3":["{{u}}",34319619,653408],"chl_oc3\/20.4.4":["{{u}}",34973027,189024],"chl_oc3\/21.0.0":["{{v}}",151221,1858971],"chl_oc3\/21.0.1":["{{v}}",2010192,596365],"chl_oc3\/21.0.2":["{{v}}",2606557,2015636],"chl_oc3\/21.0.3":["{{v}}",4622193,1815617],"chl_oc3\/21.0.4":["{{v}}",6437810,1196912],"chl_oc3\/21.1.0":["{{v}}",7634722,2435038],"chl_oc3\/21.1.1":["{{v}}",10069760,303758],"chl_oc3\/21.1.2":["{{v}}",10373518,881403],"chl_oc3\/21.1.3":["{{v}}",11254921,964095],"chl_oc3\/21.1.4":["{{v}}",12219016,1198285],"chl_oc3\/21.2.0":["{{v}}",13417301,4286323],"chl_oc3\/21.2.1":["{{v}}",17703624,961603],"chl_oc3\/21.2.2":["{{v}}",18665227,59965],"chl_oc3\/21.2.3":["{{v}}",18725192,458324],"chl_oc3\/21.2.4":["{{v}}",19183516,2392590],"chl_oc3\/21.3.0":["{{v}}",21576106,1661095],"chl_oc3\/21.3.1":["{{v}}",23237201,3213612],"chl_oc3\/21.3.2":["{{v}}",26450813,1170883],"chl_oc3\/21.3.3":["{{v}}",27621696,1638587],"chl_oc3\/21.3.4":["{{v}}",29260283,3096019],"chl_oc3\/21.4.0":["{{v}}",32356302,579076],"chl_oc3\/21.4.1":["{{v}}",32935378,1406561],"chl_oc3\/21.4.2":["{{v}}",34341939,877021],"chl_oc3\/21.4.3":["{{v}}",35218960,219488],"chl_oc3\/21.4.4":["{{v}}",35438448,1204562],"chl_oc3\/22.0.0":["{{w}}",151221,359213],"chl_oc3\/22.0.1":["{{w}}",510434,211349],"chl_oc3\/22.0.2":["{{w}}",721783,386396],"chl_oc3\/22.0.3":["{{w}}",1108179,3057969],"chl_oc3\/22.0.4":["{{w}}",4166148,3850849],"chl_oc3\/22.1.0":["{{w}}",8016997,1389061],"chl_oc3\/22.1.1":["{{w}}",9406058,516707],"chl_oc3\/22.1.2":["{{w}}",9922765,379150],"chl_oc3\/22.1.3":["{{w}}",10301915,742510],"chl_oc3\/22.1.4":["{{w}}",11044425,1820994],"chl_oc3\/22.2.0":["{{w}}",12865419,3718610],"chl_oc3\/22.2.1":["{{w}}",16584029,2145145],"chl_oc3\/22.2.2":["{{w}}",18729174,43804],"chl_oc3\/22.2.3":["{{w}}",18772978,685946],"chl_oc3\/22.2.4":["{{w}}",19458924,346580],"chl_oc3\/22.3.0":["{{w}}",19805504,2393138],"chl_oc3\/22.3.1":["{{w}}",22198642,3700216],"chl_oc3\/22.3.2":["{{w}}",25898858,1928758],"chl_oc3\/22.3.3":["{{w}}",27827616,2033171],"chl_oc3\/22.3.4":["{{w}}",29860787,1277350],"chl_oc3\/22.4.0":["{{w}}",31138137,1188196],"chl_oc3\/22.4.1":["{{w}}",32326333,1128641],"chl_oc3\/22.4.2":["{{w}}",33454974,358347],"chl_oc3\/22.4.3":["{{w}}",33813321,257644],"chl_oc3\/22.4.4":["{{w}}",34070965,786116],"chl_oc3\/23.0.0":["{{x}}",151221,1096422],"chl_oc3\/23.0.1":["{{x}}",1247643,652114],"chl_oc3\/23.0.2":["{{x}}",1899757,1822525],"chl_oc3\/23.0.3":["{{x}}",3722282,513917],"chl_oc3\/23.0.4":["{{x}}",4236199,1298369],"chl_oc3\/23.1.0":["{{x}}",5534568,1697673],"chl_oc3\/23.1.1":["{{x}}",7232241,300243],"chl_oc3\/23.1.2":["{{x}}",7532484,978449],"chl_oc3\/23.1.3":["{{x}}",8510933,847840],"chl_oc3\/23.1.4":["{{x}}",9358773,759536],"chl_oc3\/23.2.0":["{{x}}",10118309,3458680],"chl_oc3\/23.2.1":["{{x}}",13576989,2321117],"chl_oc3\/23.2.2":["{{x}}",15898106,11928],"chl_oc3\/23.2.3":["{{x}}",15910034,381180],"chl_oc3\/23.2.4":["{{x}}",16291214,1273222],"chl_oc3\/23.3.0":["{{x}}",17564436,2439145],"chl_oc3\/23.3.1":["{{x}}",20003581,3671302],"chl_oc3\/23.3.2":["{{x}}",23674883,1892035],"chl_oc3\/23.3.3":["{{x}}",25566918,2147478],"chl_oc3\/23.3.4":["{{x}}",27714396,2493543],"chl_oc3\/23.4.0":["{{x}}",30207939,1500625],"chl_oc3\/23.4.1":["{{x}}",31708564,2366552],"chl_oc3\/23.4.2":["{{x}}",34075116,1761709],"chl_oc3\/23.4.3":["{{x}}",35836825,152458],"chl_oc3\/23.4.4":["{{x}}",35989283,206942],"chl_oc3\/24.0.0":["{{y}}",151221,806259],"chl_oc3\/24.0.1":["{{y}}",957480,182130],"chl_oc3\/24.0.2":["{{y}}",1139610,2511690],"chl_oc3\/24.0.3":["{{y}}",3651300,1558219],"chl_oc3\/24.0.4":["{{y}}",5209519,43338],"chl_oc3\/24.1.0":["{{y}}",5252857,1886269],"chl_oc3\/24.1.1":["{{y}}",7139126,503160],"chl_oc3\/24.1.2":["{{y}}",7642286,1106815],"chl_oc3\/24.1.3":["{{y}}",8749101,976893],"chl_oc3\/24.1.4":["{{y}}",9725994,168949],"chl_oc3\/24.2.0":["{{y}}",9894943,4363608],"chl_oc3\/24.2.1":["{{y}}",14258551,1872981],"chl_oc3\/24.2.2":["{{y}}",16131532,11920],"chl_oc3\/24.2.3":["{{y}}",16143452,772467],"chl_oc3\/24.2.4":["{{y}}",16915919,1046144],"chl_oc3\/24.3.0":["{{y}}",17962063,1214631],"chl_oc3\/24.3.1":["{{y}}",19176694,3516956],"chl_oc3\/24.3.2":["{{y}}",22693650,1832326],"chl_oc3\/24.3.3":["{{y}}",24525976,1541973],"chl_oc3\/24.3.4":["{{y}}",26067949,1520519],"chl_oc3\/24.4.0":["{{y}}",27588468,3187593],"chl_oc3\/24.4.1":["{{y}}",30776061,1560016],"chl_oc3\/24.4.2":["{{y}}",32336077,2159732],"chl_oc3\/24.4.3":["{{y}}",34495809,91189],"chl_oc3\/24.4.4":["{{y}}",34586998,729816],"chl_oc3\/25.0.0":["{{z}}",151221,356479],"chl_oc3\/25.0.1":["{{z}}",507700,220338],"chl_oc3\/25.0.2":["{{z}}",728038,2247843],"chl_oc3\/25.0.3":["{{z}}",2975881,1442506],"chl_oc3\/25.0.4":["{{z}}",4418387,2012550],"chl_oc3\/25.1.0":["{{z}}",6430937,1488059],"chl_oc3\/25.1.1":["{{z}}",7918996,244129],"chl_oc3\/25.1.2":["{{z}}",8163125,43806],"chl_oc3\/25.1.3":["{{z}}",8206931,683978],"chl_oc3\/25.1.4":["{{z}}",8890909,2442217],"chl_oc3\/25.2.0":["{{z}}",11333126,2766985],"chl_oc3\/25.2.1":["{{z}}",14100111,1477034],"chl_oc3\/25.2.2":["{{z}}",15577145,13153],"chl_oc3\/25.2.3":["{{z}}",15590298,897271],"chl_oc3\/25.2.4":["{{z}}",16487569,1881488],"chl_oc3\/25.3.0":["{{z}}",18369057,1499925],"chl_oc3\/25.3.1":["{{z}}",19868982,1365426],"chl_oc3\/25.3.2":["{{z}}",21234408,2400487],"chl_oc3\/25.3.3":["{{z}}",23634895,2069267],"chl_oc3\/25.3.4":["{{z}}",25704162,1462777],"chl_oc3\/25.4.0":["{{z}}",27166939,580851],"chl_oc3\/25.4.1":["{{z}}",27747790,1342069],"chl_oc3\/25.4.2":["{{z}}",29089859,1707289],"chl_oc3\/25.4.3":["{{z}}",30797148,720502],"chl_oc3\/25.4.4":["{{z}}",31517650,90141],"chl_oc3\/26.0.0":["{{A}}",151221,951785],"chl_oc3\/26.0.1":["{{A}}",1103006,20004],"chl_oc3\/26.0.2":["{{A}}",1123010,10921],"chl_oc3\/26.0.3":["{{A}}",1133931,3181780],"chl_oc3\/26.0.4":["{{A}}",4315711,614419],"chl_oc3\/26.1.0":["{{A}}",4930130,1783768],"chl_oc3\/26.1.1":["{{A}}",6713898,1005756],"chl_oc3\/26.1.2":["{{A}}",7719654,23981],"chl_oc3\/26.1.3":["{{A}}",7743635,678114],"chl_oc3\/26.1.4":["{{A}}",8421749,483945],"chl_oc3\/26.2.0":["{{A}}",8905694,3253371],"chl_oc3\/26.2.1":["{{A}}",12159065,1736007],"chl_oc3\/26.2.2":["{{A}}",13895072,34282],"chl_oc3\/26.2.3":["{{A}}",13929354,455228],"chl_oc3\/26.2.4":["{{A}}",14384582,1105474],"chl_oc3\/26.3.0":["{{A}}",15490056,3219797],"chl_oc3\/26.3.1":["{{A}}",18709853,1233626],"chl_oc3\/26.3.2":["{{A}}",19943479,608238],"chl_oc3\/26.3.3":["{{A}}",20551717,1311487],"chl_oc3\/26.3.4":["{{A}}",21863204,2567087],"chl_oc3\/26.4.0":["{{A}}",24430291,3736606],"chl_oc3\/26.4.1":["{{A}}",28166897,205080],"chl_oc3\/26.4.2":["{{A}}",28371977,809476],"chl_oc3\/26.4.3":["{{A}}",29181453,301146],"chl_oc3\/26.4.4":["{{A}}",29482599,554055],"chl_oc3\/27.0.0":["{{B}}",151221,1366007],"chl_oc3\/27.0.1":["{{B}}",1517228,229364],"chl_oc3\/27.0.2":["{{B}}",1746592,828280],"chl_oc3\/27.0.3":["{{B}}",2574872,1250731],"chl_oc3\/27.0.4":["{{B}}",3825603,2799768],"chl_oc3\/27.1.0":["{{B}}",6625371,2287061],"chl_oc3\/27.1.1":["{{B}}",8912432,1418071],"chl_oc3\/27.1.2":["{{B}}",10330503,225923],"chl_oc3\/27.1.3":["{{B}}",10556426,1321331],"chl_oc3\/27.1.4":["{{B}}",11877757,1359559],"chl_oc3\/27.2.0":["{{B}}",13237316,2880068],"chl_oc3\/27.2.1":["{{B}}",16117384,1380219],"chl_oc3\/27.2.2":["{{B}}",17497603,56683],"chl_oc3\/27.2.3":["{{B}}",17554286,1388571],"chl_oc3\/27.2.4":["{{B}}",18942857,844893],"chl_oc3\/27.3.0":["{{B}}",19787750,2368811],"chl_oc3\/27.3.1":["{{B}}",22156561,950235],"chl_oc3\/27.3.2":["{{B}}",23106796,1680019],"chl_oc3\/27.3.3":["{{B}}",24786815,1136225],"chl_oc3\/27.3.4":["{{B}}",25923040,454862],"chl_oc3\/27.4.0":["{{B}}",26377902,3225052],"chl_oc3\/27.4.1":["{{B}}",29602954,1512184],"chl_oc3\/27.4.2":["{{B}}",31115138,1248836],"chl_oc3\/27.4.3":["{{B}}",32363974,1572363],"chl_oc3\/27.4.4":["{{B}}",33936337,580771],"chl_oc3\/28.0.0":["{{C}}",151221,1198214],"chl_oc3\/28.0.1":["{{C}}",1349435,174943],"chl_oc3\/28.0.2":["{{C}}",1524378,429705],"chl_oc3\/28.0.3":["{{C}}",1954083,2982499],"chl_oc3\/28.0.4":["{{C}}",4936582,1048519],"chl_oc3\/28.1.0":["{{C}}",5985101,1853916],"chl_oc3\/28.1.1":["{{C}}",7839017,2488935],"chl_oc3\/28.1.2":["{{C}}",10327952,52350],"chl_oc3\/28.1.3":["{{C}}",10380302,560350],"chl_oc3\/28.1.4":["{{C}}",10940652,1793440],"chl_oc3\/28.2.0":["{{C}}",12734092,3689169],"chl_oc3\/28.2.1":["{{C}}",16423261,1491655],"chl_oc3\/28.2.2":["{{C}}",17914916,95063],"chl_oc3\/28.2.3":["{{C}}",18009979,949550],"chl_oc3\/28.2.4":["{{C}}",18959529,1520983],"chl_oc3\/28.3.0":["{{C}}",20480512,3533142],"chl_oc3\/28.3.1":["{{C}}",24013654,879692],"chl_oc3\/28.3.2":["{{C}}",24893346,704428],"chl_oc3\/28.3.3":["{{C}}",25597774,872997],"chl_oc3\/28.3.4":["{{C}}",26470771,1396293],"chl_oc3\/28.4.0":["{{C}}",27867064,1650747],"chl_oc3\/28.4.1":["{{C}}",29517811,1474110],"chl_oc3\/28.4.2":["{{C}}",30991921,383089],"chl_oc3\/28.4.3":["{{C}}",31375010,1416249],"chl_oc3\/28.4.4":["{{C}}",32791259,2218991],"chl_oc3\/29.0.0":["{{D}}",151221,2436341],"chl_oc3\/29.0.1":["{{D}}",2587562,695943],"chl_oc3\/29.0.2":["{{D}}",3283505,676159],"chl_oc3\/29.0.3":["{{D}}",3959664,1201320],"chl_oc3\/29.0.4":["{{D}}",5160984,4163273],"chl_oc3\/29.1.0":["{{D}}",9324257,1299050],"chl_oc3\/29.1.1":["{{D}}",10623307,1288606],"chl_oc3\/29.1.2":["{{D}}",11911913,25492],"chl_oc3\/29.1.3":["{{D}}",11937405,800823],"chl_oc3\/29.1.4":["{{D}}",12738228,1007845],"chl_oc3\/29.2.0":["{{D}}",13746073,3173761],"chl_oc3\/29.2.1":["{{D}}",16919834,1656408],"chl_oc3\/29.2.2":["{{D}}",18576242,46887],"chl_oc3\/29.2.3":["{{D}}",18623129,2279397],"chl_oc3\/29.2.4":["{{D}}",20902526,970091],"chl_oc3\/29.3.0":["{{D}}",21872617,1761839],"chl_oc3\/29.3.1":["{{D}}",23634456,2679674],"chl_oc3\/29.3.2":["{{D}}",26314130,923849],"chl_oc3\/29.3.3":["{{D}}",27237979,730673],"chl_oc3\/29.3.4":["{{D}}",27968652,297694],"chl_oc3\/29.4.0":["{{D}}",28266346,1662525],"chl_oc3\/29.4.1":["{{D}}",29928871,1202886],"chl_oc3\/29.4.2":["{{D}}",31131757,118670],"chl_oc3\/29.4.3":["{{D}}",31250427,727638],"chl_oc3\/29.4.4":["{{D}}",31978065,1626449],"chl_oc3\/30.0.0":["{{E}}",151221,593559],"chl_oc3\/30.0.1":["{{E}}",744780,349332],"chl_oc3\/30.0.2":["{{E}}",1094112,124065],"chl_oc3\/30.0.3":["{{E}}",1218177,978983],"chl_oc3\/30.0.4":["{{E}}",2197160,1836223],"chl_oc3\/30.1.0":["{{E}}",4033383,2169225],"chl_oc3\/30.1.1":["{{E}}",6202608,1329648],"chl_oc3\/30.1.2":["{{E}}",7532256,162418],"chl_oc3\/30.1.3":["{{E}}",7694674,1491393],"chl_oc3\/30.1.4":["{{E}}",9186067,2117431],"chl_oc3\/30.2.0":["{{E}}",11303498,3684406],"chl_oc3\/30.2.1":["{{E}}",14987904,1624772],"chl_oc3\/30.2.2":["{{E}}",16612676,61201],"chl_oc3\/30.2.3":["{{E}}",16673877,582516],"chl_oc3\/30.2.4":["{{E}}",17256393,2711854],"chl_oc3\/30.3.0":["{{E}}",19968247,1993174],"chl_oc3\/30.3.1":["{{E}}",21961421,1615685],"chl_oc3\/30.3.2":["{{E}}",23577106,1404835],"chl_oc3\/30.3.3":["{{E}}",24981941,1901394],"chl_oc3\/30.3.4":["{{E}}",26883335,2333648],"chl_oc3\/30.4.0":["{{E}}",29216983,2149662],"chl_oc3\/30.4.1":["{{E}}",31366645,2902414],"chl_oc3\/30.4.2":["{{E}}",34269059,649332],"chl_oc3\/30.4.3":["{{E}}",34918391,211003],"chl_oc3\/30.4.4":["{{E}}",35129394,358477]}}