{"version":1,"templates":{"a":"s3:\/\/imos-data\/IMOS\/SRS\/OC\/gridded\/aqua\/P1D\/2016\/01\/A.P1D.20160101T000000Z.aust.chl_gsm.nc","b":"s3:\/\/imos-data\/IMOS\/SRS\/OC\/gridded\/aqua\/P1D\/2016\/01\/A.P1D.20160102T000000Z.aust.chl_gsm.nc","c":"s3:\/\/imos-data\/IMOS\/SRS\/OC\/gridded\/aqua\/P1D\/2016\/01\/A.P1D.20160103T000000Z.aust.chl_gsm.nc","d":"s3:\/\/imos-data\/IMOS\/SRS\/OC\/gridded\/aqua\/P1D\/2016\/01\/A.P1D.20160104T000000Z.aust.chl_gsm.nc","e":"s3:\/\/imos-data\/IMOS\/SRS\/OC\/gridded\/aqua\/P1D\/2016\/01\/A.P1D.20160105T000000Z.aust.chl_gsm.nc","f":"s3:\/\/imos-data\/IMOS\/SRS\/OC\/gridded\/aqua\/P1D\/2016\/01\/A.P1D.20160106T000000Z.aust.chl_gsm.nc","g":"s3:\/\/imos-data\/IMOS\/SRS\/OC\/gridded\/aqua\/P1D\/2016\/01\/A.P1D.20160107T000000Z.aust.chl_gsm.nc","h":"s3:\/\/imos-data\/IMOS\/SRS\/OC\/gridded\/aqua\/P1D\/2016\/01\/A.P1D.20160108T000000Z.aust.chl_gsm.nc"},"refs":{".zgroup":"{\"zarr_format\":2}",".zattrs":"{\"Conventions\":\"CF-1.6\",\"_nc3_strict\":1,\"compliance_checker_last_updated\":\"2016-01-21 01:31:49 UTC\",\"compliance_checker_version\":\"1.1.1 (79b23fe87f7e932974b93f7bdc1de29d70d18e74)\",\"history\":\"File initialised at 2016-01-03T04:20:32.356703\\nInitialised var chl_gsm at 2016-01-03T04:21:03.566638\\nAdd Granule A20160101_0305.20160102231620.L2OC_BASE.chl_gsm.nc at 2016-01-03T04:21:05.290223\\nAdd Granule A20160101_0310.20160102231627.L2OC_BASE.chl_gsm.nc at 2016-01-03T04:21:05.813923\\nAdd Granule A20160101_0315.20160102231619.L2OC_BASE.chl_gsm.nc at 2016-01-03T04:21:06.304127\\nAdd Granule A20160101_0320.20160102231636.L2OC_BASE.chl_gsm.nc at 2016-01-03T04:21:06.743510\\nAdd Granule A20160101_0325.20160102231624.L2OC_BASE.chl_gsm.nc at 2016-01-03T04:21:07.119903\\nAdd Granule A20160101_0445.20160102231630.L2OC_BASE.chl_gsm.nc at 2016-01-03T04:21:07.618385\\nAdd Granule A20160101_0450.20160102231623.L2OC_BASE.chl_gsm.nc at 2016-01-03T04:21:08.203538\\nAdd Granule A20160101_0455.20160102231626.L2OC_BASE.chl_gsm.nc at 2016-01-03T04:21:08.675381\\nAdd Granule A20160101_0500.20160102231633.L2OC_BASE.chl_gsm.nc at 2016-01-03T04:21:09.137738\\nAdd Granule A20160101_0505.20160102231612.L2OC_BASE.chl_gsm.nc at 2016-01-03T04:21:09.464595\\nAdd Granule A20160101_0625.20160102231628.L2OC_BASE.chl_gsm.nc at 2016-01-03T04:21:10.039145\\nAdd Granule A20160101_0630.20160102231632.L2OC_BASE.chl_gsm.nc at 2016-01-03T04:21:10.570130\\nAdd Granule A20160101_0635.20160102231705.L2OC_BASE.chl_gsm.nc at 2016-01-03T04:21:11.049528\\nAdd Granule A20160101_0640.20160102231617.L2OC_BASE.chl_gsm.nc at 2016-01-03T04:21:11.493455\\nAdd Granule A20160101_0805.20160102231611.L2OC_BASE.chl_gsm.nc at 2016-01-03T04:21:12.041762\\nAdd Granule A20160101_0810.20160102231615.L2OC_BASE.chl_gsm.nc at 2016-01-03T04:21:12.472352\\nAdd Granule A20160101_0815.20160102231613.L2OC_BASE.chl_gsm.nc at 2016-01-03T04:21:12.852769\\nAdd Granule A20160101_0820.20160102231702.L2OC_BASE.chl_gsm.nc at 2016-01-03T04:21:13.151583\\nAdd Granule A20160101_0940.20160102231638.L2OC_BASE.chl_gsm.nc at 2016-01-03T04:21:13.412090\\nAdd Granule A20160101_0945.20160102231635.L2OC_BASE.chl_gsm.nc at 2016-01-03T04:21:13.738868\\n2016-05-12 11:43:34 UTC: passed compliance checks: cf (IOOS compliance checker version 1.1.1)\",\"source_path\":\"imos-srs\\\/archive\\\/oc\\\/aqua\\\/1d\\\/v201508\\\/2016\\\/01\\\/A20160101.L2OC_BASE.aust.chl_gsm.nc\"}","chl_gsm\/.zarray":"{\"chunks\":[1,856,1223],\"compressor\":{\"id\":\"zlib\",\"level\":4},\"dtype\":\"<f4\",\"fill_value\":-999.0,\"filters\":[{\"elementsize\":4,\"id\":\"shuffle\"}],\"order\":\"C\",\"shape\":[8,7001,10001],\"zarr_format\":2}","chl_gsm\/.zattrs":"{\"_ARRAY_DIMENSIONS\":[\"time\",\"latitude\",\"longitude\"],\"flag_applied\":\"HISATZEN LAND CLDICE NAVFAIL\",\"long_name\":\"Chlorophyll Concentration, GSM model\",\"units\":\"mg\\\/m^3\"}","longitude\/.zarray":"{\n    \"chunks\": [\n        10001\n    ],\n    \"compressor\": null,\n    \"dtype\": \"<f8\",\n    \"fill_value\": 9.969209968386869e+36,\n    \"filters\": null,\n    \"order\": \"C\",\n    \"shape\": [\n        10001\n    ],\n    \"zarr_format\": 2\n}","longitude\/.zattrs":"{\n    \"NAME\": \"longitude\",\n    \"_ARRAY_DIMENSIONS\": [\n        \"longitude\"\n    ],\n    \"_Netcdf4Dimid\": 2,\n    \"axis\": \"X\",\n    \"long_name\": \"longitude\",\n    \"standard_name\": \"longitude\",\n    \"units\": \"degrees_east\"\n}","longitude\/0":["{{a}}",58126,80008],"latitude\/.zarray":"{\n    \"chunks\": [\n        7001\n    ],\n    \"compressor\": null,\n    \"dtype\": \"<f8\",\n    \"fill_value\": 9.969209968386869e+36,\n    \"filters\": null,\n    \"order\": \"C\",\n    \"shape\": [\n        7001\n    ],\n    \"zarr_format\": 2\n}","latitude\/.zattrs":"{\n    \"NAME\": \"latitude\",\n    \"_ARRAY_DIMENSIONS\": [\n        \"latitude\"\n    ],\n    \"_Netcdf4Dimid\": 1,\n    \"axis\": \"Y\",\n    \"long_name\": \"latitude\",\n    \"standard_name\": \"latitude\",\n    \"units\": \"degrees_north\"\n}","latitude\/0":["{{a}}",2118,56008],"time\/.zarray":"{\"chunks\":[8],\"compressor\":{\"blocksize\":0,\"clevel\":5,\"cname\":\"lz4\",\"id\":\"blosc\",\"shuffle\":1},\"dtype\":\"<M8[us]\",\"fill_value\":0,\"filters\":null,\"order\":\"C\",\"shape\":[8],\"zarr_format\":2}","time\/0":"base64:AgEzCEAAAABAAAAAUAAAAABg03M6KAUAAMCqkU4oBQAAIIKvYigFAACAWc12KAUAAOAw64ooBQAAQAgJnygFAACg3yazKAUAAAC3RMcoBQA=","time\/.zattrs":"{\"NAME\":\"time\",\"_ARRAY_DIMENSIONS\":[\"time\"],\"_Netcdf4Dimid\":0,\"axis\":\"T\",\"long_name\":\"time\",\"standard_name\":\"time\"}","chl_gsm\/0.0.0":["{{a}}",148951,664654],"chl_gsm\/0.0.1":["{{a}}",813605,381665],"chl_gsm\/0.0.2":["{{a}}",1195270,166306],"chl_gsm\/0.0.3":["{{a}}",1361576,1886167],"chl_gsm\/0.0.4":["{{a}}",3247743,793828],"chl_gsm\/0.0.5":["{{a}}",4041571,884760],"chl_gsm\/0.0.6":["{{a}}",4926331,216993],"chl_gsm\/0.0.7":["{{a}}",5143324,4088],"chl_gsm\/0.0.8":["{{a}}",5147412,4088],"chl_gsm\/0.1.0":["{{a}}",5151500,1282848],"chl_gsm\/0.1.1":["{{a}}",6434348,374338],"chl_gsm\/0.1.2":["{{a}}",6808686,314959],"chl_gsm\/0.1.3":["{{a}}",7123645,739977],"chl_gsm\/0.1.4":["{{a}}",7863622,1122795],"chl_gsm\/0.1.5":["{{a}}",8986417,336297],"chl_gsm\/0.1.6":["{{a}}",9322714,36329],"chl_gsm\/0.1.7":["{{a}}",9359043,4088],"chl_gsm\/0.1.8":["{{a}}",9363131,4088],"chl_gsm\/0.2.0":["{{a}}",9367219,438595],"chl_gsm\/0.2.1":["{{a}}",9805814,336552],"chl_gsm\/0.2.2":["{{a}}",10142366,1497843],"chl_gsm\/0.2.3":["{{a}}",11640209,685217],"chl_gsm\/0.2.4":["{{a}}",12325426,1002628],"chl_gsm\/0.2.5":["{{a}}",13328054,216463],"chl_gsm\/0.2.6":["{{a}}",13544517,1044473],"chl_gsm\/0.2.7":["{{a}}",14588990,4088],"chl_gsm\/0.2.8":["{{a}}",14593078,4088],"chl_gsm\/0.3.0":["{{a}}",14597166,1022440],"chl_gsm\/0.3.1":["{{a}}",15619606,445196],"chl_gsm\/0.3.2":["{{a}}",16064802,1579952],"chl_gsm\/0.3.3":["{{a}}",17644754,65133],"chl_gsm\/0.3.4":["{{a}}",17709887,9259],"chl_gsm\/0.3.5":["{{a}}",17719146,587073],"chl_gsm\/0.3.6":["{{a}}",18306219,1570935],"chl_gsm\/0.3.7":["{{a}}",19877154,146618],"chl_gsm\/0.3.8":["{{a}}",20023772,4088],"chl_gsm\/0.4.0":["{{a}}",20027860,1384526],"chl_gsm\/0.4.1":["{{a}}",21412386,882613],"chl_gsm\/0.4.2":["{{a}}",22294999,625568],"chl_gsm\/0.4.3":["{{a}}",22920567,4088],"chl_gsm\/0.4.4":["{{a}}",22924655,7485],"chl_gsm\/0.4.5":["{{a}}",22932140,28659],"chl_gsm\/0.4.6":["{{a}}",22960799,1006446],"chl_gsm\/0.4.7":["{{a}}",23967245,411907],"chl_gsm\/0.4.8":["{{a}}",24379152,4088],"chl_gsm\/0.5.0":["{{a}}",24383240,873887],"chl_gsm\/0.5.1":["{{a}}",25257127,820195],"chl_gsm\/0.5.2":["{{a}}",26077322,778043],"chl_gsm\/0.5.3":["{{a}}",26855365,497231],"chl_gsm\/0.5.4":["{{a}}",27352596,265797],"chl_gsm\/0.5.5":["{{a}}",27618393,494881],"chl_gsm\/0.5.6":["{{a}}",28113274,808355],"chl_gsm\/0.5.7":["{{a}}",28921629,46228],"chl_gsm\/0.5.8":["{{a}}",28967857,4088],"chl_gsm\/0.6.0":["{{a}}",28971945,1321657],"chl_gsm\/0.6.1":["{{a}}",30293602,816427],"chl_gsm\/0.6.2":["{{a}}",31110029,412588],"chl_gsm\/0.6.3":["{{a}}",31522617,1179328],"chl_gsm\/0.6.4":["{{a}}",32701945,1612135],"chl_gsm\/0.6.5":["{{a}}",34314080,1279040],"chl_gsm\/0.6.6":["{{a}}",35593120,878563],"chl_gsm\/0.6.7":["{{a}}",36471683,1020531],"chl_gsm\/0.6.8":["{{a}}",37492214,50069],"chl_gsm\/0.7.0":["{{a}}",37542283,424388],"chl_gsm\/0.7.1":["{{a}}",37966671,638038],"chl_gsm\/0.7.2":["{{a}}",38610981,149403],"chl_gsm\/0.7.3":["{{a}}",38760384,445783],"chl_gsm\/0.7.4":["{{a}}",39206167,1544376],"chl_gsm\/0.7.5":["{{a}}",40750543,877751],"chl_gsm\/0.7.6":["{{a}}",41628294,864550],"chl_gsm\/0.7.7":["{{a}}",42492844,1185635],"chl_gsm\/0.7.8":["{{a}}",43678479,172707],"chl_gsm\/0.8.0":["{{a}}",43851186,110119],"chl_gsm\/0.8.1":["{{a}}",43961305,24474],"chl_gsm\/0.8.2":["{{a}}",43985779,4088],"chl_gsm\/0.8.3":["{{a}}",43989867,102894],"chl_gsm\/0.8.4":["{{a}}",44092761,77877],"chl_gsm\/0.8.5":["{{a}}",44170638,11387],"chl_gsm\/0.8.6":["{{a}}",44182025,10698],"chl_gsm\/0.8.7":["{{a}}",44192723,130039],"chl_gsm\/0.8.8":["{{a}}",44324810,44055],"chl_gsm\/1.0.0":["{{b}}",148951,1080692],"chl_gsm\/1.0.1":["{{b}}",1229643,530909],"chl_gsm\/1.0.2":["{{b}}",1760552,649703],"chl_gsm\/1.0.3":["{{b}}",2410255,1042028],"chl_gsm\/1.0.4":["{{b}}",3452283,1562593],"chl_gsm\/1.0.5":["{{b}}",5014876,192861],"chl_gsm\/1.0.6":["{{b}}",5207737,98417],"chl_gsm\/1.0.7":["{{b}}",5306154,6801],"chl_gsm\/1.0.8":["{{b}}",5312955,4088],"chl_gsm\/1.1.0":["{{b}}",5317043,1395133],"chl_gsm\/1.1.1":["{{b}}",6712176,468871],"chl_gsm\/1.1.2":["{{b}}",7181047,112938],"chl_gsm\/1.1.3":["{{b}}",7293985,1009971],"chl_gsm\/1.1.4":["{{b}}",8303956,504695],"chl_gsm\/1.1.5":["{{b}}",8808651,924935],"chl_gsm\/1.1.6":["{{b}}",9733586,55818],"chl_gsm\/1.1.7":["{{b}}",9789404,4175],"chl_gsm\/1.1.8":["{{b}}",9793579,4088],"chl_gsm\/1.2.0":["{{b}}",9797667,559350],"chl_gsm\/1.2.1":["{{b}}",10357017,613082],"chl_gsm\/1.2.2":["{{b}}",10970099,712610],"chl_gsm\/1.2.3":["{{b}}",11682709,1458260],"chl_gsm\/1.2.4":["{{b}}",13140969,237456],"chl_gsm\/1.2.5":["{{b}}",13378425,848248],"chl_gsm\/1.2.6":["{{b}}",14226673,654863],"chl_gsm\/1.2.7":["{{b}}",14881536,1193941],"chl_gsm\/1.2.8":["{{b}}",16075477,28737],"chl_gsm\/1.3.0":["{{b}}",16104214,397299],"chl_gsm\/1.3.1":["{{b}}",16501513,745817],"chl_gsm\/1.3.2":["{{b}}",17247330,620229],"chl_gsm\/1.3.3":["{{b}}",17867559,153278],"chl_gsm\/1.3.4":["{{b}}",18020837,25020],"chl_gsm\/1.3.5":["{{b}}",18045857,984112],"chl_gsm\/1.3.6":["{{b}}",19029969,1000519],"chl_gsm\/1.3.7":["{{b}}",20030488,934221],"chl_gsm\/1.3.8":["{{b}}",20964709,71997],"chl_gsm\/1.4.0":["{{b}}",21036706,677411],"chl_gsm\/1.4.1":["{{b}}",21714117,935807],"chl_gsm\/1.4.2":["{{b}}",22649924,372321],"chl_gsm\/1.4.3":["{{b}}",23022245,41628],"chl_gsm\/1.4.4":["{{b}}",23063873,38648],"chl_gsm\/1.4.5":["{{b}}",23102521,63033],"chl_gsm\/1.4.6":["{{b}}",23165554,869525],"chl_gsm\/1.4.7":["{{b}}",24035079,490076],"chl_gsm\/1.4.8":["{{b}}",24525155,64493],"chl_gsm\/1.5.0":["{{b}}",24589648,1201381],"chl_gsm\/1.5.1":["{{b}}",25791029,1177043],"chl_gsm\/1.5.2":["{{b}}",26968072,1491498],"chl_gsm\/1.5.3":["{{b}}",28459570,255783],"chl_gsm\/1.5.4":["{{b}}",28715353,369725],"chl_gsm\/1.5.5":["{{b}}",29085078,149187],"chl_gsm\/1.5.6":["{{b}}",29234265,219799],"chl_gsm\/1.5.7":["{{b}}",29454064,122499],"chl_gsm\/1.5.8":["{{b}}",29576563,4146],"chl_gsm\/1.6.0":["{{b}}",29580709,493375],"chl_gsm\/1.6.1":["{{b}}",30074084,959247],"chl_gsm\/1.6.2":["{{b}}",31033331,1361957],"chl_gsm\/1.6.3":["{{b}}",32395288,230490],"chl_gsm\/1.6.4":["{{b}}",32625778,705765],"chl_gsm\/1.6.5":["{{b}}",33331543,1398694],"chl_gsm\/1.6.6":["{{b}}",34730237,953445],"chl_gsm\/1.6.7":["{{b}}",35683682,4088],"chl_gsm\/1.6.8":["{{b}}",35687770,4088],"chl_gsm\/1.7.0":["{{b}}",35691858,121653],"chl_gsm\/1.7.1":["{{b}}",35813511,94015],"chl_gsm\/1.7.2":["{{b}}",35913798,298198],"chl_gsm\/1.7.3":["{{b}}",36211996,472258],"chl_gsm\/1.7.4":["{{b}}",36684254,204940],"chl_gsm\/1.7.5":["{{b}}",36889194,1088402],"chl_gsm\/1.7.6":["{{b}}",37977596,767269],"chl_gsm\/1.7.7":["{{b}}",38744865,272329],"chl_gsm\/1.7.8":["{{b}}",39017194,6471],"chl_gsm\/1.8.0":["{{b}}",39023665,4120],"chl_gsm\/1.8.1":["{{b}}",39027785,43676],"chl_gsm\/1.8.2":["{{b}}",39071461,99005],"chl_gsm\/1.8.3":["{{b}}",39170466,53998],"chl_gsm\/1.8.4":["{{b}}",39224464,4088],"chl_gsm\/1.8.5":["{{b}}",39228552,75750],"chl_gsm\/1.8.6":["{{b}}",39304302,14404],"chl_gsm\/1.8.7":["{{b}}",39318706,84991],"chl_gsm\/1.8.8":["{{b}}",39405889,30144],"chl_gsm\/2.0.0":["{{c}}",148951,1236063],"chl_gsm\/2.0.1":["{{c}}",1385014,382936],"chl_gsm\/2.0.2":["{{c}}",1767950,710981],"chl_gsm\/2.0.3":["{{c}}",2478931,1328267],"chl_gsm\/2.0.4":["{{c}}",3807198,1538300],"chl_gsm\/2.0.5":["{{c}}",5345498,485366],"chl_gsm\/2.0.6":["{{c}}",5830864,288818],"chl_gsm\/2.0.7":["{{c}}",6119682,4088],"chl_gsm\/2.0.8":["{{c}}",6123770,4088],"chl_gsm\/2.1.0":["{{c}}",6127858,1536125],"chl_gsm\/2.1.1":["{{c}}",7663983,503862],"chl_gsm\/2.1.2":["{{c}}",8167845,206869],"chl_gsm\/2.1.3":["{{c}}",8374714,639516],"chl_gsm\/2.1.4":["{{c}}",9014230,814115],"chl_gsm\/2.1.5":["{{c}}",9828345,224178],"chl_gsm\/2.1.6":["{{c}}",10052523,145392],"chl_gsm\/2.1.7":["{{c}}",10197915,4088],"chl_gsm\/2.1.8":["{{c}}",10202003,4088],"chl_gsm\/2.2.0":["{{c}}",10206091,1204555],"chl_gsm\/2.2.1":["{{c}}",11410646,536382],"chl_gsm\/2.2.2":["{{c}}",11947028,1538519],"chl_gsm\/2.2.3":["{{c}}",13485547,691871],"chl_gsm\/2.2.4":["{{c}}",14177418,759473],"chl_gsm\/2.2.5":["{{c}}",14936891,122094],"chl_gsm\/2.2.6":["{{c}}",15058985,1272824],"chl_gsm\/2.2.7":["{{c}}",16331809,167975],"chl_gsm\/2.2.8":["{{c}}",16499784,4088],"chl_gsm\/2.3.0":["{{c}}",16503872,895406],"chl_gsm\/2.3.1":["{{c}}",17399278,311766],"chl_gsm\/2.3.2":["{{c}}",17711044,937902],"chl_gsm\/2.3.3":["{{c}}",18648946,226777],"chl_gsm\/2.3.4":["{{c}}",18875723,85099],"chl_gsm\/2.3.5":["{{c}}",18960822,175574],"chl_gsm\/2.3.6":["{{c}}",19136396,1575128],"chl_gsm\/2.3.7":["{{c}}",20711524,676724],"chl_gsm\/2.3.8":["{{c}}",21388248,4088],"chl_gsm\/2.4.0":["{{c}}",21392336,961101],"chl_gsm\/2.4.1":["{{c}}",22353437,1061252],"chl_gsm\/2.4.2":["{{c}}",23414689,370497],"chl_gsm\/2.4.3":["{{c}}",23785186,15096],"chl_gsm\/2.4.4":["{{c}}",23800282,68884],"chl_gsm\/2.4.5":["{{c}}",23869166,4088],"chl_gsm\/2.4.6":["{{c}}",23873254,852915],"chl_gsm\/2.4.7":["{{c}}",24726169,1299333],"chl_gsm\/2.4.8":["{{c}}",26025502,4088],"chl_gsm\/2.5.0":["{{c}}",26029590,1200817],"chl_gsm\/2.5.1":["{{c}}",27230407,977511],"chl_gsm\/2.5.2":["{{c}}",28207918,1352153],"chl_gsm\/2.5.3":["{{c}}",29560071,983179],"chl_gsm\/2.5.4":["{{c}}",30543250,626055],"chl_gsm\/2.5.5":["{{c}}",31169305,380608],"chl_gsm\/2.5.6":["{{c}}",31549913,348325],"chl_gsm\/2.5.7":["{{c}}",31898238,500772],"chl_gsm\/2.5.8":["{{c}}",32399010,4088],"chl_gsm\/2.6.0":["{{c}}",32403098,1601752],"chl_gsm\/2.6.1":["{{c}}",34004850,722479],"chl_gsm\/2.6.2":["{{c}}",34727329,772223],"chl_gsm\/2.6.3":["{{c}}",35499552,1944972],"chl_gsm\/2.6.4":["{{c}}",37444524,699131],"chl_gsm\/2.6.5":["{{c}}",38143655,854331],"chl_gsm\/2.6.6":["{{c}}",38997986,785984],"chl_gsm\/2.6.7":["{{c}}",39783970,938158],"chl_gsm\/2.6.8":["{{c}}",40722128,12446],"chl_gsm\/2.7.0":["{{c}}",40734574,713973],"chl_gsm\/2.7.1":["{{c}}",41448547,375663],"chl_gsm\/2.7.2":["{{c}}",41830482,290136],"chl_gsm\/2.7.3":["{{c}}",42120618,285496],"chl_gsm\/2.7.4":["{{c}}",42406114,459330],"chl_gsm\/2.7.5":["{{c}}",42865444,133141],"chl_gsm\/2.7.6":["{{c}}",42998585,91835],"chl_gsm\/2.7.7":["{{c}}",43090420,759315],"chl_gsm\/2.7.8":["{{c}}",43849735,218308],"chl_gsm\/2.8.0":["{{c}}",44068043,95572],"chl_gsm\/2.8.1":["{{c}}",44163615,4370],"chl_gsm\/2.8.2":["{{c}}",44167985,7282],"chl_gsm\/2.8.3":["{{c}}",44175267,4669],"chl_gsm\/2.8.4":["{{c}}",44179936,40598],"chl_gsm\/2.8.5":["{{c}}",44220534,8964],"chl_gsm\/2.8.6":["{{c}}",44229498,4088],"chl_gsm\/2.8.7":["{{c}}",44233586,77142],"chl_gsm\/2.8.8":["{{c}}",44312920,33353],"chl_gsm\/3.0.0":["{{d}}",148951,947696],"chl_gsm\/3.0.1":["{{d}}",1096647,1198623],"chl_gsm\/3.0.2":["{{d}}",2295270,496673],"chl_gsm\/3.0.3":["{{d}}",2791943,1651524],"chl_gsm\/3.0.4":["{{d}}",4443467,1053722],"chl_gsm\/3.0.5":["{{d}}",5497189,1426490],"chl_gsm\/3.0.6":["{{d}}",6923679,228572],"chl_gsm\/3.0.7":["{{d}}",7152251,311120],"chl_gsm\/3.0.8":["{{d}}",7463371,4088],"chl_gsm\/3.1.0":["{{d}}",7467459,615898],"chl_gsm\/3.1.1":["{{d}}",8083357,1305058],"chl_gsm\/3.1.2":["{{d}}",9388415,24480],"chl_gsm\/3.1.3":["{{d}}",9412895,1222976],"chl_gsm\/3.1.4":["{{d}}",10635871,426037],"chl_gsm\/3.1.5":["{{d}}",11061908,417113],"chl_gsm\/3.1.6":["{{d}}",11479021,273820],"chl_gsm\/3.1.7":["{{d}}",11752841,617984],"chl_gsm\/3.1.8":["{{d}}",12370825,11920],"chl_gsm\/3.2.0":["{{d}}",12382745,746125],"chl_gsm\/3.2.1":["{{d}}",13128870,1138797],"chl_gsm\/3.2.2":["{{d}}",14267667,835633],"chl_gsm\/3.2.3":["{{d}}",15103300,1308474],"chl_gsm\/3.2.4":["{{d}}",16411774,513454],"chl_gsm\/3.2.5":["{{d}}",16925228,900063],"chl_gsm\/3.2.6":["{{d}}",17825291,470452],"chl_gsm\/3.2.7":["{{d}}",18295743,1325500],"chl_gsm\/3.2.8":["{{d}}",19621243,198903],"chl_gsm\/3.3.0":["{{d}}",19820146,574748],"chl_gsm\/3.3.1":["{{d}}",20394894,666915],"chl_gsm\/3.3.2":["{{d}}",21061809,478449],"chl_gsm\/3.3.3":["{{d}}",21540258,186349],"chl_gsm\/3.3.4":["{{d}}",21726607,94253],"chl_gsm\/3.3.5":["{{d}}",21820860,553152],"chl_gsm\/3.3.6":["{{d}}",22374012,961119],"chl_gsm\/3.3.7":["{{d}}",23335131,631778],"chl_gsm\/3.3.8":["{{d}}",23966909,28719],"chl_gsm\/3.4.0":["{{d}}",23995628,518745],"chl_gsm\/3.4.1":["{{d}}",24514373,1156041],"chl_gsm\/3.4.2":["{{d}}",25670414,450618],"chl_gsm\/3.4.3":["{{d}}",26121032,49207],"chl_gsm\/3.4.4":["{{d}}",26170239,118835],"chl_gsm\/3.4.5":["{{d}}",26289074,9853],"chl_gsm\/3.4.6":["{{d}}",26298927,481820],"chl_gsm\/3.4.7":["{{d}}",26780747,375821],"chl_gsm\/3.4.8":["{{d}}",27156568,4088],"chl_gsm\/3.5.0":["{{d}}",27160656,91300],"chl_gsm\/3.5.1":["{{d}}",27251956,779291],"chl_gsm\/3.5.2":["{{d}}",28031247,1321824],"chl_gsm\/3.5.3":["{{d}}",29353071,136800],"chl_gsm\/3.5.4":["{{d}}",29489871,1079662],"chl_gsm\/3.5.5":["{{d}}",30569533,143439],"chl_gsm\/3.5.6":["{{d}}",30712972,26591],"chl_gsm\/3.5.7":["{{d}}",30739563,25204],"chl_gsm\/3.5.8":["{{d}}",30764767,4088],"chl_gsm\/3.6.0":["{{d}}",30768855,172615],"chl_gsm\/3.6.1":["{{d}}",30941470,906607],"chl_gsm\/3.6.2":["{{d}}",31848077,1769185],"chl_gsm\/3.6.3":["{{d}}",33617262,296574],"chl_gsm\/3.6.4":["{{d}}",33913836,1202053],"chl_gsm\/3.6.5":["{{d}}",35115889,1070693],"chl_gsm\/3.6.6":["{{d}}",36186582,476202],"chl_gsm\/3.6.7":["{{d}}",36662784,338234],"chl_gsm\/3.6.8":["{{d}}",37001018,4088],"chl_gsm\/3.7.0":["{{d}}",37005106,104407],"chl_gsm\/3.7.1":["{{d}}",37109513,470268],"chl_gsm\/3.7.2":["{{d}}",37586053,801404],"chl_gsm\/3.7.3":["{{d}}",38387457,290427],"chl_gsm\/3.7.4":["{{d}}",38677884,561275],"chl_gsm\/3.7.5":["{{d}}",39239159,297274],"chl_gsm\/3.7.6":["{{d}}",39536433,541331],"chl_gsm\/3.7.7":["{{d}}",40077764,18353],"chl_gsm\/3.7.8":["{{d}}",40096117,4088],"chl_gsm\/3.8.0":["{{d}}",40100205,4088],"chl_gsm\/3.8.1":["{{d}}",40104293,207826],"chl_gsm\/3.8.2":["{{d}}",40312119,119740],"chl_gsm\/3.8.3":["{{d}}",40431859,16837],"chl_gsm\/3.8.4":["{{d}}",40448696,4088],"chl_gsm\/3.8.5":["{{d}}",40452784,4184],"chl_gsm\/3.8.6":["{{d}}",40456968,7870],"chl_gsm\/3.8.7":["{{d}}",40464838,24725],"chl_gsm\/3.8.8":["{{d}}",40491755,4088],"chl_gsm\/4.0.0":["{{e}}",148951,579798],"chl_gsm\/4.0.1":["{{e}}",728749,90542],"chl_gsm\/4.0.2":["{{e}}",819291,833090],"chl_gsm\/4.0.3":["{{e}}",1652381,861549],"chl_gsm\/4.0.4":["{{e}}",2513930,1678199],"chl_gsm\/4.0.5":["{{e}}",4192129,86095],"chl_gsm\/4.0.6":["{{e}}",4278224,312455],"chl_gsm\/4.0.7":["{{e}}",4590679,17465],"chl_gsm\/4.0.8":["{{e}}",4608144,4088],"chl_gsm\/4.1.0":["{{e}}",4612232,1816800],"chl_gsm\/4.1.1":["{{e}}",6429032,357251],"chl_gsm\/4.1.2":["{{e}}",6786283,727340],"chl_gsm\/4.1.3":["{{e}}",7513623,780886],"chl_gsm\/4.1.4":["{{e}}",8294509,1180564],"chl_gsm\/4.1.5":["{{e}}",9475073,343040],"chl_gsm\/4.1.6":["{{e}}",9818113,651061],"chl_gsm\/4.1.7":["{{e}}",10469174,62411],"chl_gsm\/4.1.8":["{{e}}",10531585,4088],"chl_gsm\/4.2.0":["{{e}}",10535673,889779],"chl_gsm\/4.2.1":["{{e}}",11425452,571435],"chl_gsm\/4.2.2":["{{e}}",11996887,1182752],"chl_gsm\/4.2.3":["{{e}}",13179639,945602],"chl_gsm\/4.2.4":["{{e}}",14125241,1110430],"chl_gsm\/4.2.5":["{{e}}",15235671,413873],"chl_gsm\/4.2.6":["{{e}}",15649544,1217054],"chl_gsm\/4.2.7":["{{e}}",16866598,706846],"chl_gsm\/4.2.8":["{{e}}",17573444,4088],"chl_gsm\/4.3.0":["{{e}}",17577532,667873],"chl_gsm\/4.3.1":["{{e}}",18245405,690960],"chl_gsm\/4.3.2":["{{e}}",18936365,646052],"chl_gsm\/4.3.3":["{{e}}",19582417,565651],"chl_gsm\/4.3.4":["{{e}}",20148068,156948],"chl_gsm\/4.3.5":["{{e}}",20305016,154162],"chl_gsm\/4.3.6":["{{e}}",20459178,1122197],"chl_gsm\/4.3.7":["{{e}}",21581375,850879],"chl_gsm\/4.3.8":["{{e}}",22432254,4088],"chl_gsm\/4.4.0":["{{e}}",22436342,378179],"chl_gsm\/4.4.1":["{{e}}",22814521,459197],"chl_gsm\/4.4.2":["{{e}}",23273718,389755],"chl_gsm\/4.4.3":["{{e}}",23663473,4088],"chl_gsm\/4.4.4":["{{e}}",23667561,28496],"chl_gsm\/4.4.5":["{{e}}",23696057,4088],"chl_gsm\/4.4.6":["{{e}}",23700145,242893],"chl_gsm\/4.4.7":["{{e}}",23943038,597629],"chl_gsm\/4.4.8":["{{e}}",24540667,4088],"chl_gsm\/4.5.0":["{{e}}",24544755,448367],"chl_gsm\/4.5.1":["{{e}}",24993122,1127967],"chl_gsm\/4.5.2":["{{e}}",26121089,457205],"chl_gsm\/4.5.3":["{{e}}",26578294,687181],"chl_gsm\/4.5.4":["{{e}}",27265475,750648],"chl_gsm\/4.5.5":["{{e}}",28016123,156677],"chl_gsm\/4.5.6":["{{e}}",28172800,279975],"chl_gsm\/4.5.7":["{{e}}",28452775,1217314],"chl_gsm\/4.5.8":["{{e}}",29670089,50452],"chl_gsm\/4.6.0":["{{e}}",29720541,400299],"chl_gsm\/4.6.1":["{{e}}",30120840,693345],"chl_gsm\/4.6.2":["{{e}}",30814185,693826],"chl_gsm\/4.6.3":["{{e}}",31508011,938861],"chl_gsm\/4.6.4":["{{e}}",32446872,968082],"chl_gsm\/4.6.5":["{{e}}",33414954,1003272],"chl_gsm\/4.6.6":["{{e}}",34418226,433477],"chl_gsm\/4.6.7":["{{e}}",34851703,1384239],"chl_gsm\/4.6.8":["{{e}}",36235942,106669],"chl_gsm\/4.7.0":["{{e}}",36342611,225396],"chl_gsm\/4.7.1":["{{e}}",36568007,21805],"chl_gsm\/4.7.2":["{{e}}",36596084,5757],"chl_gsm\/4.7.3":["{{e}}",36601841,296820],"chl_gsm\/4.7.4":["{{e}}",36898661,718537],"chl_gsm\/4.7.5":["{{e}}",37617198,165175],"chl_gsm\/4.7.6":["{{e}}",37782373,281029],"chl_gsm\/4.7.7":["{{e}}",38063402,606595],"chl_gsm\/4.7.8":["{{e}}",38669997,91489],"chl_gsm\/4.8.0":["{{e}}",38761486,4253],"chl_gsm\/4.8.1":["{{e}}",38765739,4088],"chl_gsm\/4.8.2":["{{e}}",38769827,4088],"chl_gsm\/4.8.3":["{{e}}",38773915,7862],"chl_gsm\/4.8.4":["{{e}}",38781777,18055],"chl_gsm\/4.8.5":["{{e}}",38799832,4088],"chl_gsm\/4.8.6":["{{e}}",38803920,4088],"chl_gsm\/4.8.7":["{{e}}",38808008,4586],"chl_gsm\/4.8.8":["{{e}}",38814693,4088],"chl_gsm\/5.0.0":["{{f}}",148951,402923],"chl_gsm\/5.0.1":["{{f}}",551874,1530661],"chl_gsm\/5.0.2":["{{f}}",2082535,295380],"chl_gsm\/5.0.3":["{{f}}",2377915,1382725],"chl_gsm\/5.0.4":["{{f}}",3760640,443902],"chl_gsm\/5.0.5":["{{f}}",4204542,558948],"chl_gsm\/5.0.6":["{{f}}",4763490,241674],"chl_gsm\/5.0.7":["{{f}}",5005164,1140681],"chl_gsm\/5.0.8":["{{f}}",6145845,40532],"chl_gsm\/5.1.0":["{{f}}",6186377,554254],"chl_gsm\/5.1.1":["{{f}}",6740631,1275750],"chl_gsm\/5.1.2":["{{f}}",8016381,360490],"chl_gsm\/5.1.3":["{{f}}",8376871,1783249],"chl_gsm\/5.1.4":["{{f}}",10160120,591350],"chl_gsm\/5.1.5":["{{f}}",10751470,994224],"chl_gsm\/5.1.6":["{{f}}",11745694,353015],"chl_gsm\/5.1.7":["{{f}}",12098709,69567],"chl_gsm\/5.1.8":["{{f}}",12168276,7504],"chl_gsm\/5.2.0":["{{f}}",12175780,341539],"chl_gsm\/5.2.1":["{{f}}",12517319,907029],"chl_gsm\/5.2.2":["{{f}}",13424348,520801],"chl_gsm\/5.2.3":["{{f}}",13945149,1279810],"chl_gsm\/5.2.4":["{{f}}",15224959,530964],"chl_gsm\/5.2.5":["{{f}}",15755923,780055],"chl_gsm\/5.2.6":["{{f}}",16535978,667428],"chl_gsm\/5.2.7":["{{f}}",17203406,4088],"chl_gsm\/5.2.8":["{{f}}",17207494,4088],"chl_gsm\/5.3.0":["{{f}}",17211582,343449],"chl_gsm\/5.3.1":["{{f}}",17555031,559097],"chl_gsm\/5.3.2":["{{f}}",18114128,736918],"chl_gsm\/5.3.3":["{{f}}",18851046,358937],"chl_gsm\/5.3.4":["{{f}}",19209983,4154],"chl_gsm\/5.3.5":["{{f}}",19214137,382105],"chl_gsm\/5.3.6":["{{f}}",19596242,1471641],"chl_gsm\/5.3.7":["{{f}}",21067883,4088],"chl_gsm\/5.3.8":["{{f}}",21071971,4088],"chl_gsm\/5.4.0":["{{f}}",21076059,509789],"chl_gsm\/5.4.1":["{{f}}",21585848,477869],"chl_gsm\/5.4.2":["{{f}}",22063717,507798],"chl_gsm\/5.4.3":["{{f}}",22571515,6527],"chl_gsm\/5.4.4":["{{f}}",22578042,60571],"chl_gsm\/5.4.5":["{{f}}",22638613,28111],"chl_gsm\/5.4.6":["{{f}}",22666724,981450],"chl_gsm\/5.4.7":["{{f}}",23648174,5773],"chl_gsm\/5.4.8":["{{f}}",23653947,4088],"chl_gsm\/5.5.0":["{{f}}",23658035,526486],"chl_gsm\/5.5.1":["{{f}}",24184521,778606],"chl_gsm\/5.5.2":["{{f}}",24963127,1330447],"chl_gsm\/5.5.3":["{{f}}",26293574,1300261],"chl_gsm\/5.5.4":["{{f}}",27593835,1440562],"chl_gsm\/5.5.5":["{{f}}",29034397,393415],"chl_gsm\/5.5.6":["{{f}}",29427812,7496],"chl_gsm\/5.5.7":["{{f}}",29435308,23559],"chl_gsm\/5.5.8":["{{f}}",29458867,4088],"chl_gsm\/5.6.0":["{{f}}",29462955,1042064],"chl_gsm\/5.6.1":["{{f}}",30505019,35096],"chl_gsm\/5.6.2":["{{f}}",30540115,1474439],"chl_gsm\/5.6.3":["{{f}}",32014554,674700],"chl_gsm\/5.6.4":["{{f}}",32689254,550945],"chl_gsm\/5.6.5":["{{f}}",33240199,813466],"chl_gsm\/5.6.6":["{{f}}",34053665,805911],"chl_gsm\/5.6.7":["{{f}}",34859576,216457],"chl_gsm\/5.6.8":["{{f}}",35076033,4088],"chl_gsm\/5.7.0":["{{f}}",35080121,733164],"chl_gsm\/5.7.1":["{{f}}",35813285,623400],"chl_gsm\/5.7.2":["{{f}}",36442957,942995],"chl_gsm\/5.7.3":["{{f}}",37385952,133911],"chl_gsm\/5.7.4":["{{f}}",37519863,16327],"chl_gsm\/5.7.5":["{{f}}",37536190,157842],"chl_gsm\/5.7.6":["{{f}}",37694032,889790],"chl_gsm\/5.7.7":["{{f}}",38583822,43887],"chl_gsm\/5.7.8":["{{f}}",38627709,4275],"chl_gsm\/5.8.0":["{{f}}",38631984,4801],"chl_gsm\/5.8.1":["{{f}}",38636785,4088],"chl_gsm\/5.8.2":["{{f}}",38640873,17089],"chl_gsm\/5.8.3":["{{f}}",38657962,4278],"chl_gsm\/5.8.4":["{{f}}",38662240,12475],"chl_gsm\/5.8.5":["{{f}}",38674715,82029],"chl_gsm\/5.8.6":["{{f}}",38756744,5803],"chl_gsm\/5.8.7":["{{f}}",38762547,9684],"chl_gsm\/5.8.8":["{{f}}",38774516,4088],"chl_gsm\/6.0.0":["{{g}}",148951,500668],"chl_gsm\/6.0.1":["{{g}}",649619,381135],"chl_gsm\/6.0.2":["{{g}}",1030754,1915203],"chl_gsm\/6.0.3":["{{g}}",2945957,720916],"chl_gsm\/6.0.4":["{{g}}",3666873,2046791],"chl_gsm\/6.0.5":["{{g}}",5713664,413157],"chl_gsm\/6.0.6":["{{g}}",6126821,777852],"chl_gsm\/6.0.7":["{{g}}",6904673,20763],"chl_gsm\/6.0.8":["{{g}}",6925436,4088],"chl_gsm\/6.1.0":["{{g}}",6929524,1804379],"chl_gsm\/6.1.1":["{{g}}",8733903,453625],"chl_gsm\/6.1.2":["{{g}}",9187528,824708],"chl_gsm\/6.1.3":["{{g}}",10012236,799346],"chl_gsm\/6.1.4":["{{g}}",10811582,924443],"chl_gsm\/6.1.5":["{{g}}",11736025,482165],"chl_gsm\/6.1.6":["{{g}}",12218190,1134780],"chl_gsm\/6.1.7":["{{g}}",13352970,259766],"chl_gsm\/6.1.8":["{{g}}",13612736,4088],"chl_gsm\/6.2.0":["{{g}}",13616824,850917],"chl_gsm\/6.2.1":["{{g}}",14467741,933241],"chl_gsm\/6.2.2":["{{g}}",15400982,711415],"chl_gsm\/6.2.3":["{{g}}",16112397,1237075],"chl_gsm\/6.2.4":["{{g}}",17349472,560157],"chl_gsm\/6.2.5":["{{g}}",17909629,846311],"chl_gsm\/6.2.6":["{{g}}",18755940,1009385],"chl_gsm\/6.2.7":["{{g}}",19765325,1118686],"chl_gsm\/6.2.8":["{{g}}",20884011,4088],"chl_gsm\/6.3.0":["{{g}}",20888099,376946],"chl_gsm\/6.3.1":["{{g}}",21265045,1339827],"chl_gsm\/6.3.2":["{{g}}",22604872,552488],"chl_gsm\/6.3.3":["{{g}}",23157360,423710],"chl_gsm\/6.3.4":["{{g}}",23581070,43181],"chl_gsm\/6.3.5":["{{g}}",23624251,681538],"chl_gsm\/6.3.6":["{{g}}",24305789,801697],"chl_gsm\/6.3.7":["{{g}}",25107486,818005],"chl_gsm\/6.3.8":["{{g}}",25925491,4088],"chl_gsm\/6.4.0":["{{g}}",25929579,544893],"chl_gsm\/6.4.1":["{{g}}",26474472,1259231],"chl_gsm\/6.4.2":["{{g}}",27733703,144605],"chl_gsm\/6.4.3":["{{g}}",27878308,34725],"chl_gsm\/6.4.4":["{{g}}",27913033,11022],"chl_gsm\/6.4.5":["{{g}}",27924055,27448],"chl_gsm\/6.4.6":["{{g}}",27951503,745626],"chl_gsm\/6.4.7":["{{g}}",28697129,486497],"chl_gsm\/6.4.8":["{{g}}",29183626,42921],"chl_gsm\/6.5.0":["{{g}}",29226547,1000039],"chl_gsm\/6.5.1":["{{g}}",30226586,1087788],"chl_gsm\/6.5.2":["{{g}}",31314374,773372],"chl_gsm\/6.5.3":["{{g}}",32087746,1811772],"chl_gsm\/6.5.4":["{{g}}",33899518,926801],"chl_gsm\/6.5.5":["{{g}}",34826319,690824],"chl_gsm\/6.5.6":["{{g}}",35517143,196814],"chl_gsm\/6.5.7":["{{g}}",35713957,634586],"chl_gsm\/6.5.8":["{{g}}",36348543,260867],"chl_gsm\/6.6.0":["{{g}}",36609410,943266],"chl_gsm\/6.6.1":["{{g}}",37552676,462862],"chl_gsm\/6.6.2":["{{g}}",38015538,664794],"chl_gsm\/6.6.3":["{{g}}",38680332,1809465],"chl_gsm\/6.6.4":["{{g}}",40489797,209630],"chl_gsm\/6.6.5":["{{g}}",40699427,342384],"chl_gsm\/6.6.6":["{{g}}",41041811,424552],"chl_gsm\/6.6.7":["{{g}}",41466363,243683],"chl_gsm\/6.6.8":["{{g}}",41710046,144344],"chl_gsm\/6.7.0":["{{g}}",41854390,1344020],"chl_gsm\/6.7.1":["{{g}}",43198410,1434186],"chl_gsm\/6.7.2":["{{g}}",44638868,471091],"chl_gsm\/6.7.3":["{{g}}",45109959,126522],"chl_gsm\/6.7.4":["{{g}}",45236481,45909],"chl_gsm\/6.7.5":["{{g}}",45282390,76081],"chl_gsm\/6.7.6":["{{g}}",45358471,71841],"chl_gsm\/6.7.7":["{{g}}",45430312,4088],"chl_gsm\/6.7.8":["{{g}}",45434400,4088],"chl_gsm\/6.8.0":["{{g}}",45438488,225480],"chl_gsm\/6.8.1":["{{g}}",45663968,26809],"chl_gsm\/6.8.2":["{{g}}",45690777,4767],"chl_gsm\/6.8.3":["{{g}}",45695544,18332],"chl_gsm\/6.8.4":["{{g}}",45713876,8283],"chl_gsm\/6.8.5":["{{g}}",45722159,6970],"chl_gsm\/6.8.6":["{{g}}",45729129,4483],"chl_gsm\/6.8.7":["{{g}}",45733612,4088],"chl_gsm\/6.8.8":["{{g}}",45739799,4088],"chl_gsm\/7.0.0":["{{h}}",148951,73289],"chl_gsm\/7.0.1":["{{h}}",222240,1447699],"chl_gsm\/7.0.2":["{{h}}",1669939,676925],"chl_gsm\/7.0.3":["{{h}}",2346864,1528765],"chl_gsm\/7.0.4":["{{h}}",3875629,786971],"chl_gsm\/7.0.5":["{{h}}",4662600,2031632],"chl_gsm\/7.0.6":["{{h}}",6694232,570188],"chl_gsm\/7.0.7":["{{h}}",7264420,4088],"chl_gsm\/7.0.8":["{{h}}",7268508,4088],"chl_gsm\/7.1.0":["{{h}}",7272596,814304],"chl_gsm\/7.1.1":["{{h}}",8086900,539525],"chl_gsm\/7.1.2":["{{h}}",8626425,561751],"chl_gsm\/7.1.3":["{{h}}",9188176,1352072],"chl_gsm\/7.1.4":["{{h}}",10540248,1181956],"chl_gsm\/7.1.5":["{{h}}",11722204,1323352],"chl_gsm\/7.1.6":["{{h}}",13045556,1286627],"chl_gsm\/7.1.7":["{{h}}",14332183,4088],"chl_gsm\/7.1.8":["{{h}}",14336271,4088],"chl_gsm\/7.2.0":["{{h}}",14340359,1044169],"chl_gsm\/7.2.1":["{{h}}",15384528,355486],"chl_gsm\/7.2.2":["{{h}}",15740014,980590],"chl_gsm\/7.2.3":["{{h}}",16720604,842798],"chl_gsm\/7.2.4":["{{h}}",17563402,842677],"chl_gsm\/7.2.5":["{{h}}",18406079,647749],"chl_gsm\/7.2.6":["{{h}}",19053828,1786873],"chl_gsm\/7.2.7":["{{h}}",20840701,4088],"chl_gsm\/7.2.8":["{{h}}",20844789,4088],"chl_gsm\/7.3.0":["{{h}}",20848877,829833],"chl_gsm\/7.3.1":["{{h}}",21678710,416016],"chl_gsm\/7.3.2":["{{h}}",22094726,1503272],"chl_gsm\/7.3.3":["{{h}}",23597998,71893],"chl_gsm\/7.3.4":["{{h}}",23669891,21058],"chl_gsm\/7.3.5":["{{h}}",23690949,318431],"chl_gsm\/7.3.6":["{{h}}",24009380,1790750],"chl_gsm\/7.3.7":["{{h}}",25800130,17086],"chl_gsm\/7.3.8":["{{h}}",25817216,4088],"chl_gsm\/7.4.0":["{{h}}",25821304,1518024],"chl_gsm\/7.4.1":["{{h}}",27339328,403162],"chl_gsm\/7.4.2":["{{h}}",27742490,885356],"chl_gsm\/7.4.3":["{{h}}",28627846,44263],"chl_gsm\/7.4.4":["{{h}}",28672109,18052],"chl_gsm\/7.4.5":["{{h}}",28690161,23526],"chl_gsm\/7.4.6":["{{h}}",28713687,1410082],"chl_gsm\/7.4.7":["{{h}}",30123769,321103],"chl_gsm\/7.4.8":["{{h}}",30444872,4088],"chl_gsm\/7.5.0":["{{h}}",30448960,846687],"chl_gsm\/7.5.1":["{{h}}",31295647,1113065],"chl_gsm\/7.5.2":["{{h}}",32408712,679648],"chl_gsm\/7.5.3":["{{h}}",33088360,388431],"chl_gsm\/7.5.4":["{{h}}",33476791,551854],"chl_gsm\/7.5.5":["{{h}}",34028645,416411],"chl_gsm\/7.5.6":["{{h}}",34445056,1103470],"chl_gsm\/7.5.7":["{{h}}",35548526,288627],"chl_gsm\/7.5.8":["{{h}}",35837153,4088],"chl_gsm\/7.6.0":["{{h}}",35841241,251450],"chl_gsm\/7.6.1":["{{h}}",36092691,58060],"chl_gsm\/7.6.2":["{{h}}",36150751,452866],"chl_gsm\/7.6.3":["{{h}}",36603617,647898],"chl_gsm\/7.6.4":["{{h}}",37251515,191801],"chl_gsm\/7.6.5":["{{h}}",37443316,128547],"chl_gsm\/7.6.6":["{{h}}",37571863,834588],"chl_gsm\/7.6.7":["{{h}}",38406451,461682],"chl_gsm\/7.6.8":["{{h}}",38868133,4088],"chl_gsm\/7.7.0":["{{h}}",38872221,637167],"chl_gsm\/7.7.1":["{{h}}",39509388,407463],"chl_gsm\/7.7.2":["{{h}}",39923123,1358942],"chl_gsm\/7.7.3":["{{h}}",41282065,799996],"chl_gsm\/7.7.4":["{{h}}",42082061,168948],"chl_gsm\/7.7.5":["{{h}}",42251009,349361],"chl_gsm\/7.7.6":["{{h}}",42600370,200608],"chl_gsm\/7.7.7":["{{h}}",42800978,420150],"chl_gsm\/7.7.8":["{{h}}",43221128,98432],"chl_gsm\/7.8.0":["{{h}}",43319560,86476],"chl_gsm\/7.8.1":["{{h}}",43406036,327868],"chl_gsm\/7.8.2":["{{h}}",43733904,73988],"chl_gsm\/7.8.3":["{{h}}",43807892,102410],"chl_gsm\/7.8.4":["{{h}}",43910302,110492],"chl_gsm\/7.8.5":["{{h}}",44020794,37457],"chl_gsm\/7.8.6":["{{h}}",44058251,7614],"chl_gsm\/7.8.7":["{{h}}",44065865,12840],"chl_gsm\/7.8.8":["{{h}}",44080753,12640]}}