{"version":1,"templates":{"a":"s3:\/\/imos-data\/IMOS\/SRS\/OC\/gridded\/aqua\/P1D\/2016\/11\/A.P1D.20161101T053000Z.aust.chl_gsm.nc","b":"s3:\/\/imos-data\/IMOS\/SRS\/OC\/gridded\/aqua\/P1D\/2016\/11\/A.P1D.20161102T053000Z.aust.chl_gsm.nc","c":"s3:\/\/imos-data\/IMOS\/SRS\/OC\/gridded\/aqua\/P1D\/2016\/11\/A.P1D.20161103T053000Z.aust.chl_gsm.nc","d":"s3:\/\/imos-data\/IMOS\/SRS\/OC\/gridded\/aqua\/P1D\/2016\/11\/A.P1D.20161104T053000Z.aust.chl_gsm.nc","e":"s3:\/\/imos-data\/IMOS\/SRS\/OC\/gridded\/aqua\/P1D\/2016\/11\/A.P1D.20161105T053000Z.aust.chl_gsm.nc","f":"s3:\/\/imos-data\/IMOS\/SRS\/OC\/gridded\/aqua\/P1D\/2016\/11\/A.P1D.20161106T053000Z.aust.chl_gsm.nc","g":"s3:\/\/imos-data\/IMOS\/SRS\/OC\/gridded\/aqua\/P1D\/2016\/11\/A.P1D.20161107T053000Z.aust.chl_gsm.nc","h":"s3:\/\/imos-data\/IMOS\/SRS\/OC\/gridded\/aqua\/P1D\/2016\/11\/A.P1D.20161108T053000Z.aust.chl_gsm.nc","i":"s3:\/\/imos-data\/IMOS\/SRS\/OC\/gridded\/aqua\/P1D\/2016\/11\/A.P1D.20161109T053000Z.aust.chl_gsm.nc","j":"s3:\/\/imos-data\/IMOS\/SRS\/OC\/gridded\/aqua\/P1D\/2016\/11\/A.P1D.20161110T053000Z.aust.chl_gsm.nc","k":"s3:\/\/imos-data\/IMOS\/SRS\/OC\/gridded\/aqua\/P1D\/2016\/11\/A.P1D.20161111T053000Z.aust.chl_gsm.nc","l":"s3:\/\/imos-data\/IMOS\/SRS\/OC\/gridded\/aqua\/P1D\/2016\/11\/A.P1D.20161112T053000Z.aust.chl_gsm.nc","m":"s3:\/\/imos-data\/IMOS\/SRS\/OC\/gridded\/aqua\/P1D\/2016\/11\/A.P1D.20161113T053000Z.aust.chl_gsm.nc","n":"s3:\/\/imos-data\/IMOS\/SRS\/OC\/gridded\/aqua\/P1D\/2016\/11\/A.P1D.20161114T053000Z.aust.chl_gsm.nc","o":"s3:\/\/imos-data\/IMOS\/SRS\/OC\/gridded\/aqua\/P1D\/2016\/11\/A.P1D.20161115T053000Z.aust.chl_gsm.nc","p":"s3:\/\/imos-data\/IMOS\/SRS\/OC\/gridded\/aqua\/P1D\/2016\/11\/A.P1D.20161116T053000Z.aust.chl_gsm.nc","q":"s3:\/\/imos-data\/IMOS\/SRS\/OC\/gridded\/aqua\/P1D\/2016\/11\/A.P1D.20161117T053000Z.aust.chl_gsm.nc","r":"s3:\/\/imos-data\/IMOS\/SRS\/OC\/gridded\/aqua\/P1D\/2016\/11\/A.P1D.20161118T053000Z.aust.chl_gsm.nc","s":"s3:\/\/imos-data\/IMOS\/SRS\/OC\/gridded\/aqua\/P1D\/2016\/11\/A.P1D.20161119T053000Z.aust.chl_gsm.nc","t":"s3:\/\/imos-data\/IMOS\/SRS\/OC\/gridded\/aqua\/P1D\/2016\/11\/A.P1D.20161120T053000Z.aust.chl_gsm.nc","u":"s3:\/\/imos-data\/IMOS\/SRS\/OC\/gridded\/aqua\/P1D\/2016\/11\/A.P1D.20161121T053000Z.aust.chl_gsm.nc","v":"s3:\/\/imos-data\/IMOS\/SRS\/OC\/gridded\/aqua\/P1D\/2016\/11\/A.P1D.20161122T053000Z.aust.chl_gsm.nc","w":"s3:\/\/imos-data\/IMOS\/SRS\/OC\/gridded\/aqua\/P1D\/2016\/11\/A.P1D.20161123T053000Z.aust.chl_gsm.nc","x":"s3:\/\/imos-data\/IMOS\/SRS\/OC\/gridded\/aqua\/P1D\/2016\/11\/A.P1D.20161124T053000Z.aust.chl_gsm.nc","y":"s3:\/\/imos-data\/IMOS\/SRS\/OC\/gridded\/aqua\/P1D\/2016\/11\/A.P1D.20161125T053000Z.aust.chl_gsm.nc","z":"s3:\/\/imos-data\/IMOS\/SRS\/OC\/gridded\/aqua\/P1D\/2016\/11\/A.P1D.20161126T053000Z.aust.chl_gsm.nc","A":"s3:\/\/imos-data\/IMOS\/SRS\/OC\/gridded\/aqua\/P1D\/2016\/11\/A.P1D.20161127T053000Z.aust.chl_gsm.nc","B":"s3:\/\/imos-data\/IMOS\/SRS\/OC\/gridded\/aqua\/P1D\/2016\/11\/A.P1D.20161128T053000Z.aust.chl_gsm.nc","C":"s3:\/\/imos-data\/IMOS\/SRS\/OC\/gridded\/aqua\/P1D\/2016\/11\/A.P1D.20161129T053000Z.aust.chl_gsm.nc","D":"s3:\/\/imos-data\/IMOS\/SRS\/OC\/gridded\/aqua\/P1D\/2016\/11\/A.P1D.20161130T053000Z.aust.chl_gsm.nc"},"refs":{".zgroup":"{\"zarr_format\":2}",".zattrs":"{\"Conventions\":\"CF-1.6\",\"_NCProperties\":\"version=1|netcdflibversion=4.6.1|hdf5libversion=1.10.4\",\"_nc3_strict\":1,\"history\":\"File initialised at 2020-08-06T06:48:00.189193\\nInitialised var chl_gsm at 2020-08-06T06:48:22.151545\\nAdd Granule A20161101_0220.20190926101814.L2OC_BASE.chl_gsm.nc at 2020-08-06T06:48:23.023475\\nAdd Granule A20161101_0225.20190926103449.L2OC_BASE.chl_gsm.nc at 2020-08-06T06:48:23.217887\\nAdd Granule A20161101_0230.20190926111458.L2OC_BASE.chl_gsm.nc at 2020-08-06T06:48:23.330166\\nAdd Granule A20161101_0350.20190926110242.L2OC_BASE.chl_gsm.nc at 2020-08-06T06:48:23.542635\\nAdd Granule A20161101_0355.20190926105510.L2OC_BASE.chl_gsm.nc at 2020-08-06T06:48:23.797173\\nAdd Granule A20161101_0400.20190926114706.L2OC_BASE.chl_gsm.nc at 2020-08-06T06:48:23.984330\\nAdd Granule A20161101_0405.20190926100809.L2OC_BASE.chl_gsm.nc at 2020-08-06T06:48:24.144419\\nAdd Granule A20161101_0530.20190926100128.L2OC_BASE.chl_gsm.nc at 2020-08-06T06:48:24.396205\\nAdd Granule A20161101_0535.20190926110949.L2OC_BASE.chl_gsm.nc at 2020-08-06T06:48:24.598424\\nAdd Granule A20161101_0540.20190926114101.L2OC_BASE.chl_gsm.nc at 2020-08-06T06:48:24.767069\\nAdd Granule A20161101_0545.20190926094359.L2OC_BASE.chl_gsm.nc at 2020-08-06T06:48:24.914846\\nAdd Granule A20161101_0705.20190926104246.L2OC_BASE.chl_gsm.nc at 2020-08-06T06:48:25.079153\\nAdd Granule A20161101_0710.20190925232423.L2OC_BASE.chl_gsm.nc at 2020-08-06T06:48:25.363583\\nAdd Granule A20161101_0715.20190926112539.L2OC_BASE.chl_gsm.nc at 2020-08-06T06:48:25.563345\\nAdd Granule A20161101_0720.20190926094919.L2OC_BASE.chl_gsm.nc at 2020-08-06T06:48:25.742395\\nAdd Granule A20161101_0725.20190926095612.L2OC_BASE.chl_gsm.nc at 2020-08-06T06:48:25.895928\\nAdd Granule A20161101_0845.20190926112102.L2OC_BASE.chl_gsm.nc at 2020-08-06T06:48:26.071596\\nAdd Granule A20161101_0850.20190926101229.L2OC_BASE.chl_gsm.nc at 2020-08-06T06:48:26.252673\\nAdd Granule A20161101_0855.20190926104621.L2OC_BASE.chl_gsm.nc at 2020-08-06T06:48:26.375886\\nAdd Granule A20161101_0900.20190926102655.L2OC_BASE.chl_gsm.nc at 2020-08-06T06:48:26.466721\",\"source_path\":\"imos-srs\\\/archive\\\/oc\\\/aqua\\\/1d\\\/v201909\\\/2016\\\/11\\\/A20161101.L2OC_BASE.aust.chl_gsm.nc\"}","latitude\/.zarray":"{\n    \"chunks\": [\n        7001\n    ],\n    \"compressor\": null,\n    \"dtype\": \"<f8\",\n    \"fill_value\": 9.969209968386869e+36,\n    \"filters\": null,\n    \"order\": \"C\",\n    \"shape\": [\n        7001\n    ],\n    \"zarr_format\": 2\n}","latitude\/.zattrs":"{\n    \"NAME\": \"latitude\",\n    \"_ARRAY_DIMENSIONS\": [\n        \"latitude\"\n    ],\n    \"_Netcdf4Dimid\": 1,\n    \"axis\": \"Y\",\n    \"long_name\": \"latitude\",\n    \"standard_name\": \"latitude\",\n    \"units\": \"degrees_north\"\n}","latitude\/0":["{{a}}",2392,56008],"longitude\/.zarray":"{\n    \"chunks\": [\n        10001\n    ],\n    \"compressor\": null,\n    \"dtype\": \"<f8\",\n    \"fill_value\": 9.969209968386869e+36,\n    \"filters\": null,\n    \"order\": \"C\",\n    \"shape\": [\n        10001\n    ],\n    \"zarr_format\": 2\n}","longitude\/.zattrs":"{\n    \"NAME\": \"longitude\",\n    \"_ARRAY_DIMENSIONS\": [\n        \"longitude\"\n    ],\n    \"_Netcdf4Dimid\": 2,\n    \"axis\": \"X\",\n    \"long_name\": \"longitude\",\n    \"standard_name\": \"longitude\",\n    \"units\": \"degrees_east\"\n}","longitude\/0":["{{a}}",58400,80008],"chl_gsm\/.zarray":"{\"chunks\":[1,1401,2001],\"compressor\":{\"id\":\"zlib\",\"level\":4},\"dtype\":\"<f4\",\"fill_value\":-999.0,\"filters\":[{\"elementsize\":4,\"id\":\"shuffle\"}],\"order\":\"C\",\"shape\":[30,7001,10001],\"zarr_format\":2}","chl_gsm\/.zattrs":"{\"_ARRAY_DIMENSIONS\":[\"time\",\"latitude\",\"longitude\"],\"flag_applied\":\"HISATZEN LAND CLDICE NAVFAIL\",\"long_name\":\"Chlorophyll Concentration, GSM model\",\"units\":\"mg\\\/m^3\"}","time\/.zarray":"{\"chunks\":[30],\"compressor\":{\"blocksize\":0,\"clevel\":5,\"cname\":\"lz4\",\"id\":\"blosc\",\"shuffle\":1},\"dtype\":\"<M8[us]\",\"fill_value\":0,\"filters\":null,\"order\":\"C\",\"shape\":[30],\"zarr_format\":2}","time\/0":"base64:AgExCPAAAADwAAAAqwAAABQAAACTAAAAHwABAAr6AcYmhuZGpgZmxiaG5kamBmYQAPJQmHBHHvbNpXxTKwLZsYhgNw7mvZRsQxvyyaF4Tyf+nbvZ9xQyUG6MqsjlAyE\/XXuYttTyEC5LaYelw+H+Nkpecoebr8PX6\/8TKDxQZHiMoLTI3fEFGS1BVWl9QEBAQEAFABdBAQASQgEAHwUBAAoP0QAGUAAAAAAA","time\/.zattrs":"{\"NAME\":\"time\",\"_ARRAY_DIMENSIONS\":[\"time\"],\"_Netcdf4Dimid\":0,\"axis\":\"T\",\"long_name\":\"time\",\"standard_name\":\"time\"}","chl_gsm\/0.0.0":["{{a}}",151217,873101],"chl_gsm\/0.0.1":["{{a}}",1024318,244867],"chl_gsm\/0.0.2":["{{a}}",1269185,210070],"chl_gsm\/0.0.3":["{{a}}",1479255,493274],"chl_gsm\/0.0.4":["{{a}}",1972529,1760473],"chl_gsm\/0.1.0":["{{a}}",3733002,1559483],"chl_gsm\/0.1.1":["{{a}}",5292485,770934],"chl_gsm\/0.1.2":["{{a}}",6063419,2052681],"chl_gsm\/0.1.3":["{{a}}",8116100,1343846],"chl_gsm\/0.1.4":["{{a}}",9459946,2980058],"chl_gsm\/0.2.0":["{{a}}",12440004,3158255],"chl_gsm\/0.2.1":["{{a}}",15598259,1706410],"chl_gsm\/0.2.2":["{{a}}",17304669,124905],"chl_gsm\/0.2.3":["{{a}}",17429574,1278165],"chl_gsm\/0.2.4":["{{a}}",18707739,3588835],"chl_gsm\/0.3.0":["{{a}}",22296574,1195734],"chl_gsm\/0.3.1":["{{a}}",23492308,587266],"chl_gsm\/0.3.2":["{{a}}",24079574,1464766],"chl_gsm\/0.3.3":["{{a}}",25544340,2716763],"chl_gsm\/0.3.4":["{{a}}",28261103,1205038],"chl_gsm\/0.4.0":["{{a}}",29466141,1392013],"chl_gsm\/0.4.1":["{{a}}",30858154,106442],"chl_gsm\/0.4.2":["{{a}}",30964596,2042649],"chl_gsm\/0.4.3":["{{a}}",33007245,3421525],"chl_gsm\/0.4.4":["{{a}}",36428770,621785],"chl_gsm\/1.0.0":["{{b}}",151217,704471],"chl_gsm\/1.0.1":["{{b}}",855688,338496],"chl_gsm\/1.0.2":["{{b}}",1194184,173546],"chl_gsm\/1.0.3":["{{b}}",1367730,889534],"chl_gsm\/1.0.4":["{{b}}",2257264,491382],"chl_gsm\/1.1.0":["{{b}}",2748646,1773872],"chl_gsm\/1.1.1":["{{b}}",4522518,1022867],"chl_gsm\/1.1.2":["{{b}}",5545385,961321],"chl_gsm\/1.1.3":["{{b}}",6506706,739110],"chl_gsm\/1.1.4":["{{b}}",7245816,1048301],"chl_gsm\/1.2.0":["{{b}}",8294117,4518007],"chl_gsm\/1.2.1":["{{b}}",12812124,1995201],"chl_gsm\/1.2.2":["{{b}}",14807325,53575],"chl_gsm\/1.2.3":["{{b}}",14860900,1145341],"chl_gsm\/1.2.4":["{{b}}",16006241,2159771],"chl_gsm\/1.3.0":["{{b}}",18166012,3086635],"chl_gsm\/1.3.1":["{{b}}",21252647,1418652],"chl_gsm\/1.3.2":["{{b}}",22671299,851334],"chl_gsm\/1.3.3":["{{b}}",23522633,1451040],"chl_gsm\/1.3.4":["{{b}}",24973673,2250631],"chl_gsm\/1.4.0":["{{b}}",27224304,963648],"chl_gsm\/1.4.1":["{{b}}",28187952,481556],"chl_gsm\/1.4.2":["{{b}}",28669508,391108],"chl_gsm\/1.4.3":["{{b}}",29060616,2514116],"chl_gsm\/1.4.4":["{{b}}",31574732,3619318],"chl_gsm\/2.0.0":["{{c}}",151217,302518],"chl_gsm\/2.0.1":["{{c}}",453735,165261],"chl_gsm\/2.0.2":["{{c}}",618996,290557],"chl_gsm\/2.0.3":["{{c}}",909553,1185534],"chl_gsm\/2.0.4":["{{c}}",2095087,3842101],"chl_gsm\/2.1.0":["{{c}}",5937188,1116141],"chl_gsm\/2.1.1":["{{c}}",7053329,997844],"chl_gsm\/2.1.2":["{{c}}",8051173,894126],"chl_gsm\/2.1.3":["{{c}}",8945299,1618026],"chl_gsm\/2.1.4":["{{c}}",10563325,2797213],"chl_gsm\/2.2.0":["{{c}}",13360538,3479140],"chl_gsm\/2.2.1":["{{c}}",16839678,1605033],"chl_gsm\/2.2.2":["{{c}}",18444711,59269],"chl_gsm\/2.2.3":["{{c}}",18503980,1495678],"chl_gsm\/2.2.4":["{{c}}",19999658,1596580],"chl_gsm\/2.3.0":["{{c}}",21596238,1513767],"chl_gsm\/2.3.1":["{{c}}",23110005,2863320],"chl_gsm\/2.3.2":["{{c}}",25973325,2564638],"chl_gsm\/2.3.3":["{{c}}",28537963,2223551],"chl_gsm\/2.3.4":["{{c}}",30761514,965539],"chl_gsm\/2.4.0":["{{c}}",31727053,1344577],"chl_gsm\/2.4.1":["{{c}}",33071630,1624018],"chl_gsm\/2.4.2":["{{c}}",34695648,766960],"chl_gsm\/2.4.3":["{{c}}",35462608,1144929],"chl_gsm\/2.4.4":["{{c}}",36607537,1271528],"chl_gsm\/3.0.0":["{{d}}",151217,1100309],"chl_gsm\/3.0.1":["{{d}}",1251526,142386],"chl_gsm\/3.0.2":["{{d}}",1393912,104144],"chl_gsm\/3.0.3":["{{d}}",1498056,1993002],"chl_gsm\/3.0.4":["{{d}}",3491058,1735733],"chl_gsm\/3.1.0":["{{d}}",5226791,1062846],"chl_gsm\/3.1.1":["{{d}}",6289637,1724018],"chl_gsm\/3.1.2":["{{d}}",8013655,837032],"chl_gsm\/3.1.3":["{{d}}",8850687,549186],"chl_gsm\/3.1.4":["{{d}}",9399873,1818941],"chl_gsm\/3.2.0":["{{d}}",11218814,2775003],"chl_gsm\/3.2.1":["{{d}}",13993817,1376121],"chl_gsm\/3.2.2":["{{d}}",15369938,111340],"chl_gsm\/3.2.3":["{{d}}",15481278,940780],"chl_gsm\/3.2.4":["{{d}}",16422058,1379230],"chl_gsm\/3.3.0":["{{d}}",17801288,1763360],"chl_gsm\/3.3.1":["{{d}}",19564648,1794429],"chl_gsm\/3.3.2":["{{d}}",21359077,2788533],"chl_gsm\/3.3.3":["{{d}}",24147610,1629570],"chl_gsm\/3.3.4":["{{d}}",25777180,3113560],"chl_gsm\/3.4.0":["{{d}}",28890740,1386923],"chl_gsm\/3.4.1":["{{d}}",30277663,1166741],"chl_gsm\/3.4.2":["{{d}}",31444404,1497543],"chl_gsm\/3.4.3":["{{d}}",32941947,352794],"chl_gsm\/3.4.4":["{{d}}",33294741,1483918],"chl_gsm\/4.0.0":["{{e}}",151217,368951],"chl_gsm\/4.0.1":["{{e}}",520168,64919],"chl_gsm\/4.0.2":["{{e}}",585087,398945],"chl_gsm\/4.0.3":["{{e}}",984032,1807034],"chl_gsm\/4.0.4":["{{e}}",2791066,3352243],"chl_gsm\/4.1.0":["{{e}}",6143309,894973],"chl_gsm\/4.1.1":["{{e}}",7038282,796856],"chl_gsm\/4.1.2":["{{e}}",7835138,783314],"chl_gsm\/4.1.3":["{{e}}",8618452,1495878],"chl_gsm\/4.1.4":["{{e}}",10114330,1196013],"chl_gsm\/4.2.0":["{{e}}",11310343,2232440],"chl_gsm\/4.2.1":["{{e}}",13542783,2918372],"chl_gsm\/4.2.2":["{{e}}",16461155,90270],"chl_gsm\/4.2.3":["{{e}}",16551425,2771790],"chl_gsm\/4.2.4":["{{e}}",19323215,965459],"chl_gsm\/4.3.0":["{{e}}",20288674,2722906],"chl_gsm\/4.3.1":["{{e}}",23011580,1416081],"chl_gsm\/4.3.2":["{{e}}",24427661,2513868],"chl_gsm\/4.3.3":["{{e}}",26941529,1557159],"chl_gsm\/4.3.4":["{{e}}",28498688,1213256],"chl_gsm\/4.4.0":["{{e}}",29711944,289063],"chl_gsm\/4.4.1":["{{e}}",30001007,1324174],"chl_gsm\/4.4.2":["{{e}}",31325181,1236159],"chl_gsm\/4.4.3":["{{e}}",32561340,1123987],"chl_gsm\/4.4.4":["{{e}}",33685327,1240459],"chl_gsm\/5.0.0":["{{f}}",151217,566812],"chl_gsm\/5.0.1":["{{f}}",718029,105892],"chl_gsm\/5.0.2":["{{f}}",823921,539514],"chl_gsm\/5.0.3":["{{f}}",1363435,2324399],"chl_gsm\/5.0.4":["{{f}}",3687834,2672972],"chl_gsm\/5.1.0":["{{f}}",6360806,960442],"chl_gsm\/5.1.1":["{{f}}",7321248,1716814],"chl_gsm\/5.1.2":["{{f}}",9038062,1226088],"chl_gsm\/5.1.3":["{{f}}",10264150,920249],"chl_gsm\/5.1.4":["{{f}}",11184399,789323],"chl_gsm\/5.2.0":["{{f}}",11973722,2227789],"chl_gsm\/5.2.1":["{{f}}",14201511,1262984],"chl_gsm\/5.2.2":["{{f}}",15464495,90594],"chl_gsm\/5.2.3":["{{f}}",15555089,1207487],"chl_gsm\/5.2.4":["{{f}}",16762576,3152453],"chl_gsm\/5.3.0":["{{f}}",19915029,967444],"chl_gsm\/5.3.1":["{{f}}",20882473,1842448],"chl_gsm\/5.3.2":["{{f}}",22724921,1514943],"chl_gsm\/5.3.3":["{{f}}",24239864,1624531],"chl_gsm\/5.3.4":["{{f}}",25864395,2884755],"chl_gsm\/5.4.0":["{{f}}",28749150,671126],"chl_gsm\/5.4.1":["{{f}}",29420276,1187000],"chl_gsm\/5.4.2":["{{f}}",30607276,1134118],"chl_gsm\/5.4.3":["{{f}}",31741394,953477],"chl_gsm\/5.4.4":["{{f}}",32694871,604902],"chl_gsm\/6.0.0":["{{g}}",151217,88016],"chl_gsm\/6.0.1":["{{g}}",239233,1121538],"chl_gsm\/6.0.2":["{{g}}",1360771,473611],"chl_gsm\/6.0.3":["{{g}}",1834382,2548568],"chl_gsm\/6.0.4":["{{g}}",4382950,47911],"chl_gsm\/6.1.0":["{{g}}",4430861,1166421],"chl_gsm\/6.1.1":["{{g}}",5597282,1650429],"chl_gsm\/6.1.2":["{{g}}",7247711,1305862],"chl_gsm\/6.1.3":["{{g}}",8553573,1346259],"chl_gsm\/6.1.4":["{{g}}",9899832,172051],"chl_gsm\/6.2.0":["{{g}}",10071883,3446340],"chl_gsm\/6.2.1":["{{g}}",13518223,2688218],"chl_gsm\/6.2.2":["{{g}}",16206441,52594],"chl_gsm\/6.2.3":["{{g}}",16259035,2177412],"chl_gsm\/6.2.4":["{{g}}",18436447,2191980],"chl_gsm\/6.3.0":["{{g}}",20628427,1199080],"chl_gsm\/6.3.1":["{{g}}",21827507,992665],"chl_gsm\/6.3.2":["{{g}}",22820172,2096754],"chl_gsm\/6.3.3":["{{g}}",24916926,1392976],"chl_gsm\/6.3.4":["{{g}}",26309902,2457591],"chl_gsm\/6.4.0":["{{g}}",28767493,624655],"chl_gsm\/6.4.1":["{{g}}",29392148,1080033],"chl_gsm\/6.4.2":["{{g}}",30472181,1188417],"chl_gsm\/6.4.3":["{{g}}",31660598,1256927],"chl_gsm\/6.4.4":["{{g}}",32917525,2567387],"chl_gsm\/7.0.0":["{{h}}",151217,479492],"chl_gsm\/7.0.1":["{{h}}",630709,599087],"chl_gsm\/7.0.2":["{{h}}",1229796,1157712],"chl_gsm\/7.0.3":["{{h}}",2387508,764146],"chl_gsm\/7.0.4":["{{h}}",3151654,2210464],"chl_gsm\/7.1.0":["{{h}}",5362118,646124],"chl_gsm\/7.1.1":["{{h}}",6008242,1561640],"chl_gsm\/7.1.2":["{{h}}",7569882,1298857],"chl_gsm\/7.1.3":["{{h}}",8868739,1076363],"chl_gsm\/7.1.4":["{{h}}",9945102,2560164],"chl_gsm\/7.2.0":["{{h}}",12505266,2664940],"chl_gsm\/7.2.1":["{{h}}",15170206,2027802],"chl_gsm\/7.2.2":["{{h}}",17198008,117668],"chl_gsm\/7.2.3":["{{h}}",17315676,503138],"chl_gsm\/7.2.4":["{{h}}",17818814,4135513],"chl_gsm\/7.3.0":["{{h}}",21954327,1479953],"chl_gsm\/7.3.1":["{{h}}",23434280,1197706],"chl_gsm\/7.3.2":["{{h}}",24631986,2328014],"chl_gsm\/7.3.3":["{{h}}",26960000,1937007],"chl_gsm\/7.3.4":["{{h}}",28897007,2357140],"chl_gsm\/7.4.0":["{{h}}",31254147,1198698],"chl_gsm\/7.4.1":["{{h}}",32452845,1210133],"chl_gsm\/7.4.2":["{{h}}",33662978,963778],"chl_gsm\/7.4.3":["{{h}}",34626756,2551273],"chl_gsm\/7.4.4":["{{h}}",37178029,1031413],"chl_gsm\/8.0.0":["{{i}}",151217,907551],"chl_gsm\/8.0.1":["{{i}}",1058768,741743],"chl_gsm\/8.0.2":["{{i}}",1800511,1632066],"chl_gsm\/8.0.3":["{{i}}",3432577,1432124],"chl_gsm\/8.0.4":["{{i}}",4864701,173939],"chl_gsm\/8.1.0":["{{i}}",5038640,1641920],"chl_gsm\/8.1.1":["{{i}}",6680560,1164165],"chl_gsm\/8.1.2":["{{i}}",7844725,1375847],"chl_gsm\/8.1.3":["{{i}}",9220572,507995],"chl_gsm\/8.1.4":["{{i}}",9728567,478157],"chl_gsm\/8.2.0":["{{i}}",10206724,2819485],"chl_gsm\/8.2.1":["{{i}}",13026209,2634490],"chl_gsm\/8.2.2":["{{i}}",15660699,11579],"chl_gsm\/8.2.3":["{{i}}",15672278,715559],"chl_gsm\/8.2.4":["{{i}}",16387837,728699],"chl_gsm\/8.3.0":["{{i}}",17116536,4498826],"chl_gsm\/8.3.1":["{{i}}",21615362,1382560],"chl_gsm\/8.3.2":["{{i}}",22997922,1434710],"chl_gsm\/8.3.3":["{{i}}",24432632,1555863],"chl_gsm\/8.3.4":["{{i}}",25988495,2321835],"chl_gsm\/8.4.0":["{{i}}",28310330,2391159],"chl_gsm\/8.4.1":["{{i}}",30701489,852633],"chl_gsm\/8.4.2":["{{i}}",31554122,1520684],"chl_gsm\/8.4.3":["{{i}}",33074806,1242255],"chl_gsm\/8.4.4":["{{i}}",34317061,3527596],"chl_gsm\/9.0.0":["{{j}}",151217,1964938],"chl_gsm\/9.0.1":["{{j}}",2116155,554063],"chl_gsm\/9.0.2":["{{j}}",2670218,807360],"chl_gsm\/9.0.3":["{{j}}",3477578,1655139],"chl_gsm\/9.0.4":["{{j}}",5132717,3143499],"chl_gsm\/9.1.0":["{{j}}",8276216,777375],"chl_gsm\/9.1.1":["{{j}}",9053591,1202482],"chl_gsm\/9.1.2":["{{j}}",10256073,1780233],"chl_gsm\/9.1.3":["{{j}}",12036306,1982707],"chl_gsm\/9.1.4":["{{j}}",14019013,1976923],"chl_gsm\/9.2.0":["{{j}}",15995936,2632737],"chl_gsm\/9.2.1":["{{j}}",18628673,2927915],"chl_gsm\/9.2.2":["{{j}}",21556588,57771],"chl_gsm\/9.2.3":["{{j}}",21614359,1729803],"chl_gsm\/9.2.4":["{{j}}",23344162,497028],"chl_gsm\/9.3.0":["{{j}}",23841190,2351762],"chl_gsm\/9.3.1":["{{j}}",26192952,3158116],"chl_gsm\/9.3.2":["{{j}}",29351068,2867259],"chl_gsm\/9.3.3":["{{j}}",32218327,1948105],"chl_gsm\/9.3.4":["{{j}}",34166432,368309],"chl_gsm\/9.4.0":["{{j}}",34534741,618149],"chl_gsm\/9.4.1":["{{j}}",35152890,2448873],"chl_gsm\/9.4.2":["{{j}}",37601763,643172],"chl_gsm\/9.4.3":["{{j}}",38244935,1196154],"chl_gsm\/9.4.4":["{{j}}",39441089,901321],"chl_gsm\/10.0.0":["{{k}}",151217,2059064],"chl_gsm\/10.0.1":["{{k}}",2210281,824380],"chl_gsm\/10.0.2":["{{k}}",3034661,932189],"chl_gsm\/10.0.3":["{{k}}",3966850,2058226],"chl_gsm\/10.0.4":["{{k}}",6025076,994398],"chl_gsm\/10.1.0":["{{k}}",7019474,1076073],"chl_gsm\/10.1.1":["{{k}}",8095547,2071050],"chl_gsm\/10.1.2":["{{k}}",10166597,969155],"chl_gsm\/10.1.3":["{{k}}",11135752,933632],"chl_gsm\/10.1.4":["{{k}}",12069384,1901949],"chl_gsm\/10.2.0":["{{k}}",13971333,3742199],"chl_gsm\/10.2.1":["{{k}}",17713532,2380201],"chl_gsm\/10.2.2":["{{k}}",20093733,110146],"chl_gsm\/10.2.3":["{{k}}",20203879,497367],"chl_gsm\/10.2.4":["{{k}}",20701246,2351754],"chl_gsm\/10.3.0":["{{k}}",23053000,1848883],"chl_gsm\/10.3.1":["{{k}}",24901883,2586030],"chl_gsm\/10.3.2":["{{k}}",27487913,1379995],"chl_gsm\/10.3.3":["{{k}}",28867908,3032063],"chl_gsm\/10.3.4":["{{k}}",31899971,1349825],"chl_gsm\/10.4.0":["{{k}}",33249796,262469],"chl_gsm\/10.4.1":["{{k}}",33512265,1135305],"chl_gsm\/10.4.2":["{{k}}",34647570,2394842],"chl_gsm\/10.4.3":["{{k}}",37042412,1091503],"chl_gsm\/10.4.4":["{{k}}",38133915,3074073],"chl_gsm\/11.0.0":["{{l}}",151217,1032987],"chl_gsm\/11.0.1":["{{l}}",1184204,959175],"chl_gsm\/11.0.2":["{{l}}",2143379,1427249],"chl_gsm\/11.0.3":["{{l}}",3570628,1346549],"chl_gsm\/11.0.4":["{{l}}",4917177,3379660],"chl_gsm\/11.1.0":["{{l}}",8296837,925041],"chl_gsm\/11.1.1":["{{l}}",9221878,2219874],"chl_gsm\/11.1.2":["{{l}}",11441752,1469732],"chl_gsm\/11.1.3":["{{l}}",12911484,2288234],"chl_gsm\/11.1.4":["{{l}}",15199718,3335771],"chl_gsm\/11.2.0":["{{l}}",18535489,3324978],"chl_gsm\/11.2.1":["{{l}}",21860467,2682627],"chl_gsm\/11.2.2":["{{l}}",24543094,46446],"chl_gsm\/11.2.3":["{{l}}",24589540,1654551],"chl_gsm\/11.2.4":["{{l}}",26244091,999106],"chl_gsm\/11.3.0":["{{l}}",27243197,2094165],"chl_gsm\/11.3.1":["{{l}}",29337362,2449360],"chl_gsm\/11.3.2":["{{l}}",31786722,2289256],"chl_gsm\/11.3.3":["{{l}}",34075978,1022079],"chl_gsm\/11.3.4":["{{l}}",35098057,1074823],"chl_gsm\/11.4.0":["{{l}}",36172880,2102526],"chl_gsm\/11.4.1":["{{l}}",38275406,2391711],"chl_gsm\/11.4.2":["{{l}}",40667117,1721806],"chl_gsm\/11.4.3":["{{l}}",42388923,1845785],"chl_gsm\/11.4.4":["{{l}}",44234708,1792658],"chl_gsm\/12.0.0":["{{m}}",151217,2504362],"chl_gsm\/12.0.1":["{{m}}",2655579,1608282],"chl_gsm\/12.0.2":["{{m}}",4263861,762202],"chl_gsm\/12.0.3":["{{m}}",5026063,989847],"chl_gsm\/12.0.4":["{{m}}",6015910,1869642],"chl_gsm\/12.1.0":["{{m}}",7885552,1645179],"chl_gsm\/12.1.1":["{{m}}",9530731,1718063],"chl_gsm\/12.1.2":["{{m}}",11248794,1552663],"chl_gsm\/12.1.3":["{{m}}",12801457,1270780],"chl_gsm\/12.1.4":["{{m}}",14072237,2221680],"chl_gsm\/12.2.0":["{{m}}",16293917,3861279],"chl_gsm\/12.2.1":["{{m}}",20155196,1676428],"chl_gsm\/12.2.2":["{{m}}",21831624,99663],"chl_gsm\/12.2.3":["{{m}}",21931287,458019],"chl_gsm\/12.2.4":["{{m}}",22389306,2510535],"chl_gsm\/12.3.0":["{{m}}",24899841,2640734],"chl_gsm\/12.3.1":["{{m}}",27540575,1763498],"chl_gsm\/12.3.2":["{{m}}",29304073,1338723],"chl_gsm\/12.3.3":["{{m}}",30642796,1415953],"chl_gsm\/12.3.4":["{{m}}",32058749,2783040],"chl_gsm\/12.4.0":["{{m}}",34841789,2753690],"chl_gsm\/12.4.1":["{{m}}",37595479,1847016],"chl_gsm\/12.4.2":["{{m}}",39442495,1452502],"chl_gsm\/12.4.3":["{{m}}",40894997,1232235],"chl_gsm\/12.4.4":["{{m}}",42127232,1984630],"chl_gsm\/13.0.0":["{{n}}",151217,1081574],"chl_gsm\/13.0.1":["{{n}}",1232791,797200],"chl_gsm\/13.0.2":["{{n}}",2029991,2760051],"chl_gsm\/13.0.3":["{{n}}",4790042,1535264],"chl_gsm\/13.0.4":["{{n}}",6325306,10921],"chl_gsm\/13.1.0":["{{n}}",6336227,1418226],"chl_gsm\/13.1.1":["{{n}}",7754453,1047304],"chl_gsm\/13.1.2":["{{n}}",8801757,1340347],"chl_gsm\/13.1.3":["{{n}}",10142104,1806784],"chl_gsm\/13.1.4":["{{n}}",11948888,203053],"chl_gsm\/13.2.0":["{{n}}",12151941,3158809],"chl_gsm\/13.2.1":["{{n}}",15310750,2958386],"chl_gsm\/13.2.2":["{{n}}",18269136,65262],"chl_gsm\/13.2.3":["{{n}}",18334398,1210905],"chl_gsm\/13.2.4":["{{n}}",19545303,615735],"chl_gsm\/13.3.0":["{{n}}",20161038,2492928],"chl_gsm\/13.3.1":["{{n}}",22653966,3273020],"chl_gsm\/13.3.2":["{{n}}",25926986,1032179],"chl_gsm\/13.3.3":["{{n}}",26959165,1673448],"chl_gsm\/13.3.4":["{{n}}",28632613,807912],"chl_gsm\/13.4.0":["{{n}}",29440525,828152],"chl_gsm\/13.4.1":["{{n}}",30268677,2155825],"chl_gsm\/13.4.2":["{{n}}",32424502,422194],"chl_gsm\/13.4.3":["{{n}}",32846696,1236783],"chl_gsm\/13.4.4":["{{n}}",34083479,1627672],"chl_gsm\/14.0.0":["{{o}}",151217,902533],"chl_gsm\/14.0.1":["{{o}}",1053750,1581092],"chl_gsm\/14.0.2":["{{o}}",2634842,2055230],"chl_gsm\/14.0.3":["{{o}}",4690072,909127],"chl_gsm\/14.0.4":["{{o}}",5599199,1982781],"chl_gsm\/14.1.0":["{{o}}",7581980,2026227],"chl_gsm\/14.1.1":["{{o}}",9608207,656950],"chl_gsm\/14.1.2":["{{o}}",10265157,915699],"chl_gsm\/14.1.3":["{{o}}",11180856,560011],"chl_gsm\/14.1.4":["{{o}}",11740867,2050170],"chl_gsm\/14.2.0":["{{o}}",13791037,2524547],"chl_gsm\/14.2.1":["{{o}}",16315584,1165561],"chl_gsm\/14.2.2":["{{o}}",17481145,121792],"chl_gsm\/14.2.3":["{{o}}",17602937,1179272],"chl_gsm\/14.2.4":["{{o}}",18782209,3151255],"chl_gsm\/14.3.0":["{{o}}",21933464,1751759],"chl_gsm\/14.3.1":["{{o}}",23685223,2302803],"chl_gsm\/14.3.2":["{{o}}",25988026,3298684],"chl_gsm\/14.3.3":["{{o}}",29286710,1121439],"chl_gsm\/14.3.4":["{{o}}",30408149,1129653],"chl_gsm\/14.4.0":["{{o}}",31537802,657896],"chl_gsm\/14.4.1":["{{o}}",32195698,2006901],"chl_gsm\/14.4.2":["{{o}}",34202599,771612],"chl_gsm\/14.4.3":["{{o}}",34974211,1094181],"chl_gsm\/14.4.4":["{{o}}",36068392,286060],"chl_gsm\/15.0.0":["{{p}}",151217,404772],"chl_gsm\/15.0.1":["{{p}}",555989,361155],"chl_gsm\/15.0.2":["{{p}}",917144,1389738],"chl_gsm\/15.0.3":["{{p}}",2306882,1496683],"chl_gsm\/15.0.4":["{{p}}",3803565,117875],"chl_gsm\/15.1.0":["{{p}}",3921440,1624067],"chl_gsm\/15.1.1":["{{p}}",5545507,960655],"chl_gsm\/15.1.2":["{{p}}",6506162,1236490],"chl_gsm\/15.1.3":["{{p}}",7742652,654462],"chl_gsm\/15.1.4":["{{p}}",8397114,628045],"chl_gsm\/15.2.0":["{{p}}",9025159,2170757],"chl_gsm\/15.2.1":["{{p}}",11195916,2252236],"chl_gsm\/15.2.2":["{{p}}",13448152,15522],"chl_gsm\/15.2.3":["{{p}}",13463674,1385453],"chl_gsm\/15.2.4":["{{p}}",14849127,2141322],"chl_gsm\/15.3.0":["{{p}}",16990449,2553971],"chl_gsm\/15.3.1":["{{p}}",19544420,3307678],"chl_gsm\/15.3.2":["{{p}}",22852098,963024],"chl_gsm\/15.3.3":["{{p}}",23815122,2225977],"chl_gsm\/15.3.4":["{{p}}",26041099,1441520],"chl_gsm\/15.4.0":["{{p}}",27482619,196306],"chl_gsm\/15.4.1":["{{p}}",27678925,1674543],"chl_gsm\/15.4.2":["{{p}}",29353468,487093],"chl_gsm\/15.4.3":["{{p}}",29840561,789468],"chl_gsm\/15.4.4":["{{p}}",30630029,722783],"chl_gsm\/16.0.0":["{{q}}",151217,2302988],"chl_gsm\/16.0.1":["{{q}}",2454205,1695947],"chl_gsm\/16.0.2":["{{q}}",4150152,478411],"chl_gsm\/16.0.3":["{{q}}",4628563,994063],"chl_gsm\/16.0.4":["{{q}}",5622626,2949412],"chl_gsm\/16.1.0":["{{q}}",8572038,1048315],"chl_gsm\/16.1.1":["{{q}}",9620353,768728],"chl_gsm\/16.1.2":["{{q}}",10389081,1582619],"chl_gsm\/16.1.3":["{{q}}",11971700,456584],"chl_gsm\/16.1.4":["{{q}}",12428284,2558289],"chl_gsm\/16.2.0":["{{q}}",14986573,1974816],"chl_gsm\/16.2.1":["{{q}}",16961389,2402836],"chl_gsm\/16.2.2":["{{q}}",19364225,42824],"chl_gsm\/16.2.3":["{{q}}",19407049,1048265],"chl_gsm\/16.2.4":["{{q}}",20455314,2725234],"chl_gsm\/16.3.0":["{{q}}",23180548,2119811],"chl_gsm\/16.3.1":["{{q}}",25300359,3267353],"chl_gsm\/16.3.2":["{{q}}",28567712,3591592],"chl_gsm\/16.3.3":["{{q}}",32159304,3086991],"chl_gsm\/16.3.4":["{{q}}",35246295,564239],"chl_gsm\/16.4.0":["{{q}}",35810534,621060],"chl_gsm\/16.4.1":["{{q}}",36431594,670675],"chl_gsm\/16.4.2":["{{q}}",37102269,1201294],"chl_gsm\/16.4.3":["{{q}}",38303563,276623],"chl_gsm\/16.4.4":["{{q}}",38580186,642663],"chl_gsm\/17.0.0":["{{r}}",151217,773232],"chl_gsm\/17.0.1":["{{r}}",924449,1362392],"chl_gsm\/17.0.2":["{{r}}",2286841,1836222],"chl_gsm\/17.0.3":["{{r}}",4123063,1834868],"chl_gsm\/17.0.4":["{{r}}",5957931,777853],"chl_gsm\/17.1.0":["{{r}}",6735784,1284460],"chl_gsm\/17.1.1":["{{r}}",8020244,1135554],"chl_gsm\/17.1.2":["{{r}}",9155798,675916],"chl_gsm\/17.1.3":["{{r}}",9831714,250646],"chl_gsm\/17.1.4":["{{r}}",10082360,445416],"chl_gsm\/17.2.0":["{{r}}",10527776,3210060],"chl_gsm\/17.2.1":["{{r}}",13737836,2183608],"chl_gsm\/17.2.2":["{{r}}",15921444,17552],"chl_gsm\/17.2.3":["{{r}}",15938996,335969],"chl_gsm\/17.2.4":["{{r}}",16274965,1271878],"chl_gsm\/17.3.0":["{{r}}",17546843,3540623],"chl_gsm\/17.3.1":["{{r}}",21087466,1951877],"chl_gsm\/17.3.2":["{{r}}",23039343,2795409],"chl_gsm\/17.3.3":["{{r}}",25834752,2192008],"chl_gsm\/17.3.4":["{{r}}",28026760,1840728],"chl_gsm\/17.4.0":["{{r}}",29867488,1567346],"chl_gsm\/17.4.1":["{{r}}",31434834,1459511],"chl_gsm\/17.4.2":["{{r}}",32894345,703495],"chl_gsm\/17.4.3":["{{r}}",33597840,733819],"chl_gsm\/17.4.4":["{{r}}",34331659,2273392],"chl_gsm\/18.0.0":["{{s}}",151217,854442],"chl_gsm\/18.0.1":["{{s}}",1005659,536889],"chl_gsm\/18.0.2":["{{s}}",1542548,2303047],"chl_gsm\/18.0.3":["{{s}}",3845595,1511873],"chl_gsm\/18.0.4":["{{s}}",5357468,3747511],"chl_gsm\/18.1.0":["{{s}}",9104979,771636],"chl_gsm\/18.1.1":["{{s}}",9876615,927301],"chl_gsm\/18.1.2":["{{s}}",10803916,978432],"chl_gsm\/18.1.3":["{{s}}",11782348,940910],"chl_gsm\/18.1.4":["{{s}}",12723258,1934934],"chl_gsm\/18.2.0":["{{s}}",14658192,2528762],"chl_gsm\/18.2.1":["{{s}}",17186954,1929206],"chl_gsm\/18.2.2":["{{s}}",19116160,54111],"chl_gsm\/18.2.3":["{{s}}",19170271,729105],"chl_gsm\/18.2.4":["{{s}}",19899376,906211],"chl_gsm\/18.3.0":["{{s}}",20805587,3068265],"chl_gsm\/18.3.1":["{{s}}",23873852,3992843],"chl_gsm\/18.3.2":["{{s}}",27866695,2341660],"chl_gsm\/18.3.3":["{{s}}",30208355,3176691],"chl_gsm\/18.3.4":["{{s}}",33385046,1198233],"chl_gsm\/18.4.0":["{{s}}",34583279,1962454],"chl_gsm\/18.4.1":["{{s}}",36545733,1853525],"chl_gsm\/18.4.2":["{{s}}",38399258,928940],"chl_gsm\/18.4.3":["{{s}}",39328198,1008385],"chl_gsm\/18.4.4":["{{s}}",40336583,633594],"chl_gsm\/19.0.0":["{{t}}",151217,483326],"chl_gsm\/19.0.1":["{{t}}",634543,1123457],"chl_gsm\/19.0.2":["{{t}}",1758000,2529741],"chl_gsm\/19.0.3":["{{t}}",4287741,1201554],"chl_gsm\/19.0.4":["{{t}}",5489295,748799],"chl_gsm\/19.1.0":["{{t}}",6238094,559943],"chl_gsm\/19.1.1":["{{t}}",6798037,1661824],"chl_gsm\/19.1.2":["{{t}}",8459861,912227],"chl_gsm\/19.1.3":["{{t}}",9372088,520062],"chl_gsm\/19.1.4":["{{t}}",9892150,390953],"chl_gsm\/19.2.0":["{{t}}",10283103,2915367],"chl_gsm\/19.2.1":["{{t}}",13198470,1389372],"chl_gsm\/19.2.2":["{{t}}",14587842,108191],"chl_gsm\/19.2.3":["{{t}}",14696033,585705],"chl_gsm\/19.2.4":["{{t}}",15281738,538914],"chl_gsm\/19.3.0":["{{t}}",15820652,1950136],"chl_gsm\/19.3.1":["{{t}}",17770788,2785380],"chl_gsm\/19.3.2":["{{t}}",20556168,1862454],"chl_gsm\/19.3.3":["{{t}}",22418622,2761963],"chl_gsm\/19.3.4":["{{t}}",25180585,4243931],"chl_gsm\/19.4.0":["{{t}}",29424516,1332437],"chl_gsm\/19.4.1":["{{t}}",30756953,2057865],"chl_gsm\/19.4.2":["{{t}}",32814818,1271171],"chl_gsm\/19.4.3":["{{t}}",34085989,1978696],"chl_gsm\/19.4.4":["{{t}}",36064685,1424260],"chl_gsm\/20.0.0":["{{u}}",151217,236705],"chl_gsm\/20.0.1":["{{u}}",387922,677982],"chl_gsm\/20.0.2":["{{u}}",1065904,2554369],"chl_gsm\/20.0.3":["{{u}}",3620273,875752],"chl_gsm\/20.0.4":["{{u}}",4496025,1989535],"chl_gsm\/20.1.0":["{{u}}",6485560,510419],"chl_gsm\/20.1.1":["{{u}}",6995979,565887],"chl_gsm\/20.1.2":["{{u}}",7561866,1070217],"chl_gsm\/20.1.3":["{{u}}",8632083,2039532],"chl_gsm\/20.1.4":["{{u}}",10671615,1251294],"chl_gsm\/20.2.0":["{{u}}",11922909,2967564],"chl_gsm\/20.2.1":["{{u}}",14890473,2100265],"chl_gsm\/20.2.2":["{{u}}",16990738,87965],"chl_gsm\/20.2.3":["{{u}}",17078703,1613044],"chl_gsm\/20.2.4":["{{u}}",18691747,507042],"chl_gsm\/20.3.0":["{{u}}",19198789,1693650],"chl_gsm\/20.3.1":["{{u}}",20892439,1737048],"chl_gsm\/20.3.2":["{{u}}",22629487,2949904],"chl_gsm\/20.3.3":["{{u}}",25579391,2164650],"chl_gsm\/20.3.4":["{{u}}",27744041,2332961],"chl_gsm\/20.4.0":["{{u}}",30077002,363663],"chl_gsm\/20.4.1":["{{u}}",30440665,1047795],"chl_gsm\/20.4.2":["{{u}}",31488460,2414911],"chl_gsm\/20.4.3":["{{u}}",33903371,793503],"chl_gsm\/20.4.4":["{{u}}",34696874,1089358],"chl_gsm\/21.0.0":["{{v}}",151217,1087321],"chl_gsm\/21.0.1":["{{v}}",1238538,722991],"chl_gsm\/21.0.2":["{{v}}",1961529,944390],"chl_gsm\/21.0.3":["{{v}}",2905919,708516],"chl_gsm\/21.0.4":["{{v}}",3614435,1974518],"chl_gsm\/21.1.0":["{{v}}",5588953,565583],"chl_gsm\/21.1.1":["{{v}}",6154536,828237],"chl_gsm\/21.1.2":["{{v}}",6982773,884114],"chl_gsm\/21.1.3":["{{v}}",7866887,580055],"chl_gsm\/21.1.4":["{{v}}",8446942,809565],"chl_gsm\/21.2.0":["{{v}}",9256507,1333568],"chl_gsm\/21.2.1":["{{v}}",10590075,1344578],"chl_gsm\/21.2.2":["{{v}}",11934653,105990],"chl_gsm\/21.2.3":["{{v}}",12040643,454361],"chl_gsm\/21.2.4":["{{v}}",12495004,1082761],"chl_gsm\/21.3.0":["{{v}}",13577765,4144658],"chl_gsm\/21.3.1":["{{v}}",17722423,1856085],"chl_gsm\/21.3.2":["{{v}}",19578508,4023785],"chl_gsm\/21.3.3":["{{v}}",23602293,1538597],"chl_gsm\/21.3.4":["{{v}}",25140890,4049666],"chl_gsm\/21.4.0":["{{v}}",29190556,1429667],"chl_gsm\/21.4.1":["{{v}}",30620223,2245280],"chl_gsm\/21.4.2":["{{v}}",32865503,1712195],"chl_gsm\/21.4.3":["{{v}}",34577698,1529197],"chl_gsm\/21.4.4":["{{v}}",36106895,135352],"chl_gsm\/22.0.0":["{{w}}",151217,813659],"chl_gsm\/22.0.1":["{{w}}",964876,307980],"chl_gsm\/22.0.2":["{{w}}",1272856,123523],"chl_gsm\/22.0.3":["{{w}}",1396379,2077352],"chl_gsm\/22.0.4":["{{w}}",3473731,12724],"chl_gsm\/22.1.0":["{{w}}",3486455,1301201],"chl_gsm\/22.1.1":["{{w}}",4787656,1026729],"chl_gsm\/22.1.2":["{{w}}",5814385,940672],"chl_gsm\/22.1.3":["{{w}}",6755057,836443],"chl_gsm\/22.1.4":["{{w}}",7591500,55383],"chl_gsm\/22.2.0":["{{w}}",7646883,1653581],"chl_gsm\/22.2.1":["{{w}}",9300464,2475171],"chl_gsm\/22.2.2":["{{w}}",11775635,44363],"chl_gsm\/22.2.3":["{{w}}",11819998,768639],"chl_gsm\/22.2.4":["{{w}}",12588637,51440],"chl_gsm\/22.3.0":["{{w}}",12640077,1737802],"chl_gsm\/22.3.1":["{{w}}",14377879,4197714],"chl_gsm\/22.3.2":["{{w}}",18575593,2610437],"chl_gsm\/22.3.3":["{{w}}",21186030,1628061],"chl_gsm\/22.3.4":["{{w}}",22814091,1115543],"chl_gsm\/22.4.0":["{{w}}",23929634,233251],"chl_gsm\/22.4.1":["{{w}}",24162885,938423],"chl_gsm\/22.4.2":["{{w}}",25101308,412681],"chl_gsm\/22.4.3":["{{w}}",25513989,2970507],"chl_gsm\/22.4.4":["{{w}}",28484496,343739],"chl_gsm\/23.0.0":["{{x}}",151217,1177772],"chl_gsm\/23.0.1":["{{x}}",1328989,371221],"chl_gsm\/23.0.2":["{{x}}",1700210,157555],"chl_gsm\/23.0.3":["{{x}}",1857765,1198138],"chl_gsm\/23.0.4":["{{x}}",3055903,3405417],"chl_gsm\/23.1.0":["{{x}}",6461320,1307216],"chl_gsm\/23.1.1":["{{x}}",7768536,1529801],"chl_gsm\/23.1.2":["{{x}}",9298337,1255963],"chl_gsm\/23.1.3":["{{x}}",10554300,1326812],"chl_gsm\/23.1.4":["{{x}}",11881112,1653162],"chl_gsm\/23.2.0":["{{x}}",13534274,1313042],"chl_gsm\/23.2.1":["{{x}}",14847316,1611479],"chl_gsm\/23.2.2":["{{x}}",16458795,110767],"chl_gsm\/23.2.3":["{{x}}",16569562,1382287],"chl_gsm\/23.2.4":["{{x}}",17951849,2410261],"chl_gsm\/23.3.0":["{{x}}",20362110,962427],"chl_gsm\/23.3.1":["{{x}}",21324537,2025560],"chl_gsm\/23.3.2":["{{x}}",23350097,2525454],"chl_gsm\/23.3.3":["{{x}}",25875551,1354567],"chl_gsm\/23.3.4":["{{x}}",27230118,1024754],"chl_gsm\/23.4.0":["{{x}}",28254872,2132823],"chl_gsm\/23.4.1":["{{x}}",30387695,937778],"chl_gsm\/23.4.2":["{{x}}",31325473,997419],"chl_gsm\/23.4.3":["{{x}}",32322892,1576400],"chl_gsm\/23.4.4":["{{x}}",33899292,1010322],"chl_gsm\/24.0.0":["{{y}}",151217,379056],"chl_gsm\/24.0.1":["{{y}}",530273,1011611],"chl_gsm\/24.0.2":["{{y}}",1541884,286341],"chl_gsm\/24.0.3":["{{y}}",1828225,1096695],"chl_gsm\/24.0.4":["{{y}}",2924920,35820],"chl_gsm\/24.1.0":["{{y}}",2960740,1519561],"chl_gsm\/24.1.1":["{{y}}",4480301,1357501],"chl_gsm\/24.1.2":["{{y}}",5837802,1081335],"chl_gsm\/24.1.3":["{{y}}",6919137,1574264],"chl_gsm\/24.1.4":["{{y}}",8493401,357837],"chl_gsm\/24.2.0":["{{y}}",8851238,2892635],"chl_gsm\/24.2.1":["{{y}}",11743873,2764084],"chl_gsm\/24.2.2":["{{y}}",14507957,27152],"chl_gsm\/24.2.3":["{{y}}",14535109,767173],"chl_gsm\/24.2.4":["{{y}}",15302282,1113156],"chl_gsm\/24.3.0":["{{y}}",16415438,3427416],"chl_gsm\/24.3.1":["{{y}}",19842854,1815146],"chl_gsm\/24.3.2":["{{y}}",21658000,1632117],"chl_gsm\/24.3.3":["{{y}}",23290117,1230312],"chl_gsm\/24.3.4":["{{y}}",24520429,2502907],"chl_gsm\/24.4.0":["{{y}}",27023336,3155446],"chl_gsm\/24.4.1":["{{y}}",30178782,851490],"chl_gsm\/24.4.2":["{{y}}",31030272,230189],"chl_gsm\/24.4.3":["{{y}}",31260461,867538],"chl_gsm\/24.4.4":["{{y}}",32127999,1153891],"chl_gsm\/25.0.0":["{{z}}",151217,764574],"chl_gsm\/25.0.1":["{{z}}",915791,382114],"chl_gsm\/25.0.2":["{{z}}",1297905,327769],"chl_gsm\/25.0.3":["{{z}}",1625674,82903],"chl_gsm\/25.0.4":["{{z}}",1708577,2164444],"chl_gsm\/25.1.0":["{{z}}",3873021,1367907],"chl_gsm\/25.1.1":["{{z}}",5240928,1022481],"chl_gsm\/25.1.2":["{{z}}",6263409,1405118],"chl_gsm\/25.1.3":["{{z}}",7668527,1238729],"chl_gsm\/25.1.4":["{{z}}",8907256,3000295],"chl_gsm\/25.2.0":["{{z}}",11907551,2015304],"chl_gsm\/25.2.1":["{{z}}",13922855,2137575],"chl_gsm\/25.2.2":["{{z}}",16060430,57793],"chl_gsm\/25.2.3":["{{z}}",16118223,1319362],"chl_gsm\/25.2.4":["{{z}}",17437585,1807862],"chl_gsm\/25.3.0":["{{z}}",19245447,2159647],"chl_gsm\/25.3.1":["{{z}}",21405094,2922487],"chl_gsm\/25.3.2":["{{z}}",24327581,1322407],"chl_gsm\/25.3.3":["{{z}}",25649988,1219249],"chl_gsm\/25.3.4":["{{z}}",26869237,177377],"chl_gsm\/25.4.0":["{{z}}",27046614,543401],"chl_gsm\/25.4.1":["{{z}}",27590015,1700349],"chl_gsm\/25.4.2":["{{z}}",29290364,302861],"chl_gsm\/25.4.3":["{{z}}",29593225,1380914],"chl_gsm\/25.4.4":["{{z}}",30974139,318675],"chl_gsm\/26.0.0":["{{A}}",151217,93728],"chl_gsm\/26.0.1":["{{A}}",244945,378889],"chl_gsm\/26.0.2":["{{A}}",623834,1955117],"chl_gsm\/26.0.3":["{{A}}",2578951,502691],"chl_gsm\/26.0.4":["{{A}}",3081642,304988],"chl_gsm\/26.1.0":["{{A}}",3386630,707414],"chl_gsm\/26.1.1":["{{A}}",4094044,1408952],"chl_gsm\/26.1.2":["{{A}}",5502996,1652002],"chl_gsm\/26.1.3":["{{A}}",7154998,94161],"chl_gsm\/26.1.4":["{{A}}",7249159,824343],"chl_gsm\/26.2.0":["{{A}}",8073502,2338194],"chl_gsm\/26.2.1":["{{A}}",10411696,1794066],"chl_gsm\/26.2.2":["{{A}}",12205762,51476],"chl_gsm\/26.2.3":["{{A}}",12257238,554390],"chl_gsm\/26.2.4":["{{A}}",12811628,762696],"chl_gsm\/26.3.0":["{{A}}",13574324,1709842],"chl_gsm\/26.3.1":["{{A}}",15284166,1403949],"chl_gsm\/26.3.2":["{{A}}",16688115,1829641],"chl_gsm\/26.3.3":["{{A}}",18517756,1561025],"chl_gsm\/26.3.4":["{{A}}",20078781,2943896],"chl_gsm\/26.4.0":["{{A}}",23022677,1587276],"chl_gsm\/26.4.1":["{{A}}",24609953,969058],"chl_gsm\/26.4.2":["{{A}}",25579011,1059799],"chl_gsm\/26.4.3":["{{A}}",26638810,539682],"chl_gsm\/26.4.4":["{{A}}",27178492,2177939],"chl_gsm\/27.0.0":["{{B}}",151217,198379],"chl_gsm\/27.0.1":["{{B}}",349596,906061],"chl_gsm\/27.0.2":["{{B}}",1255657,2397052],"chl_gsm\/27.0.3":["{{B}}",3652709,379328],"chl_gsm\/27.0.4":["{{B}}",4032037,3552425],"chl_gsm\/27.1.0":["{{B}}",7584462,614021],"chl_gsm\/27.1.1":["{{B}}",8198483,527376],"chl_gsm\/27.1.2":["{{B}}",8725859,1664796],"chl_gsm\/27.1.3":["{{B}}",10390655,667731],"chl_gsm\/27.1.4":["{{B}}",11058386,1954587],"chl_gsm\/27.2.0":["{{B}}",13012973,2668169],"chl_gsm\/27.2.1":["{{B}}",15681142,2901986],"chl_gsm\/27.2.2":["{{B}}",18583128,59257],"chl_gsm\/27.2.3":["{{B}}",18642385,1919819],"chl_gsm\/27.2.4":["{{B}}",20562204,679349],"chl_gsm\/27.3.0":["{{B}}",21241553,2038273],"chl_gsm\/27.3.1":["{{B}}",23279826,1429188],"chl_gsm\/27.3.2":["{{B}}",24709014,1628488],"chl_gsm\/27.3.3":["{{B}}",26337502,2000590],"chl_gsm\/27.3.4":["{{B}}",28338092,800122],"chl_gsm\/27.4.0":["{{B}}",29138214,1060540],"chl_gsm\/27.4.1":["{{B}}",30198754,3367246],"chl_gsm\/27.4.2":["{{B}}",33566000,1433336],"chl_gsm\/27.4.3":["{{B}}",34999336,1725556],"chl_gsm\/27.4.4":["{{B}}",36724892,538625],"chl_gsm\/28.0.0":["{{C}}",151217,811312],"chl_gsm\/28.0.1":["{{C}}",962529,1280733],"chl_gsm\/28.0.2":["{{C}}",2243262,1481082],"chl_gsm\/28.0.3":["{{C}}",3724344,2123282],"chl_gsm\/28.0.4":["{{C}}",5847626,1582002],"chl_gsm\/28.1.0":["{{C}}",7429628,1802666],"chl_gsm\/28.1.1":["{{C}}",9232294,1026917],"chl_gsm\/28.1.2":["{{C}}",10259211,1138935],"chl_gsm\/28.1.3":["{{C}}",11398146,923396],"chl_gsm\/28.1.4":["{{C}}",12321542,1079215],"chl_gsm\/28.2.0":["{{C}}",13400757,2248017],"chl_gsm\/28.2.1":["{{C}}",15648774,793621],"chl_gsm\/28.2.2":["{{C}}",16442395,12610],"chl_gsm\/28.2.3":["{{C}}",16455005,649563],"chl_gsm\/28.2.4":["{{C}}",17104568,543212],"chl_gsm\/28.3.0":["{{C}}",17647780,1585167],"chl_gsm\/28.3.1":["{{C}}",19232947,1525444],"chl_gsm\/28.3.2":["{{C}}",20758391,1996285],"chl_gsm\/28.3.3":["{{C}}",22754676,2403686],"chl_gsm\/28.3.4":["{{C}}",25158362,2861201],"chl_gsm\/28.4.0":["{{C}}",28019563,2507358],"chl_gsm\/28.4.1":["{{C}}",30526921,1811611],"chl_gsm\/28.4.2":["{{C}}",32338532,3476416],"chl_gsm\/28.4.3":["{{C}}",35814948,837290],"chl_gsm\/28.4.4":["{{C}}",36652238,863067],"chl_gsm\/29.0.0":["{{D}}",151217,859015],"chl_gsm\/29.0.1":["{{D}}",1010232,144540],"chl_gsm\/29.0.2":["{{D}}",1154772,1203670],"chl_gsm\/29.0.3":["{{D}}",2358442,1137569],"chl_gsm\/29.0.4":["{{D}}",3496011,10921],"chl_gsm\/29.1.0":["{{D}}",3506932,1718313],"chl_gsm\/29.1.1":["{{D}}",5225245,520009],"chl_gsm\/29.1.2":["{{D}}",5745254,1450707],"chl_gsm\/29.1.3":["{{D}}",7195961,1640764],"chl_gsm\/29.1.4":["{{D}}",8836725,183021],"chl_gsm\/29.2.0":["{{D}}",9019746,3467468],"chl_gsm\/29.2.1":["{{D}}",12487214,1131311],"chl_gsm\/29.2.2":["{{D}}",13618525,71637],"chl_gsm\/29.2.3":["{{D}}",13690162,1777877],"chl_gsm\/29.2.4":["{{D}}",15468039,869378],"chl_gsm\/29.3.0":["{{D}}",16337417,1646899],"chl_gsm\/29.3.1":["{{D}}",17984316,2461942],"chl_gsm\/29.3.2":["{{D}}",20446258,1350871],"chl_gsm\/29.3.3":["{{D}}",21797129,1636366],"chl_gsm\/29.3.4":["{{D}}",23433495,2203185],"chl_gsm\/29.4.0":["{{D}}",25636680,666738],"chl_gsm\/29.4.1":["{{D}}",26303418,1781078],"chl_gsm\/29.4.2":["{{D}}",28084496,1949741],"chl_gsm\/29.4.3":["{{D}}",30034237,1225829],"chl_gsm\/29.4.4":["{{D}}",31260066,768810]}}