{"version":1,"templates":{"a":"s3:\/\/imos-data\/IMOS\/SRS\/OC\/gridded\/aqua\/P1D\/2016\/05\/A.P1D.20160501T053000Z.aust.chl_oc3.nc","b":"s3:\/\/imos-data\/IMOS\/SRS\/OC\/gridded\/aqua\/P1D\/2016\/05\/A.P1D.20160502T053000Z.aust.chl_oc3.nc","c":"s3:\/\/imos-data\/IMOS\/SRS\/OC\/gridded\/aqua\/P1D\/2016\/05\/A.P1D.20160503T053000Z.aust.chl_oc3.nc","d":"s3:\/\/imos-data\/IMOS\/SRS\/OC\/gridded\/aqua\/P1D\/2016\/05\/A.P1D.20160504T053000Z.aust.chl_oc3.nc","e":"s3:\/\/imos-data\/IMOS\/SRS\/OC\/gridded\/aqua\/P1D\/2016\/05\/A.P1D.20160505T053000Z.aust.chl_oc3.nc","f":"s3:\/\/imos-data\/IMOS\/SRS\/OC\/gridded\/aqua\/P1D\/2016\/05\/A.P1D.20160506T053000Z.aust.chl_oc3.nc","g":"s3:\/\/imos-data\/IMOS\/SRS\/OC\/gridded\/aqua\/P1D\/2016\/05\/A.P1D.20160507T053000Z.aust.chl_oc3.nc","h":"s3:\/\/imos-data\/IMOS\/SRS\/OC\/gridded\/aqua\/P1D\/2016\/05\/A.P1D.20160508T053000Z.aust.chl_oc3.nc","i":"s3:\/\/imos-data\/IMOS\/SRS\/OC\/gridded\/aqua\/P1D\/2016\/05\/A.P1D.20160509T053000Z.aust.chl_oc3.nc","j":"s3:\/\/imos-data\/IMOS\/SRS\/OC\/gridded\/aqua\/P1D\/2016\/05\/A.P1D.20160510T053000Z.aust.chl_oc3.nc","k":"s3:\/\/imos-data\/IMOS\/SRS\/OC\/gridded\/aqua\/P1D\/2016\/05\/A.P1D.20160511T053000Z.aust.chl_oc3.nc","l":"s3:\/\/imos-data\/IMOS\/SRS\/OC\/gridded\/aqua\/P1D\/2016\/05\/A.P1D.20160512T053000Z.aust.chl_oc3.nc","m":"s3:\/\/imos-data\/IMOS\/SRS\/OC\/gridded\/aqua\/P1D\/2016\/05\/A.P1D.20160513T053000Z.aust.chl_oc3.nc","n":"s3:\/\/imos-data\/IMOS\/SRS\/OC\/gridded\/aqua\/P1D\/2016\/05\/A.P1D.20160514T053000Z.aust.chl_oc3.nc","o":"s3:\/\/imos-data\/IMOS\/SRS\/OC\/gridded\/aqua\/P1D\/2016\/05\/A.P1D.20160515T053000Z.aust.chl_oc3.nc","p":"s3:\/\/imos-data\/IMOS\/SRS\/OC\/gridded\/aqua\/P1D\/2016\/05\/A.P1D.20160516T053000Z.aust.chl_oc3.nc","q":"s3:\/\/imos-data\/IMOS\/SRS\/OC\/gridded\/aqua\/P1D\/2016\/05\/A.P1D.20160517T053000Z.aust.chl_oc3.nc","r":"s3:\/\/imos-data\/IMOS\/SRS\/OC\/gridded\/aqua\/P1D\/2016\/05\/A.P1D.20160518T053000Z.aust.chl_oc3.nc","s":"s3:\/\/imos-data\/IMOS\/SRS\/OC\/gridded\/aqua\/P1D\/2016\/05\/A.P1D.20160519T053000Z.aust.chl_oc3.nc","t":"s3:\/\/imos-data\/IMOS\/SRS\/OC\/gridded\/aqua\/P1D\/2016\/05\/A.P1D.20160520T053000Z.aust.chl_oc3.nc","u":"s3:\/\/imos-data\/IMOS\/SRS\/OC\/gridded\/aqua\/P1D\/2016\/05\/A.P1D.20160521T053000Z.aust.chl_oc3.nc","v":"s3:\/\/imos-data\/IMOS\/SRS\/OC\/gridded\/aqua\/P1D\/2016\/05\/A.P1D.20160522T053000Z.aust.chl_oc3.nc","w":"s3:\/\/imos-data\/IMOS\/SRS\/OC\/gridded\/aqua\/P1D\/2016\/05\/A.P1D.20160523T053000Z.aust.chl_oc3.nc","x":"s3:\/\/imos-data\/IMOS\/SRS\/OC\/gridded\/aqua\/P1D\/2016\/05\/A.P1D.20160524T053000Z.aust.chl_oc3.nc","y":"s3:\/\/imos-data\/IMOS\/SRS\/OC\/gridded\/aqua\/P1D\/2016\/05\/A.P1D.20160525T053000Z.aust.chl_oc3.nc","z":"s3:\/\/imos-data\/IMOS\/SRS\/OC\/gridded\/aqua\/P1D\/2016\/05\/A.P1D.20160526T053000Z.aust.chl_oc3.nc","A":"s3:\/\/imos-data\/IMOS\/SRS\/OC\/gridded\/aqua\/P1D\/2016\/05\/A.P1D.20160527T053000Z.aust.chl_oc3.nc","B":"s3:\/\/imos-data\/IMOS\/SRS\/OC\/gridded\/aqua\/P1D\/2016\/05\/A.P1D.20160528T053000Z.aust.chl_oc3.nc","C":"s3:\/\/imos-data\/IMOS\/SRS\/OC\/gridded\/aqua\/P1D\/2016\/05\/A.P1D.20160529T053000Z.aust.chl_oc3.nc","D":"s3:\/\/imos-data\/IMOS\/SRS\/OC\/gridded\/aqua\/P1D\/2016\/05\/A.P1D.20160530T053000Z.aust.chl_oc3.nc","E":"s3:\/\/imos-data\/IMOS\/SRS\/OC\/gridded\/aqua\/P1D\/2016\/05\/A.P1D.20160531T053000Z.aust.chl_oc3.nc"},"refs":{".zgroup":"{\"zarr_format\":2}",".zattrs":"{\"Conventions\":\"CF-1.6\",\"_NCProperties\":\"version=1|netcdflibversion=4.6.1|hdf5libversion=1.10.4\",\"_nc3_strict\":1,\"history\":\"File initialised at 2020-08-06T06:45:22.273010\\nInitialised var chl_oc3 at 2020-08-06T06:45:35.183174\\nAdd Granule A20160501_0300.20190926022524.L2OC_BASE.chl_oc3.nc at 2020-08-06T06:45:36.011691\\nAdd Granule A20160501_0305.20190926031546.L2OC_BASE.chl_oc3.nc at 2020-08-06T06:45:36.230671\\nAdd Granule A20160501_0310.20190926032123.L2OC_BASE.chl_oc3.nc at 2020-08-06T06:45:36.440358\\nAdd Granule A20160501_0315.20190926020320.L2OC_BASE.chl_oc3.nc at 2020-08-06T06:45:36.637783\\nAdd Granule A20160501_0320.20190926024214.L2OC_BASE.chl_oc3.nc at 2020-08-06T06:45:36.799524\\nAdd Granule A20160501_0440.20190926025541.L2OC_BASE.chl_oc3.nc at 2020-08-06T06:45:37.015023\\nAdd Granule A20160501_0445.20190926021232.L2OC_BASE.chl_oc3.nc at 2020-08-06T06:45:37.233849\\nAdd Granule A20160501_0450.20190926022958.L2OC_BASE.chl_oc3.nc at 2020-08-06T06:45:37.408657\\nAdd Granule A20160501_0455.20190926015411.L2OC_BASE.chl_oc3.nc at 2020-08-06T06:45:37.592035\\nAdd Granule A20160501_0500.20190926014628.L2OC_BASE.chl_oc3.nc at 2020-08-06T06:45:37.714222\\nAdd Granule A20160501_0620.20190926030618.L2OC_BASE.chl_oc3.nc at 2020-08-06T06:45:37.955750\\nAdd Granule A20160501_0625.20190926024911.L2OC_BASE.chl_oc3.nc at 2020-08-06T06:45:38.156869\\nAdd Granule A20160501_0630.20190926034639.L2OC_BASE.chl_oc3.nc at 2020-08-06T06:45:38.357574\\nAdd Granule A20160501_0635.20190926030038.L2OC_BASE.chl_oc3.nc at 2020-08-06T06:45:38.526189\\nAdd Granule A20160501_0755.20190926023836.L2OC_BASE.chl_oc3.nc at 2020-08-06T06:45:38.615052\\nAdd Granule A20160501_0800.20190926031050.L2OC_BASE.chl_oc3.nc at 2020-08-06T06:45:38.848744\\nAdd Granule A20160501_0805.20190926021911.L2OC_BASE.chl_oc3.nc at 2020-08-06T06:45:39.018384\\nAdd Granule A20160501_0810.20190926035458.L2OC_BASE.chl_oc3.nc at 2020-08-06T06:45:39.197997\\nAdd Granule A20160501_0815.20190926033120.L2OC_BASE.chl_oc3.nc at 2020-08-06T06:45:39.325215\\nAdd Granule A20160501_0935.20190926034139.L2OC_BASE.chl_oc3.nc at 2020-08-06T06:45:39.468776\\nAdd Granule A20160501_0940.20190926023331.L2OC_BASE.chl_oc3.nc at 2020-08-06T06:45:39.591060\",\"source_path\":\"imos-srs\\\/archive\\\/oc\\\/aqua\\\/1d\\\/v201909\\\/2016\\\/05\\\/A20160501.L2OC_BASE.aust.chl_oc3.nc\"}","longitude\/.zarray":"{\n    \"chunks\": [\n        10001\n    ],\n    \"compressor\": null,\n    \"dtype\": \"<f8\",\n    \"fill_value\": 9.969209968386869e+36,\n    \"filters\": null,\n    \"order\": \"C\",\n    \"shape\": [\n        10001\n    ],\n    \"zarr_format\": 2\n}","longitude\/.zattrs":"{\n    \"NAME\": \"longitude\",\n    \"_ARRAY_DIMENSIONS\": [\n        \"longitude\"\n    ],\n    \"_Netcdf4Dimid\": 2,\n    \"axis\": \"X\",\n    \"long_name\": \"longitude\",\n    \"standard_name\": \"longitude\",\n    \"units\": \"degrees_east\"\n}","longitude\/0":["{{a}}",58400,80008],"latitude\/.zarray":"{\n    \"chunks\": [\n        7001\n    ],\n    \"compressor\": null,\n    \"dtype\": \"<f8\",\n    \"fill_value\": 9.969209968386869e+36,\n    \"filters\": null,\n    \"order\": \"C\",\n    \"shape\": [\n        7001\n    ],\n    \"zarr_format\": 2\n}","latitude\/.zattrs":"{\n    \"NAME\": \"latitude\",\n    \"_ARRAY_DIMENSIONS\": [\n        \"latitude\"\n    ],\n    \"_Netcdf4Dimid\": 1,\n    \"axis\": \"Y\",\n    \"long_name\": \"latitude\",\n    \"standard_name\": \"latitude\",\n    \"units\": \"degrees_north\"\n}","latitude\/0":["{{a}}",2392,56008],"chl_oc3\/.zarray":"{\"chunks\":[1,1401,2001],\"compressor\":{\"id\":\"zlib\",\"level\":4},\"dtype\":\"<f4\",\"fill_value\":-999.0,\"filters\":[{\"elementsize\":4,\"id\":\"shuffle\"}],\"order\":\"C\",\"shape\":[31,7001,10001],\"zarr_format\":2}","chl_oc3\/.zattrs":"{\"_ARRAY_DIMENSIONS\":[\"time\",\"latitude\",\"longitude\"],\"flag_applied\":\"HISATZEN LAND CLDICE NAVFAIL\",\"long_name\":\"Chlorophyll Concentration, OC3 Algorithm\",\"units\":\"mg\\\/m^3\"}","time\/.zarray":"{\"chunks\":[31],\"compressor\":{\"blocksize\":0,\"clevel\":5,\"cname\":\"lz4\",\"id\":\"blosc\",\"shuffle\":1},\"dtype\":\"<M8[us]\",\"fill_value\":0,\"filters\":null,\"order\":\"C\",\"shape\":[31],\"zarr_format\":2}","time\/0":"base64:AgExCPgAAAD4AAAAtAAAABQAAACcAAAAHwABAAv7AcYmhuZGpgZmxiaG5kamBmYQAPNXy6N6USkA2K+GXjUM5LuTakEZ8Mefdk4l\/NSrgloxCSpIZoSiwN37GTdVc5CuzOoIJkNhf5272fYUMlBujKrB1en9ESU5TWJ2ip6yxtruAxcrP1Nne4+juMzg9AgcMTExMTIyMjIyBQAYMwEAfzQ0BQUFBQUFAAcP2AAHUAAAAAAA","time\/.zattrs":"{\"NAME\":\"time\",\"_ARRAY_DIMENSIONS\":[\"time\"],\"_Netcdf4Dimid\":0,\"axis\":\"T\",\"long_name\":\"time\",\"standard_name\":\"time\"}","chl_oc3\/0.0.0":["{{a}}",151221,1518877],"chl_oc3\/0.0.1":["{{a}}",1670098,870384],"chl_oc3\/0.0.2":["{{a}}",2540482,2983008],"chl_oc3\/0.0.3":["{{a}}",5523490,1138474],"chl_oc3\/0.0.4":["{{a}}",6661964,218318],"chl_oc3\/0.1.0":["{{a}}",6880282,2692741],"chl_oc3\/0.1.1":["{{a}}",9573023,1875377],"chl_oc3\/0.1.2":["{{a}}",11448400,2503895],"chl_oc3\/0.1.3":["{{a}}",13952295,2900045],"chl_oc3\/0.1.4":["{{a}}",16852340,1386485],"chl_oc3\/0.2.0":["{{a}}",18238825,1615389],"chl_oc3\/0.2.1":["{{a}}",19854214,2985645],"chl_oc3\/0.2.2":["{{a}}",22839859,36461],"chl_oc3\/0.2.3":["{{a}}",22876320,2101807],"chl_oc3\/0.2.4":["{{a}}",24978127,2774984],"chl_oc3\/0.3.0":["{{a}}",27753111,814247],"chl_oc3\/0.3.1":["{{a}}",28567358,1900477],"chl_oc3\/0.3.2":["{{a}}",30467835,2101981],"chl_oc3\/0.3.3":["{{a}}",32569816,832295],"chl_oc3\/0.3.4":["{{a}}",33402111,2429925],"chl_oc3\/0.4.0":["{{a}}",35832036,656456],"chl_oc3\/0.4.1":["{{a}}",36488492,122395],"chl_oc3\/0.4.2":["{{a}}",36610887,594259],"chl_oc3\/0.4.3":["{{a}}",37205146,843178],"chl_oc3\/0.4.4":["{{a}}",38048324,87727],"chl_oc3\/1.0.0":["{{b}}",151221,2320300],"chl_oc3\/1.0.1":["{{b}}",2471521,1120201],"chl_oc3\/1.0.2":["{{b}}",3591722,1656454],"chl_oc3\/1.0.3":["{{b}}",5248176,1919297],"chl_oc3\/1.0.4":["{{b}}",7167473,1449084],"chl_oc3\/1.1.0":["{{b}}",8616557,1309043],"chl_oc3\/1.1.1":["{{b}}",9925600,2149024],"chl_oc3\/1.1.2":["{{b}}",12074624,1933243],"chl_oc3\/1.1.3":["{{b}}",14007867,2414907],"chl_oc3\/1.1.4":["{{b}}",16422774,4617517],"chl_oc3\/1.2.0":["{{b}}",21040291,1494404],"chl_oc3\/1.2.1":["{{b}}",22534695,1250102],"chl_oc3\/1.2.2":["{{b}}",23784797,123723],"chl_oc3\/1.2.3":["{{b}}",23908520,1318655],"chl_oc3\/1.2.4":["{{b}}",25227175,3863657],"chl_oc3\/1.3.0":["{{b}}",29090832,845475],"chl_oc3\/1.3.1":["{{b}}",29936307,805511],"chl_oc3\/1.3.2":["{{b}}",30741818,1436004],"chl_oc3\/1.3.3":["{{b}}",32177822,2719250],"chl_oc3\/1.3.4":["{{b}}",34897072,1369658],"chl_oc3\/1.4.0":["{{b}}",36266730,403397],"chl_oc3\/1.4.1":["{{b}}",36670127,463348],"chl_oc3\/1.4.2":["{{b}}",37133475,1491330],"chl_oc3\/1.4.3":["{{b}}",38624805,420351],"chl_oc3\/1.4.4":["{{b}}",39045156,31786],"chl_oc3\/2.0.0":["{{c}}",151221,1737301],"chl_oc3\/2.0.1":["{{c}}",1888522,1556900],"chl_oc3\/2.0.2":["{{c}}",3445422,3118564],"chl_oc3\/2.0.3":["{{c}}",6563986,1311272],"chl_oc3\/2.0.4":["{{c}}",7875258,302395],"chl_oc3\/2.1.0":["{{c}}",8177653,1982701],"chl_oc3\/2.1.1":["{{c}}",10160354,2513243],"chl_oc3\/2.1.2":["{{c}}",12673597,1797530],"chl_oc3\/2.1.3":["{{c}}",14471127,3060158],"chl_oc3\/2.1.4":["{{c}}",17531285,2370947],"chl_oc3\/2.2.0":["{{c}}",19902232,3425519],"chl_oc3\/2.2.1":["{{c}}",23327751,1843793],"chl_oc3\/2.2.2":["{{c}}",25171544,67549],"chl_oc3\/2.2.3":["{{c}}",25239093,1536047],"chl_oc3\/2.2.4":["{{c}}",26775140,1853892],"chl_oc3\/2.3.0":["{{c}}",28629032,1724316],"chl_oc3\/2.3.1":["{{c}}",30353348,883796],"chl_oc3\/2.3.2":["{{c}}",31237144,1003990],"chl_oc3\/2.3.3":["{{c}}",32241134,2399812],"chl_oc3\/2.3.4":["{{c}}",34640946,2667509],"chl_oc3\/2.4.0":["{{c}}",37308455,824680],"chl_oc3\/2.4.1":["{{c}}",38133135,730100],"chl_oc3\/2.4.2":["{{c}}",38863235,1197882],"chl_oc3\/2.4.3":["{{c}}",40061117,1728609],"chl_oc3\/2.4.4":["{{c}}",41789726,1273948],"chl_oc3\/3.0.0":["{{d}}",151221,1094401],"chl_oc3\/3.0.1":["{{d}}",1245622,1352752],"chl_oc3\/3.0.2":["{{d}}",2598374,3210654],"chl_oc3\/3.0.3":["{{d}}",5809028,2415395],"chl_oc3\/3.0.4":["{{d}}",8224423,2401956],"chl_oc3\/3.1.0":["{{d}}",10626379,1025598],"chl_oc3\/3.1.1":["{{d}}",11651977,2231507],"chl_oc3\/3.1.2":["{{d}}",13883484,1725751],"chl_oc3\/3.1.3":["{{d}}",15609235,3158397],"chl_oc3\/3.1.4":["{{d}}",18767632,852064],"chl_oc3\/3.2.0":["{{d}}",19619696,3124869],"chl_oc3\/3.2.1":["{{d}}",22744565,1014826],"chl_oc3\/3.2.2":["{{d}}",23759391,125770],"chl_oc3\/3.2.3":["{{d}}",23885161,1351160],"chl_oc3\/3.2.4":["{{d}}",25236321,134293],"chl_oc3\/3.3.0":["{{d}}",25370614,1101208],"chl_oc3\/3.3.1":["{{d}}",26471822,1573926],"chl_oc3\/3.3.2":["{{d}}",28045748,1665138],"chl_oc3\/3.3.3":["{{d}}",29710886,3016735],"chl_oc3\/3.3.4":["{{d}}",32727621,1317732],"chl_oc3\/3.4.0":["{{d}}",34045353,565524],"chl_oc3\/3.4.1":["{{d}}",34610877,1001879],"chl_oc3\/3.4.2":["{{d}}",35612756,1298974],"chl_oc3\/3.4.3":["{{d}}",36911730,2696245],"chl_oc3\/3.4.4":["{{d}}",39607975,901686],"chl_oc3\/4.0.0":["{{e}}",151221,692830],"chl_oc3\/4.0.1":["{{e}}",844051,1200286],"chl_oc3\/4.0.2":["{{e}}",2044337,1997523],"chl_oc3\/4.0.3":["{{e}}",4041860,2159961],"chl_oc3\/4.0.4":["{{e}}",6201821,2046701],"chl_oc3\/4.1.0":["{{e}}",8248522,3068734],"chl_oc3\/4.1.1":["{{e}}",11317256,1664400],"chl_oc3\/4.1.2":["{{e}}",12981656,2445764],"chl_oc3\/4.1.3":["{{e}}",15427420,1732262],"chl_oc3\/4.1.4":["{{e}}",17159682,2470707],"chl_oc3\/4.2.0":["{{e}}",19630389,4382550],"chl_oc3\/4.2.1":["{{e}}",24012939,802815],"chl_oc3\/4.2.2":["{{e}}",24815754,25806],"chl_oc3\/4.2.3":["{{e}}",24841560,1080371],"chl_oc3\/4.2.4":["{{e}}",25921931,2226924],"chl_oc3\/4.3.0":["{{e}}",28148855,1682732],"chl_oc3\/4.3.1":["{{e}}",29831587,683937],"chl_oc3\/4.3.2":["{{e}}",30515524,1852490],"chl_oc3\/4.3.3":["{{e}}",32368014,2159917],"chl_oc3\/4.3.4":["{{e}}",34527931,3537618],"chl_oc3\/4.4.0":["{{e}}",38065549,131040],"chl_oc3\/4.4.1":["{{e}}",38196589,341151],"chl_oc3\/4.4.2":["{{e}}",38537740,2107259],"chl_oc3\/4.4.3":["{{e}}",40644999,1223133],"chl_oc3\/4.4.4":["{{e}}",41868132,1018269],"chl_oc3\/5.0.0":["{{f}}",151221,694268],"chl_oc3\/5.0.1":["{{f}}",845489,1067130],"chl_oc3\/5.0.2":["{{f}}",1912619,2037045],"chl_oc3\/5.0.3":["{{f}}",3949664,3001780],"chl_oc3\/5.0.4":["{{f}}",6951444,10921],"chl_oc3\/5.1.0":["{{f}}",6962365,1591330],"chl_oc3\/5.1.1":["{{f}}",8553695,1533224],"chl_oc3\/5.1.2":["{{f}}",10086919,1783102],"chl_oc3\/5.1.3":["{{f}}",11870021,3851066],"chl_oc3\/5.1.4":["{{f}}",15721087,251373],"chl_oc3\/5.2.0":["{{f}}",15972460,3527507],"chl_oc3\/5.2.1":["{{f}}",19499967,2279322],"chl_oc3\/5.2.2":["{{f}}",21779289,14891],"chl_oc3\/5.2.3":["{{f}}",21794180,2079075],"chl_oc3\/5.2.4":["{{f}}",23873255,1105270],"chl_oc3\/5.3.0":["{{f}}",24978525,249052],"chl_oc3\/5.3.1":["{{f}}",25227577,1503268],"chl_oc3\/5.3.2":["{{f}}",26730845,1535841],"chl_oc3\/5.3.3":["{{f}}",28266686,3100376],"chl_oc3\/5.3.4":["{{f}}",31367062,1838247],"chl_oc3\/5.4.0":["{{f}}",33205309,47490],"chl_oc3\/5.4.1":["{{f}}",33252799,1096965],"chl_oc3\/5.4.2":["{{f}}",34349764,1640154],"chl_oc3\/5.4.3":["{{f}}",35989918,1488765],"chl_oc3\/5.4.4":["{{f}}",37478683,517583],"chl_oc3\/6.0.0":["{{g}}",151221,517404],"chl_oc3\/6.0.1":["{{g}}",668625,2440108],"chl_oc3\/6.0.2":["{{g}}",3108733,1456670],"chl_oc3\/6.0.3":["{{g}}",4565403,2126132],"chl_oc3\/6.0.4":["{{g}}",6691535,1192556],"chl_oc3\/6.1.0":["{{g}}",7884091,1541991],"chl_oc3\/6.1.1":["{{g}}",9426082,2183376],"chl_oc3\/6.1.2":["{{g}}",11609458,2146642],"chl_oc3\/6.1.3":["{{g}}",13756100,2285309],"chl_oc3\/6.1.4":["{{g}}",16041409,4293799],"chl_oc3\/6.2.0":["{{g}}",20335208,3389180],"chl_oc3\/6.2.1":["{{g}}",23724388,1080652],"chl_oc3\/6.2.2":["{{g}}",24805040,16092],"chl_oc3\/6.2.3":["{{g}}",24821132,952048],"chl_oc3\/6.2.4":["{{g}}",25773180,2572288],"chl_oc3\/6.3.0":["{{g}}",28345468,1594564],"chl_oc3\/6.3.1":["{{g}}",29940032,1154023],"chl_oc3\/6.3.2":["{{g}}",31094055,1018592],"chl_oc3\/6.3.3":["{{g}}",32112647,2331185],"chl_oc3\/6.3.4":["{{g}}",34443832,2988021],"chl_oc3\/6.4.0":["{{g}}",37431853,747756],"chl_oc3\/6.4.1":["{{g}}",38179609,150686],"chl_oc3\/6.4.2":["{{g}}",38330295,2672709],"chl_oc3\/6.4.3":["{{g}}",41003004,1531611],"chl_oc3\/6.4.4":["{{g}}",42534615,143712],"chl_oc3\/7.0.0":["{{h}}",151221,1251010],"chl_oc3\/7.0.1":["{{h}}",1402231,1664787],"chl_oc3\/7.0.2":["{{h}}",3067018,2146578],"chl_oc3\/7.0.3":["{{h}}",5213596,2160024],"chl_oc3\/7.0.4":["{{h}}",7373620,164338],"chl_oc3\/7.1.0":["{{h}}",7537958,1172831],"chl_oc3\/7.1.1":["{{h}}",8710789,1352244],"chl_oc3\/7.1.2":["{{h}}",10063033,2760972],"chl_oc3\/7.1.3":["{{h}}",12824005,3933141],"chl_oc3\/7.1.4":["{{h}}",16757146,819413],"chl_oc3\/7.2.0":["{{h}}",17576559,3086927],"chl_oc3\/7.2.1":["{{h}}",20663486,1670382],"chl_oc3\/7.2.2":["{{h}}",22333868,24090],"chl_oc3\/7.2.3":["{{h}}",22357958,2901759],"chl_oc3\/7.2.4":["{{h}}",25259717,1985712],"chl_oc3\/7.3.0":["{{h}}",27245429,4323619],"chl_oc3\/7.3.1":["{{h}}",31569048,1825960],"chl_oc3\/7.3.2":["{{h}}",33395008,718582],"chl_oc3\/7.3.3":["{{h}}",34113590,532394],"chl_oc3\/7.3.4":["{{h}}",34645984,2284771],"chl_oc3\/7.4.0":["{{h}}",36930755,673243],"chl_oc3\/7.4.1":["{{h}}",37603998,128391],"chl_oc3\/7.4.2":["{{h}}",37732389,695754],"chl_oc3\/7.4.3":["{{h}}",38428143,1810327],"chl_oc3\/7.4.4":["{{h}}",40238470,427948],"chl_oc3\/8.0.0":["{{i}}",151221,1660661],"chl_oc3\/8.0.1":["{{i}}",1811882,258063],"chl_oc3\/8.0.2":["{{i}}",2069945,1212071],"chl_oc3\/8.0.3":["{{i}}",3282016,2215746],"chl_oc3\/8.0.4":["{{i}}",5497762,1111940],"chl_oc3\/8.1.0":["{{i}}",6609702,3066904],"chl_oc3\/8.1.1":["{{i}}",9676606,1077918],"chl_oc3\/8.1.2":["{{i}}",10754524,1797202],"chl_oc3\/8.1.3":["{{i}}",12551726,2985906],"chl_oc3\/8.1.4":["{{i}}",15537632,1398223],"chl_oc3\/8.2.0":["{{i}}",16935855,2620117],"chl_oc3\/8.2.1":["{{i}}",19555972,1408806],"chl_oc3\/8.2.2":["{{i}}",20964778,57686],"chl_oc3\/8.2.3":["{{i}}",21022464,1413274],"chl_oc3\/8.2.4":["{{i}}",22435738,3511241],"chl_oc3\/8.3.0":["{{i}}",25946979,1064692],"chl_oc3\/8.3.1":["{{i}}",27011671,1805010],"chl_oc3\/8.3.2":["{{i}}",28816681,1013739],"chl_oc3\/8.3.3":["{{i}}",29830420,103971],"chl_oc3\/8.3.4":["{{i}}",29934391,931646],"chl_oc3\/8.4.0":["{{i}}",30866037,1358445],"chl_oc3\/8.4.1":["{{i}}",32224482,984969],"chl_oc3\/8.4.2":["{{i}}",33209451,428490],"chl_oc3\/8.4.3":["{{i}}",33637941,723167],"chl_oc3\/8.4.4":["{{i}}",34361108,736730],"chl_oc3\/9.0.0":["{{j}}",151221,808007],"chl_oc3\/9.0.1":["{{j}}",959228,2657592],"chl_oc3\/9.0.2":["{{j}}",3616820,1834857],"chl_oc3\/9.0.3":["{{j}}",5451677,908522],"chl_oc3\/9.0.4":["{{j}}",6360199,689137],"chl_oc3\/9.1.0":["{{j}}",7049336,2058212],"chl_oc3\/9.1.1":["{{j}}",9107548,3426113],"chl_oc3\/9.1.2":["{{j}}",12533661,2116299],"chl_oc3\/9.1.3":["{{j}}",14649960,2552906],"chl_oc3\/9.1.4":["{{j}}",17202866,925238],"chl_oc3\/9.2.0":["{{j}}",18128104,4198845],"chl_oc3\/9.2.1":["{{j}}",22326949,3686021],"chl_oc3\/9.2.2":["{{j}}",26012970,11140],"chl_oc3\/9.2.3":["{{j}}",26024110,1149698],"chl_oc3\/9.2.4":["{{j}}",27173808,2317837],"chl_oc3\/9.3.0":["{{j}}",29491645,1405948],"chl_oc3\/9.3.1":["{{j}}",30897593,913886],"chl_oc3\/9.3.2":["{{j}}",31811479,502874],"chl_oc3\/9.3.3":["{{j}}",32314353,1462338],"chl_oc3\/9.3.4":["{{j}}",33776691,439532],"chl_oc3\/9.4.0":["{{j}}",34216223,2282128],"chl_oc3\/9.4.1":["{{j}}",36498351,1238807],"chl_oc3\/9.4.2":["{{j}}",37737158,236980],"chl_oc3\/9.4.3":["{{j}}",37974138,329400],"chl_oc3\/9.4.4":["{{j}}",38303538,320774],"chl_oc3\/10.0.0":["{{k}}",151221,550558],"chl_oc3\/10.0.1":["{{k}}",701779,1289213],"chl_oc3\/10.0.2":["{{k}}",1990992,1866640],"chl_oc3\/10.0.3":["{{k}}",3857632,910607],"chl_oc3\/10.0.4":["{{k}}",4768239,2280171],"chl_oc3\/10.1.0":["{{k}}",7048410,2061292],"chl_oc3\/10.1.1":["{{k}}",9109702,1666181],"chl_oc3\/10.1.2":["{{k}}",10775883,1943885],"chl_oc3\/10.1.3":["{{k}}",12719768,2498866],"chl_oc3\/10.1.4":["{{k}}",15218634,1706919],"chl_oc3\/10.2.0":["{{k}}",16925553,4036716],"chl_oc3\/10.2.1":["{{k}}",20962269,3981858],"chl_oc3\/10.2.2":["{{k}}",24944127,79671],"chl_oc3\/10.2.3":["{{k}}",25023798,391692],"chl_oc3\/10.2.4":["{{k}}",25415490,2742589],"chl_oc3\/10.3.0":["{{k}}",28158079,2207776],"chl_oc3\/10.3.1":["{{k}}",30365855,2138203],"chl_oc3\/10.3.2":["{{k}}",32504058,1090310],"chl_oc3\/10.3.3":["{{k}}",33594368,1665169],"chl_oc3\/10.3.4":["{{k}}",35259537,447934],"chl_oc3\/10.4.0":["{{k}}",35707471,612753],"chl_oc3\/10.4.1":["{{k}}",36320224,544185],"chl_oc3\/10.4.2":["{{k}}",36864409,400323],"chl_oc3\/10.4.3":["{{k}}",37264732,188071],"chl_oc3\/10.4.4":["{{k}}",37452803,408570],"chl_oc3\/11.0.0":["{{l}}",151221,141959],"chl_oc3\/11.0.1":["{{l}}",293180,948694],"chl_oc3\/11.0.2":["{{l}}",1241874,3155528],"chl_oc3\/11.0.3":["{{l}}",4397402,831479],"chl_oc3\/11.0.4":["{{l}}",5228881,410075],"chl_oc3\/11.1.0":["{{l}}",5638956,2593968],"chl_oc3\/11.1.1":["{{l}}",8232924,1454139],"chl_oc3\/11.1.2":["{{l}}",9687063,1784322],"chl_oc3\/11.1.3":["{{l}}",11471385,1393067],"chl_oc3\/11.1.4":["{{l}}",12864452,930586],"chl_oc3\/11.2.0":["{{l}}",13795038,4440434],"chl_oc3\/11.2.1":["{{l}}",18235472,3168052],"chl_oc3\/11.2.2":["{{l}}",21403524,53557],"chl_oc3\/11.2.3":["{{l}}",21457081,1142668],"chl_oc3\/11.2.4":["{{l}}",22599749,2329743],"chl_oc3\/11.3.0":["{{l}}",24929492,2150343],"chl_oc3\/11.3.1":["{{l}}",27079835,1865425],"chl_oc3\/11.3.2":["{{l}}",28945260,1892326],"chl_oc3\/11.3.3":["{{l}}",30837586,671842],"chl_oc3\/11.3.4":["{{l}}",31509428,3066209],"chl_oc3\/11.4.0":["{{l}}",34575637,765811],"chl_oc3\/11.4.1":["{{l}}",35341448,834657],"chl_oc3\/11.4.2":["{{l}}",36176105,535025],"chl_oc3\/11.4.3":["{{l}}",36711130,353531],"chl_oc3\/11.4.4":["{{l}}",37064661,1408966],"chl_oc3\/12.0.0":["{{m}}",151221,547130],"chl_oc3\/12.0.1":["{{m}}",698351,577160],"chl_oc3\/12.0.2":["{{m}}",1275511,1203535],"chl_oc3\/12.0.3":["{{m}}",2479046,3316310],"chl_oc3\/12.0.4":["{{m}}",5795356,1351260],"chl_oc3\/12.1.0":["{{m}}",7146616,766302],"chl_oc3\/12.1.1":["{{m}}",7912918,1786753],"chl_oc3\/12.1.2":["{{m}}",9699671,2299020],"chl_oc3\/12.1.3":["{{m}}",11998691,2231517],"chl_oc3\/12.1.4":["{{m}}",14230208,10921],"chl_oc3\/12.2.0":["{{m}}",14241129,4022067],"chl_oc3\/12.2.1":["{{m}}",18263196,3649048],"chl_oc3\/12.2.2":["{{m}}",21912244,101398],"chl_oc3\/12.2.3":["{{m}}",22013642,2590625],"chl_oc3\/12.2.4":["{{m}}",24604267,870801],"chl_oc3\/12.3.0":["{{m}}",25475068,2490635],"chl_oc3\/12.3.1":["{{m}}",27965703,2736879],"chl_oc3\/12.3.2":["{{m}}",30702582,3832415],"chl_oc3\/12.3.3":["{{m}}",34534997,2081158],"chl_oc3\/12.3.4":["{{m}}",36616155,1498589],"chl_oc3\/12.4.0":["{{m}}",38114744,1288954],"chl_oc3\/12.4.1":["{{m}}",39403698,1411294],"chl_oc3\/12.4.2":["{{m}}",40814992,1041509],"chl_oc3\/12.4.3":["{{m}}",41856501,252256],"chl_oc3\/12.4.4":["{{m}}",42108757,672118],"chl_oc3\/13.0.0":["{{n}}",151221,408287],"chl_oc3\/13.0.1":["{{n}}",559508,1157448],"chl_oc3\/13.0.2":["{{n}}",1716956,1619180],"chl_oc3\/13.0.3":["{{n}}",3336136,1291744],"chl_oc3\/13.0.4":["{{n}}",4627880,2063174],"chl_oc3\/13.1.0":["{{n}}",6691054,361881],"chl_oc3\/13.1.1":["{{n}}",7052935,2428881],"chl_oc3\/13.1.2":["{{n}}",9481816,2756931],"chl_oc3\/13.1.3":["{{n}}",12238747,1269548],"chl_oc3\/13.1.4":["{{n}}",13508295,2726599],"chl_oc3\/13.2.0":["{{n}}",16234894,4598827],"chl_oc3\/13.2.1":["{{n}}",20833721,2776222],"chl_oc3\/13.2.2":["{{n}}",23609943,81300],"chl_oc3\/13.2.3":["{{n}}",23691243,747021],"chl_oc3\/13.2.4":["{{n}}",24438264,3378851],"chl_oc3\/13.3.0":["{{n}}",27817115,1026578],"chl_oc3\/13.3.1":["{{n}}",28843693,2532947],"chl_oc3\/13.3.2":["{{n}}",31376640,3451490],"chl_oc3\/13.3.3":["{{n}}",34828130,2035144],"chl_oc3\/13.3.4":["{{n}}",36863274,3889960],"chl_oc3\/13.4.0":["{{n}}",40753234,430296],"chl_oc3\/13.4.1":["{{n}}",41183530,1347616],"chl_oc3\/13.4.2":["{{n}}",42531146,2123066],"chl_oc3\/13.4.3":["{{n}}",44654212,1149243],"chl_oc3\/13.4.4":["{{n}}",45803455,238241],"chl_oc3\/14.0.0":["{{o}}",151221,349346],"chl_oc3\/14.0.1":["{{o}}",500567,1520556],"chl_oc3\/14.0.2":["{{o}}",2021123,1971558],"chl_oc3\/14.0.3":["{{o}}",3992681,752348],"chl_oc3\/14.0.4":["{{o}}",4745029,13626],"chl_oc3\/14.1.0":["{{o}}",4758655,534296],"chl_oc3\/14.1.1":["{{o}}",5292951,2824021],"chl_oc3\/14.1.2":["{{o}}",8116972,3617319],"chl_oc3\/14.1.3":["{{o}}",11734291,1920296],"chl_oc3\/14.1.4":["{{o}}",13654587,317860],"chl_oc3\/14.2.0":["{{o}}",13972447,3405076],"chl_oc3\/14.2.1":["{{o}}",17377523,3926839],"chl_oc3\/14.2.2":["{{o}}",21304362,76735],"chl_oc3\/14.2.3":["{{o}}",21381097,2944263],"chl_oc3\/14.2.4":["{{o}}",24325360,1756445],"chl_oc3\/14.3.0":["{{o}}",26081805,1836247],"chl_oc3\/14.3.1":["{{o}}",27918052,1635206],"chl_oc3\/14.3.2":["{{o}}",29553258,3527515],"chl_oc3\/14.3.3":["{{o}}",33080773,3041468],"chl_oc3\/14.3.4":["{{o}}",36122241,2311305],"chl_oc3\/14.4.0":["{{o}}",38433546,596865],"chl_oc3\/14.4.1":["{{o}}",39030411,492596],"chl_oc3\/14.4.2":["{{o}}",39523007,1301495],"chl_oc3\/14.4.3":["{{o}}",40824502,790433],"chl_oc3\/14.4.4":["{{o}}",41614935,289103],"chl_oc3\/15.0.0":["{{p}}",151221,736424],"chl_oc3\/15.0.1":["{{p}}",887645,584947],"chl_oc3\/15.0.2":["{{p}}",1472592,599569],"chl_oc3\/15.0.3":["{{p}}",2072161,1311943],"chl_oc3\/15.0.4":["{{p}}",3384104,3428191],"chl_oc3\/15.1.0":["{{p}}",6812295,578222],"chl_oc3\/15.1.1":["{{p}}",7390517,3167273],"chl_oc3\/15.1.2":["{{p}}",10557790,2879970],"chl_oc3\/15.1.3":["{{p}}",13437760,1096941],"chl_oc3\/15.1.4":["{{p}}",14534701,2583452],"chl_oc3\/15.2.0":["{{p}}",17118153,2470870],"chl_oc3\/15.2.1":["{{p}}",19589023,2329269],"chl_oc3\/15.2.2":["{{p}}",21918292,138330],"chl_oc3\/15.2.3":["{{p}}",22056622,1459366],"chl_oc3\/15.2.4":["{{p}}",23515988,6209825],"chl_oc3\/15.3.0":["{{p}}",29725813,2802314],"chl_oc3\/15.3.1":["{{p}}",32528127,2025560],"chl_oc3\/15.3.2":["{{p}}",34553687,2533854],"chl_oc3\/15.3.3":["{{p}}",37087541,3298878],"chl_oc3\/15.3.4":["{{p}}",40386419,1932960],"chl_oc3\/15.4.0":["{{p}}",42319379,196772],"chl_oc3\/15.4.1":["{{p}}",42516151,542215],"chl_oc3\/15.4.2":["{{p}}",43058366,750629],"chl_oc3\/15.4.3":["{{p}}",43808995,1146467],"chl_oc3\/15.4.4":["{{p}}",44955462,339734],"chl_oc3\/16.0.0":["{{q}}",151221,1112111],"chl_oc3\/16.0.1":["{{q}}",1263332,1227674],"chl_oc3\/16.0.2":["{{q}}",2491006,1597496],"chl_oc3\/16.0.3":["{{q}}",4088502,1360375],"chl_oc3\/16.0.4":["{{q}}",5448877,119475],"chl_oc3\/16.1.0":["{{q}}",5568352,1435748],"chl_oc3\/16.1.1":["{{q}}",7004100,3394885],"chl_oc3\/16.1.2":["{{q}}",10398985,2847711],"chl_oc3\/16.1.3":["{{q}}",13246696,1358761],"chl_oc3\/16.1.4":["{{q}}",14605457,701666],"chl_oc3\/16.2.0":["{{q}}",15307123,2759968],"chl_oc3\/16.2.1":["{{q}}",18067091,2287249],"chl_oc3\/16.2.2":["{{q}}",20354340,20679],"chl_oc3\/16.2.3":["{{q}}",20375019,2422253],"chl_oc3\/16.2.4":["{{q}}",22797272,2983683],"chl_oc3\/16.3.0":["{{q}}",25780955,2718484],"chl_oc3\/16.3.1":["{{q}}",28499439,2969460],"chl_oc3\/16.3.2":["{{q}}",31468899,1562123],"chl_oc3\/16.3.3":["{{q}}",33031022,1776200],"chl_oc3\/16.3.4":["{{q}}",34807222,1234452],"chl_oc3\/16.4.0":["{{q}}",36041674,984496],"chl_oc3\/16.4.1":["{{q}}",37026170,401086],"chl_oc3\/16.4.2":["{{q}}",37427256,532033],"chl_oc3\/16.4.3":["{{q}}",37959289,475146],"chl_oc3\/16.4.4":["{{q}}",38434435,1109296],"chl_oc3\/17.0.0":["{{r}}",151221,1756870],"chl_oc3\/17.0.1":["{{r}}",1908091,1696421],"chl_oc3\/17.0.2":["{{r}}",3604512,908946],"chl_oc3\/17.0.3":["{{r}}",4513458,824470],"chl_oc3\/17.0.4":["{{r}}",5337928,3328898],"chl_oc3\/17.1.0":["{{r}}",8666826,2734397],"chl_oc3\/17.1.1":["{{r}}",11401223,3850467],"chl_oc3\/17.1.2":["{{r}}",15251690,2825922],"chl_oc3\/17.1.3":["{{r}}",18077612,1064385],"chl_oc3\/17.1.4":["{{r}}",19141997,3325056],"chl_oc3\/17.2.0":["{{r}}",22467053,1961910],"chl_oc3\/17.2.1":["{{r}}",24428963,926951],"chl_oc3\/17.2.2":["{{r}}",25355914,148844],"chl_oc3\/17.2.3":["{{r}}",25504758,1473444],"chl_oc3\/17.2.4":["{{r}}",26978202,5047525],"chl_oc3\/17.3.0":["{{r}}",32025727,2723210],"chl_oc3\/17.3.1":["{{r}}",34748937,1067512],"chl_oc3\/17.3.2":["{{r}}",35816449,2198375],"chl_oc3\/17.3.3":["{{r}}",38014824,1441437],"chl_oc3\/17.3.4":["{{r}}",39456261,523537],"chl_oc3\/17.4.0":["{{r}}",39979798,511022],"chl_oc3\/17.4.1":["{{r}}",40490820,889801],"chl_oc3\/17.4.2":["{{r}}",41380621,847655],"chl_oc3\/17.4.3":["{{r}}",42228276,397096],"chl_oc3\/17.4.4":["{{r}}",42625372,104702],"chl_oc3\/18.0.0":["{{s}}",151221,2555071],"chl_oc3\/18.0.1":["{{s}}",2706292,1272283],"chl_oc3\/18.0.2":["{{s}}",3978575,1634331],"chl_oc3\/18.0.3":["{{s}}",5612906,1865425],"chl_oc3\/18.0.4":["{{s}}",7478331,1349791],"chl_oc3\/18.1.0":["{{s}}",8828122,3210161],"chl_oc3\/18.1.1":["{{s}}",12038283,4856651],"chl_oc3\/18.1.2":["{{s}}",16894934,2180941],"chl_oc3\/18.1.3":["{{s}}",19075875,1246982],"chl_oc3\/18.1.4":["{{s}}",20322857,1441849],"chl_oc3\/18.2.0":["{{s}}",21764706,3257030],"chl_oc3\/18.2.1":["{{s}}",25021736,2949893],"chl_oc3\/18.2.2":["{{s}}",27971629,49311],"chl_oc3\/18.2.3":["{{s}}",28020940,1230384],"chl_oc3\/18.2.4":["{{s}}",29251324,2469817],"chl_oc3\/18.3.0":["{{s}}",31721141,1085059],"chl_oc3\/18.3.1":["{{s}}",32806200,1191225],"chl_oc3\/18.3.2":["{{s}}",33997425,1352352],"chl_oc3\/18.3.3":["{{s}}",35349777,1508007],"chl_oc3\/18.3.4":["{{s}}",36857784,2024547],"chl_oc3\/18.4.0":["{{s}}",38882331,448346],"chl_oc3\/18.4.1":["{{s}}",39330677,348439],"chl_oc3\/18.4.2":["{{s}}",39679116,838953],"chl_oc3\/18.4.3":["{{s}}",40518069,949272],"chl_oc3\/18.4.4":["{{s}}",41467341,401039],"chl_oc3\/19.0.0":["{{t}}",151221,1119550],"chl_oc3\/19.0.1":["{{t}}",1270771,1221981],"chl_oc3\/19.0.2":["{{t}}",2492752,1456381],"chl_oc3\/19.0.3":["{{t}}",3949133,2859406],"chl_oc3\/19.0.4":["{{t}}",6808539,2106206],"chl_oc3\/19.1.0":["{{t}}",8914745,3815176],"chl_oc3\/19.1.1":["{{t}}",12729921,3590567],"chl_oc3\/19.1.2":["{{t}}",16320488,2795335],"chl_oc3\/19.1.3":["{{t}}",19115823,1251471],"chl_oc3\/19.1.4":["{{t}}",20367294,2338230],"chl_oc3\/19.2.0":["{{t}}",22705524,1377948],"chl_oc3\/19.2.1":["{{t}}",24083472,3749468],"chl_oc3\/19.2.2":["{{t}}",27832940,125813],"chl_oc3\/19.2.3":["{{t}}",27958753,2238676],"chl_oc3\/19.2.4":["{{t}}",30197429,1940228],"chl_oc3\/19.3.0":["{{t}}",32137657,1080883],"chl_oc3\/19.3.1":["{{t}}",33218540,411653],"chl_oc3\/19.3.2":["{{t}}",33630193,1190346],"chl_oc3\/19.3.3":["{{t}}",34820539,1627646],"chl_oc3\/19.3.4":["{{t}}",36448185,410078],"chl_oc3\/19.4.0":["{{t}}",36858263,414533],"chl_oc3\/19.4.1":["{{t}}",37272796,229898],"chl_oc3\/19.4.2":["{{t}}",37502694,179346],"chl_oc3\/19.4.3":["{{t}}",37682040,285101],"chl_oc3\/19.4.4":["{{t}}",37967141,566149],"chl_oc3\/20.0.0":["{{u}}",151221,1652322],"chl_oc3\/20.0.1":["{{u}}",1803543,1503491],"chl_oc3\/20.0.2":["{{u}}",3307034,2041679],"chl_oc3\/20.0.3":["{{u}}",5348713,3221367],"chl_oc3\/20.0.4":["{{u}}",8570080,2722179],"chl_oc3\/20.1.0":["{{u}}",11292259,4221363],"chl_oc3\/20.1.1":["{{u}}",15513622,4445601],"chl_oc3\/20.1.2":["{{u}}",19959223,2225873],"chl_oc3\/20.1.3":["{{u}}",22185096,497120],"chl_oc3\/20.1.4":["{{u}}",22682216,1312739],"chl_oc3\/20.2.0":["{{u}}",23994955,774546],"chl_oc3\/20.2.1":["{{u}}",24769501,1673983],"chl_oc3\/20.2.2":["{{u}}",26443484,90483],"chl_oc3\/20.2.3":["{{u}}",26533967,664544],"chl_oc3\/20.2.4":["{{u}}",27198511,3618095],"chl_oc3\/20.3.0":["{{u}}",30816606,1210434],"chl_oc3\/20.3.1":["{{u}}",32027040,483836],"chl_oc3\/20.3.2":["{{u}}",32510876,779444],"chl_oc3\/20.3.3":["{{u}}",33290320,824825],"chl_oc3\/20.3.4":["{{u}}",34115145,1461321],"chl_oc3\/20.4.0":["{{u}}",35576466,92493],"chl_oc3\/20.4.1":["{{u}}",35668959,446089],"chl_oc3\/20.4.2":["{{u}}",36115048,185914],"chl_oc3\/20.4.3":["{{u}}",36300962,353648],"chl_oc3\/20.4.4":["{{u}}",36654610,177623],"chl_oc3\/21.0.0":["{{v}}",151221,899137],"chl_oc3\/21.0.1":["{{v}}",1050358,863259],"chl_oc3\/21.0.2":["{{v}}",1913617,2222110],"chl_oc3\/21.0.3":["{{v}}",4135727,2920736],"chl_oc3\/21.0.4":["{{v}}",7056463,10921],"chl_oc3\/21.1.0":["{{v}}",7067384,2500937],"chl_oc3\/21.1.1":["{{v}}",9568321,2380246],"chl_oc3\/21.1.2":["{{v}}",11948567,3071122],"chl_oc3\/21.1.3":["{{v}}",15019689,1800689],"chl_oc3\/21.1.4":["{{v}}",16820378,88341],"chl_oc3\/21.2.0":["{{v}}",16908719,1808934],"chl_oc3\/21.2.1":["{{v}}",18717653,2407671],"chl_oc3\/21.2.2":["{{v}}",21125324,102015],"chl_oc3\/21.2.3":["{{v}}",21227339,1578516],"chl_oc3\/21.2.4":["{{v}}",22805855,199575],"chl_oc3\/21.3.0":["{{v}}",23005430,553328],"chl_oc3\/21.3.1":["{{v}}",23558758,2422164],"chl_oc3\/21.3.2":["{{v}}",25980922,1611397],"chl_oc3\/21.3.3":["{{v}}",27592319,2336606],"chl_oc3\/21.3.4":["{{v}}",29928925,952406],"chl_oc3\/21.4.0":["{{v}}",30881331,628160],"chl_oc3\/21.4.1":["{{v}}",31509491,605770],"chl_oc3\/21.4.2":["{{v}}",32115261,440053],"chl_oc3\/21.4.3":["{{v}}",32555314,935537],"chl_oc3\/21.4.4":["{{v}}",33490851,702974],"chl_oc3\/22.0.0":["{{w}}",151221,1049996],"chl_oc3\/22.0.1":["{{w}}",1201217,844428],"chl_oc3\/22.0.2":["{{w}}",2045645,893620],"chl_oc3\/22.0.3":["{{w}}",2939265,2439636],"chl_oc3\/22.0.4":["{{w}}",5378901,1614690],"chl_oc3\/22.1.0":["{{w}}",6993591,4099702],"chl_oc3\/22.1.1":["{{w}}",11093293,3685760],"chl_oc3\/22.1.2":["{{w}}",14779053,2626655],"chl_oc3\/22.1.3":["{{w}}",17405708,809430],"chl_oc3\/22.1.4":["{{w}}",18215138,2270023],"chl_oc3\/22.2.0":["{{w}}",20485161,3148309],"chl_oc3\/22.2.1":["{{w}}",23633470,2502018],"chl_oc3\/22.2.2":["{{w}}",26135488,122223],"chl_oc3\/22.2.3":["{{w}}",26257711,707754],"chl_oc3\/22.2.4":["{{w}}",26965465,5142280],"chl_oc3\/22.3.0":["{{w}}",32107745,1583512],"chl_oc3\/22.3.1":["{{w}}",33691257,492263],"chl_oc3\/22.3.2":["{{w}}",34183520,1710797],"chl_oc3\/22.3.3":["{{w}}",35894317,1167077],"chl_oc3\/22.3.4":["{{w}}",37061394,1956871],"chl_oc3\/22.4.0":["{{w}}",39018265,629700],"chl_oc3\/22.4.1":["{{w}}",39647965,975193],"chl_oc3\/22.4.2":["{{w}}",40623158,930266],"chl_oc3\/22.4.3":["{{w}}",41553424,244975],"chl_oc3\/22.4.4":["{{w}}",41798399,110440],"chl_oc3\/23.0.0":["{{x}}",151221,529023],"chl_oc3\/23.0.1":["{{x}}",680244,1124884],"chl_oc3\/23.0.2":["{{x}}",1805128,2498569],"chl_oc3\/23.0.3":["{{x}}",4303697,3327132],"chl_oc3\/23.0.4":["{{x}}",7630829,220075],"chl_oc3\/23.1.0":["{{x}}",7850904,2938041],"chl_oc3\/23.1.1":["{{x}}",10788945,4179812],"chl_oc3\/23.1.2":["{{x}}",14968757,3517629],"chl_oc3\/23.1.3":["{{x}}",18486386,1276760],"chl_oc3\/23.1.4":["{{x}}",19763146,567770],"chl_oc3\/23.2.0":["{{x}}",20330916,2507443],"chl_oc3\/23.2.1":["{{x}}",22838359,2702905],"chl_oc3\/23.2.2":["{{x}}",25541264,38511],"chl_oc3\/23.2.3":["{{x}}",25579775,1820661],"chl_oc3\/23.2.4":["{{x}}",27400436,1334247],"chl_oc3\/23.3.0":["{{x}}",28734683,2510441],"chl_oc3\/23.3.1":["{{x}}",31245124,2671780],"chl_oc3\/23.3.2":["{{x}}",33916904,648570],"chl_oc3\/23.3.3":["{{x}}",34565474,1478920],"chl_oc3\/23.3.4":["{{x}}",36044394,1092729],"chl_oc3\/23.4.0":["{{x}}",37137123,1338893],"chl_oc3\/23.4.1":["{{x}}",38476016,224276],"chl_oc3\/23.4.2":["{{x}}",38700292,65025],"chl_oc3\/23.4.3":["{{x}}",38765317,1664832],"chl_oc3\/23.4.4":["{{x}}",40430149,334973],"chl_oc3\/24.0.0":["{{y}}",151221,1345025],"chl_oc3\/24.0.1":["{{y}}",1496246,665540],"chl_oc3\/24.0.2":["{{y}}",2161786,2608792],"chl_oc3\/24.0.3":["{{y}}",4770578,3707069],"chl_oc3\/24.0.4":["{{y}}",8477647,2399896],"chl_oc3\/24.1.0":["{{y}}",10877543,2142632],"chl_oc3\/24.1.1":["{{y}}",13020175,3660460],"chl_oc3\/24.1.2":["{{y}}",16680635,3167780],"chl_oc3\/24.1.3":["{{y}}",19848415,869316],"chl_oc3\/24.1.4":["{{y}}",20717731,4019725],"chl_oc3\/24.2.0":["{{y}}",24737456,2251310],"chl_oc3\/24.2.1":["{{y}}",26988766,1766907],"chl_oc3\/24.2.2":["{{y}}",28755673,108564],"chl_oc3\/24.2.3":["{{y}}",28864237,1219261],"chl_oc3\/24.2.4":["{{y}}",30083498,2533510],"chl_oc3\/24.3.0":["{{y}}",32617008,1866105],"chl_oc3\/24.3.1":["{{y}}",34483113,1921167],"chl_oc3\/24.3.2":["{{y}}",36404280,3756121],"chl_oc3\/24.3.3":["{{y}}",40160401,1115744],"chl_oc3\/24.3.4":["{{y}}",41276145,723223],"chl_oc3\/24.4.0":["{{y}}",41999368,533527],"chl_oc3\/24.4.1":["{{y}}",42532895,947910],"chl_oc3\/24.4.2":["{{y}}",43480805,1616773],"chl_oc3\/24.4.3":["{{y}}",45097578,985897],"chl_oc3\/24.4.4":["{{y}}",46083475,121900],"chl_oc3\/25.0.0":["{{z}}",151221,1000828],"chl_oc3\/25.0.1":["{{z}}",1152049,807022],"chl_oc3\/25.0.2":["{{z}}",1959071,3654696],"chl_oc3\/25.0.3":["{{z}}",5613767,2679657],"chl_oc3\/25.0.4":["{{z}}",8293424,599901],"chl_oc3\/25.1.0":["{{z}}",8893325,2712727],"chl_oc3\/25.1.1":["{{z}}",11606052,2372151],"chl_oc3\/25.1.2":["{{z}}",13978203,3142653],"chl_oc3\/25.1.3":["{{z}}",17120856,2204865],"chl_oc3\/25.1.4":["{{z}}",19325721,529722],"chl_oc3\/25.2.0":["{{z}}",19855443,3703891],"chl_oc3\/25.2.1":["{{z}}",23559334,2204489],"chl_oc3\/25.2.2":["{{z}}",25763823,18300],"chl_oc3\/25.2.3":["{{z}}",25782123,2627626],"chl_oc3\/25.2.4":["{{z}}",28409749,2399992],"chl_oc3\/25.3.0":["{{z}}",30809741,930566],"chl_oc3\/25.3.1":["{{z}}",31740307,3245325],"chl_oc3\/25.3.2":["{{z}}",34985632,3179419],"chl_oc3\/25.3.3":["{{z}}",38165051,910635],"chl_oc3\/25.3.4":["{{z}}",39075686,2310288],"chl_oc3\/25.4.0":["{{z}}",41385974,510668],"chl_oc3\/25.4.1":["{{z}}",41896642,1485428],"chl_oc3\/25.4.2":["{{z}}",43382070,817262],"chl_oc3\/25.4.3":["{{z}}",44199332,693743],"chl_oc3\/25.4.4":["{{z}}",44893075,450041],"chl_oc3\/26.0.0":["{{A}}",151221,807583],"chl_oc3\/26.0.1":["{{A}}",958804,628348],"chl_oc3\/26.0.2":["{{A}}",1587152,2925404],"chl_oc3\/26.0.3":["{{A}}",4512556,3366523],"chl_oc3\/26.0.4":["{{A}}",7879079,4178496],"chl_oc3\/26.1.0":["{{A}}",12057575,1689836],"chl_oc3\/26.1.1":["{{A}}",13747411,1505322],"chl_oc3\/26.1.2":["{{A}}",15252733,3017201],"chl_oc3\/26.1.3":["{{A}}",18269934,3962552],"chl_oc3\/26.1.4":["{{A}}",22232486,3558014],"chl_oc3\/26.2.0":["{{A}}",25790500,2638574],"chl_oc3\/26.2.1":["{{A}}",28429074,3131906],"chl_oc3\/26.2.2":["{{A}}",31560980,114050],"chl_oc3\/26.2.3":["{{A}}",31675030,2495435],"chl_oc3\/26.2.4":["{{A}}",34170465,2646460],"chl_oc3\/26.3.0":["{{A}}",36816925,958943],"chl_oc3\/26.3.1":["{{A}}",37775868,1680681],"chl_oc3\/26.3.2":["{{A}}",39456549,2468990],"chl_oc3\/26.3.3":["{{A}}",41925539,954302],"chl_oc3\/26.3.4":["{{A}}",42879841,485313],"chl_oc3\/26.4.0":["{{A}}",43365154,452912],"chl_oc3\/26.4.1":["{{A}}",43818066,453650],"chl_oc3\/26.4.2":["{{A}}",44271716,401145],"chl_oc3\/26.4.3":["{{A}}",44672861,1046913],"chl_oc3\/26.4.4":["{{A}}",45719774,252095],"chl_oc3\/27.0.0":["{{B}}",151221,683217],"chl_oc3\/27.0.1":["{{B}}",834438,253202],"chl_oc3\/27.0.2":["{{B}}",1087640,3643156],"chl_oc3\/27.0.3":["{{B}}",4730796,3101348],"chl_oc3\/27.0.4":["{{B}}",7832144,1868325],"chl_oc3\/27.1.0":["{{B}}",9700469,1161081],"chl_oc3\/27.1.1":["{{B}}",10861550,2104206],"chl_oc3\/27.1.2":["{{B}}",12965756,3077818],"chl_oc3\/27.1.3":["{{B}}",16043574,3147457],"chl_oc3\/27.1.4":["{{B}}",19191031,2043210],"chl_oc3\/27.2.0":["{{B}}",21234241,2478923],"chl_oc3\/27.2.1":["{{B}}",23713164,3133173],"chl_oc3\/27.2.2":["{{B}}",26846337,113733],"chl_oc3\/27.2.3":["{{B}}",26960070,1667356],"chl_oc3\/27.2.4":["{{B}}",28627426,4233839],"chl_oc3\/27.3.0":["{{B}}",32861265,1308033],"chl_oc3\/27.3.1":["{{B}}",34169298,1140336],"chl_oc3\/27.3.2":["{{B}}",35309634,780693],"chl_oc3\/27.3.3":["{{B}}",36090327,877196],"chl_oc3\/27.3.4":["{{B}}",36967523,2273913],"chl_oc3\/27.4.0":["{{B}}",39241436,750585],"chl_oc3\/27.4.1":["{{B}}",39992021,656475],"chl_oc3\/27.4.2":["{{B}}",40648496,322424],"chl_oc3\/27.4.3":["{{B}}",40970920,581291],"chl_oc3\/27.4.4":["{{B}}",41552211,214867],"chl_oc3\/28.0.0":["{{C}}",151221,203900],"chl_oc3\/28.0.1":["{{C}}",355121,752237],"chl_oc3\/28.0.2":["{{C}}",1107358,2384068],"chl_oc3\/28.0.3":["{{C}}",3491426,1454352],"chl_oc3\/28.0.4":["{{C}}",4945778,2982092],"chl_oc3\/28.1.0":["{{C}}",7927870,699210],"chl_oc3\/28.1.1":["{{C}}",8627080,1289062],"chl_oc3\/28.1.2":["{{C}}",9916142,3750131],"chl_oc3\/28.1.3":["{{C}}",13666273,3619058],"chl_oc3\/28.1.4":["{{C}}",17285331,72794],"chl_oc3\/28.2.0":["{{C}}",17358125,3059163],"chl_oc3\/28.2.1":["{{C}}",20417288,2162377],"chl_oc3\/28.2.2":["{{C}}",22579665,138134],"chl_oc3\/28.2.3":["{{C}}",22717799,3120598],"chl_oc3\/28.2.4":["{{C}}",25838397,919110],"chl_oc3\/28.3.0":["{{C}}",26757507,2215007],"chl_oc3\/28.3.1":["{{C}}",28972514,2112063],"chl_oc3\/28.3.2":["{{C}}",31084577,1785368],"chl_oc3\/28.3.3":["{{C}}",32869945,1604038],"chl_oc3\/28.3.4":["{{C}}",34473983,1510669],"chl_oc3\/28.4.0":["{{C}}",35984652,313319],"chl_oc3\/28.4.1":["{{C}}",36297971,36527],"chl_oc3\/28.4.2":["{{C}}",36334498,763903],"chl_oc3\/28.4.3":["{{C}}",37098401,253486],"chl_oc3\/28.4.4":["{{C}}",37351887,330853],"chl_oc3\/29.0.0":["{{D}}",151221,1918256],"chl_oc3\/29.0.1":["{{D}}",2069477,1293018],"chl_oc3\/29.0.2":["{{D}}",3362495,2491295],"chl_oc3\/29.0.3":["{{D}}",5853790,1476716],"chl_oc3\/29.0.4":["{{D}}",7330506,1692866],"chl_oc3\/29.1.0":["{{D}}",9023372,1414305],"chl_oc3\/29.1.1":["{{D}}",10437677,1194106],"chl_oc3\/29.1.2":["{{D}}",11631783,2757368],"chl_oc3\/29.1.3":["{{D}}",14389151,1435484],"chl_oc3\/29.1.4":["{{D}}",15824635,1745856],"chl_oc3\/29.2.0":["{{D}}",17570491,3888390],"chl_oc3\/29.2.1":["{{D}}",21458881,2070819],"chl_oc3\/29.2.2":["{{D}}",23529700,118354],"chl_oc3\/29.2.3":["{{D}}",23648054,957764],"chl_oc3\/29.2.4":["{{D}}",24605818,4986341],"chl_oc3\/29.3.0":["{{D}}",29592159,1376461],"chl_oc3\/29.3.1":["{{D}}",30968620,2371647],"chl_oc3\/29.3.2":["{{D}}",33340267,1915160],"chl_oc3\/29.3.3":["{{D}}",35255427,1725409],"chl_oc3\/29.3.4":["{{D}}",36980836,3218692],"chl_oc3\/29.4.0":["{{D}}",40199528,594144],"chl_oc3\/29.4.1":["{{D}}",40793672,414366],"chl_oc3\/29.4.2":["{{D}}",41208038,237483],"chl_oc3\/29.4.3":["{{D}}",41445521,760264],"chl_oc3\/29.4.4":["{{D}}",42205785,99784],"chl_oc3\/30.0.0":["{{E}}",151221,1806041],"chl_oc3\/30.0.1":["{{E}}",1957262,1285767],"chl_oc3\/30.0.2":["{{E}}",3243029,2456814],"chl_oc3\/30.0.3":["{{E}}",5699843,5240198],"chl_oc3\/30.0.4":["{{E}}",10940041,24560],"chl_oc3\/30.1.0":["{{E}}",10964601,1576032],"chl_oc3\/30.1.1":["{{E}}",12540633,650355],"chl_oc3\/30.1.2":["{{E}}",13190988,3242394],"chl_oc3\/30.1.3":["{{E}}",16433382,1736341],"chl_oc3\/30.1.4":["{{E}}",18169723,49045],"chl_oc3\/30.2.0":["{{E}}",18218768,3834966],"chl_oc3\/30.2.1":["{{E}}",22053734,3539418],"chl_oc3\/30.2.2":["{{E}}",25593152,95635],"chl_oc3\/30.2.3":["{{E}}",25688787,2386305],"chl_oc3\/30.2.4":["{{E}}",28075092,1623534],"chl_oc3\/30.3.0":["{{E}}",29698626,642037],"chl_oc3\/30.3.1":["{{E}}",30340663,2911708],"chl_oc3\/30.3.2":["{{E}}",33252371,2447007],"chl_oc3\/30.3.3":["{{E}}",35699378,2554421],"chl_oc3\/30.3.4":["{{E}}",38253799,1358756],"chl_oc3\/30.4.0":["{{E}}",39612555,408455],"chl_oc3\/30.4.1":["{{E}}",40021010,1179040],"chl_oc3\/30.4.2":["{{E}}",41200050,238689],"chl_oc3\/30.4.3":["{{E}}",41438739,534770],"chl_oc3\/30.4.4":["{{E}}",41973509,657612]}}