{"version":1,"templates":{"a":"s3:\/\/imos-data\/IMOS\/SRS\/OC\/gridded\/aqua\/P1D\/2017\/02\/A.P1D.20170201T053000Z.aust.K_490.nc","b":"s3:\/\/imos-data\/IMOS\/SRS\/OC\/gridded\/aqua\/P1D\/2017\/02\/A.P1D.20170202T053000Z.aust.K_490.nc","c":"s3:\/\/imos-data\/IMOS\/SRS\/OC\/gridded\/aqua\/P1D\/2017\/02\/A.P1D.20170203T053000Z.aust.K_490.nc","d":"s3:\/\/imos-data\/IMOS\/SRS\/OC\/gridded\/aqua\/P1D\/2017\/02\/A.P1D.20170204T053000Z.aust.K_490.nc","e":"s3:\/\/imos-data\/IMOS\/SRS\/OC\/gridded\/aqua\/P1D\/2017\/02\/A.P1D.20170205T053000Z.aust.K_490.nc","f":"s3:\/\/imos-data\/IMOS\/SRS\/OC\/gridded\/aqua\/P1D\/2017\/02\/A.P1D.20170206T053000Z.aust.K_490.nc","g":"s3:\/\/imos-data\/IMOS\/SRS\/OC\/gridded\/aqua\/P1D\/2017\/02\/A.P1D.20170207T053000Z.aust.K_490.nc","h":"s3:\/\/imos-data\/IMOS\/SRS\/OC\/gridded\/aqua\/P1D\/2017\/02\/A.P1D.20170208T053000Z.aust.K_490.nc","i":"s3:\/\/imos-data\/IMOS\/SRS\/OC\/gridded\/aqua\/P1D\/2017\/02\/A.P1D.20170209T053000Z.aust.K_490.nc","j":"s3:\/\/imos-data\/IMOS\/SRS\/OC\/gridded\/aqua\/P1D\/2017\/02\/A.P1D.20170210T053000Z.aust.K_490.nc","k":"s3:\/\/imos-data\/IMOS\/SRS\/OC\/gridded\/aqua\/P1D\/2017\/02\/A.P1D.20170211T053000Z.aust.K_490.nc","l":"s3:\/\/imos-data\/IMOS\/SRS\/OC\/gridded\/aqua\/P1D\/2017\/02\/A.P1D.20170212T053000Z.aust.K_490.nc","m":"s3:\/\/imos-data\/IMOS\/SRS\/OC\/gridded\/aqua\/P1D\/2017\/02\/A.P1D.20170213T053000Z.aust.K_490.nc","n":"s3:\/\/imos-data\/IMOS\/SRS\/OC\/gridded\/aqua\/P1D\/2017\/02\/A.P1D.20170214T053000Z.aust.K_490.nc","o":"s3:\/\/imos-data\/IMOS\/SRS\/OC\/gridded\/aqua\/P1D\/2017\/02\/A.P1D.20170216T053000Z.aust.K_490.nc","p":"s3:\/\/imos-data\/IMOS\/SRS\/OC\/gridded\/aqua\/P1D\/2017\/02\/A.P1D.20170218T053000Z.aust.K_490.nc","q":"s3:\/\/imos-data\/IMOS\/SRS\/OC\/gridded\/aqua\/P1D\/2017\/02\/A.P1D.20170219T053000Z.aust.K_490.nc","r":"s3:\/\/imos-data\/IMOS\/SRS\/OC\/gridded\/aqua\/P1D\/2017\/02\/A.P1D.20170220T053000Z.aust.K_490.nc","s":"s3:\/\/imos-data\/IMOS\/SRS\/OC\/gridded\/aqua\/P1D\/2017\/02\/A.P1D.20170221T053000Z.aust.K_490.nc","t":"s3:\/\/imos-data\/IMOS\/SRS\/OC\/gridded\/aqua\/P1D\/2017\/02\/A.P1D.20170222T053000Z.aust.K_490.nc","u":"s3:\/\/imos-data\/IMOS\/SRS\/OC\/gridded\/aqua\/P1D\/2017\/02\/A.P1D.20170223T053000Z.aust.K_490.nc","v":"s3:\/\/imos-data\/IMOS\/SRS\/OC\/gridded\/aqua\/P1D\/2017\/02\/A.P1D.20170224T053000Z.aust.K_490.nc","w":"s3:\/\/imos-data\/IMOS\/SRS\/OC\/gridded\/aqua\/P1D\/2017\/02\/A.P1D.20170225T053000Z.aust.K_490.nc","x":"s3:\/\/imos-data\/IMOS\/SRS\/OC\/gridded\/aqua\/P1D\/2017\/02\/A.P1D.20170226T053000Z.aust.K_490.nc","y":"s3:\/\/imos-data\/IMOS\/SRS\/OC\/gridded\/aqua\/P1D\/2017\/02\/A.P1D.20170227T053000Z.aust.K_490.nc","z":"s3:\/\/imos-data\/IMOS\/SRS\/OC\/gridded\/aqua\/P1D\/2017\/02\/A.P1D.20170228T053000Z.aust.K_490.nc"},"refs":{".zgroup":"{\"zarr_format\":2}",".zattrs":"{\"Conventions\":\"CF-1.6\",\"_NCProperties\":\"version=1|netcdflibversion=4.6.1|hdf5libversion=1.10.4\",\"_nc3_strict\":1,\"history\":\"File initialised at 2020-08-06T06:55:43.546227\\nInitialised var K_490 at 2020-08-06T06:56:44.075339\\nAdd Granule A20170201_0240.20190926081429.L2OC_BASE.K_490.nc at 2020-08-06T06:56:44.965839\\nAdd Granule A20170201_0245.20190926084725.L2OC_BASE.K_490.nc at 2020-08-06T06:56:45.182062\\nAdd Granule A20170201_0250.20190926091959.L2OC_BASE.K_490.nc at 2020-08-06T06:56:45.358210\\nAdd Granule A20170201_0255.20190926092611.L2OC_BASE.K_490.nc at 2020-08-06T06:56:45.486845\\nAdd Granule A20170201_0415.20190926075351.L2OC_BASE.K_490.nc at 2020-08-06T06:56:45.741343\\nAdd Granule A20170201_0420.20190926082327.L2OC_BASE.K_490.nc at 2020-08-06T06:56:45.948509\\nAdd Granule A20170201_0425.20190926091623.L2OC_BASE.K_490.nc at 2020-08-06T06:56:46.119637\\nAdd Granule A20170201_0430.20190926095117.L2OC_BASE.K_490.nc at 2020-08-06T06:56:46.263148\\nAdd Granule A20170201_0555.20190926093502.L2OC_BASE.K_490.nc at 2020-08-06T06:56:46.526511\\nAdd Granule A20170201_0600.20190926080705.L2OC_BASE.K_490.nc at 2020-08-06T06:56:46.735110\\nAdd Granule A20170201_0605.20190926080209.L2OC_BASE.K_490.nc at 2020-08-06T06:56:46.904195\\nAdd Granule A20170201_0610.20190926095530.L2OC_BASE.K_490.nc at 2020-08-06T06:56:47.050976\\nAdd Granule A20170201_0730.20190926084249.L2OC_BASE.K_490.nc at 2020-08-06T06:56:47.169766\\nAdd Granule A20170201_0735.20190926095928.L2OC_BASE.K_490.nc at 2020-08-06T06:56:47.452839\\nAdd Granule A20170201_0740.20190926090136.L2OC_BASE.K_490.nc at 2020-08-06T06:56:47.633180\\nAdd Granule A20170201_0745.20190926090754.L2OC_BASE.K_490.nc at 2020-08-06T06:56:47.815187\\nAdd Granule A20170201_0750.20190926094207.L2OC_BASE.K_490.nc at 2020-08-06T06:56:47.989774\\nAdd Granule A20170201_0910.20190926085621.L2OC_BASE.K_490.nc at 2020-08-06T06:56:48.128702\\nAdd Granule A20170201_0915.20190926082814.L2OC_BASE.K_490.nc at 2020-08-06T06:56:48.271649\\nAdd Granule A20170201_0920.20190926083411.L2OC_BASE.K_490.nc at 2020-08-06T06:56:48.380934\",\"source_path\":\"imos-srs\\\/archive\\\/oc\\\/aqua\\\/1d\\\/v201909\\\/2017\\\/02\\\/A20170201.L2OC_BASE.aust.K_490.nc\"}","K_490\/.zarray":"{\"chunks\":[1,1401,2001],\"compressor\":{\"id\":\"zlib\",\"level\":4},\"dtype\":\"<f4\",\"fill_value\":-999.0,\"filters\":[{\"elementsize\":4,\"id\":\"shuffle\"}],\"order\":\"C\",\"shape\":[26,7001,10001],\"zarr_format\":2}","K_490\/.zattrs":"{\"_ARRAY_DIMENSIONS\":[\"time\",\"latitude\",\"longitude\"],\"flag_applied\":\"HISATZEN LAND CLDICE NAVFAIL\",\"long_name\":\"Diffuse attenuation coefficient at 490 nm (OBPG)\",\"units\":\"m^-1\"}","longitude\/.zarray":"{\n    \"chunks\": [\n        10001\n    ],\n    \"compressor\": null,\n    \"dtype\": \"<f8\",\n    \"fill_value\": 9.969209968386869e+36,\n    \"filters\": null,\n    \"order\": \"C\",\n    \"shape\": [\n        10001\n    ],\n    \"zarr_format\": 2\n}","longitude\/.zattrs":"{\n    \"NAME\": \"longitude\",\n    \"_ARRAY_DIMENSIONS\": [\n        \"longitude\"\n    ],\n    \"_Netcdf4Dimid\": 2,\n    \"axis\": \"X\",\n    \"long_name\": \"longitude\",\n    \"standard_name\": \"longitude\",\n    \"units\": \"degrees_east\"\n}","longitude\/0":["{{a}}",58400,80008],"latitude\/.zarray":"{\n    \"chunks\": [\n        7001\n    ],\n    \"compressor\": null,\n    \"dtype\": \"<f8\",\n    \"fill_value\": 9.969209968386869e+36,\n    \"filters\": null,\n    \"order\": \"C\",\n    \"shape\": [\n        7001\n    ],\n    \"zarr_format\": 2\n}","latitude\/.zattrs":"{\n    \"NAME\": \"latitude\",\n    \"_ARRAY_DIMENSIONS\": [\n        \"latitude\"\n    ],\n    \"_Netcdf4Dimid\": 1,\n    \"axis\": \"Y\",\n    \"long_name\": \"latitude\",\n    \"standard_name\": \"latitude\",\n    \"units\": \"degrees_north\"\n}","latitude\/0":["{{a}}",2392,56008],"time\/.zarray":"{\"chunks\":[26],\"compressor\":{\"blocksize\":0,\"clevel\":5,\"cname\":\"lz4\",\"id\":\"blosc\",\"shuffle\":1},\"dtype\":\"<M8[us]\",\"fill_value\":0,\"filters\":null,\"order\":\"C\",\"shape\":[26],\"zarr_format\":2}","time\/0":"base64:AgExCNAAAADQAAAAqQAAABQAAACRAAAAHwABAAbwB0amBmbGJobmRqYGZsYm5qYGZsYmhuYWAPFM\/9auhVw0C+K6kWlAF++dTCT70qqBWDAH37ZWdJKwzuwKJ0VjgZ+92hZScI2ryecFI0FefHGFma3B1er+EiY6TmJ2n8fb7wMXK0BUaHyQR0dHR0dHR0dISEhISAUAE0kBAB8FAQAGD7UAAlAAAAAAAA==","time\/.zattrs":"{\"NAME\":\"time\",\"_ARRAY_DIMENSIONS\":[\"time\"],\"_Netcdf4Dimid\":0,\"axis\":\"T\",\"long_name\":\"time\",\"standard_name\":\"time\"}","K_490\/0.0.0":["{{a}}",151229,2081115],"K_490\/0.0.1":["{{a}}",2232344,105911],"K_490\/0.0.2":["{{a}}",2338255,181767],"K_490\/0.0.3":["{{a}}",2520022,415299],"K_490\/0.0.4":["{{a}}",2935321,938518],"K_490\/0.1.0":["{{a}}",3873839,2629539],"K_490\/0.1.1":["{{a}}",6503378,316268],"K_490\/0.1.2":["{{a}}",6819646,137326],"K_490\/0.1.3":["{{a}}",6956972,265319],"K_490\/0.1.4":["{{a}}",7222291,1229137],"K_490\/0.2.0":["{{a}}",8451428,1394848],"K_490\/0.2.1":["{{a}}",9846276,914040],"K_490\/0.2.2":["{{a}}",10760316,10921],"K_490\/0.2.3":["{{a}}",10771237,848316],"K_490\/0.2.4":["{{a}}",11619553,2636263],"K_490\/0.3.0":["{{a}}",14255816,1172424],"K_490\/0.3.1":["{{a}}",15428240,1687082],"K_490\/0.3.2":["{{a}}",17115322,2700148],"K_490\/0.3.3":["{{a}}",19815470,559844],"K_490\/0.3.4":["{{a}}",20375314,2824703],"K_490\/0.4.0":["{{a}}",23200017,1613690],"K_490\/0.4.1":["{{a}}",24813707,855873],"K_490\/0.4.2":["{{a}}",25669580,2273939],"K_490\/0.4.3":["{{a}}",27943519,3129904],"K_490\/0.4.4":["{{a}}",31073423,2250871],"K_490\/1.0.0":["{{b}}",151229,1623186],"K_490\/1.0.1":["{{b}}",1774415,202808],"K_490\/1.0.2":["{{b}}",1977223,337056],"K_490\/1.0.3":["{{b}}",2314279,365855],"K_490\/1.0.4":["{{b}}",2680134,10921],"K_490\/1.1.0":["{{b}}",2691055,2203964],"K_490\/1.1.1":["{{b}}",4895019,677668],"K_490\/1.1.2":["{{b}}",5572687,609282],"K_490\/1.1.3":["{{b}}",6181969,625222],"K_490\/1.1.4":["{{b}}",6807191,77418],"K_490\/1.2.0":["{{b}}",6884609,1944980],"K_490\/1.2.1":["{{b}}",8829589,1805248],"K_490\/1.2.2":["{{b}}",10634837,33252],"K_490\/1.2.3":["{{b}}",10668089,1620381],"K_490\/1.2.4":["{{b}}",12288470,1162124],"K_490\/1.3.0":["{{b}}",13450594,1320280],"K_490\/1.3.1":["{{b}}",14770874,1353365],"K_490\/1.3.2":["{{b}}",16124239,1397214],"K_490\/1.3.3":["{{b}}",17521453,2578473],"K_490\/1.3.4":["{{b}}",20099926,1201770],"K_490\/1.4.0":["{{b}}",21301696,817914],"K_490\/1.4.1":["{{b}}",22119610,2314600],"K_490\/1.4.2":["{{b}}",24434210,1665605],"K_490\/1.4.3":["{{b}}",26099815,1959110],"K_490\/1.4.4":["{{b}}",28058925,3052335],"K_490\/2.0.0":["{{c}}",151229,2865465],"K_490\/2.0.1":["{{c}}",3016694,366692],"K_490\/2.0.2":["{{c}}",3383386,58421],"K_490\/2.0.3":["{{c}}",3441807,211432],"K_490\/2.0.4":["{{c}}",3653239,549487],"K_490\/2.1.0":["{{c}}",4202726,2570749],"K_490\/2.1.1":["{{c}}",6773475,396032],"K_490\/2.1.2":["{{c}}",7169507,168152],"K_490\/2.1.3":["{{c}}",7337659,533777],"K_490\/2.1.4":["{{c}}",7871436,168880],"K_490\/2.2.0":["{{c}}",8040316,1356415],"K_490\/2.2.1":["{{c}}",9396731,1017181],"K_490\/2.2.2":["{{c}}",10413912,19582],"K_490\/2.2.3":["{{c}}",10433494,961466],"K_490\/2.2.4":["{{c}}",11394960,3222782],"K_490\/2.3.0":["{{c}}",14617742,716854],"K_490\/2.3.1":["{{c}}",15334596,788805],"K_490\/2.3.2":["{{c}}",16123401,1610586],"K_490\/2.3.3":["{{c}}",17733987,1216747],"K_490\/2.3.4":["{{c}}",18950734,2841341],"K_490\/2.4.0":["{{c}}",21792075,208363],"K_490\/2.4.1":["{{c}}",22000438,1991643],"K_490\/2.4.2":["{{c}}",23992081,2696413],"K_490\/2.4.3":["{{c}}",26688494,2594296],"K_490\/2.4.4":["{{c}}",29282790,673957],"K_490\/3.0.0":["{{d}}",151229,1301348],"K_490\/3.0.1":["{{d}}",1452577,260246],"K_490\/3.0.2":["{{d}}",1712823,329882],"K_490\/3.0.3":["{{d}}",2042705,507620],"K_490\/3.0.4":["{{d}}",2550325,80894],"K_490\/3.1.0":["{{d}}",2631219,2647469],"K_490\/3.1.1":["{{d}}",5278688,571988],"K_490\/3.1.2":["{{d}}",5850676,58539],"K_490\/3.1.3":["{{d}}",5909215,379260],"K_490\/3.1.4":["{{d}}",6288475,310107],"K_490\/3.2.0":["{{d}}",6598582,1617314],"K_490\/3.2.1":["{{d}}",8215896,1366708],"K_490\/3.2.2":["{{d}}",9582604,12216],"K_490\/3.2.3":["{{d}}",9594820,1151092],"K_490\/3.2.4":["{{d}}",10745912,1926680],"K_490\/3.3.0":["{{d}}",12672592,786996],"K_490\/3.3.1":["{{d}}",13459588,1495601],"K_490\/3.3.2":["{{d}}",14955189,1563296],"K_490\/3.3.3":["{{d}}",16518485,2473664],"K_490\/3.3.4":["{{d}}",18992149,2995495],"K_490\/3.4.0":["{{d}}",21987644,24793],"K_490\/3.4.1":["{{d}}",22012437,1229219],"K_490\/3.4.2":["{{d}}",23241656,3327043],"K_490\/3.4.3":["{{d}}",26568699,1399299],"K_490\/3.4.4":["{{d}}",27967998,1842276],"K_490\/4.0.0":["{{e}}",151229,2263721],"K_490\/4.0.1":["{{e}}",2414950,674318],"K_490\/4.0.2":["{{e}}",3089268,855744],"K_490\/4.0.3":["{{e}}",3945012,389873],"K_490\/4.0.4":["{{e}}",4334885,1998475],"K_490\/4.1.0":["{{e}}",6333360,1990121],"K_490\/4.1.1":["{{e}}",8323481,396586],"K_490\/4.1.2":["{{e}}",8720067,100057],"K_490\/4.1.3":["{{e}}",8820124,215857],"K_490\/4.1.4":["{{e}}",9035981,910801],"K_490\/4.2.0":["{{e}}",9946782,1400392],"K_490\/4.2.1":["{{e}}",11347174,876104],"K_490\/4.2.2":["{{e}}",12223278,12696],"K_490\/4.2.3":["{{e}}",12235974,1437547],"K_490\/4.2.4":["{{e}}",13673521,2201676],"K_490\/4.3.0":["{{e}}",15875197,695516],"K_490\/4.3.1":["{{e}}",16570713,887519],"K_490\/4.3.2":["{{e}}",17458232,2891883],"K_490\/4.3.3":["{{e}}",20350115,764740],"K_490\/4.3.4":["{{e}}",21114855,1151573],"K_490\/4.4.0":["{{e}}",22266428,517121],"K_490\/4.4.1":["{{e}}",22783549,135637],"K_490\/4.4.2":["{{e}}",22919186,2940787],"K_490\/4.4.3":["{{e}}",25859973,2838958],"K_490\/4.4.4":["{{e}}",28698931,649751],"K_490\/5.0.0":["{{f}}",151229,1570278],"K_490\/5.0.1":["{{f}}",1721507,414467],"K_490\/5.0.2":["{{f}}",2135974,2104848],"K_490\/5.0.3":["{{f}}",4240822,217929],"K_490\/5.0.4":["{{f}}",4458751,53844],"K_490\/5.1.0":["{{f}}",4512595,2220162],"K_490\/5.1.1":["{{f}}",6732757,419103],"K_490\/5.1.2":["{{f}}",7151860,241905],"K_490\/5.1.3":["{{f}}",7393765,236041],"K_490\/5.1.4":["{{f}}",7629806,74138],"K_490\/5.2.0":["{{f}}",7703944,2319208],"K_490\/5.2.1":["{{f}}",10023152,903780],"K_490\/5.2.2":["{{f}}",10926932,15729],"K_490\/5.2.3":["{{f}}",10942661,1154627],"K_490\/5.2.4":["{{f}}",12097288,1858105],"K_490\/5.3.0":["{{f}}",13955393,1960565],"K_490\/5.3.1":["{{f}}",15915958,1578121],"K_490\/5.3.2":["{{f}}",17494079,2458838],"K_490\/5.3.3":["{{f}}",19952917,2140149],"K_490\/5.3.4":["{{f}}",22093066,1618750],"K_490\/5.4.0":["{{f}}",23711816,1260623],"K_490\/5.4.1":["{{f}}",24972439,495549],"K_490\/5.4.2":["{{f}}",25467988,1357732],"K_490\/5.4.3":["{{f}}",26825720,3697635],"K_490\/5.4.4":["{{f}}",30523355,2108666],"K_490\/6.0.0":["{{g}}",151229,1320521],"K_490\/6.0.1":["{{g}}",1471750,479979],"K_490\/6.0.2":["{{g}}",1951729,2040618],"K_490\/6.0.3":["{{g}}",3992347,1279768],"K_490\/6.0.4":["{{g}}",5272115,1460148],"K_490\/6.1.0":["{{g}}",6732263,1545478],"K_490\/6.1.1":["{{g}}",8277741,173515],"K_490\/6.1.2":["{{g}}",8451256,226824],"K_490\/6.1.3":["{{g}}",8678080,254252],"K_490\/6.1.4":["{{g}}",8932332,1347381],"K_490\/6.2.0":["{{g}}",10279713,1661758],"K_490\/6.2.1":["{{g}}",11941471,913782],"K_490\/6.2.2":["{{g}}",12855253,36752],"K_490\/6.2.3":["{{g}}",12892005,1885650],"K_490\/6.2.4":["{{g}}",14777655,368632],"K_490\/6.3.0":["{{g}}",15146287,1214451],"K_490\/6.3.1":["{{g}}",16360738,2845616],"K_490\/6.3.2":["{{g}}",19206354,2362284],"K_490\/6.3.3":["{{g}}",21568638,2749489],"K_490\/6.3.4":["{{g}}",24318127,822135],"K_490\/6.4.0":["{{g}}",25140262,499743],"K_490\/6.4.1":["{{g}}",25640005,1250013],"K_490\/6.4.2":["{{g}}",26890018,270494],"K_490\/6.4.3":["{{g}}",27160512,3292538],"K_490\/6.4.4":["{{g}}",30453050,2582352],"K_490\/7.0.0":["{{h}}",151229,2335047],"K_490\/7.0.1":["{{h}}",2486276,170244],"K_490\/7.0.2":["{{h}}",2656520,1867460],"K_490\/7.0.3":["{{h}}",4523980,1246074],"K_490\/7.0.4":["{{h}}",5770054,510658],"K_490\/7.1.0":["{{h}}",6280712,2308314],"K_490\/7.1.1":["{{h}}",8589026,175848],"K_490\/7.1.2":["{{h}}",8764874,73048],"K_490\/7.1.3":["{{h}}",8837922,400252],"K_490\/7.1.4":["{{h}}",9238174,767737],"K_490\/7.2.0":["{{h}}",10005911,1816692],"K_490\/7.2.1":["{{h}}",11822603,445850],"K_490\/7.2.2":["{{h}}",12268453,25982],"K_490\/7.2.3":["{{h}}",12294435,814208],"K_490\/7.2.4":["{{h}}",13108643,752487],"K_490\/7.3.0":["{{h}}",13861130,1409015],"K_490\/7.3.1":["{{h}}",15270145,1532632],"K_490\/7.3.2":["{{h}}",16802777,2260648],"K_490\/7.3.3":["{{h}}",19063425,2266043],"K_490\/7.3.4":["{{h}}",21329468,2702558],"K_490\/7.4.0":["{{h}}",24032026,175054],"K_490\/7.4.1":["{{h}}",24207080,387626],"K_490\/7.4.2":["{{h}}",24594706,1586091],"K_490\/7.4.3":["{{h}}",26180797,464883],"K_490\/7.4.4":["{{h}}",26645680,2572745],"K_490\/8.0.0":["{{i}}",151229,1930330],"K_490\/8.0.1":["{{i}}",2081559,378944],"K_490\/8.0.2":["{{i}}",2460503,1023206],"K_490\/8.0.3":["{{i}}",3483709,1841070],"K_490\/8.0.4":["{{i}}",5324779,2189631],"K_490\/8.1.0":["{{i}}",7514410,1913696],"K_490\/8.1.1":["{{i}}",9428106,492349],"K_490\/8.1.2":["{{i}}",9920455,176131],"K_490\/8.1.3":["{{i}}",10096586,361921],"K_490\/8.1.4":["{{i}}",10458507,11124],"K_490\/8.2.0":["{{i}}",10469631,1787882],"K_490\/8.2.1":["{{i}}",12257513,269931],"K_490\/8.2.2":["{{i}}",12527444,52487],"K_490\/8.2.3":["{{i}}",12579931,1685780],"K_490\/8.2.4":["{{i}}",14265711,279724],"K_490\/8.3.0":["{{i}}",14545435,1765606],"K_490\/8.3.1":["{{i}}",16311041,1270217],"K_490\/8.3.2":["{{i}}",17581258,1384681],"K_490\/8.3.3":["{{i}}",18965939,1254522],"K_490\/8.3.4":["{{i}}",20220461,421891],"K_490\/8.4.0":["{{i}}",20642352,951636],"K_490\/8.4.1":["{{i}}",21593988,675466],"K_490\/8.4.2":["{{i}}",22269454,1009627],"K_490\/8.4.3":["{{i}}",23279081,1740971],"K_490\/8.4.4":["{{i}}",25020052,726716],"K_490\/9.0.0":["{{j}}",151229,3084165],"K_490\/9.0.1":["{{j}}",3235394,249272],"K_490\/9.0.2":["{{j}}",3484666,181567],"K_490\/9.0.3":["{{j}}",3666233,995088],"K_490\/9.0.4":["{{j}}",4661321,1833896],"K_490\/9.1.0":["{{j}}",6495217,2617345],"K_490\/9.1.1":["{{j}}",9112562,988621],"K_490\/9.1.2":["{{j}}",10101183,404849],"K_490\/9.1.3":["{{j}}",10506032,723245],"K_490\/9.1.4":["{{j}}",11229277,475569],"K_490\/9.2.0":["{{j}}",11704846,1362036],"K_490\/9.2.1":["{{j}}",13066882,357168],"K_490\/9.2.2":["{{j}}",13424050,59242],"K_490\/9.2.3":["{{j}}",13483292,906038],"K_490\/9.2.4":["{{j}}",14389330,1348017],"K_490\/9.3.0":["{{j}}",15737347,1102063],"K_490\/9.3.1":["{{j}}",16839410,784102],"K_490\/9.3.2":["{{j}}",17623512,1221382],"K_490\/9.3.3":["{{j}}",18844894,1523032],"K_490\/9.3.4":["{{j}}",20367926,1529913],"K_490\/9.4.0":["{{j}}",21897839,299800],"K_490\/9.4.1":["{{j}}",22197639,1336006],"K_490\/9.4.2":["{{j}}",23533645,1933453],"K_490\/9.4.3":["{{j}}",25467098,1075576],"K_490\/9.4.4":["{{j}}",26542674,1044672],"K_490\/10.0.0":["{{k}}",151229,2254090],"K_490\/10.0.1":["{{k}}",2405319,152953],"K_490\/10.0.2":["{{k}}",2558272,478138],"K_490\/10.0.3":["{{k}}",3036410,2561704],"K_490\/10.0.4":["{{k}}",5598114,28667],"K_490\/10.1.0":["{{k}}",5626781,2536162],"K_490\/10.1.1":["{{k}}",8162943,1349080],"K_490\/10.1.2":["{{k}}",9512023,541118],"K_490\/10.1.3":["{{k}}",10053141,684830],"K_490\/10.1.4":["{{k}}",10737971,168786],"K_490\/10.2.0":["{{k}}",10906757,2024604],"K_490\/10.2.1":["{{k}}",12931361,1774246],"K_490\/10.2.2":["{{k}}",14705607,28631],"K_490\/10.2.3":["{{k}}",14734238,1002548],"K_490\/10.2.4":["{{k}}",15736786,1131529],"K_490\/10.3.0":["{{k}}",16868315,1709648],"K_490\/10.3.1":["{{k}}",18577963,395559],"K_490\/10.3.2":["{{k}}",18973522,1456863],"K_490\/10.3.3":["{{k}}",20430385,1128332],"K_490\/10.3.4":["{{k}}",21558717,1350493],"K_490\/10.4.0":["{{k}}",22909210,207652],"K_490\/10.4.1":["{{k}}",23116862,34643],"K_490\/10.4.2":["{{k}}",23151505,1450609],"K_490\/10.4.3":["{{k}}",24602114,1750313],"K_490\/10.4.4":["{{k}}",26352427,378346],"K_490\/11.0.0":["{{l}}",151229,3447152],"K_490\/11.0.1":["{{l}}",3598381,546096],"K_490\/11.0.2":["{{l}}",4144477,288339],"K_490\/11.0.3":["{{l}}",4432816,1123480],"K_490\/11.0.4":["{{l}}",5556296,2264348],"K_490\/11.1.0":["{{l}}",7820644,2266524],"K_490\/11.1.1":["{{l}}",10087168,1219033],"K_490\/11.1.2":["{{l}}",11306201,572048],"K_490\/11.1.3":["{{l}}",11878249,438724],"K_490\/11.1.4":["{{l}}",12316973,198720],"K_490\/11.2.0":["{{l}}",12515693,2007957],"K_490\/11.2.1":["{{l}}",14523650,1479980],"K_490\/11.2.2":["{{l}}",16003630,68128],"K_490\/11.2.3":["{{l}}",16071758,1337466],"K_490\/11.2.4":["{{l}}",17409224,3622716],"K_490\/11.3.0":["{{l}}",21031940,2118718],"K_490\/11.3.1":["{{l}}",23150658,390117],"K_490\/11.3.2":["{{l}}",23540775,418493],"K_490\/11.3.3":["{{l}}",23959268,1234957],"K_490\/11.3.4":["{{l}}",25194225,1175188],"K_490\/11.4.0":["{{l}}",26369413,908871],"K_490\/11.4.1":["{{l}}",27278284,108781],"K_490\/11.4.2":["{{l}}",27387065,567387],"K_490\/11.4.3":["{{l}}",27954452,2148186],"K_490\/11.4.4":["{{l}}",30102638,1213727],"K_490\/12.0.0":["{{m}}",151229,2588255],"K_490\/12.0.1":["{{m}}",2739484,523568],"K_490\/12.0.2":["{{m}}",3263052,351826],"K_490\/12.0.3":["{{m}}",3614878,1145574],"K_490\/12.0.4":["{{m}}",4760452,261669],"K_490\/12.1.0":["{{m}}",5022121,2141653],"K_490\/12.1.1":["{{m}}",7163774,2200531],"K_490\/12.1.2":["{{m}}",9364305,649032],"K_490\/12.1.3":["{{m}}",10013337,460268],"K_490\/12.1.4":["{{m}}",10473605,321665],"K_490\/12.2.0":["{{m}}",10795270,2507976],"K_490\/12.2.1":["{{m}}",13303246,2288736],"K_490\/12.2.2":["{{m}}",15591982,27241],"K_490\/12.2.3":["{{m}}",15619223,944197],"K_490\/12.2.4":["{{m}}",16563420,2372415],"K_490\/12.3.0":["{{m}}",18935835,2901741],"K_490\/12.3.1":["{{m}}",21837576,481973],"K_490\/12.3.2":["{{m}}",22319549,503112],"K_490\/12.3.3":["{{m}}",22822661,1868012],"K_490\/12.3.4":["{{m}}",24690673,2530295],"K_490\/12.4.0":["{{m}}",27220968,932260],"K_490\/12.4.1":["{{m}}",28153228,87582],"K_490\/12.4.2":["{{m}}",28240810,263745],"K_490\/12.4.3":["{{m}}",28504555,1760783],"K_490\/12.4.4":["{{m}}",30265338,3432986],"K_490\/13.0.0":["{{n}}",151229,2784688],"K_490\/13.0.1":["{{n}}",2935917,694553],"K_490\/13.0.2":["{{n}}",3630470,496512],"K_490\/13.0.3":["{{n}}",4126982,853910],"K_490\/13.0.4":["{{n}}",4980892,3024231],"K_490\/13.1.0":["{{n}}",8005123,2074134],"K_490\/13.1.1":["{{n}}",10079257,1470236],"K_490\/13.1.2":["{{n}}",11549493,854299],"K_490\/13.1.3":["{{n}}",12403792,1394980],"K_490\/13.1.4":["{{n}}",13798772,485150],"K_490\/13.2.0":["{{n}}",14283922,1730316],"K_490\/13.2.1":["{{n}}",16014238,1493300],"K_490\/13.2.2":["{{n}}",17507538,55926],"K_490\/13.2.3":["{{n}}",17563464,1295532],"K_490\/13.2.4":["{{n}}",18858996,2913435],"K_490\/13.3.0":["{{n}}",21772431,2082257],"K_490\/13.3.1":["{{n}}",23854688,1378277],"K_490\/13.3.2":["{{n}}",25232965,1004851],"K_490\/13.3.3":["{{n}}",26237816,2079814],"K_490\/13.3.4":["{{n}}",28317630,736148],"K_490\/13.4.0":["{{n}}",29053778,604648],"K_490\/13.4.1":["{{n}}",29658426,1135613],"K_490\/13.4.2":["{{n}}",30794039,60010],"K_490\/13.4.3":["{{n}}",30854049,1064693],"K_490\/13.4.4":["{{n}}",31918742,1094106],"K_490\/14.0.0":["{{o}}",151229,1978838],"K_490\/14.0.1":["{{o}}",2130067,425036],"K_490\/14.0.2":["{{o}}",2555103,1099904],"K_490\/14.0.3":["{{o}}",3655007,2178831],"K_490\/14.0.4":["{{o}}",5833838,2849289],"K_490\/14.1.0":["{{o}}",8683127,1782033],"K_490\/14.1.1":["{{o}}",10465160,2398396],"K_490\/14.1.2":["{{o}}",12863556,1542695],"K_490\/14.1.3":["{{o}}",14406251,807448],"K_490\/14.1.4":["{{o}}",15213699,853068],"K_490\/14.2.0":["{{o}}",16066767,2392329],"K_490\/14.2.1":["{{o}}",18459096,1230141],"K_490\/14.2.2":["{{o}}",19689237,67943],"K_490\/14.2.3":["{{o}}",19757180,2105625],"K_490\/14.2.4":["{{o}}",21862805,905393],"K_490\/14.3.0":["{{o}}",22768198,1479503],"K_490\/14.3.1":["{{o}}",24247701,921379],"K_490\/14.3.2":["{{o}}",25169080,1514776],"K_490\/14.3.3":["{{o}}",26683856,3148204],"K_490\/14.3.4":["{{o}}",29832060,1757575],"K_490\/14.4.0":["{{o}}",31589635,475746],"K_490\/14.4.1":["{{o}}",32065381,2189009],"K_490\/14.4.2":["{{o}}",34254390,1895945],"K_490\/14.4.3":["{{o}}",36150335,1748890],"K_490\/14.4.4":["{{o}}",37899225,1024930],"K_490\/15.0.0":["{{p}}",151229,1020393],"K_490\/15.0.1":["{{p}}",1171622,448581],"K_490\/15.0.2":["{{p}}",1620203,613543],"K_490\/15.0.3":["{{p}}",2233746,1986809],"K_490\/15.0.4":["{{p}}",4220555,10921],"K_490\/15.1.0":["{{p}}",4231476,2761577],"K_490\/15.1.1":["{{p}}",6993053,1839407],"K_490\/15.1.2":["{{p}}",8832460,874296],"K_490\/15.1.3":["{{p}}",9706756,2677842],"K_490\/15.1.4":["{{p}}",12384598,281479],"K_490\/15.2.0":["{{p}}",12666077,3017838],"K_490\/15.2.1":["{{p}}",15683915,2366658],"K_490\/15.2.2":["{{p}}",18050573,125299],"K_490\/15.2.3":["{{p}}",18175872,2196625],"K_490\/15.2.4":["{{p}}",20372497,804448],"K_490\/15.3.0":["{{p}}",21176945,2205680],"K_490\/15.3.1":["{{p}}",23382625,2232682],"K_490\/15.3.2":["{{p}}",25615307,1442031],"K_490\/15.3.3":["{{p}}",27057338,1481599],"K_490\/15.3.4":["{{p}}",28538937,2186093],"K_490\/15.4.0":["{{p}}",30725030,1502855],"K_490\/15.4.1":["{{p}}",32227885,328348],"K_490\/15.4.2":["{{p}}",32556233,1430531],"K_490\/15.4.3":["{{p}}",33986764,3105568],"K_490\/15.4.4":["{{p}}",37092332,1711507],"K_490\/16.0.0":["{{q}}",151229,1402871],"K_490\/16.0.1":["{{q}}",1554100,483124],"K_490\/16.0.2":["{{q}}",2037224,884578],"K_490\/16.0.3":["{{q}}",2921802,1654750],"K_490\/16.0.4":["{{q}}",4576552,1880125],"K_490\/16.1.0":["{{q}}",6456677,2581691],"K_490\/16.1.1":["{{q}}",9038368,1478436],"K_490\/16.1.2":["{{q}}",10516804,889126],"K_490\/16.1.3":["{{q}}",11405930,1679640],"K_490\/16.1.4":["{{q}}",13085570,965275],"K_490\/16.2.0":["{{q}}",14050845,2038920],"K_490\/16.2.1":["{{q}}",16089765,1480480],"K_490\/16.2.2":["{{q}}",17570245,121969],"K_490\/16.2.3":["{{q}}",17692214,824190],"K_490\/16.2.4":["{{q}}",18516404,3308613],"K_490\/16.3.0":["{{q}}",21825017,942766],"K_490\/16.3.1":["{{q}}",22767783,2402926],"K_490\/16.3.2":["{{q}}",25170709,1706567],"K_490\/16.3.3":["{{q}}",26877276,1500136],"K_490\/16.3.4":["{{q}}",28377412,2485253],"K_490\/16.4.0":["{{q}}",30862665,495344],"K_490\/16.4.1":["{{q}}",31358009,2340212],"K_490\/16.4.2":["{{q}}",33698221,251636],"K_490\/16.4.3":["{{q}}",33949857,2065738],"K_490\/16.4.4":["{{q}}",36015595,33690],"K_490\/17.0.0":["{{r}}",151229,522272],"K_490\/17.0.1":["{{r}}",673501,702654],"K_490\/17.0.2":["{{r}}",1376155,1393889],"K_490\/17.0.3":["{{r}}",2770044,646999],"K_490\/17.0.4":["{{r}}",3417043,97394],"K_490\/17.1.0":["{{r}}",3514437,1900183],"K_490\/17.1.1":["{{r}}",5414620,1884971],"K_490\/17.1.2":["{{r}}",7299591,931472],"K_490\/17.1.3":["{{r}}",8231063,1759141],"K_490\/17.1.4":["{{r}}",9990204,532578],"K_490\/17.2.0":["{{r}}",10522782,1263335],"K_490\/17.2.1":["{{r}}",11786117,1904595],"K_490\/17.2.2":["{{r}}",13690712,53503],"K_490\/17.2.3":["{{r}}",13744215,1723755],"K_490\/17.2.4":["{{r}}",15467970,1436194],"K_490\/17.3.0":["{{r}}",16904164,1677948],"K_490\/17.3.1":["{{r}}",18582112,1657530],"K_490\/17.3.2":["{{r}}",20239642,2716470],"K_490\/17.3.3":["{{r}}",22956112,1833904],"K_490\/17.3.4":["{{r}}",24790016,1493630],"K_490\/17.4.0":["{{r}}",26283646,858500],"K_490\/17.4.1":["{{r}}",27142146,1432537],"K_490\/17.4.2":["{{r}}",28574683,644989],"K_490\/17.4.3":["{{r}}",29219672,481766],"K_490\/17.4.4":["{{r}}",29701438,484524],"K_490\/18.0.0":["{{s}}",151229,1124759],"K_490\/18.0.1":["{{s}}",1275988,672863],"K_490\/18.0.2":["{{s}}",1948851,964909],"K_490\/18.0.3":["{{s}}",2913760,2007840],"K_490\/18.0.4":["{{s}}",4921600,1767636],"K_490\/18.1.0":["{{s}}",6689236,839418],"K_490\/18.1.1":["{{s}}",7528654,1200829],"K_490\/18.1.2":["{{s}}",8729483,1965534],"K_490\/18.1.3":["{{s}}",10695017,1632651],"K_490\/18.1.4":["{{s}}",12327668,991599],"K_490\/18.2.0":["{{s}}",13319267,1191226],"K_490\/18.2.1":["{{s}}",14510493,1154454],"K_490\/18.2.2":["{{s}}",15664947,70401],"K_490\/18.2.3":["{{s}}",15735348,935001],"K_490\/18.2.4":["{{s}}",16670349,3022008],"K_490\/18.3.0":["{{s}}",19692357,1090148],"K_490\/18.3.1":["{{s}}",20782505,979813],"K_490\/18.3.2":["{{s}}",21762318,1383901],"K_490\/18.3.3":["{{s}}",23146219,3770366],"K_490\/18.3.4":["{{s}}",26916585,974974],"K_490\/18.4.0":["{{s}}",27891559,681788],"K_490\/18.4.1":["{{s}}",28573347,1047968],"K_490\/18.4.2":["{{s}}",29621315,539685],"K_490\/18.4.3":["{{s}}",30161000,1139788],"K_490\/18.4.4":["{{s}}",31300788,302334],"K_490\/19.0.0":["{{t}}",151229,1107554],"K_490\/19.0.1":["{{t}}",1258783,99681],"K_490\/19.0.2":["{{t}}",1358464,1975901],"K_490\/19.0.3":["{{t}}",3334365,897300],"K_490\/19.0.4":["{{t}}",4231665,354870],"K_490\/19.1.0":["{{t}}",4586535,743607],"K_490\/19.1.1":["{{t}}",5330142,2199479],"K_490\/19.1.2":["{{t}}",7529621,1470662],"K_490\/19.1.3":["{{t}}",9000283,1216828],"K_490\/19.1.4":["{{t}}",10217111,786730],"K_490\/19.2.0":["{{t}}",11003841,2108928],"K_490\/19.2.1":["{{t}}",13112769,2027115],"K_490\/19.2.2":["{{t}}",15139884,45759],"K_490\/19.2.3":["{{t}}",15185643,907918],"K_490\/19.2.4":["{{t}}",16093561,2033684],"K_490\/19.3.0":["{{t}}",18127245,507484],"K_490\/19.3.1":["{{t}}",18634729,768705],"K_490\/19.3.2":["{{t}}",19403434,1632401],"K_490\/19.3.3":["{{t}}",21035835,2723228],"K_490\/19.3.4":["{{t}}",23759063,3026492],"K_490\/19.4.0":["{{t}}",26785555,1595143],"K_490\/19.4.1":["{{t}}",28380698,1193452],"K_490\/19.4.2":["{{t}}",29574150,1457815],"K_490\/19.4.3":["{{t}}",31031965,700201],"K_490\/19.4.4":["{{t}}",31732166,862670],"K_490\/20.0.0":["{{u}}",151229,356338],"K_490\/20.0.1":["{{u}}",507567,162954],"K_490\/20.0.2":["{{u}}",670521,1181524],"K_490\/20.0.3":["{{u}}",1852045,1435341],"K_490\/20.0.4":["{{u}}",3287386,2387022],"K_490\/20.1.0":["{{u}}",5674408,959362],"K_490\/20.1.1":["{{u}}",6633770,1973312],"K_490\/20.1.2":["{{u}}",8607082,2357645],"K_490\/20.1.3":["{{u}}",10964727,2099720],"K_490\/20.1.4":["{{u}}",13064447,765840],"K_490\/20.2.0":["{{u}}",13830287,2152010],"K_490\/20.2.1":["{{u}}",15982297,1975267],"K_490\/20.2.2":["{{u}}",17957564,36760],"K_490\/20.2.3":["{{u}}",17994324,1695331],"K_490\/20.2.4":["{{u}}",19689655,1867279],"K_490\/20.3.0":["{{u}}",21556934,716013],"K_490\/20.3.1":["{{u}}",22272947,1144871],"K_490\/20.3.2":["{{u}}",23417818,1814709],"K_490\/20.3.3":["{{u}}",25232527,3464773],"K_490\/20.3.4":["{{u}}",28697300,1350354],"K_490\/20.4.0":["{{u}}",30047654,951438],"K_490\/20.4.1":["{{u}}",30999092,1096787],"K_490\/20.4.2":["{{u}}",32095879,2193232],"K_490\/20.4.3":["{{u}}",34289111,1574884],"K_490\/20.4.4":["{{u}}",35863995,1236854],"K_490\/21.0.0":["{{v}}",151229,571881],"K_490\/21.0.1":["{{v}}",723110,209623],"K_490\/21.0.2":["{{v}}",932733,1217929],"K_490\/21.0.3":["{{v}}",2150662,1073659],"K_490\/21.0.4":["{{v}}",3224321,424491],"K_490\/21.1.0":["{{v}}",3648812,1342207],"K_490\/21.1.1":["{{v}}",4991019,2246443],"K_490\/21.1.2":["{{v}}",7237462,1249212],"K_490\/21.1.3":["{{v}}",8486674,1414214],"K_490\/21.1.4":["{{v}}",9900888,672323],"K_490\/21.2.0":["{{v}}",10573211,3201883],"K_490\/21.2.1":["{{v}}",13775094,1911651],"K_490\/21.2.2":["{{v}}",15686745,94514],"K_490\/21.2.3":["{{v}}",15781259,1206793],"K_490\/21.2.4":["{{v}}",16988052,3180157],"K_490\/21.3.0":["{{v}}",20168209,1508954],"K_490\/21.3.1":["{{v}}",21677163,1290887],"K_490\/21.3.2":["{{v}}",22968050,2216704],"K_490\/21.3.3":["{{v}}",25184754,1922818],"K_490\/21.3.4":["{{v}}",27107572,3808116],"K_490\/21.4.0":["{{v}}",30915688,1257146],"K_490\/21.4.1":["{{v}}",32172834,382603],"K_490\/21.4.2":["{{v}}",32555437,765493],"K_490\/21.4.3":["{{v}}",33320930,2984108],"K_490\/21.4.4":["{{v}}",36305038,1247008],"K_490\/22.0.0":["{{w}}",151229,811845],"K_490\/22.0.1":["{{w}}",963074,558002],"K_490\/22.0.2":["{{w}}",1521076,488321],"K_490\/22.0.3":["{{w}}",2009397,1246629],"K_490\/22.0.4":["{{w}}",3256026,562900],"K_490\/22.1.0":["{{w}}",3818926,980947],"K_490\/22.1.1":["{{w}}",4799873,1860420],"K_490\/22.1.2":["{{w}}",6660293,884800],"K_490\/22.1.3":["{{w}}",7545093,1535998],"K_490\/22.1.4":["{{w}}",9081091,36099],"K_490\/22.2.0":["{{w}}",9117190,2792314],"K_490\/22.2.1":["{{w}}",11909504,2150111],"K_490\/22.2.2":["{{w}}",14059615,132790],"K_490\/22.2.3":["{{w}}",14192405,2047623],"K_490\/22.2.4":["{{w}}",16240028,796936],"K_490\/22.3.0":["{{w}}",17036964,1207507],"K_490\/22.3.1":["{{w}}",18244471,2164997],"K_490\/22.3.2":["{{w}}",20409468,1882581],"K_490\/22.3.3":["{{w}}",22292049,2234369],"K_490\/22.3.4":["{{w}}",24526418,1075790],"K_490\/22.4.0":["{{w}}",25602208,1029418],"K_490\/22.4.1":["{{w}}",26631626,1628332],"K_490\/22.4.2":["{{w}}",28259958,180372],"K_490\/22.4.3":["{{w}}",28440330,1615707],"K_490\/22.4.4":["{{w}}",30056037,2193293],"K_490\/23.0.0":["{{x}}",151229,87864],"K_490\/23.0.1":["{{x}}",239093,361591],"K_490\/23.0.2":["{{x}}",600684,612013],"K_490\/23.0.3":["{{x}}",1212697,21990],"K_490\/23.0.4":["{{x}}",1234687,681887],"K_490\/23.1.0":["{{x}}",1916574,1832166],"K_490\/23.1.1":["{{x}}",3748740,1234783],"K_490\/23.1.2":["{{x}}",4983523,765345],"K_490\/23.1.3":["{{x}}",5748868,1012597],"K_490\/23.1.4":["{{x}}",6761465,1624492],"K_490\/23.2.0":["{{x}}",8385957,2976862],"K_490\/23.2.1":["{{x}}",11362819,2041816],"K_490\/23.2.2":["{{x}}",13404635,54566],"K_490\/23.2.3":["{{x}}",13459201,872557],"K_490\/23.2.4":["{{x}}",14331758,4078403],"K_490\/23.3.0":["{{x}}",18410161,1089718],"K_490\/23.3.1":["{{x}}",19499879,2275538],"K_490\/23.3.2":["{{x}}",21775417,2374803],"K_490\/23.3.3":["{{x}}",24150220,2891402],"K_490\/23.3.4":["{{x}}",27041622,3303604],"K_490\/23.4.0":["{{x}}",30345226,908308],"K_490\/23.4.1":["{{x}}",31253534,1612196],"K_490\/23.4.2":["{{x}}",32865730,1921349],"K_490\/23.4.3":["{{x}}",34787079,299223],"K_490\/23.4.4":["{{x}}",35086302,1124112],"K_490\/24.0.0":["{{y}}",151229,408784],"K_490\/24.0.1":["{{y}}",560013,732156],"K_490\/24.0.2":["{{y}}",1292169,647643],"K_490\/24.0.3":["{{y}}",1939812,95846],"K_490\/24.0.4":["{{y}}",2035658,10921],"K_490\/24.1.0":["{{y}}",2046579,958322],"K_490\/24.1.1":["{{y}}",3004901,1831963],"K_490\/24.1.2":["{{y}}",4836864,1875002],"K_490\/24.1.3":["{{y}}",6711866,864232],"K_490\/24.1.4":["{{y}}",7576098,167653],"K_490\/24.2.0":["{{y}}",7743751,3068894],"K_490\/24.2.1":["{{y}}",10812645,3158740],"K_490\/24.2.2":["{{y}}",13971385,90576],"K_490\/24.2.3":["{{y}}",14061961,1511699],"K_490\/24.2.4":["{{y}}",15573660,734444],"K_490\/24.3.0":["{{y}}",16308104,919621],"K_490\/24.3.1":["{{y}}",17227725,2121187],"K_490\/24.3.2":["{{y}}",19348912,2944905],"K_490\/24.3.3":["{{y}}",22293817,3422468],"K_490\/24.3.4":["{{y}}",25716285,1942511],"K_490\/24.4.0":["{{y}}",27658796,1663168],"K_490\/24.4.1":["{{y}}",29321964,1924556],"K_490\/24.4.2":["{{y}}",31246520,1760391],"K_490\/24.4.3":["{{y}}",33006911,2200928],"K_490\/24.4.4":["{{y}}",35207839,1432215],"K_490\/25.0.0":["{{z}}",151229,619369],"K_490\/25.0.1":["{{z}}",770598,745985],"K_490\/25.0.2":["{{z}}",1516583,627647],"K_490\/25.0.3":["{{z}}",2144230,419632],"K_490\/25.0.4":["{{z}}",2563862,782332],"K_490\/25.1.0":["{{z}}",3346194,588880],"K_490\/25.1.1":["{{z}}",3935074,1869311],"K_490\/25.1.2":["{{z}}",5804385,1565135],"K_490\/25.1.3":["{{z}}",7369520,431887],"K_490\/25.1.4":["{{z}}",7801407,1132729],"K_490\/25.2.0":["{{z}}",8934136,2953001],"K_490\/25.2.1":["{{z}}",11887137,1852399],"K_490\/25.2.2":["{{z}}",13739536,97739],"K_490\/25.2.3":["{{z}}",13837275,824299],"K_490\/25.2.4":["{{z}}",14661574,1492963],"K_490\/25.3.0":["{{z}}",16154537,1151529],"K_490\/25.3.1":["{{z}}",17306066,799459],"K_490\/25.3.2":["{{z}}",18105525,3037665],"K_490\/25.3.3":["{{z}}",21143190,3140762],"K_490\/25.3.4":["{{z}}",24283952,2660836],"K_490\/25.4.0":["{{z}}",26944788,2320871],"K_490\/25.4.1":["{{z}}",29265659,1932537],"K_490\/25.4.2":["{{z}}",31198196,2898642],"K_490\/25.4.3":["{{z}}",34096838,1061849],"K_490\/25.4.4":["{{z}}",35158687,631559]}}