{"version":1,"templates":{"a":"s3:\/\/imos-data\/IMOS\/SRS\/OC\/gridded\/aqua\/P1D\/2017\/02\/A.P1D.20170201T053000Z.aust.chl_oc3.nc","b":"s3:\/\/imos-data\/IMOS\/SRS\/OC\/gridded\/aqua\/P1D\/2017\/02\/A.P1D.20170202T053000Z.aust.chl_oc3.nc","c":"s3:\/\/imos-data\/IMOS\/SRS\/OC\/gridded\/aqua\/P1D\/2017\/02\/A.P1D.20170203T053000Z.aust.chl_oc3.nc","d":"s3:\/\/imos-data\/IMOS\/SRS\/OC\/gridded\/aqua\/P1D\/2017\/02\/A.P1D.20170204T053000Z.aust.chl_oc3.nc","e":"s3:\/\/imos-data\/IMOS\/SRS\/OC\/gridded\/aqua\/P1D\/2017\/02\/A.P1D.20170205T053000Z.aust.chl_oc3.nc","f":"s3:\/\/imos-data\/IMOS\/SRS\/OC\/gridded\/aqua\/P1D\/2017\/02\/A.P1D.20170206T053000Z.aust.chl_oc3.nc","g":"s3:\/\/imos-data\/IMOS\/SRS\/OC\/gridded\/aqua\/P1D\/2017\/02\/A.P1D.20170207T053000Z.aust.chl_oc3.nc","h":"s3:\/\/imos-data\/IMOS\/SRS\/OC\/gridded\/aqua\/P1D\/2017\/02\/A.P1D.20170208T053000Z.aust.chl_oc3.nc","i":"s3:\/\/imos-data\/IMOS\/SRS\/OC\/gridded\/aqua\/P1D\/2017\/02\/A.P1D.20170209T053000Z.aust.chl_oc3.nc","j":"s3:\/\/imos-data\/IMOS\/SRS\/OC\/gridded\/aqua\/P1D\/2017\/02\/A.P1D.20170210T053000Z.aust.chl_oc3.nc","k":"s3:\/\/imos-data\/IMOS\/SRS\/OC\/gridded\/aqua\/P1D\/2017\/02\/A.P1D.20170211T053000Z.aust.chl_oc3.nc","l":"s3:\/\/imos-data\/IMOS\/SRS\/OC\/gridded\/aqua\/P1D\/2017\/02\/A.P1D.20170212T053000Z.aust.chl_oc3.nc","m":"s3:\/\/imos-data\/IMOS\/SRS\/OC\/gridded\/aqua\/P1D\/2017\/02\/A.P1D.20170213T053000Z.aust.chl_oc3.nc","n":"s3:\/\/imos-data\/IMOS\/SRS\/OC\/gridded\/aqua\/P1D\/2017\/02\/A.P1D.20170214T053000Z.aust.chl_oc3.nc","o":"s3:\/\/imos-data\/IMOS\/SRS\/OC\/gridded\/aqua\/P1D\/2017\/02\/A.P1D.20170216T053000Z.aust.chl_oc3.nc","p":"s3:\/\/imos-data\/IMOS\/SRS\/OC\/gridded\/aqua\/P1D\/2017\/02\/A.P1D.20170218T053000Z.aust.chl_oc3.nc","q":"s3:\/\/imos-data\/IMOS\/SRS\/OC\/gridded\/aqua\/P1D\/2017\/02\/A.P1D.20170219T053000Z.aust.chl_oc3.nc","r":"s3:\/\/imos-data\/IMOS\/SRS\/OC\/gridded\/aqua\/P1D\/2017\/02\/A.P1D.20170220T053000Z.aust.chl_oc3.nc","s":"s3:\/\/imos-data\/IMOS\/SRS\/OC\/gridded\/aqua\/P1D\/2017\/02\/A.P1D.20170221T053000Z.aust.chl_oc3.nc","t":"s3:\/\/imos-data\/IMOS\/SRS\/OC\/gridded\/aqua\/P1D\/2017\/02\/A.P1D.20170222T053000Z.aust.chl_oc3.nc","u":"s3:\/\/imos-data\/IMOS\/SRS\/OC\/gridded\/aqua\/P1D\/2017\/02\/A.P1D.20170223T053000Z.aust.chl_oc3.nc","v":"s3:\/\/imos-data\/IMOS\/SRS\/OC\/gridded\/aqua\/P1D\/2017\/02\/A.P1D.20170224T053000Z.aust.chl_oc3.nc","w":"s3:\/\/imos-data\/IMOS\/SRS\/OC\/gridded\/aqua\/P1D\/2017\/02\/A.P1D.20170225T053000Z.aust.chl_oc3.nc","x":"s3:\/\/imos-data\/IMOS\/SRS\/OC\/gridded\/aqua\/P1D\/2017\/02\/A.P1D.20170226T053000Z.aust.chl_oc3.nc","y":"s3:\/\/imos-data\/IMOS\/SRS\/OC\/gridded\/aqua\/P1D\/2017\/02\/A.P1D.20170227T053000Z.aust.chl_oc3.nc","z":"s3:\/\/imos-data\/IMOS\/SRS\/OC\/gridded\/aqua\/P1D\/2017\/02\/A.P1D.20170228T053000Z.aust.chl_oc3.nc"},"refs":{".zgroup":"{\"zarr_format\":2}",".zattrs":"{\"Conventions\":\"CF-1.6\",\"_NCProperties\":\"version=1|netcdflibversion=4.6.1|hdf5libversion=1.10.4\",\"_nc3_strict\":1,\"history\":\"File initialised at 2020-08-06T06:55:43.546227\\nInitialised var chl_oc3 at 2020-08-06T06:55:56.415743\\nAdd Granule A20170201_0240.20190926081429.L2OC_BASE.chl_oc3.nc at 2020-08-06T06:55:57.281714\\nAdd Granule A20170201_0245.20190926084725.L2OC_BASE.chl_oc3.nc at 2020-08-06T06:55:57.492973\\nAdd Granule A20170201_0250.20190926091959.L2OC_BASE.chl_oc3.nc at 2020-08-06T06:55:57.705341\\nAdd Granule A20170201_0255.20190926092611.L2OC_BASE.chl_oc3.nc at 2020-08-06T06:55:57.826061\\nAdd Granule A20170201_0415.20190926075351.L2OC_BASE.chl_oc3.nc at 2020-08-06T06:55:58.077968\\nAdd Granule A20170201_0420.20190926082327.L2OC_BASE.chl_oc3.nc at 2020-08-06T06:55:58.300641\\nAdd Granule A20170201_0425.20190926091623.L2OC_BASE.chl_oc3.nc at 2020-08-06T06:55:58.466627\\nAdd Granule A20170201_0430.20190926095117.L2OC_BASE.chl_oc3.nc at 2020-08-06T06:55:58.648999\\nAdd Granule A20170201_0555.20190926093502.L2OC_BASE.chl_oc3.nc at 2020-08-06T06:55:58.912108\\nAdd Granule A20170201_0600.20190926080705.L2OC_BASE.chl_oc3.nc at 2020-08-06T06:55:59.102783\\nAdd Granule A20170201_0605.20190926080209.L2OC_BASE.chl_oc3.nc at 2020-08-06T06:55:59.274327\\nAdd Granule A20170201_0610.20190926095530.L2OC_BASE.chl_oc3.nc at 2020-08-06T06:55:59.427046\\nAdd Granule A20170201_0730.20190926084249.L2OC_BASE.chl_oc3.nc at 2020-08-06T06:55:59.573313\\nAdd Granule A20170201_0735.20190926095928.L2OC_BASE.chl_oc3.nc at 2020-08-06T06:55:59.856543\\nAdd Granule A20170201_0740.20190926090136.L2OC_BASE.chl_oc3.nc at 2020-08-06T06:56:00.046597\\nAdd Granule A20170201_0745.20190926090754.L2OC_BASE.chl_oc3.nc at 2020-08-06T06:56:00.236013\\nAdd Granule A20170201_0750.20190926094207.L2OC_BASE.chl_oc3.nc at 2020-08-06T06:56:00.389342\\nAdd Granule A20170201_0910.20190926085621.L2OC_BASE.chl_oc3.nc at 2020-08-06T06:56:00.519920\\nAdd Granule A20170201_0915.20190926082814.L2OC_BASE.chl_oc3.nc at 2020-08-06T06:56:00.649902\\nAdd Granule A20170201_0920.20190926083411.L2OC_BASE.chl_oc3.nc at 2020-08-06T06:56:00.760978\",\"source_path\":\"imos-srs\\\/archive\\\/oc\\\/aqua\\\/1d\\\/v201909\\\/2017\\\/02\\\/A20170201.L2OC_BASE.aust.chl_oc3.nc\"}","longitude\/.zarray":"{\n    \"chunks\": [\n        10001\n    ],\n    \"compressor\": null,\n    \"dtype\": \"<f8\",\n    \"fill_value\": 9.969209968386869e+36,\n    \"filters\": null,\n    \"order\": \"C\",\n    \"shape\": [\n        10001\n    ],\n    \"zarr_format\": 2\n}","longitude\/.zattrs":"{\n    \"NAME\": \"longitude\",\n    \"_ARRAY_DIMENSIONS\": [\n        \"longitude\"\n    ],\n    \"_Netcdf4Dimid\": 2,\n    \"axis\": \"X\",\n    \"long_name\": \"longitude\",\n    \"standard_name\": \"longitude\",\n    \"units\": \"degrees_east\"\n}","longitude\/0":["{{a}}",58400,80008],"latitude\/.zarray":"{\n    \"chunks\": [\n        7001\n    ],\n    \"compressor\": null,\n    \"dtype\": \"<f8\",\n    \"fill_value\": 9.969209968386869e+36,\n    \"filters\": null,\n    \"order\": \"C\",\n    \"shape\": [\n        7001\n    ],\n    \"zarr_format\": 2\n}","latitude\/.zattrs":"{\n    \"NAME\": \"latitude\",\n    \"_ARRAY_DIMENSIONS\": [\n        \"latitude\"\n    ],\n    \"_Netcdf4Dimid\": 1,\n    \"axis\": \"Y\",\n    \"long_name\": \"latitude\",\n    \"standard_name\": \"latitude\",\n    \"units\": \"degrees_north\"\n}","latitude\/0":["{{a}}",2392,56008],"chl_oc3\/.zarray":"{\"chunks\":[1,1401,2001],\"compressor\":{\"id\":\"zlib\",\"level\":4},\"dtype\":\"<f4\",\"fill_value\":-999.0,\"filters\":[{\"elementsize\":4,\"id\":\"shuffle\"}],\"order\":\"C\",\"shape\":[26,7001,10001],\"zarr_format\":2}","chl_oc3\/.zattrs":"{\"_ARRAY_DIMENSIONS\":[\"time\",\"latitude\",\"longitude\"],\"flag_applied\":\"HISATZEN LAND CLDICE NAVFAIL\",\"long_name\":\"Chlorophyll Concentration, OC3 Algorithm\",\"units\":\"mg\\\/m^3\"}","time\/.zarray":"{\"chunks\":[26],\"compressor\":{\"blocksize\":0,\"clevel\":5,\"cname\":\"lz4\",\"id\":\"blosc\",\"shuffle\":1},\"dtype\":\"<M8[us]\",\"fill_value\":0,\"filters\":null,\"order\":\"C\",\"shape\":[26],\"zarr_format\":2}","time\/0":"base64:AgExCNAAAADQAAAAqQAAABQAAACRAAAAHwABAAbwB0amBmbGJobmRqYGZsYm5qYGZsYmhuYWAPFM\/9auhVw0C+K6kWlAF++dTCT70qqBWDAH37ZWdJKwzuwKJ0VjgZ+92hZScI2ryecFI0FefHGFma3B1er+EiY6TmJ2n8fb7wMXK0BUaHyQR0dHR0dHR0dISEhISAUAE0kBAB8FAQAGD7UAAlAAAAAAAA==","time\/.zattrs":"{\"NAME\":\"time\",\"_ARRAY_DIMENSIONS\":[\"time\"],\"_Netcdf4Dimid\":0,\"axis\":\"T\",\"long_name\":\"time\",\"standard_name\":\"time\"}","chl_oc3\/0.0.0":["{{a}}",151221,2362707],"chl_oc3\/0.0.1":["{{a}}",2513928,113734],"chl_oc3\/0.0.2":["{{a}}",2627662,194271],"chl_oc3\/0.0.3":["{{a}}",2821933,490325],"chl_oc3\/0.0.4":["{{a}}",3312258,1138009],"chl_oc3\/0.1.0":["{{a}}",4450267,3270948],"chl_oc3\/0.1.1":["{{a}}",7721215,383171],"chl_oc3\/0.1.2":["{{a}}",8104386,146666],"chl_oc3\/0.1.3":["{{a}}",8251052,277143],"chl_oc3\/0.1.4":["{{a}}",8528195,1438662],"chl_oc3\/0.2.0":["{{a}}",9966857,1868740],"chl_oc3\/0.2.1":["{{a}}",11835597,1110112],"chl_oc3\/0.2.2":["{{a}}",12945709,10921],"chl_oc3\/0.2.3":["{{a}}",12956630,1092187],"chl_oc3\/0.2.4":["{{a}}",14048817,3310974],"chl_oc3\/0.3.0":["{{a}}",17359791,1381388],"chl_oc3\/0.3.1":["{{a}}",18741179,1999442],"chl_oc3\/0.3.2":["{{a}}",20740621,2970652],"chl_oc3\/0.3.3":["{{a}}",23711273,588062],"chl_oc3\/0.3.4":["{{a}}",24299335,3279555],"chl_oc3\/0.4.0":["{{a}}",27578890,1917381],"chl_oc3\/0.4.1":["{{a}}",29496271,1002028],"chl_oc3\/0.4.2":["{{a}}",30498299,2679750],"chl_oc3\/0.4.3":["{{a}}",33178049,3709737],"chl_oc3\/0.4.4":["{{a}}",36887786,2493627],"chl_oc3\/1.0.0":["{{b}}",151221,1820558],"chl_oc3\/1.0.1":["{{b}}",1971779,213039],"chl_oc3\/1.0.2":["{{b}}",2184818,352331],"chl_oc3\/1.0.3":["{{b}}",2537149,424569],"chl_oc3\/1.0.4":["{{b}}",2961718,10921],"chl_oc3\/1.1.0":["{{b}}",2972639,2846191],"chl_oc3\/1.1.1":["{{b}}",5818830,794878],"chl_oc3\/1.1.2":["{{b}}",6613708,647215],"chl_oc3\/1.1.3":["{{b}}",7260923,740370],"chl_oc3\/1.1.4":["{{b}}",8001293,91395],"chl_oc3\/1.2.0":["{{b}}",8092688,2593955],"chl_oc3\/1.2.1":["{{b}}",10686643,2159929],"chl_oc3\/1.2.2":["{{b}}",12846572,34057],"chl_oc3\/1.2.3":["{{b}}",12880629,2097779],"chl_oc3\/1.2.4":["{{b}}",14978408,1541805],"chl_oc3\/1.3.0":["{{b}}",16520213,1579426],"chl_oc3\/1.3.1":["{{b}}",18099639,1611261],"chl_oc3\/1.3.2":["{{b}}",19710900,1569765],"chl_oc3\/1.3.3":["{{b}}",21280665,2824367],"chl_oc3\/1.3.4":["{{b}}",24105032,1352155],"chl_oc3\/1.4.0":["{{b}}",25457187,922078],"chl_oc3\/1.4.1":["{{b}}",26379265,2731490],"chl_oc3\/1.4.2":["{{b}}",29110755,1939637],"chl_oc3\/1.4.3":["{{b}}",31050392,2294765],"chl_oc3\/1.4.4":["{{b}}",33345157,3562336],"chl_oc3\/2.0.0":["{{c}}",151221,3259778],"chl_oc3\/2.0.1":["{{c}}",3410999,387589],"chl_oc3\/2.0.2":["{{c}}",3798588,60914],"chl_oc3\/2.0.3":["{{c}}",3859502,252202],"chl_oc3\/2.0.4":["{{c}}",4111704,641566],"chl_oc3\/2.1.0":["{{c}}",4753270,3278474],"chl_oc3\/2.1.1":["{{c}}",8031744,467335],"chl_oc3\/2.1.2":["{{c}}",8499079,178762],"chl_oc3\/2.1.3":["{{c}}",8677841,612571],"chl_oc3\/2.1.4":["{{c}}",9290412,177983],"chl_oc3\/2.2.0":["{{c}}",9468395,1734108],"chl_oc3\/2.2.1":["{{c}}",11202503,1233438],"chl_oc3\/2.2.2":["{{c}}",12435941,19768],"chl_oc3\/2.2.3":["{{c}}",12455709,1093200],"chl_oc3\/2.2.4":["{{c}}",13548909,4147259],"chl_oc3\/2.3.0":["{{c}}",17696168,852528],"chl_oc3\/2.3.1":["{{c}}",18548696,886946],"chl_oc3\/2.3.2":["{{c}}",19435642,1825642],"chl_oc3\/2.3.3":["{{c}}",21261284,1345966],"chl_oc3\/2.3.4":["{{c}}",22607250,3278803],"chl_oc3\/2.4.0":["{{c}}",25886053,227439],"chl_oc3\/2.4.1":["{{c}}",26113492,2308843],"chl_oc3\/2.4.2":["{{c}}",28422335,3212829],"chl_oc3\/2.4.3":["{{c}}",31635164,2999457],"chl_oc3\/2.4.4":["{{c}}",34634621,765341],"chl_oc3\/3.0.0":["{{d}}",151221,1510663],"chl_oc3\/3.0.1":["{{d}}",1661884,275545],"chl_oc3\/3.0.2":["{{d}}",1937429,347894],"chl_oc3\/3.0.3":["{{d}}",2285323,605234],"chl_oc3\/3.0.4":["{{d}}",2890557,95939],"chl_oc3\/3.1.0":["{{d}}",2986496,3374636],"chl_oc3\/3.1.1":["{{d}}",6361132,653500],"chl_oc3\/3.1.2":["{{d}}",7014632,60040],"chl_oc3\/3.1.3":["{{d}}",7074672,416255],"chl_oc3\/3.1.4":["{{d}}",7490927,349867],"chl_oc3\/3.2.0":["{{d}}",7840794,2076464],"chl_oc3\/3.2.1":["{{d}}",9917258,1541555],"chl_oc3\/3.2.2":["{{d}}",11458813,12260],"chl_oc3\/3.2.3":["{{d}}",11471073,1340002],"chl_oc3\/3.2.4":["{{d}}",12811075,2400981],"chl_oc3\/3.3.0":["{{d}}",15212056,934936],"chl_oc3\/3.3.1":["{{d}}",16146992,1647935],"chl_oc3\/3.3.2":["{{d}}",17794927,1733777],"chl_oc3\/3.3.3":["{{d}}",19528704,2827836],"chl_oc3\/3.3.4":["{{d}}",22356540,3453625],"chl_oc3\/3.4.0":["{{d}}",25810165,25482],"chl_oc3\/3.4.1":["{{d}}",25835647,1396208],"chl_oc3\/3.4.2":["{{d}}",27231855,3922632],"chl_oc3\/3.4.3":["{{d}}",31154487,1628545],"chl_oc3\/3.4.4":["{{d}}",32783032,2102358],"chl_oc3\/4.0.0":["{{e}}",151221,2555382],"chl_oc3\/4.0.1":["{{e}}",2706603,705820],"chl_oc3\/4.0.2":["{{e}}",3412423,911382],"chl_oc3\/4.0.3":["{{e}}",4323805,461290],"chl_oc3\/4.0.4":["{{e}}",4785095,2313029],"chl_oc3\/4.1.0":["{{e}}",7098124,2414683],"chl_oc3\/4.1.1":["{{e}}",9512807,463416],"chl_oc3\/4.1.2":["{{e}}",9976223,103060],"chl_oc3\/4.1.3":["{{e}}",10079283,264370],"chl_oc3\/4.1.4":["{{e}}",10343653,1087852],"chl_oc3\/4.2.0":["{{e}}",11431505,1834991],"chl_oc3\/4.2.1":["{{e}}",13266496,1040381],"chl_oc3\/4.2.2":["{{e}}",14306877,12717],"chl_oc3\/4.2.3":["{{e}}",14319594,1721513],"chl_oc3\/4.2.4":["{{e}}",16041107,2773202],"chl_oc3\/4.3.0":["{{e}}",18814309,832909],"chl_oc3\/4.3.1":["{{e}}",19647218,989203],"chl_oc3\/4.3.2":["{{e}}",20636421,3161767],"chl_oc3\/4.3.3":["{{e}}",23798188,898945],"chl_oc3\/4.3.4":["{{e}}",24697133,1442763],"chl_oc3\/4.4.0":["{{e}}",26139896,556821],"chl_oc3\/4.4.1":["{{e}}",26696717,154656],"chl_oc3\/4.4.2":["{{e}}",26851373,3457220],"chl_oc3\/4.4.3":["{{e}}",30308593,3322872],"chl_oc3\/4.4.4":["{{e}}",33631465,726494],"chl_oc3\/5.0.0":["{{f}}",151221,1765845],"chl_oc3\/5.0.1":["{{f}}",1917066,445147],"chl_oc3\/5.0.2":["{{f}}",2362213,2324908],"chl_oc3\/5.0.3":["{{f}}",4687121,255993],"chl_oc3\/5.0.4":["{{f}}",4943114,60975],"chl_oc3\/5.1.0":["{{f}}",5004089,2671895],"chl_oc3\/5.1.1":["{{f}}",7675984,492508],"chl_oc3\/5.1.2":["{{f}}",8168492,256456],"chl_oc3\/5.1.3":["{{f}}",8424948,282965],"chl_oc3\/5.1.4":["{{f}}",8707913,81933],"chl_oc3\/5.2.0":["{{f}}",8789846,3039932],"chl_oc3\/5.2.1":["{{f}}",11829778,1013884],"chl_oc3\/5.2.2":["{{f}}",12843662,15927],"chl_oc3\/5.2.3":["{{f}}",12859589,1410741],"chl_oc3\/5.2.4":["{{f}}",14270330,2299038],"chl_oc3\/5.3.0":["{{f}}",16569368,2177339],"chl_oc3\/5.3.1":["{{f}}",18746707,1825089],"chl_oc3\/5.3.2":["{{f}}",20571796,2715351],"chl_oc3\/5.3.3":["{{f}}",23287147,2371855],"chl_oc3\/5.3.4":["{{f}}",25659002,1979800],"chl_oc3\/5.4.0":["{{f}}",27638802,1417728],"chl_oc3\/5.4.1":["{{f}}",29056530,554995],"chl_oc3\/5.4.2":["{{f}}",29611525,1613246],"chl_oc3\/5.4.3":["{{f}}",31224771,4243090],"chl_oc3\/5.4.4":["{{f}}",35467861,2378907],"chl_oc3\/6.0.0":["{{g}}",151221,1479111],"chl_oc3\/6.0.1":["{{g}}",1630332,525874],"chl_oc3\/6.0.2":["{{g}}",2156206,2244920],"chl_oc3\/6.0.3":["{{g}}",4401126,1511307],"chl_oc3\/6.0.4":["{{g}}",5912433,1650336],"chl_oc3\/6.1.0":["{{g}}",7562769,1861787],"chl_oc3\/6.1.1":["{{g}}",9424556,183939],"chl_oc3\/6.1.2":["{{g}}",9608495,238173],"chl_oc3\/6.1.3":["{{g}}",9846668,283330],"chl_oc3\/6.1.4":["{{g}}",10129998,1696388],"chl_oc3\/6.2.0":["{{g}}",11826386,2118536],"chl_oc3\/6.2.1":["{{g}}",13944922,1070010],"chl_oc3\/6.2.2":["{{g}}",15014932,37350],"chl_oc3\/6.2.3":["{{g}}",15052282,2246874],"chl_oc3\/6.2.4":["{{g}}",17299156,450538],"chl_oc3\/6.3.0":["{{g}}",17749694,1378493],"chl_oc3\/6.3.1":["{{g}}",19128187,3184472],"chl_oc3\/6.3.2":["{{g}}",22312659,2632755],"chl_oc3\/6.3.3":["{{g}}",24945414,2979597],"chl_oc3\/6.3.4":["{{g}}",27925011,894443],"chl_oc3\/6.4.0":["{{g}}",28819454,568142],"chl_oc3\/6.4.1":["{{g}}",29387596,1460658],"chl_oc3\/6.4.2":["{{g}}",30848254,301520],"chl_oc3\/6.4.3":["{{g}}",31149774,3787432],"chl_oc3\/6.4.4":["{{g}}",34937206,2869622],"chl_oc3\/7.0.0":["{{h}}",151221,2671044],"chl_oc3\/7.0.1":["{{h}}",2822265,177043],"chl_oc3\/7.0.2":["{{h}}",2999308,2113532],"chl_oc3\/7.0.3":["{{h}}",5112840,1495114],"chl_oc3\/7.0.4":["{{h}}",6607954,629954],"chl_oc3\/7.1.0":["{{h}}",7237908,2744692],"chl_oc3\/7.1.1":["{{h}}",9982600,188205],"chl_oc3\/7.1.2":["{{h}}",10170805,74980],"chl_oc3\/7.1.3":["{{h}}",10245785,440325],"chl_oc3\/7.1.4":["{{h}}",10686110,882382],"chl_oc3\/7.2.0":["{{h}}",11568492,2329388],"chl_oc3\/7.2.1":["{{h}}",13897880,489448],"chl_oc3\/7.2.2":["{{h}}",14387328,27045],"chl_oc3\/7.2.3":["{{h}}",14414373,995379],"chl_oc3\/7.2.4":["{{h}}",15409752,903758],"chl_oc3\/7.3.0":["{{h}}",16313510,1613356],"chl_oc3\/7.3.1":["{{h}}",17926866,1698355],"chl_oc3\/7.3.2":["{{h}}",19625221,2507402],"chl_oc3\/7.3.3":["{{h}}",22132623,2475951],"chl_oc3\/7.3.4":["{{h}}",24608574,2970293],"chl_oc3\/7.4.0":["{{h}}",27578867,192613],"chl_oc3\/7.4.1":["{{h}}",27771480,441840],"chl_oc3\/7.4.2":["{{h}}",28213320,1798204],"chl_oc3\/7.4.3":["{{h}}",30011524,517173],"chl_oc3\/7.4.4":["{{h}}",30528697,2794282],"chl_oc3\/8.0.0":["{{i}}",151221,2221620],"chl_oc3\/8.0.1":["{{i}}",2372841,395113],"chl_oc3\/8.0.2":["{{i}}",2767954,1098706],"chl_oc3\/8.0.3":["{{i}}",3866660,2229060],"chl_oc3\/8.0.4":["{{i}}",6095720,2589993],"chl_oc3\/8.1.0":["{{i}}",8685713,2363436],"chl_oc3\/8.1.1":["{{i}}",11049149,579056],"chl_oc3\/8.1.2":["{{i}}",11628205,188904],"chl_oc3\/8.1.3":["{{i}}",11817109,397870],"chl_oc3\/8.1.4":["{{i}}",12214979,11119],"chl_oc3\/8.2.0":["{{i}}",12226098,2302078],"chl_oc3\/8.2.1":["{{i}}",14528176,302661],"chl_oc3\/8.2.2":["{{i}}",14830837,53959],"chl_oc3\/8.2.3":["{{i}}",14884796,2012737],"chl_oc3\/8.2.4":["{{i}}",16897533,330496],"chl_oc3\/8.3.0":["{{i}}",17228029,2036818],"chl_oc3\/8.3.1":["{{i}}",19264847,1412739],"chl_oc3\/8.3.2":["{{i}}",20677586,1516233],"chl_oc3\/8.3.3":["{{i}}",22193819,1388501],"chl_oc3\/8.3.4":["{{i}}",23582320,456582],"chl_oc3\/8.4.0":["{{i}}",24038902,1120851],"chl_oc3\/8.4.1":["{{i}}",25159753,761031],"chl_oc3\/8.4.2":["{{i}}",25920784,1165528],"chl_oc3\/8.4.3":["{{i}}",27086312,2063277],"chl_oc3\/8.4.4":["{{i}}",29149589,804002],"chl_oc3\/9.0.0":["{{j}}",151221,3579996],"chl_oc3\/9.0.1":["{{j}}",3731217,257361],"chl_oc3\/9.0.2":["{{j}}",3988578,202707],"chl_oc3\/9.0.3":["{{j}}",4191285,1226485],"chl_oc3\/9.0.4":["{{j}}",5417770,2186064],"chl_oc3\/9.1.0":["{{j}}",7603834,3155064],"chl_oc3\/9.1.1":["{{j}}",10758898,1183767],"chl_oc3\/9.1.2":["{{j}}",11942665,440208],"chl_oc3\/9.1.3":["{{j}}",12382873,805329],"chl_oc3\/9.1.4":["{{j}}",13188202,556206],"chl_oc3\/9.2.0":["{{j}}",13744408,1699250],"chl_oc3\/9.2.1":["{{j}}",15443658,381040],"chl_oc3\/9.2.2":["{{j}}",15824698,60438],"chl_oc3\/9.2.3":["{{j}}",15885136,1044252],"chl_oc3\/9.2.4":["{{j}}",16929388,1585504],"chl_oc3\/9.3.0":["{{j}}",18514892,1232310],"chl_oc3\/9.3.1":["{{j}}",19747202,858254],"chl_oc3\/9.3.2":["{{j}}",20605456,1341797],"chl_oc3\/9.3.3":["{{j}}",21947253,1668169],"chl_oc3\/9.3.4":["{{j}}",23615422,1707743],"chl_oc3\/9.4.0":["{{j}}",25323165,350914],"chl_oc3\/9.4.1":["{{j}}",25674079,1534064],"chl_oc3\/9.4.2":["{{j}}",27208143,2200892],"chl_oc3\/9.4.3":["{{j}}",29409035,1213291],"chl_oc3\/9.4.4":["{{j}}",30622326,1177304],"chl_oc3\/10.0.0":["{{k}}",151221,2577269],"chl_oc3\/10.0.1":["{{k}}",2728490,157863],"chl_oc3\/10.0.2":["{{k}}",2886353,501096],"chl_oc3\/10.0.3":["{{k}}",3387449,3185938],"chl_oc3\/10.0.4":["{{k}}",6573387,30393],"chl_oc3\/10.1.0":["{{k}}",6603780,3154088],"chl_oc3\/10.1.1":["{{k}}",9757868,1647361],"chl_oc3\/10.1.2":["{{k}}",11405229,592661],"chl_oc3\/10.1.3":["{{k}}",11997890,854137],"chl_oc3\/10.1.4":["{{k}}",12852027,202621],"chl_oc3\/10.2.0":["{{k}}",13054648,2662871],"chl_oc3\/10.2.1":["{{k}}",15717519,2034480],"chl_oc3\/10.2.2":["{{k}}",17751999,29185],"chl_oc3\/10.2.3":["{{k}}",17781184,1206680],"chl_oc3\/10.2.4":["{{k}}",18987864,1455617],"chl_oc3\/10.3.0":["{{k}}",20443481,1977448],"chl_oc3\/10.3.1":["{{k}}",22420929,426657],"chl_oc3\/10.3.2":["{{k}}",22847586,1572701],"chl_oc3\/10.3.3":["{{k}}",24420287,1285905],"chl_oc3\/10.3.4":["{{k}}",25706192,1620220],"chl_oc3\/10.4.0":["{{k}}",27326412,240039],"chl_oc3\/10.4.1":["{{k}}",27566451,35881],"chl_oc3\/10.4.2":["{{k}}",27602332,1695678],"chl_oc3\/10.4.3":["{{k}}",29298010,1974461],"chl_oc3\/10.4.4":["{{k}}",31272471,411898],"chl_oc3\/11.0.0":["{{l}}",151221,4003204],"chl_oc3\/11.0.1":["{{l}}",4154425,569964],"chl_oc3\/11.0.2":["{{l}}",4724389,308064],"chl_oc3\/11.0.3":["{{l}}",5032453,1365490],"chl_oc3\/11.0.4":["{{l}}",6397943,2675071],"chl_oc3\/11.1.0":["{{l}}",9073014,2799397],"chl_oc3\/11.1.1":["{{l}}",11872411,1511282],"chl_oc3\/11.1.2":["{{l}}",13383693,608298],"chl_oc3\/11.1.3":["{{l}}",13991991,485512],"chl_oc3\/11.1.4":["{{l}}",14477503,233916],"chl_oc3\/11.2.0":["{{l}}",14711419,2579910],"chl_oc3\/11.2.1":["{{l}}",17291329,1750353],"chl_oc3\/11.2.2":["{{l}}",19041682,69858],"chl_oc3\/11.2.3":["{{l}}",19111540,1604583],"chl_oc3\/11.2.4":["{{l}}",20716123,4586081],"chl_oc3\/11.3.0":["{{l}}",25302204,2426801],"chl_oc3\/11.3.1":["{{l}}",27729005,421703],"chl_oc3\/11.3.2":["{{l}}",28150708,441273],"chl_oc3\/11.3.3":["{{l}}",28591981,1338542],"chl_oc3\/11.3.4":["{{l}}",29930523,1446705],"chl_oc3\/11.4.0":["{{l}}",31377228,1075578],"chl_oc3\/11.4.1":["{{l}}",32452806,119401],"chl_oc3\/11.4.2":["{{l}}",32572207,653765],"chl_oc3\/11.4.3":["{{l}}",33225972,2386484],"chl_oc3\/11.4.4":["{{l}}",35612456,1349912],"chl_oc3\/12.0.0":["{{m}}",151221,3035652],"chl_oc3\/12.0.1":["{{m}}",3186873,541570],"chl_oc3\/12.0.2":["{{m}}",3728443,371695],"chl_oc3\/12.0.3":["{{m}}",4100138,1448312],"chl_oc3\/12.0.4":["{{m}}",5548450,323122],"chl_oc3\/12.1.0":["{{m}}",5871572,2646732],"chl_oc3\/12.1.1":["{{m}}",8518304,2616917],"chl_oc3\/12.1.2":["{{m}}",11135221,668383],"chl_oc3\/12.1.3":["{{m}}",11803604,538859],"chl_oc3\/12.1.4":["{{m}}",12342463,374375],"chl_oc3\/12.2.0":["{{m}}",12716838,3200886],"chl_oc3\/12.2.1":["{{m}}",15917724,2683235],"chl_oc3\/12.2.2":["{{m}}",18600959,27807],"chl_oc3\/12.2.3":["{{m}}",18628766,1107088],"chl_oc3\/12.2.4":["{{m}}",19735854,3022058],"chl_oc3\/12.3.0":["{{m}}",22757912,3346265],"chl_oc3\/12.3.1":["{{m}}",26104177,533181],"chl_oc3\/12.3.2":["{{m}}",26637358,536156],"chl_oc3\/12.3.3":["{{m}}",27173514,2044823],"chl_oc3\/12.3.4":["{{m}}",29218337,2811456],"chl_oc3\/12.4.0":["{{m}}",32029793,1026899],"chl_oc3\/12.4.1":["{{m}}",33056692,96801],"chl_oc3\/12.4.2":["{{m}}",33153493,294309],"chl_oc3\/12.4.3":["{{m}}",33447802,1937327],"chl_oc3\/12.4.4":["{{m}}",35385129,3967438],"chl_oc3\/13.0.0":["{{n}}",151221,3162587],"chl_oc3\/13.0.1":["{{n}}",3313808,740711],"chl_oc3\/13.0.2":["{{n}}",4054519,527508],"chl_oc3\/13.0.3":["{{n}}",4582027,1016217],"chl_oc3\/13.0.4":["{{n}}",5598244,3607350],"chl_oc3\/13.1.0":["{{n}}",9205594,2533240],"chl_oc3\/13.1.1":["{{n}}",11738834,1859009],"chl_oc3\/13.1.2":["{{n}}",13597843,903901],"chl_oc3\/13.1.3":["{{n}}",14501744,1596093],"chl_oc3\/13.1.4":["{{n}}",16097837,576882],"chl_oc3\/13.2.0":["{{n}}",16674719,2200283],"chl_oc3\/13.2.1":["{{n}}",18875002,1799179],"chl_oc3\/13.2.2":["{{n}}",20674181,57829],"chl_oc3\/13.2.3":["{{n}}",20732010,1563014],"chl_oc3\/13.2.4":["{{n}}",22295024,3620617],"chl_oc3\/13.3.0":["{{n}}",25915641,2441339],"chl_oc3\/13.3.1":["{{n}}",28356980,1510359],"chl_oc3\/13.3.2":["{{n}}",29867339,1134399],"chl_oc3\/13.3.3":["{{n}}",31001738,2260481],"chl_oc3\/13.3.4":["{{n}}",33262219,805343],"chl_oc3\/13.4.0":["{{n}}",34067562,683019],"chl_oc3\/13.4.1":["{{n}}",34750581,1279536],"chl_oc3\/13.4.2":["{{n}}",36030117,64969],"chl_oc3\/13.4.3":["{{n}}",36095086,1201281],"chl_oc3\/13.4.4":["{{n}}",37296367,1213422],"chl_oc3\/14.0.0":["{{o}}",151221,2179973],"chl_oc3\/14.0.1":["{{o}}",2331194,450764],"chl_oc3\/14.0.2":["{{o}}",2781958,1229534],"chl_oc3\/14.0.3":["{{o}}",4011492,2524782],"chl_oc3\/14.0.4":["{{o}}",6536274,3363966],"chl_oc3\/14.1.0":["{{o}}",9900240,2231159],"chl_oc3\/14.1.1":["{{o}}",12131399,2933790],"chl_oc3\/14.1.2":["{{o}}",15065189,1641701],"chl_oc3\/14.1.3":["{{o}}",16706890,936574],"chl_oc3\/14.1.4":["{{o}}",17643464,999630],"chl_oc3\/14.2.0":["{{o}}",18643094,3216339],"chl_oc3\/14.2.1":["{{o}}",21859433,1479877],"chl_oc3\/14.2.2":["{{o}}",23339310,69236],"chl_oc3\/14.2.3":["{{o}}",23408546,2505515],"chl_oc3\/14.2.4":["{{o}}",25914061,1056044],"chl_oc3\/14.3.0":["{{o}}",26970105,1722181],"chl_oc3\/14.3.1":["{{o}}",28692286,1024198],"chl_oc3\/14.3.2":["{{o}}",29716484,1669336],"chl_oc3\/14.3.3":["{{o}}",31385820,3533982],"chl_oc3\/14.3.4":["{{o}}",34919802,2113909],"chl_oc3\/14.4.0":["{{o}}",37033711,539044],"chl_oc3\/14.4.1":["{{o}}",37572755,2524155],"chl_oc3\/14.4.2":["{{o}}",40096910,2186906],"chl_oc3\/14.4.3":["{{o}}",42283816,2074236],"chl_oc3\/14.4.4":["{{o}}",44358052,1138760],"chl_oc3\/15.0.0":["{{p}}",151221,1143400],"chl_oc3\/15.0.1":["{{p}}",1294621,467784],"chl_oc3\/15.0.2":["{{p}}",1762405,657678],"chl_oc3\/15.0.3":["{{p}}",2420083,2335387],"chl_oc3\/15.0.4":["{{p}}",4755470,10921],"chl_oc3\/15.1.0":["{{p}}",4766391,3426440],"chl_oc3\/15.1.1":["{{p}}",8192831,2212444],"chl_oc3\/15.1.2":["{{p}}",10405275,961859],"chl_oc3\/15.1.3":["{{p}}",11367134,3137554],"chl_oc3\/15.1.4":["{{p}}",14504688,327729],"chl_oc3\/15.2.0":["{{p}}",14832417,4172496],"chl_oc3\/15.2.1":["{{p}}",19004913,2978188],"chl_oc3\/15.2.2":["{{p}}",21983101,129806],"chl_oc3\/15.2.3":["{{p}}",22112907,2682022],"chl_oc3\/15.2.4":["{{p}}",24794929,990673],"chl_oc3\/15.3.0":["{{p}}",25785602,2475717],"chl_oc3\/15.3.1":["{{p}}",28261319,2662360],"chl_oc3\/15.3.2":["{{p}}",30923679,1564339],"chl_oc3\/15.3.3":["{{p}}",32488018,1655613],"chl_oc3\/15.3.4":["{{p}}",34143631,2663256],"chl_oc3\/15.4.0":["{{p}}",36806887,1705854],"chl_oc3\/15.4.1":["{{p}}",38512741,376186],"chl_oc3\/15.4.2":["{{p}}",38888927,1767988],"chl_oc3\/15.4.3":["{{p}}",40656915,3931429],"chl_oc3\/15.4.4":["{{p}}",44588344,1963145],"chl_oc3\/16.0.0":["{{q}}",151221,1599543],"chl_oc3\/16.0.1":["{{q}}",1750764,509134],"chl_oc3\/16.0.2":["{{q}}",2259898,960742],"chl_oc3\/16.0.3":["{{q}}",3220640,1914153],"chl_oc3\/16.0.4":["{{q}}",5134793,2242781],"chl_oc3\/16.1.0":["{{q}}",7377574,3132295],"chl_oc3\/16.1.1":["{{q}}",10509869,1754208],"chl_oc3\/16.1.2":["{{q}}",12264077,990896],"chl_oc3\/16.1.3":["{{q}}",13254973,1941604],"chl_oc3\/16.1.4":["{{q}}",15196577,1128837],"chl_oc3\/16.2.0":["{{q}}",16325414,2523540],"chl_oc3\/16.2.1":["{{q}}",18848954,1869637],"chl_oc3\/16.2.2":["{{q}}",20718591,124942],"chl_oc3\/16.2.3":["{{q}}",20843533,931271],"chl_oc3\/16.2.4":["{{q}}",21774804,4021468],"chl_oc3\/16.3.0":["{{q}}",25796272,1034118],"chl_oc3\/16.3.1":["{{q}}",26830390,2792913],"chl_oc3\/16.3.2":["{{q}}",29623303,1879695],"chl_oc3\/16.3.3":["{{q}}",31502998,1605261],"chl_oc3\/16.3.4":["{{q}}",33108259,2893975],"chl_oc3\/16.4.0":["{{q}}",36002234,562014],"chl_oc3\/16.4.1":["{{q}}",36564248,2812614],"chl_oc3\/16.4.2":["{{q}}",39376862,273752],"chl_oc3\/16.4.3":["{{q}}",39650614,2523557],"chl_oc3\/16.4.4":["{{q}}",42174171,35814],"chl_oc3\/17.0.0":["{{r}}",151221,605733],"chl_oc3\/17.0.1":["{{r}}",756954,729791],"chl_oc3\/17.0.2":["{{r}}",1486745,1495358],"chl_oc3\/17.0.3":["{{r}}",2982103,740398],"chl_oc3\/17.0.4":["{{r}}",3722501,119104],"chl_oc3\/17.1.0":["{{r}}",3841605,2248291],"chl_oc3\/17.1.1":["{{r}}",6089896,2262749],"chl_oc3\/17.1.2":["{{r}}",8352645,1020169],"chl_oc3\/17.1.3":["{{r}}",9372814,2107014],"chl_oc3\/17.1.4":["{{r}}",11479828,651317],"chl_oc3\/17.2.0":["{{r}}",12131145,1565045],"chl_oc3\/17.2.1":["{{r}}",13696190,2325010],"chl_oc3\/17.2.2":["{{r}}",16021200,55756],"chl_oc3\/17.2.3":["{{r}}",16076956,2058536],"chl_oc3\/17.2.4":["{{r}}",18135492,1757387],"chl_oc3\/17.3.0":["{{r}}",19892879,1933643],"chl_oc3\/17.3.1":["{{r}}",21826522,1858010],"chl_oc3\/17.3.2":["{{r}}",23684532,3002461],"chl_oc3\/17.3.3":["{{r}}",26686993,2070479],"chl_oc3\/17.3.4":["{{r}}",28757472,1722983],"chl_oc3\/17.4.0":["{{r}}",30480455,1057224],"chl_oc3\/17.4.1":["{{r}}",31537679,1730593],"chl_oc3\/17.4.2":["{{r}}",33268272,743565],"chl_oc3\/17.4.3":["{{r}}",34011837,562408],"chl_oc3\/17.4.4":["{{r}}",34574245,514846],"chl_oc3\/18.0.0":["{{s}}",151221,1226934],"chl_oc3\/18.0.1":["{{s}}",1378155,713737],"chl_oc3\/18.0.2":["{{s}}",2091892,1060402],"chl_oc3\/18.0.3":["{{s}}",3152294,2363517],"chl_oc3\/18.0.4":["{{s}}",5515811,2042299],"chl_oc3\/18.1.0":["{{s}}",7558110,981822],"chl_oc3\/18.1.1":["{{s}}",8539932,1453401],"chl_oc3\/18.1.2":["{{s}}",9993333,2124711],"chl_oc3\/18.1.3":["{{s}}",12118044,1909822],"chl_oc3\/18.1.4":["{{s}}",14027866,1183275],"chl_oc3\/18.2.0":["{{s}}",15211141,1496426],"chl_oc3\/18.2.1":["{{s}}",16707567,1377147],"chl_oc3\/18.2.2":["{{s}}",18084714,71784],"chl_oc3\/18.2.3":["{{s}}",18156498,1060596],"chl_oc3\/18.2.4":["{{s}}",19217094,3616957],"chl_oc3\/18.3.0":["{{s}}",22834051,1236957],"chl_oc3\/18.3.1":["{{s}}",24071008,1094839],"chl_oc3\/18.3.2":["{{s}}",25165847,1557877],"chl_oc3\/18.3.3":["{{s}}",26723724,4169717],"chl_oc3\/18.3.4":["{{s}}",30893441,1136183],"chl_oc3\/18.4.0":["{{s}}",32029624,750943],"chl_oc3\/18.4.1":["{{s}}",32780567,1169882],"chl_oc3\/18.4.2":["{{s}}",33950449,620347],"chl_oc3\/18.4.3":["{{s}}",34570796,1317169],"chl_oc3\/18.4.4":["{{s}}",35887965,333898],"chl_oc3\/19.0.0":["{{t}}",151221,1227000],"chl_oc3\/19.0.1":["{{t}}",1378221,104168],"chl_oc3\/19.0.2":["{{t}}",1482389,2175332],"chl_oc3\/19.0.3":["{{t}}",3657721,1036753],"chl_oc3\/19.0.4":["{{t}}",4694474,438724],"chl_oc3\/19.1.0":["{{t}}",5133198,859546],"chl_oc3\/19.1.1":["{{t}}",5992744,2694708],"chl_oc3\/19.1.2":["{{t}}",8687452,1590043],"chl_oc3\/19.1.3":["{{t}}",10277495,1439261],"chl_oc3\/19.1.4":["{{t}}",11716756,906845],"chl_oc3\/19.2.0":["{{t}}",12623601,2731682],"chl_oc3\/19.2.1":["{{t}}",15355283,2344238],"chl_oc3\/19.2.2":["{{t}}",17699521,47009],"chl_oc3\/19.2.3":["{{t}}",17746530,1060762],"chl_oc3\/19.2.4":["{{t}}",18807292,2381872],"chl_oc3\/19.3.0":["{{t}}",21189164,570637],"chl_oc3\/19.3.1":["{{t}}",21759801,853378],"chl_oc3\/19.3.2":["{{t}}",22613179,1787036],"chl_oc3\/19.3.3":["{{t}}",24400215,3073069],"chl_oc3\/19.3.4":["{{t}}",27473284,3368006],"chl_oc3\/19.4.0":["{{t}}",30841290,1801248],"chl_oc3\/19.4.1":["{{t}}",32642538,1345833],"chl_oc3\/19.4.2":["{{t}}",33988371,1717709],"chl_oc3\/19.4.3":["{{t}}",35706080,785669],"chl_oc3\/19.4.4":["{{t}}",36491749,972248],"chl_oc3\/20.0.0":["{{u}}",151221,409264],"chl_oc3\/20.0.1":["{{u}}",560485,169808],"chl_oc3\/20.0.2":["{{u}}",730293,1407502],"chl_oc3\/20.0.3":["{{u}}",2137795,1679173],"chl_oc3\/20.0.4":["{{u}}",3816968,2766935],"chl_oc3\/20.1.0":["{{u}}",6583903,1146822],"chl_oc3\/20.1.1":["{{u}}",7730725,2399946],"chl_oc3\/20.1.2":["{{u}}",10130671,2569222],"chl_oc3\/20.1.3":["{{u}}",12699893,2450823],"chl_oc3\/20.1.4":["{{u}}",15150716,898199],"chl_oc3\/20.2.0":["{{u}}",16048915,2944391],"chl_oc3\/20.2.1":["{{u}}",18993306,2423418],"chl_oc3\/20.2.2":["{{u}}",21416724,37379],"chl_oc3\/20.2.3":["{{u}}",21454103,2045388],"chl_oc3\/20.2.4":["{{u}}",23499491,2230387],"chl_oc3\/20.3.0":["{{u}}",25729878,875222],"chl_oc3\/20.3.1":["{{u}}",26605100,1297198],"chl_oc3\/20.3.2":["{{u}}",27902298,2029953],"chl_oc3\/20.3.3":["{{u}}",29932251,3864273],"chl_oc3\/20.3.4":["{{u}}",33796524,1529687],"chl_oc3\/20.4.0":["{{u}}",35326211,1071188],"chl_oc3\/20.4.1":["{{u}}",36397399,1238788],"chl_oc3\/20.4.2":["{{u}}",37636187,2550713],"chl_oc3\/20.4.3":["{{u}}",40186900,1869827],"chl_oc3\/20.4.4":["{{u}}",42056727,1346289],"chl_oc3\/21.0.0":["{{v}}",151221,642219],"chl_oc3\/21.0.1":["{{v}}",793440,213499],"chl_oc3\/21.0.2":["{{v}}",1006939,1409896],"chl_oc3\/21.0.3":["{{v}}",2416835,1250326],"chl_oc3\/21.0.4":["{{v}}",3667161,492637],"chl_oc3\/21.1.0":["{{v}}",4159798,1595773],"chl_oc3\/21.1.1":["{{v}}",5755571,2719337],"chl_oc3\/21.1.2":["{{v}}",8474908,1350921],"chl_oc3\/21.1.3":["{{v}}",9825829,1573793],"chl_oc3\/21.1.4":["{{v}}",11399622,782725],"chl_oc3\/21.2.0":["{{v}}",12182347,4305440],"chl_oc3\/21.2.1":["{{v}}",16487787,2289450],"chl_oc3\/21.2.2":["{{v}}",18777237,102861],"chl_oc3\/21.2.3":["{{v}}",18880098,1508583],"chl_oc3\/21.2.4":["{{v}}",20388681,3745246],"chl_oc3\/21.3.0":["{{v}}",24133927,1807762],"chl_oc3\/21.3.1":["{{v}}",25941689,1531992],"chl_oc3\/21.3.2":["{{v}}",27473681,2470398],"chl_oc3\/21.3.3":["{{v}}",29944079,2139085],"chl_oc3\/21.3.4":["{{v}}",32083164,4386615],"chl_oc3\/21.4.0":["{{v}}",36469779,1399029],"chl_oc3\/21.4.1":["{{v}}",37868808,432818],"chl_oc3\/21.4.2":["{{v}}",38301626,860937],"chl_oc3\/21.4.3":["{{v}}",39162563,3574118],"chl_oc3\/21.4.4":["{{v}}",42736681,1395066],"chl_oc3\/22.0.0":["{{w}}",151221,876104],"chl_oc3\/22.0.1":["{{w}}",1027325,581843],"chl_oc3\/22.0.2":["{{w}}",1609168,524496],"chl_oc3\/22.0.3":["{{w}}",2133664,1459964],"chl_oc3\/22.0.4":["{{w}}",3593628,631558],"chl_oc3\/22.1.0":["{{w}}",4225186,1187200],"chl_oc3\/22.1.1":["{{w}}",5412386,2310902],"chl_oc3\/22.1.2":["{{w}}",7723288,959555],"chl_oc3\/22.1.3":["{{w}}",8682843,1805603],"chl_oc3\/22.1.4":["{{w}}",10488446,39524],"chl_oc3\/22.2.0":["{{w}}",10527970,3968016],"chl_oc3\/22.2.1":["{{w}}",14495986,2592067],"chl_oc3\/22.2.2":["{{w}}",17088053,142433],"chl_oc3\/22.2.3":["{{w}}",17230486,2455082],"chl_oc3\/22.2.4":["{{w}}",19685568,987426],"chl_oc3\/22.3.0":["{{w}}",20672994,1355474],"chl_oc3\/22.3.1":["{{w}}",22028468,2636921],"chl_oc3\/22.3.2":["{{w}}",24665389,2085684],"chl_oc3\/22.3.3":["{{w}}",26751073,2460771],"chl_oc3\/22.3.4":["{{w}}",29211844,1245061],"chl_oc3\/22.4.0":["{{w}}",30456905,1173253],"chl_oc3\/22.4.1":["{{w}}",31630158,1862251],"chl_oc3\/22.4.2":["{{w}}",33492409,204889],"chl_oc3\/22.4.3":["{{w}}",33697298,1811467],"chl_oc3\/22.4.4":["{{w}}",35508765,2407235],"chl_oc3\/23.0.0":["{{x}}",151221,92980],"chl_oc3\/23.0.1":["{{x}}",244201,387524],"chl_oc3\/23.0.2":["{{x}}",631725,668209],"chl_oc3\/23.0.3":["{{x}}",1299934,23029],"chl_oc3\/23.0.4":["{{x}}",1322963,764861],"chl_oc3\/23.1.0":["{{x}}",2087824,2169057],"chl_oc3\/23.1.1":["{{x}}",4256881,1413520],"chl_oc3\/23.1.2":["{{x}}",5670401,873822],"chl_oc3\/23.1.3":["{{x}}",6544223,1162400],"chl_oc3\/23.1.4":["{{x}}",7706623,1897953],"chl_oc3\/23.2.0":["{{x}}",9604576,3963553],"chl_oc3\/23.2.1":["{{x}}",13568129,2504484],"chl_oc3\/23.2.2":["{{x}}",16072613,56514],"chl_oc3\/23.2.3":["{{x}}",16129127,1013816],"chl_oc3\/23.2.4":["{{x}}",17142943,4879005],"chl_oc3\/23.3.0":["{{x}}",22021948,1248687],"chl_oc3\/23.3.1":["{{x}}",23270635,2665590],"chl_oc3\/23.3.2":["{{x}}",25936225,2752288],"chl_oc3\/23.3.3":["{{x}}",28688513,3126259],"chl_oc3\/23.3.4":["{{x}}",31814772,3765561],"chl_oc3\/23.4.0":["{{x}}",35580333,999501],"chl_oc3\/23.4.1":["{{x}}",36579834,1864454],"chl_oc3\/23.4.2":["{{x}}",38444288,2253267],"chl_oc3\/23.4.3":["{{x}}",40697555,346436],"chl_oc3\/23.4.4":["{{x}}",41043991,1213320],"chl_oc3\/24.0.0":["{{y}}",151221,454849],"chl_oc3\/24.0.1":["{{y}}",606070,776210],"chl_oc3\/24.0.2":["{{y}}",1382280,709780],"chl_oc3\/24.0.3":["{{y}}",2092060,104151],"chl_oc3\/24.0.4":["{{y}}",2196211,10921],"chl_oc3\/24.1.0":["{{y}}",2207132,1170455],"chl_oc3\/24.1.1":["{{y}}",3377587,2172608],"chl_oc3\/24.1.2":["{{y}}",5550195,2052131],"chl_oc3\/24.1.3":["{{y}}",7602326,1002750],"chl_oc3\/24.1.4":["{{y}}",8605076,193195],"chl_oc3\/24.2.0":["{{y}}",8798271,4223913],"chl_oc3\/24.2.1":["{{y}}",13022184,3826025],"chl_oc3\/24.2.2":["{{y}}",16848209,94699],"chl_oc3\/24.2.3":["{{y}}",16942908,1740587],"chl_oc3\/24.2.4":["{{y}}",18683495,889490],"chl_oc3\/24.3.0":["{{y}}",19572985,1091175],"chl_oc3\/24.3.1":["{{y}}",20664160,2480461],"chl_oc3\/24.3.2":["{{y}}",23144621,3393682],"chl_oc3\/24.3.3":["{{y}}",26538303,3818026],"chl_oc3\/24.3.4":["{{y}}",30356329,2187382],"chl_oc3\/24.4.0":["{{y}}",32543711,1893602],"chl_oc3\/24.4.1":["{{y}}",34437313,2231896],"chl_oc3\/24.4.2":["{{y}}",36669209,2124808],"chl_oc3\/24.4.3":["{{y}}",38794017,2694533],"chl_oc3\/24.4.4":["{{y}}",41488550,1592003],"chl_oc3\/25.0.0":["{{z}}",151221,724313],"chl_oc3\/25.0.1":["{{z}}",875534,791072],"chl_oc3\/25.0.2":["{{z}}",1666606,692459],"chl_oc3\/25.0.3":["{{z}}",2359065,478777],"chl_oc3\/25.0.4":["{{z}}",2837842,891281],"chl_oc3\/25.1.0":["{{z}}",3729123,701215],"chl_oc3\/25.1.1":["{{z}}",4430338,2200548],"chl_oc3\/25.1.2":["{{z}}",6630886,1742577],"chl_oc3\/25.1.3":["{{z}}",8373463,485406],"chl_oc3\/25.1.4":["{{z}}",8858869,1306612],"chl_oc3\/25.2.0":["{{z}}",10165481,3880567],"chl_oc3\/25.2.1":["{{z}}",14046048,2279707],"chl_oc3\/25.2.2":["{{z}}",16325755,102451],"chl_oc3\/25.2.3":["{{z}}",16428206,905494],"chl_oc3\/25.2.4":["{{z}}",17333700,1800583],"chl_oc3\/25.3.0":["{{z}}",19134283,1366544],"chl_oc3\/25.3.1":["{{z}}",20500827,920074],"chl_oc3\/25.3.2":["{{z}}",21420901,3527065],"chl_oc3\/25.3.3":["{{z}}",24947966,3449044],"chl_oc3\/25.3.4":["{{z}}",28397010,3115610],"chl_oc3\/25.4.0":["{{z}}",31512620,2633328],"chl_oc3\/25.4.1":["{{z}}",34145948,2211506],"chl_oc3\/25.4.2":["{{z}}",36357454,3500551],"chl_oc3\/25.4.3":["{{z}}",39858005,1217802],"chl_oc3\/25.4.4":["{{z}}",41075807,697820]}}