{"version":1,"templates":{"a":"s3:\/\/imos-data\/IMOS\/SRS\/OC\/gridded\/aqua\/P1D\/2018\/10\/A.P1D.20181001T053000Z.aust.K_490.nc","b":"s3:\/\/imos-data\/IMOS\/SRS\/OC\/gridded\/aqua\/P1D\/2018\/10\/A.P1D.20181002T053000Z.aust.K_490.nc","c":"s3:\/\/imos-data\/IMOS\/SRS\/OC\/gridded\/aqua\/P1D\/2018\/10\/A.P1D.20181004T053000Z.aust.K_490.nc","d":"s3:\/\/imos-data\/IMOS\/SRS\/OC\/gridded\/aqua\/P1D\/2018\/10\/A.P1D.20181005T053000Z.aust.K_490.nc","e":"s3:\/\/imos-data\/IMOS\/SRS\/OC\/gridded\/aqua\/P1D\/2018\/10\/A.P1D.20181006T053000Z.aust.K_490.nc","f":"s3:\/\/imos-data\/IMOS\/SRS\/OC\/gridded\/aqua\/P1D\/2018\/10\/A.P1D.20181007T053000Z.aust.K_490.nc","g":"s3:\/\/imos-data\/IMOS\/SRS\/OC\/gridded\/aqua\/P1D\/2018\/10\/A.P1D.20181008T053000Z.aust.K_490.nc","h":"s3:\/\/imos-data\/IMOS\/SRS\/OC\/gridded\/aqua\/P1D\/2018\/10\/A.P1D.20181009T053000Z.aust.K_490.nc","i":"s3:\/\/imos-data\/IMOS\/SRS\/OC\/gridded\/aqua\/P1D\/2018\/10\/A.P1D.20181010T053000Z.aust.K_490.nc","j":"s3:\/\/imos-data\/IMOS\/SRS\/OC\/gridded\/aqua\/P1D\/2018\/10\/A.P1D.20181011T053000Z.aust.K_490.nc","k":"s3:\/\/imos-data\/IMOS\/SRS\/OC\/gridded\/aqua\/P1D\/2018\/10\/A.P1D.20181012T053000Z.aust.K_490.nc","l":"s3:\/\/imos-data\/IMOS\/SRS\/OC\/gridded\/aqua\/P1D\/2018\/10\/A.P1D.20181013T053000Z.aust.K_490.nc","m":"s3:\/\/imos-data\/IMOS\/SRS\/OC\/gridded\/aqua\/P1D\/2018\/10\/A.P1D.20181014T053000Z.aust.K_490.nc","n":"s3:\/\/imos-data\/IMOS\/SRS\/OC\/gridded\/aqua\/P1D\/2018\/10\/A.P1D.20181015T053000Z.aust.K_490.nc","o":"s3:\/\/imos-data\/IMOS\/SRS\/OC\/gridded\/aqua\/P1D\/2018\/10\/A.P1D.20181016T053000Z.aust.K_490.nc","p":"s3:\/\/imos-data\/IMOS\/SRS\/OC\/gridded\/aqua\/P1D\/2018\/10\/A.P1D.20181017T053000Z.aust.K_490.nc","q":"s3:\/\/imos-data\/IMOS\/SRS\/OC\/gridded\/aqua\/P1D\/2018\/10\/A.P1D.20181018T053000Z.aust.K_490.nc","r":"s3:\/\/imos-data\/IMOS\/SRS\/OC\/gridded\/aqua\/P1D\/2018\/10\/A.P1D.20181019T053000Z.aust.K_490.nc","s":"s3:\/\/imos-data\/IMOS\/SRS\/OC\/gridded\/aqua\/P1D\/2018\/10\/A.P1D.20181020T053000Z.aust.K_490.nc","t":"s3:\/\/imos-data\/IMOS\/SRS\/OC\/gridded\/aqua\/P1D\/2018\/10\/A.P1D.20181021T053000Z.aust.K_490.nc","u":"s3:\/\/imos-data\/IMOS\/SRS\/OC\/gridded\/aqua\/P1D\/2018\/10\/A.P1D.20181022T053000Z.aust.K_490.nc","v":"s3:\/\/imos-data\/IMOS\/SRS\/OC\/gridded\/aqua\/P1D\/2018\/10\/A.P1D.20181023T053000Z.aust.K_490.nc","w":"s3:\/\/imos-data\/IMOS\/SRS\/OC\/gridded\/aqua\/P1D\/2018\/10\/A.P1D.20181024T053000Z.aust.K_490.nc","x":"s3:\/\/imos-data\/IMOS\/SRS\/OC\/gridded\/aqua\/P1D\/2018\/10\/A.P1D.20181025T053000Z.aust.K_490.nc","y":"s3:\/\/imos-data\/IMOS\/SRS\/OC\/gridded\/aqua\/P1D\/2018\/10\/A.P1D.20181026T053000Z.aust.K_490.nc","z":"s3:\/\/imos-data\/IMOS\/SRS\/OC\/gridded\/aqua\/P1D\/2018\/10\/A.P1D.20181027T053000Z.aust.K_490.nc","A":"s3:\/\/imos-data\/IMOS\/SRS\/OC\/gridded\/aqua\/P1D\/2018\/10\/A.P1D.20181028T053000Z.aust.K_490.nc","B":"s3:\/\/imos-data\/IMOS\/SRS\/OC\/gridded\/aqua\/P1D\/2018\/10\/A.P1D.20181029T053000Z.aust.K_490.nc","C":"s3:\/\/imos-data\/IMOS\/SRS\/OC\/gridded\/aqua\/P1D\/2018\/10\/A.P1D.20181030T053000Z.aust.K_490.nc","D":"s3:\/\/imos-data\/IMOS\/SRS\/OC\/gridded\/aqua\/P1D\/2018\/10\/A.P1D.20181031T053000Z.aust.K_490.nc"},"refs":{".zgroup":"{\"zarr_format\":2}",".zattrs":"{\"Conventions\":\"CF-1.6\",\"_NCProperties\":\"version=1|netcdflibversion=4.6.1|hdf5libversion=1.10.4\",\"_nc3_strict\":1,\"history\":\"File initialised at 2020-08-11T23:22:06.487786\\nInitialised var K_490 at 2020-08-11T23:23:03.662274\\nAdd Granule A20181001_0205.20191004083500.L2OC_BASE.K_490.nc at 2020-08-11T23:23:04.641619\\nAdd Granule A20181001_0210.20191004080856.L2OC_BASE.K_490.nc at 2020-08-11T23:23:04.780472\\nAdd Granule A20181001_0330.20191004080023.L2OC_BASE.K_490.nc at 2020-08-11T23:23:04.887660\\nAdd Granule A20181001_0335.20191004072918.L2OC_BASE.K_490.nc at 2020-08-11T23:23:05.102794\\nAdd Granule A20181001_0340.20191004084137.L2OC_BASE.K_490.nc at 2020-08-11T23:23:05.308312\\nAdd Granule A20181001_0345.20191004075239.L2OC_BASE.K_490.nc at 2020-08-11T23:23:05.454006\\nAdd Granule A20181001_0350.20191004081833.L2OC_BASE.K_490.nc at 2020-08-11T23:23:05.578063\\nAdd Granule A20181001_0510.20191004093136.L2OC_BASE.K_490.nc at 2020-08-11T23:23:05.747497\\nAdd Granule A20181001_0515.20191004074158.L2OC_BASE.K_490.nc at 2020-08-11T23:23:05.914018\\nAdd Granule A20181001_0520.20191004082636.L2OC_BASE.K_490.nc at 2020-08-11T23:23:06.073748\\nAdd Granule A20181001_0525.20191004091450.L2OC_BASE.K_490.nc at 2020-08-11T23:23:06.233022\\nAdd Granule A20181001_0530.20191004073550.L2OC_BASE.K_490.nc at 2020-08-11T23:23:06.331125\\nAdd Granule A20181001_0650.20191004080441.L2OC_BASE.K_490.nc at 2020-08-11T23:23:06.526818\\nAdd Granule A20181001_0655.20191004084918.L2OC_BASE.K_490.nc at 2020-08-11T23:23:06.692978\\nAdd Granule A20181001_0700.20191004085603.L2OC_BASE.K_490.nc at 2020-08-11T23:23:06.881409\\nAdd Granule A20181001_0705.20191004083020.L2OC_BASE.K_490.nc at 2020-08-11T23:23:07.007191\\nAdd Granule A20181001_0830.20191004072444.L2OC_BASE.K_490.nc at 2020-08-11T23:23:07.183848\\nAdd Granule A20181001_0835.20191004090517.L2OC_BASE.K_490.nc at 2020-08-11T23:23:07.332623\\nAdd Granule A20181001_0840.20191004092305.L2OC_BASE.K_490.nc at 2020-08-11T23:23:07.405712\\nAdd Granule A20181001_0845.20191004074811.L2OC_BASE.K_490.nc at 2020-08-11T23:23:07.480103\",\"source_path\":\"imos-srs\\\/archive\\\/oc\\\/aqua\\\/1d\\\/v201909\\\/2018\\\/10\\\/A20181001.L2OC_BASE.aust.K_490.nc\"}","K_490\/.zarray":"{\"chunks\":[1,1401,2001],\"compressor\":{\"id\":\"zlib\",\"level\":4},\"dtype\":\"<f4\",\"fill_value\":-999.0,\"filters\":[{\"elementsize\":4,\"id\":\"shuffle\"}],\"order\":\"C\",\"shape\":[30,7001,10001],\"zarr_format\":2}","K_490\/.zattrs":"{\"_ARRAY_DIMENSIONS\":[\"time\",\"latitude\",\"longitude\"],\"flag_applied\":\"HISATZEN LAND CLDICE NAVFAIL\",\"long_name\":\"Diffuse attenuation coefficient at 490 nm (OBPG)\",\"units\":\"m^-1\"}","longitude\/.zarray":"{\n    \"chunks\": [\n        10001\n    ],\n    \"compressor\": null,\n    \"dtype\": \"<f8\",\n    \"fill_value\": 9.969209968386869e+36,\n    \"filters\": null,\n    \"order\": \"C\",\n    \"shape\": [\n        10001\n    ],\n    \"zarr_format\": 2\n}","longitude\/.zattrs":"{\n    \"NAME\": \"longitude\",\n    \"_ARRAY_DIMENSIONS\": [\n        \"longitude\"\n    ],\n    \"_Netcdf4Dimid\": 2,\n    \"axis\": \"X\",\n    \"long_name\": \"longitude\",\n    \"standard_name\": \"longitude\",\n    \"units\": \"degrees_east\"\n}","longitude\/0":["{{a}}",58400,80008],"latitude\/.zarray":"{\n    \"chunks\": [\n        7001\n    ],\n    \"compressor\": null,\n    \"dtype\": \"<f8\",\n    \"fill_value\": 9.969209968386869e+36,\n    \"filters\": null,\n    \"order\": \"C\",\n    \"shape\": [\n        7001\n    ],\n    \"zarr_format\": 2\n}","latitude\/.zattrs":"{\n    \"NAME\": \"latitude\",\n    \"_ARRAY_DIMENSIONS\": [\n        \"latitude\"\n    ],\n    \"_Netcdf4Dimid\": 1,\n    \"axis\": \"Y\",\n    \"long_name\": \"latitude\",\n    \"standard_name\": \"latitude\",\n    \"units\": \"degrees_north\"\n}","latitude\/0":["{{a}}",2392,56008],"time\/.zarray":"{\"chunks\":[30],\"compressor\":{\"blocksize\":0,\"clevel\":5,\"cname\":\"lz4\",\"id\":\"blosc\",\"shuffle\":1},\"dtype\":\"<M8[us]\",\"fill_value\":0,\"filters\":null,\"order\":\"C\",\"shape\":[30],\"zarr_format\":2}","time\/0":"base64:AgExCPAAAADwAAAAuwAAABQAAACjAAAAHwABAAr0eOZGBmbGJobmRqYGZsYmhuZGpgZmxiaG5kamBmbGJquDMgnguI9mPhXtxJtzSiH50Kh\/Vi4F3LSLYzoR6Rg2cpCty+kHJUNgfpy62PYTMU9ti6nH5AIgPlx6lyQ4YHSInLDF2e0BFSk9UWV6jqK2yt7yBhsvQ1drf3d3d3d3d3d3d3d4eHh4eAUAEnkBAB8FAQAKD9EABlAAAAAAAA==","time\/.zattrs":"{\"NAME\":\"time\",\"_ARRAY_DIMENSIONS\":[\"time\"],\"_Netcdf4Dimid\":0,\"axis\":\"T\",\"long_name\":\"time\",\"standard_name\":\"time\"}","K_490\/0.0.0":["{{a}}",151229,125144],"K_490\/0.0.1":["{{a}}",276373,353901],"K_490\/0.0.2":["{{a}}",630274,2191267],"K_490\/0.0.3":["{{a}}",2821541,2603624],"K_490\/0.0.4":["{{a}}",5425165,3342146],"K_490\/0.1.0":["{{a}}",8767311,1231666],"K_490\/0.1.1":["{{a}}",9998977,1801815],"K_490\/0.1.2":["{{a}}",11800792,1863622],"K_490\/0.1.3":["{{a}}",13664414,1995086],"K_490\/0.1.4":["{{a}}",15659500,1420053],"K_490\/0.2.0":["{{a}}",17079553,2743179],"K_490\/0.2.1":["{{a}}",19822732,2141169],"K_490\/0.2.2":["{{a}}",21963901,54833],"K_490\/0.2.3":["{{a}}",22018734,2277263],"K_490\/0.2.4":["{{a}}",24295997,723491],"K_490\/0.3.0":["{{a}}",25019488,1763679],"K_490\/0.3.1":["{{a}}",26783167,1510888],"K_490\/0.3.2":["{{a}}",28294055,1117648],"K_490\/0.3.3":["{{a}}",29411703,2490935],"K_490\/0.3.4":["{{a}}",31902638,968355],"K_490\/0.4.0":["{{a}}",32870993,131896],"K_490\/0.4.1":["{{a}}",33002889,14567],"K_490\/0.4.2":["{{a}}",33017456,962586],"K_490\/0.4.3":["{{a}}",33980042,1342867],"K_490\/0.4.4":["{{a}}",35322909,603632],"K_490\/1.0.0":["{{b}}",151229,643653],"K_490\/1.0.1":["{{b}}",794882,1126647],"K_490\/1.0.2":["{{b}}",1921529,800272],"K_490\/1.0.3":["{{b}}",2721801,1953735],"K_490\/1.0.4":["{{b}}",4675536,1794647],"K_490\/1.1.0":["{{b}}",6470183,1981553],"K_490\/1.1.1":["{{b}}",8451736,2695226],"K_490\/1.1.2":["{{b}}",11146962,1486153],"K_490\/1.1.3":["{{b}}",12633115,995611],"K_490\/1.1.4":["{{b}}",13628726,2342366],"K_490\/1.2.0":["{{b}}",15971092,4091566],"K_490\/1.2.1":["{{b}}",20062658,1851491],"K_490\/1.2.2":["{{b}}",21914149,97502],"K_490\/1.2.3":["{{b}}",22011651,884838],"K_490\/1.2.4":["{{b}}",22896489,1868740],"K_490\/1.3.0":["{{b}}",24765229,1580579],"K_490\/1.3.1":["{{b}}",26345808,1126620],"K_490\/1.3.2":["{{b}}",27472428,570393],"K_490\/1.3.3":["{{b}}",28042821,1926281],"K_490\/1.3.4":["{{b}}",29969102,3215932],"K_490\/1.4.0":["{{b}}",33185034,139065],"K_490\/1.4.1":["{{b}}",33324099,30200],"K_490\/1.4.2":["{{b}}",33354299,174957],"K_490\/1.4.3":["{{b}}",33529256,646521],"K_490\/1.4.4":["{{b}}",34175777,1370606],"K_490\/2.0.0":["{{c}}",151229,1032658],"K_490\/2.0.1":["{{c}}",1183887,1317895],"K_490\/2.0.2":["{{c}}",2501782,935578],"K_490\/2.0.3":["{{c}}",3437360,1809045],"K_490\/2.0.4":["{{c}}",5246405,1893102],"K_490\/2.1.0":["{{c}}",7139507,1485001],"K_490\/2.1.1":["{{c}}",8624508,2006334],"K_490\/2.1.2":["{{c}}",10630842,977759],"K_490\/2.1.3":["{{c}}",11608601,1123863],"K_490\/2.1.4":["{{c}}",12732464,890707],"K_490\/2.2.0":["{{c}}",13623171,2936044],"K_490\/2.2.1":["{{c}}",16559215,2232108],"K_490\/2.2.2":["{{c}}",18791323,121896],"K_490\/2.2.3":["{{c}}",18913219,994247],"K_490\/2.2.4":["{{c}}",19907466,3587390],"K_490\/2.3.0":["{{c}}",23494856,1514640],"K_490\/2.3.1":["{{c}}",25009496,1449984],"K_490\/2.3.2":["{{c}}",26459480,2089385],"K_490\/2.3.3":["{{c}}",28548865,1587116],"K_490\/2.3.4":["{{c}}",30135981,2070384],"K_490\/2.4.0":["{{c}}",32206365,1304038],"K_490\/2.4.1":["{{c}}",33510403,303975],"K_490\/2.4.2":["{{c}}",33814378,1358213],"K_490\/2.4.3":["{{c}}",35172591,1975880],"K_490\/2.4.4":["{{c}}",37148471,472113],"K_490\/3.0.0":["{{d}}",151229,121223],"K_490\/3.0.1":["{{d}}",272452,374876],"K_490\/3.0.2":["{{d}}",647328,2348624],"K_490\/3.0.3":["{{d}}",2995952,2137682],"K_490\/3.0.4":["{{d}}",5133634,163659],"K_490\/3.1.0":["{{d}}",5297293,1268449],"K_490\/3.1.1":["{{d}}",6565742,1632090],"K_490\/3.1.2":["{{d}}",8197832,2299225],"K_490\/3.1.3":["{{d}}",10497057,2015545],"K_490\/3.1.4":["{{d}}",12512602,511324],"K_490\/3.2.0":["{{d}}",13023926,3470212],"K_490\/3.2.1":["{{d}}",16494138,3051983],"K_490\/3.2.2":["{{d}}",19546121,10947],"K_490\/3.2.3":["{{d}}",19557068,2044622],"K_490\/3.2.4":["{{d}}",21601690,1508752],"K_490\/3.3.0":["{{d}}",23110442,1061871],"K_490\/3.3.1":["{{d}}",24172313,1801260],"K_490\/3.3.2":["{{d}}",25973573,1108814],"K_490\/3.3.3":["{{d}}",27082387,2293611],"K_490\/3.3.4":["{{d}}",29375998,2010278],"K_490\/3.4.0":["{{d}}",31386276,325811],"K_490\/3.4.1":["{{d}}",31712087,1499388],"K_490\/3.4.2":["{{d}}",33211475,708980],"K_490\/3.4.3":["{{d}}",33920455,965197],"K_490\/3.4.4":["{{d}}",34885652,2404157],"K_490\/4.0.0":["{{e}}",151229,292794],"K_490\/4.0.1":["{{e}}",444023,600303],"K_490\/4.0.2":["{{e}}",1044326,1953611],"K_490\/4.0.3":["{{e}}",2997937,2502164],"K_490\/4.0.4":["{{e}}",5500101,1811208],"K_490\/4.1.0":["{{e}}",7311309,1352412],"K_490\/4.1.1":["{{e}}",8663721,1284162],"K_490\/4.1.2":["{{e}}",9947883,2710872],"K_490\/4.1.3":["{{e}}",12658755,2257033],"K_490\/4.1.4":["{{e}}",14915788,1591363],"K_490\/4.2.0":["{{e}}",16507151,3146577],"K_490\/4.2.1":["{{e}}",19653728,2021239],"K_490\/4.2.2":["{{e}}",21674967,134824],"K_490\/4.2.3":["{{e}}",21809791,1418759],"K_490\/4.2.4":["{{e}}",23228550,2562769],"K_490\/4.3.0":["{{e}}",25791319,1541707],"K_490\/4.3.1":["{{e}}",27333026,1003972],"K_490\/4.3.2":["{{e}}",28336998,1100346],"K_490\/4.3.3":["{{e}}",29437344,2078139],"K_490\/4.3.4":["{{e}}",31515483,1611555],"K_490\/4.4.0":["{{e}}",33127038,1729606],"K_490\/4.4.1":["{{e}}",34856644,1152077],"K_490\/4.4.2":["{{e}}",36008721,1246364],"K_490\/4.4.3":["{{e}}",37255085,1098005],"K_490\/4.4.4":["{{e}}",38353090,337862],"K_490\/5.0.0":["{{f}}",151229,305430],"K_490\/5.0.1":["{{f}}",456659,255541],"K_490\/5.0.2":["{{f}}",712200,2938513],"K_490\/5.0.3":["{{f}}",3650713,1357919],"K_490\/5.0.4":["{{f}}",5008632,699482],"K_490\/5.1.0":["{{f}}",5708114,1298954],"K_490\/5.1.1":["{{f}}",7007068,2407487],"K_490\/5.1.2":["{{f}}",9414555,2087124],"K_490\/5.1.3":["{{f}}",11501679,1656116],"K_490\/5.1.4":["{{f}}",13157795,250711],"K_490\/5.2.0":["{{f}}",13408506,3509861],"K_490\/5.2.1":["{{f}}",16918367,2858366],"K_490\/5.2.2":["{{f}}",19776733,47598],"K_490\/5.2.3":["{{f}}",19824331,1888750],"K_490\/5.2.4":["{{f}}",21713081,2488867],"K_490\/5.3.0":["{{f}}",24201948,2096753],"K_490\/5.3.1":["{{f}}",26298701,1658640],"K_490\/5.3.2":["{{f}}",27957341,1540675],"K_490\/5.3.3":["{{f}}",29498016,1801839],"K_490\/5.3.4":["{{f}}",31299855,3261237],"K_490\/5.4.0":["{{f}}",34561092,3026317],"K_490\/5.4.1":["{{f}}",37587409,1941154],"K_490\/5.4.2":["{{f}}",39528563,1643054],"K_490\/5.4.3":["{{f}}",41171617,1009103],"K_490\/5.4.4":["{{f}}",42180720,1114604],"K_490\/6.0.0":["{{g}}",151229,139491],"K_490\/6.0.1":["{{g}}",290720,487437],"K_490\/6.0.2":["{{g}}",778157,1973325],"K_490\/6.0.3":["{{g}}",2751482,1917948],"K_490\/6.0.4":["{{g}}",4669430,2440119],"K_490\/6.1.0":["{{g}}",7109549,869276],"K_490\/6.1.1":["{{g}}",7978825,1281381],"K_490\/6.1.2":["{{g}}",9260206,2468216],"K_490\/6.1.3":["{{g}}",11728422,2356116],"K_490\/6.1.4":["{{g}}",14084538,1636394],"K_490\/6.2.0":["{{g}}",15720932,2653391],"K_490\/6.2.1":["{{g}}",18374323,1999772],"K_490\/6.2.2":["{{g}}",20374095,20451],"K_490\/6.2.3":["{{g}}",20394546,2136863],"K_490\/6.2.4":["{{g}}",22531409,1371981],"K_490\/6.3.0":["{{g}}",23903390,1281751],"K_490\/6.3.1":["{{g}}",25185141,1660347],"K_490\/6.3.2":["{{g}}",26845488,1180978],"K_490\/6.3.3":["{{g}}",28026466,1972713],"K_490\/6.3.4":["{{g}}",29999179,972070],"K_490\/6.4.0":["{{g}}",30971249,1317018],"K_490\/6.4.1":["{{g}}",32288267,2322295],"K_490\/6.4.2":["{{g}}",34610562,1852387],"K_490\/6.4.3":["{{g}}",36462949,1190945],"K_490\/6.4.4":["{{g}}",37653894,711842],"K_490\/7.0.0":["{{h}}",151229,71313],"K_490\/7.0.1":["{{h}}",222542,63803],"K_490\/7.0.2":["{{h}}",286345,2199096],"K_490\/7.0.3":["{{h}}",2485441,2360691],"K_490\/7.0.4":["{{h}}",4846132,1617683],"K_490\/7.1.0":["{{h}}",6463815,2022499],"K_490\/7.1.1":["{{h}}",8486314,2466488],"K_490\/7.1.2":["{{h}}",10952802,1633056],"K_490\/7.1.3":["{{h}}",12585858,1467767],"K_490\/7.1.4":["{{h}}",14053625,1113363],"K_490\/7.2.0":["{{h}}",15166988,3516643],"K_490\/7.2.1":["{{h}}",18683631,2208782],"K_490\/7.2.2":["{{h}}",20892413,58719],"K_490\/7.2.3":["{{h}}",20951132,1193508],"K_490\/7.2.4":["{{h}}",22144640,2918554],"K_490\/7.3.0":["{{h}}",25063194,1674975],"K_490\/7.3.1":["{{h}}",26738169,1478079],"K_490\/7.3.2":["{{h}}",28216248,1259495],"K_490\/7.3.3":["{{h}}",29475743,1013224],"K_490\/7.3.4":["{{h}}",30488967,3568858],"K_490\/7.4.0":["{{h}}",34057825,1416126],"K_490\/7.4.1":["{{h}}",35473951,1752403],"K_490\/7.4.2":["{{h}}",37226354,417553],"K_490\/7.4.3":["{{h}}",37643907,1562145],"K_490\/7.4.4":["{{h}}",39206052,490104],"K_490\/8.0.0":["{{i}}",151229,384916],"K_490\/8.0.1":["{{i}}",536145,249496],"K_490\/8.0.2":["{{i}}",785641,1969381],"K_490\/8.0.3":["{{i}}",2755022,2830830],"K_490\/8.0.4":["{{i}}",5585852,2865615],"K_490\/8.1.0":["{{i}}",8451467,981412],"K_490\/8.1.1":["{{i}}",9432879,1478558],"K_490\/8.1.2":["{{i}}",10911437,1648085],"K_490\/8.1.3":["{{i}}",12559522,1855099],"K_490\/8.1.4":["{{i}}",14414621,43556],"K_490\/8.2.0":["{{i}}",14458177,1947598],"K_490\/8.2.1":["{{i}}",16405775,2659447],"K_490\/8.2.2":["{{i}}",19065222,95936],"K_490\/8.2.3":["{{i}}",19161158,2509912],"K_490\/8.2.4":["{{i}}",21671070,941511],"K_490\/8.3.0":["{{i}}",22612581,2170919],"K_490\/8.3.1":["{{i}}",24783500,1374717],"K_490\/8.3.2":["{{i}}",26158217,1362242],"K_490\/8.3.3":["{{i}}",27520459,1306624],"K_490\/8.3.4":["{{i}}",28827083,467046],"K_490\/8.4.0":["{{i}}",29294129,1237625],"K_490\/8.4.1":["{{i}}",30531754,1389542],"K_490\/8.4.2":["{{i}}",31921296,542275],"K_490\/8.4.3":["{{i}}",32463571,297501],"K_490\/8.4.4":["{{i}}",32761072,1478529],"K_490\/9.0.0":["{{j}}",151229,185554],"K_490\/9.0.1":["{{j}}",336783,822525],"K_490\/9.0.2":["{{j}}",1159308,1502497],"K_490\/9.0.3":["{{j}}",2661805,1494828],"K_490\/9.0.4":["{{j}}",4156633,2025061],"K_490\/9.1.0":["{{j}}",6181694,1794194],"K_490\/9.1.1":["{{j}}",7975888,2205022],"K_490\/9.1.2":["{{j}}",10180910,1415040],"K_490\/9.1.3":["{{j}}",11595950,1473181],"K_490\/9.1.4":["{{j}}",13069131,2212053],"K_490\/9.2.0":["{{j}}",15281184,3201995],"K_490\/9.2.1":["{{j}}",18483179,1496352],"K_490\/9.2.2":["{{j}}",19979531,96745],"K_490\/9.2.3":["{{j}}",20076276,843007],"K_490\/9.2.4":["{{j}}",20919283,3587077],"K_490\/9.3.0":["{{j}}",24506360,2234365],"K_490\/9.3.1":["{{j}}",26740725,762781],"K_490\/9.3.2":["{{j}}",27503506,1287959],"K_490\/9.3.3":["{{j}}",28791465,1010934],"K_490\/9.3.4":["{{j}}",29802399,1405201],"K_490\/9.4.0":["{{j}}",31207600,234939],"K_490\/9.4.1":["{{j}}",31442539,2134460],"K_490\/9.4.2":["{{j}}",33576999,280457],"K_490\/9.4.3":["{{j}}",33857456,1305434],"K_490\/9.4.4":["{{j}}",35162890,542669],"K_490\/10.0.0":["{{k}}",151229,305432],"K_490\/10.0.1":["{{k}}",456661,208713],"K_490\/10.0.2":["{{k}}",665374,1783557],"K_490\/10.0.3":["{{k}}",2448931,2012190],"K_490\/10.0.4":["{{k}}",4461121,18106],"K_490\/10.1.0":["{{k}}",4479227,939170],"K_490\/10.1.1":["{{k}}",5418397,1134332],"K_490\/10.1.2":["{{k}}",6552729,2425901],"K_490\/10.1.3":["{{k}}",8978630,1482472],"K_490\/10.1.4":["{{k}}",10461102,109260],"K_490\/10.2.0":["{{k}}",10570362,2838282],"K_490\/10.2.1":["{{k}}",13408644,2007542],"K_490\/10.2.2":["{{k}}",15416186,74984],"K_490\/10.2.3":["{{k}}",15491170,1154086],"K_490\/10.2.4":["{{k}}",16645256,1131235],"K_490\/10.3.0":["{{k}}",17776491,1606202],"K_490\/10.3.1":["{{k}}",19382693,1047413],"K_490\/10.3.2":["{{k}}",20430106,2205022],"K_490\/10.3.3":["{{k}}",22635128,2123924],"K_490\/10.3.4":["{{k}}",24759052,979842],"K_490\/10.4.0":["{{k}}",25738894,726710],"K_490\/10.4.1":["{{k}}",26465604,430195],"K_490\/10.4.2":["{{k}}",26895799,1245780],"K_490\/10.4.3":["{{k}}",28141579,1254816],"K_490\/10.4.4":["{{k}}",29396395,636831],"K_490\/11.0.0":["{{l}}",151229,964189],"K_490\/11.0.1":["{{l}}",1115418,393999],"K_490\/11.0.2":["{{l}}",1509417,1291754],"K_490\/11.0.3":["{{l}}",2801171,2603131],"K_490\/11.0.4":["{{l}}",5404302,1429305],"K_490\/11.1.0":["{{l}}",6833607,1555791],"K_490\/11.1.1":["{{l}}",8389398,1386413],"K_490\/11.1.2":["{{l}}",9775811,1981951],"K_490\/11.1.3":["{{l}}",11757762,1058309],"K_490\/11.1.4":["{{l}}",12816071,1586878],"K_490\/11.2.0":["{{l}}",14402949,2140628],"K_490\/11.2.1":["{{l}}",16543577,1546963],"K_490\/11.2.2":["{{l}}",18090540,98783],"K_490\/11.2.3":["{{l}}",18189323,17748],"K_490\/11.2.4":["{{l}}",18207071,3016477],"K_490\/11.3.0":["{{l}}",21223548,2014524],"K_490\/11.3.1":["{{l}}",23238072,2687376],"K_490\/11.3.2":["{{l}}",25925448,1314665],"K_490\/11.3.3":["{{l}}",27240113,1934316],"K_490\/11.3.4":["{{l}}",29174429,1977375],"K_490\/11.4.0":["{{l}}",31151804,693447],"K_490\/11.4.1":["{{l}}",31845251,1925253],"K_490\/11.4.2":["{{l}}",33770504,466774],"K_490\/11.4.3":["{{l}}",34237278,2161409],"K_490\/11.4.4":["{{l}}",36398687,86996],"K_490\/12.0.0":["{{m}}",151229,958923],"K_490\/12.0.1":["{{m}}",1110152,20505],"K_490\/12.0.2":["{{m}}",1130657,1327650],"K_490\/12.0.3":["{{m}}",2458307,2248182],"K_490\/12.0.4":["{{m}}",4706489,478885],"K_490\/12.1.0":["{{m}}",5185374,1747681],"K_490\/12.1.1":["{{m}}",6933055,1765376],"K_490\/12.1.2":["{{m}}",8698431,1735613],"K_490\/12.1.3":["{{m}}",10434044,930249],"K_490\/12.1.4":["{{m}}",11364293,43060],"K_490\/12.2.0":["{{m}}",11407353,1527357],"K_490\/12.2.1":["{{m}}",12934710,2699871],"K_490\/12.2.2":["{{m}}",15634581,28108],"K_490\/12.2.3":["{{m}}",15662689,424020],"K_490\/12.2.4":["{{m}}",16086709,86532],"K_490\/12.3.0":["{{m}}",16173241,1780847],"K_490\/12.3.1":["{{m}}",17954088,2780799],"K_490\/12.3.2":["{{m}}",20734887,1025852],"K_490\/12.3.3":["{{m}}",21760739,1671586],"K_490\/12.3.4":["{{m}}",23432325,2025826],"K_490\/12.4.0":["{{m}}",25458151,1167970],"K_490\/12.4.1":["{{m}}",26626121,637638],"K_490\/12.4.2":["{{m}}",27263759,957438],"K_490\/12.4.3":["{{m}}",28221197,1781639],"K_490\/12.4.4":["{{m}}",30002836,692779],"K_490\/13.0.0":["{{n}}",151229,924674],"K_490\/13.0.1":["{{n}}",1075903,207616],"K_490\/13.0.2":["{{n}}",1283519,392317],"K_490\/13.0.3":["{{n}}",1675836,1828721],"K_490\/13.0.4":["{{n}}",3504557,2599051],"K_490\/13.1.0":["{{n}}",6103608,1372262],"K_490\/13.1.1":["{{n}}",7475870,1426415],"K_490\/13.1.2":["{{n}}",8902285,1503184],"K_490\/13.1.3":["{{n}}",10405469,1698228],"K_490\/13.1.4":["{{n}}",12103697,776180],"K_490\/13.2.0":["{{n}}",12879877,2193727],"K_490\/13.2.1":["{{n}}",15073604,1204933],"K_490\/13.2.2":["{{n}}",16278537,50637],"K_490\/13.2.3":["{{n}}",16329174,1177567],"K_490\/13.2.4":["{{n}}",17506741,1048409],"K_490\/13.3.0":["{{n}}",18555150,850682],"K_490\/13.3.1":["{{n}}",19405832,2393349],"K_490\/13.3.2":["{{n}}",21799181,1989602],"K_490\/13.3.3":["{{n}}",23788783,1952526],"K_490\/13.3.4":["{{n}}",25741309,533656],"K_490\/13.4.0":["{{n}}",26274965,1212303],"K_490\/13.4.1":["{{n}}",27487268,2747597],"K_490\/13.4.2":["{{n}}",30234865,746871],"K_490\/13.4.3":["{{n}}",30981736,428754],"K_490\/13.4.4":["{{n}}",31410490,878818],"K_490\/14.0.0":["{{o}}",151229,692821],"K_490\/14.0.1":["{{o}}",844050,1180601],"K_490\/14.0.2":["{{o}}",2024651,308848],"K_490\/14.0.3":["{{o}}",2333499,1488488],"K_490\/14.0.4":["{{o}}",3821987,837113],"K_490\/14.1.0":["{{o}}",4659100,2105177],"K_490\/14.1.1":["{{o}}",6764277,2420103],"K_490\/14.1.2":["{{o}}",9184380,908257],"K_490\/14.1.3":["{{o}}",10092637,543439],"K_490\/14.1.4":["{{o}}",10636076,544293],"K_490\/14.2.0":["{{o}}",11180369,3336369],"K_490\/14.2.1":["{{o}}",14516738,2150272],"K_490\/14.2.2":["{{o}}",16667010,80682],"K_490\/14.2.3":["{{o}}",16747692,528188],"K_490\/14.2.4":["{{o}}",17275880,294699],"K_490\/14.3.0":["{{o}}",17570579,2782443],"K_490\/14.3.1":["{{o}}",20353022,943373],"K_490\/14.3.2":["{{o}}",21296395,1856071],"K_490\/14.3.3":["{{o}}",23152466,1423409],"K_490\/14.3.4":["{{o}}",24575875,1704262],"K_490\/14.4.0":["{{o}}",26280137,821312],"K_490\/14.4.1":["{{o}}",27101449,1773254],"K_490\/14.4.2":["{{o}}",28874703,2697189],"K_490\/14.4.3":["{{o}}",31571892,39071],"K_490\/14.4.4":["{{o}}",31610963,343460],"K_490\/15.0.0":["{{p}}",151229,124313],"K_490\/15.0.1":["{{p}}",275542,401027],"K_490\/15.0.2":["{{p}}",676569,1254611],"K_490\/15.0.3":["{{p}}",1931180,1489326],"K_490\/15.0.4":["{{p}}",3420506,1745161],"K_490\/15.1.0":["{{p}}",5165667,837736],"K_490\/15.1.1":["{{p}}",6003403,1477479],"K_490\/15.1.2":["{{p}}",7480882,1057347],"K_490\/15.1.3":["{{p}}",8538229,970898],"K_490\/15.1.4":["{{p}}",9509127,815897],"K_490\/15.2.0":["{{p}}",10325024,1645700],"K_490\/15.2.1":["{{p}}",11970724,2862939],"K_490\/15.2.2":["{{p}}",14833663,71125],"K_490\/15.2.3":["{{p}}",14904788,936326],"K_490\/15.2.4":["{{p}}",15841114,176278],"K_490\/15.3.0":["{{p}}",16017392,786467],"K_490\/15.3.1":["{{p}}",16803859,2348929],"K_490\/15.3.2":["{{p}}",19152788,1510243],"K_490\/15.3.3":["{{p}}",20663031,1995675],"K_490\/15.3.4":["{{p}}",22658706,935729],"K_490\/15.4.0":["{{p}}",23594435,266353],"K_490\/15.4.1":["{{p}}",23860788,668849],"K_490\/15.4.2":["{{p}}",24529637,336386],"K_490\/15.4.3":["{{p}}",24866023,2006966],"K_490\/15.4.4":["{{p}}",26872989,740942],"K_490\/16.0.0":["{{q}}",151229,1397482],"K_490\/16.0.1":["{{q}}",1548711,274570],"K_490\/16.0.2":["{{q}}",1823281,316134],"K_490\/16.0.3":["{{q}}",2139415,608096],"K_490\/16.0.4":["{{q}}",2747511,1126360],"K_490\/16.1.0":["{{q}}",3873871,1586057],"K_490\/16.1.1":["{{q}}",5459928,1877239],"K_490\/16.1.2":["{{q}}",7337167,642061],"K_490\/16.1.3":["{{q}}",7979228,587103],"K_490\/16.1.4":["{{q}}",8566331,1356109],"K_490\/16.2.0":["{{q}}",9922440,1647532],"K_490\/16.2.1":["{{q}}",11569972,1618479],"K_490\/16.2.2":["{{q}}",13188451,60165],"K_490\/16.2.3":["{{q}}",13248616,524223],"K_490\/16.2.4":["{{q}}",13772839,1041166],"K_490\/16.3.0":["{{q}}",14814005,474291],"K_490\/16.3.1":["{{q}}",15288296,755307],"K_490\/16.3.2":["{{q}}",16043603,1190150],"K_490\/16.3.3":["{{q}}",17233753,940823],"K_490\/16.3.4":["{{q}}",18174576,3122421],"K_490\/16.4.0":["{{q}}",21296997,385777],"K_490\/16.4.1":["{{q}}",21682774,614781],"K_490\/16.4.2":["{{q}}",22297555,385195],"K_490\/16.4.3":["{{q}}",22682750,116129],"K_490\/16.4.4":["{{q}}",22798879,2238593],"K_490\/17.0.0":["{{r}}",151229,1024830],"K_490\/17.0.1":["{{r}}",1176059,652434],"K_490\/17.0.2":["{{r}}",1828493,1398413],"K_490\/17.0.3":["{{r}}",3226906,453479],"K_490\/17.0.4":["{{r}}",3680385,10921],"K_490\/17.1.0":["{{r}}",3691306,1292396],"K_490\/17.1.1":["{{r}}",4983702,1487530],"K_490\/17.1.2":["{{r}}",6471232,1760625],"K_490\/17.1.3":["{{r}}",8231857,630668],"K_490\/17.1.4":["{{r}}",8862525,19165],"K_490\/17.2.0":["{{r}}",8881690,2268473],"K_490\/17.2.1":["{{r}}",11150163,1319645],"K_490\/17.2.2":["{{r}}",12469808,98093],"K_490\/17.2.3":["{{r}}",12567901,1498238],"K_490\/17.2.4":["{{r}}",14066139,347734],"K_490\/17.3.0":["{{r}}",14413873,1027498],"K_490\/17.3.1":["{{r}}",15441371,1677213],"K_490\/17.3.2":["{{r}}",17118584,2235458],"K_490\/17.3.3":["{{r}}",19354042,2229548],"K_490\/17.3.4":["{{r}}",21583590,756650],"K_490\/17.4.0":["{{r}}",22340240,881077],"K_490\/17.4.1":["{{r}}",23221317,618846],"K_490\/17.4.2":["{{r}}",23840163,684628],"K_490\/17.4.3":["{{r}}",24524791,66071],"K_490\/17.4.4":["{{r}}",24590862,245669],"K_490\/18.0.0":["{{s}}",151229,1852392],"K_490\/18.0.1":["{{s}}",2003621,1036342],"K_490\/18.0.2":["{{s}}",3039963,829149],"K_490\/18.0.3":["{{s}}",3869112,638266],"K_490\/18.0.4":["{{s}}",4507378,978449],"K_490\/18.1.0":["{{s}}",5485827,2095859],"K_490\/18.1.1":["{{s}}",7581686,1447999],"K_490\/18.1.2":["{{s}}",9029685,1005329],"K_490\/18.1.3":["{{s}}",10035014,890032],"K_490\/18.1.4":["{{s}}",10925046,1344931],"K_490\/18.2.0":["{{s}}",12269977,2612085],"K_490\/18.2.1":["{{s}}",14882062,1320023],"K_490\/18.2.2":["{{s}}",16202085,127314],"K_490\/18.2.3":["{{s}}",16329399,949217],"K_490\/18.2.4":["{{s}}",17278616,1418050],"K_490\/18.3.0":["{{s}}",18696666,989011],"K_490\/18.3.1":["{{s}}",19685677,1099874],"K_490\/18.3.2":["{{s}}",20785551,2523776],"K_490\/18.3.3":["{{s}}",23309327,1008621],"K_490\/18.3.4":["{{s}}",24317948,3137389],"K_490\/18.4.0":["{{s}}",27455337,715777],"K_490\/18.4.1":["{{s}}",28171114,2282029],"K_490\/18.4.2":["{{s}}",30453143,1183022],"K_490\/18.4.3":["{{s}}",31636165,380132],"K_490\/18.4.4":["{{s}}",32016297,11821],"K_490\/19.0.0":["{{t}}",151229,1164223],"K_490\/19.0.1":["{{t}}",1315452,776884],"K_490\/19.0.2":["{{t}}",2092336,1355024],"K_490\/19.0.3":["{{t}}",3447360,1039495],"K_490\/19.0.4":["{{t}}",4486855,26902],"K_490\/19.1.0":["{{t}}",4513757,1710471],"K_490\/19.1.1":["{{t}}",6224228,1567064],"K_490\/19.1.2":["{{t}}",7791292,809548],"K_490\/19.1.3":["{{t}}",8600840,854861],"K_490\/19.1.4":["{{t}}",9455701,154494],"K_490\/19.2.0":["{{t}}",9610195,2240450],"K_490\/19.2.1":["{{t}}",11850645,1843728],"K_490\/19.2.2":["{{t}}",13694373,47033],"K_490\/19.2.3":["{{t}}",13741406,1259225],"K_490\/19.2.4":["{{t}}",15000631,563348],"K_490\/19.3.0":["{{t}}",15563979,696854],"K_490\/19.3.1":["{{t}}",16260833,1978218],"K_490\/19.3.2":["{{t}}",18239051,2439357],"K_490\/19.3.3":["{{t}}",20678408,1048528],"K_490\/19.3.4":["{{t}}",21726936,2049878],"K_490\/19.4.0":["{{t}}",23776814,612140],"K_490\/19.4.1":["{{t}}",24388954,1994717],"K_490\/19.4.2":["{{t}}",26383671,2398438],"K_490\/19.4.3":["{{t}}",28782109,637097],"K_490\/19.4.4":["{{t}}",29419206,521072],"K_490\/20.0.0":["{{u}}",151229,2115394],"K_490\/20.0.1":["{{u}}",2266623,611222],"K_490\/20.0.2":["{{u}}",2877845,586400],"K_490\/20.0.3":["{{u}}",3464245,951576],"K_490\/20.0.4":["{{u}}",4415821,2790137],"K_490\/20.1.0":["{{u}}",7205958,1195240],"K_490\/20.1.1":["{{u}}",8401198,1372219],"K_490\/20.1.2":["{{u}}",9773417,1373670],"K_490\/20.1.3":["{{u}}",11147087,1523879],"K_490\/20.1.4":["{{u}}",12670966,2145019],"K_490\/20.2.0":["{{u}}",14815985,2305189],"K_490\/20.2.1":["{{u}}",17121174,1538547],"K_490\/20.2.2":["{{u}}",18659721,102222],"K_490\/20.2.3":["{{u}}",18761943,1401568],"K_490\/20.2.4":["{{u}}",20163511,2269971],"K_490\/20.3.0":["{{u}}",22433482,1091512],"K_490\/20.3.1":["{{u}}",23524994,1184411],"K_490\/20.3.2":["{{u}}",24709405,3254658],"K_490\/20.3.3":["{{u}}",27964063,2875946],"K_490\/20.3.4":["{{u}}",30840009,1366004],"K_490\/20.4.0":["{{u}}",32206013,794227],"K_490\/20.4.1":["{{u}}",33000240,466738],"K_490\/20.4.2":["{{u}}",33466978,2647595],"K_490\/20.4.3":["{{u}}",36114573,836529],"K_490\/20.4.4":["{{u}}",36951102,144859],"K_490\/21.0.0":["{{v}}",151229,1285931],"K_490\/21.0.1":["{{v}}",1437160,862784],"K_490\/21.0.2":["{{v}}",2299944,818361],"K_490\/21.0.3":["{{v}}",3118305,540875],"K_490\/21.0.4":["{{v}}",3659180,457823],"K_490\/21.1.0":["{{v}}",4117003,1658851],"K_490\/21.1.1":["{{v}}",5775854,2157396],"K_490\/21.1.2":["{{v}}",7933250,1543945],"K_490\/21.1.3":["{{v}}",9477195,1101826],"K_490\/21.1.4":["{{v}}",10579021,1044730],"K_490\/21.2.0":["{{v}}",11623751,2891419],"K_490\/21.2.1":["{{v}}",14515170,2418373],"K_490\/21.2.2":["{{v}}",16933543,43581],"K_490\/21.2.3":["{{v}}",16977124,1426570],"K_490\/21.2.4":["{{v}}",18403694,1524206],"K_490\/21.3.0":["{{v}}",19927900,1706213],"K_490\/21.3.1":["{{v}}",21634113,574534],"K_490\/21.3.2":["{{v}}",22208647,2739255],"K_490\/21.3.3":["{{v}}",24947902,1968223],"K_490\/21.3.4":["{{v}}",26916125,2856963],"K_490\/21.4.0":["{{v}}",29773088,755861],"K_490\/21.4.1":["{{v}}",30528949,1646982],"K_490\/21.4.2":["{{v}}",32175931,1625778],"K_490\/21.4.3":["{{v}}",33801709,1709076],"K_490\/21.4.4":["{{v}}",35510785,710411],"K_490\/22.0.0":["{{w}}",151229,1387654],"K_490\/22.0.1":["{{w}}",1538883,694921],"K_490\/22.0.2":["{{w}}",2233804,1665976],"K_490\/22.0.3":["{{w}}",3899780,49504],"K_490\/22.0.4":["{{w}}",3949284,842088],"K_490\/22.1.0":["{{w}}",4791372,1103260],"K_490\/22.1.1":["{{w}}",5894632,1062895],"K_490\/22.1.2":["{{w}}",6957527,1944343],"K_490\/22.1.3":["{{w}}",8901870,955028],"K_490\/22.1.4":["{{w}}",9856898,2046193],"K_490\/22.2.0":["{{w}}",11903091,2139879],"K_490\/22.2.1":["{{w}}",14042970,1225063],"K_490\/22.2.2":["{{w}}",15268033,49070],"K_490\/22.2.3":["{{w}}",15317103,2159930],"K_490\/22.2.4":["{{w}}",17477033,1263942],"K_490\/22.3.0":["{{w}}",18740975,1028740],"K_490\/22.3.1":["{{w}}",19769715,1498749],"K_490\/22.3.2":["{{w}}",21268464,1614779],"K_490\/22.3.3":["{{w}}",22883243,2825611],"K_490\/22.3.4":["{{w}}",25708854,137165],"K_490\/22.4.0":["{{w}}",25846019,2399683],"K_490\/22.4.1":["{{w}}",28245702,115403],"K_490\/22.4.2":["{{w}}",28361105,1324436],"K_490\/22.4.3":["{{w}}",29685541,2396613],"K_490\/22.4.4":["{{w}}",32082154,983894],"K_490\/23.0.0":["{{x}}",151229,936024],"K_490\/23.0.1":["{{x}}",1087253,666424],"K_490\/23.0.2":["{{x}}",1753677,1686431],"K_490\/23.0.3":["{{x}}",3440108,286581],"K_490\/23.0.4":["{{x}}",3726689,226526],"K_490\/23.1.0":["{{x}}",3953215,2236222],"K_490\/23.1.1":["{{x}}",6189437,2280523],"K_490\/23.1.2":["{{x}}",8469960,1290727],"K_490\/23.1.3":["{{x}}",9760687,546380],"K_490\/23.1.4":["{{x}}",10307067,880459],"K_490\/23.2.0":["{{x}}",11187526,2800773],"K_490\/23.2.1":["{{x}}",13988299,1730081],"K_490\/23.2.2":["{{x}}",15718380,50707],"K_490\/23.2.3":["{{x}}",15769087,982975],"K_490\/23.2.4":["{{x}}",16752062,2256882],"K_490\/23.3.0":["{{x}}",19008944,3209204],"K_490\/23.3.1":["{{x}}",22218148,906104],"K_490\/23.3.2":["{{x}}",23124252,1936715],"K_490\/23.3.3":["{{x}}",25060967,1268923],"K_490\/23.3.4":["{{x}}",26329890,2766205],"K_490\/23.4.0":["{{x}}",29096095,1629139],"K_490\/23.4.1":["{{x}}",30725234,3130171],"K_490\/23.4.2":["{{x}}",33855405,585327],"K_490\/23.4.3":["{{x}}",34440732,1078434],"K_490\/23.4.4":["{{x}}",35519166,2400392],"K_490\/24.0.0":["{{y}}",151229,1040219],"K_490\/24.0.1":["{{y}}",1191448,585642],"K_490\/24.0.2":["{{y}}",1777090,918985],"K_490\/24.0.3":["{{y}}",2696075,97907],"K_490\/24.0.4":["{{y}}",2793982,1933795],"K_490\/24.1.0":["{{y}}",4727777,1240515],"K_490\/24.1.1":["{{y}}",5968292,1862225],"K_490\/24.1.2":["{{y}}",7830517,1569711],"K_490\/24.1.3":["{{y}}",9400228,579125],"K_490\/24.1.4":["{{y}}",9979353,37983],"K_490\/24.2.0":["{{y}}",10017336,2088355],"K_490\/24.2.1":["{{y}}",12105691,1340285],"K_490\/24.2.2":["{{y}}",13445976,94770],"K_490\/24.2.3":["{{y}}",13540746,2034154],"K_490\/24.2.4":["{{y}}",15574900,390690],"K_490\/24.3.0":["{{y}}",15965590,3205238],"K_490\/24.3.1":["{{y}}",19170828,2020949],"K_490\/24.3.2":["{{y}}",21191777,1738437],"K_490\/24.3.3":["{{y}}",22930214,1958298],"K_490\/24.3.4":["{{y}}",24888512,667575],"K_490\/24.4.0":["{{y}}",25556087,795560],"K_490\/24.4.1":["{{y}}",26351647,923142],"K_490\/24.4.2":["{{y}}",27274789,2947003],"K_490\/24.4.3":["{{y}}",30221792,1034842],"K_490\/24.4.4":["{{y}}",31256634,780789],"K_490\/25.0.0":["{{z}}",151229,1213882],"K_490\/25.0.1":["{{z}}",1365111,1885918],"K_490\/25.0.2":["{{z}}",3251029,522041],"K_490\/25.0.3":["{{z}}",3773070,393938],"K_490\/25.0.4":["{{z}}",4167008,1326477],"K_490\/25.1.0":["{{z}}",5493485,1471488],"K_490\/25.1.1":["{{z}}",6964973,2019634],"K_490\/25.1.2":["{{z}}",8984607,1378232],"K_490\/25.1.3":["{{z}}",10362839,1110945],"K_490\/25.1.4":["{{z}}",11473784,1647864],"K_490\/25.2.0":["{{z}}",13121648,1440972],"K_490\/25.2.1":["{{z}}",14562620,885680],"K_490\/25.2.2":["{{z}}",15448300,75764],"K_490\/25.2.3":["{{z}}",15524064,966931],"K_490\/25.2.4":["{{z}}",16490995,2979177],"K_490\/25.3.0":["{{z}}",19470172,1455367],"K_490\/25.3.1":["{{z}}",20925539,1303122],"K_490\/25.3.2":["{{z}}",22228661,1801711],"K_490\/25.3.3":["{{z}}",24030372,1613356],"K_490\/25.3.4":["{{z}}",25643728,1982827],"K_490\/25.4.0":["{{z}}",27626555,1966220],"K_490\/25.4.1":["{{z}}",29592775,2226243],"K_490\/25.4.2":["{{z}}",31819018,720510],"K_490\/25.4.3":["{{z}}",32539528,2461673],"K_490\/25.4.4":["{{z}}",35001201,373400],"K_490\/26.0.0":["{{A}}",151229,480723],"K_490\/26.0.1":["{{A}}",631952,337149],"K_490\/26.0.2":["{{A}}",969101,1268854],"K_490\/26.0.3":["{{A}}",2237955,2123796],"K_490\/26.0.4":["{{A}}",4361751,11204],"K_490\/26.1.0":["{{A}}",4372955,1446965],"K_490\/26.1.1":["{{A}}",5819920,2020627],"K_490\/26.1.2":["{{A}}",7840547,1858651],"K_490\/26.1.3":["{{A}}",9699198,1270364],"K_490\/26.1.4":["{{A}}",10969562,379079],"K_490\/26.2.0":["{{A}}",11348641,2655108],"K_490\/26.2.1":["{{A}}",14003749,1675340],"K_490\/26.2.2":["{{A}}",15679089,54379],"K_490\/26.2.3":["{{A}}",15733468,1228910],"K_490\/26.2.4":["{{A}}",16962378,1339027],"K_490\/26.3.0":["{{A}}",18301405,3230558],"K_490\/26.3.1":["{{A}}",21531963,899351],"K_490\/26.3.2":["{{A}}",22431314,1576758],"K_490\/26.3.3":["{{A}}",24008072,1598657],"K_490\/26.3.4":["{{A}}",25606729,746146],"K_490\/26.4.0":["{{A}}",26352875,1478670],"K_490\/26.4.1":["{{A}}",27831545,800948],"K_490\/26.4.2":["{{A}}",28632493,2516878],"K_490\/26.4.3":["{{A}}",31149371,1352448],"K_490\/26.4.4":["{{A}}",32501819,1096710],"K_490\/27.0.0":["{{B}}",151229,1751248],"K_490\/27.0.1":["{{B}}",1902477,816749],"K_490\/27.0.2":["{{B}}",2719226,1114502],"K_490\/27.0.3":["{{B}}",3833728,1894607],"K_490\/27.0.4":["{{B}}",5728335,1018023],"K_490\/27.1.0":["{{B}}",6746358,2002391],"K_490\/27.1.1":["{{B}}",8748749,1943289],"K_490\/27.1.2":["{{B}}",10692038,1748099],"K_490\/27.1.3":["{{B}}",12440137,1356187],"K_490\/27.1.4":["{{B}}",13796324,1892132],"K_490\/27.2.0":["{{B}}",15688456,1145869],"K_490\/27.2.1":["{{B}}",16834325,979459],"K_490\/27.2.2":["{{B}}",17813784,133711],"K_490\/27.2.3":["{{B}}",17947495,680180],"K_490\/27.2.4":["{{B}}",18627675,3399571],"K_490\/27.3.0":["{{B}}",22027246,1918794],"K_490\/27.3.1":["{{B}}",23946040,3041760],"K_490\/27.3.2":["{{B}}",26987800,1711393],"K_490\/27.3.3":["{{B}}",28699193,2716113],"K_490\/27.3.4":["{{B}}",31415306,1405044],"K_490\/27.4.0":["{{B}}",32820350,1027401],"K_490\/27.4.1":["{{B}}",33847751,1868473],"K_490\/27.4.2":["{{B}}",35716224,1397313],"K_490\/27.4.3":["{{B}}",37113537,2516635],"K_490\/27.4.4":["{{B}}",39630172,408240],"K_490\/28.0.0":["{{C}}",151229,391651],"K_490\/28.0.1":["{{C}}",542880,449897],"K_490\/28.0.2":["{{C}}",992777,1976021],"K_490\/28.0.3":["{{C}}",2968798,2831744],"K_490\/28.0.4":["{{C}}",5800542,15476],"K_490\/28.1.0":["{{C}}",5816018,1621938],"K_490\/28.1.1":["{{C}}",7437956,2515527],"K_490\/28.1.2":["{{C}}",9953483,2330181],"K_490\/28.1.3":["{{C}}",12283664,1511943],"K_490\/28.1.4":["{{C}}",13795607,730016],"K_490\/28.2.0":["{{C}}",14525623,1391499],"K_490\/28.2.1":["{{C}}",15917122,1637713],"K_490\/28.2.2":["{{C}}",17554835,49309],"K_490\/28.2.3":["{{C}}",17604144,1081900],"K_490\/28.2.4":["{{C}}",18686044,2012935],"K_490\/28.3.0":["{{C}}",20698979,1758764],"K_490\/28.3.1":["{{C}}",22457743,3091240],"K_490\/28.3.2":["{{C}}",25548983,3524544],"K_490\/28.3.3":["{{C}}",29073527,1482189],"K_490\/28.3.4":["{{C}}",30555716,1662120],"K_490\/28.4.0":["{{C}}",32217836,893489],"K_490\/28.4.1":["{{C}}",33111325,2467191],"K_490\/28.4.2":["{{C}}",35578516,2266331],"K_490\/28.4.3":["{{C}}",37844847,3063735],"K_490\/28.4.4":["{{C}}",40908582,1693104],"K_490\/29.0.0":["{{D}}",151229,830654],"K_490\/29.0.1":["{{D}}",981883,479978],"K_490\/29.0.2":["{{D}}",1461861,1446317],"K_490\/29.0.3":["{{D}}",2908178,2605133],"K_490\/29.0.4":["{{D}}",5513311,3070326],"K_490\/29.1.0":["{{D}}",8583637,963556],"K_490\/29.1.1":["{{D}}",9547193,1232097],"K_490\/29.1.2":["{{D}}",10779290,2423949],"K_490\/29.1.3":["{{D}}",13203239,1531852],"K_490\/29.1.4":["{{D}}",14735091,1607431],"K_490\/29.2.0":["{{D}}",16342522,1145148],"K_490\/29.2.1":["{{D}}",17487670,626965],"K_490\/29.2.2":["{{D}}",18114635,61414],"K_490\/29.2.3":["{{D}}",18176049,1360799],"K_490\/29.2.4":["{{D}}",19536848,2892821],"K_490\/29.3.0":["{{D}}",22429669,2817521],"K_490\/29.3.1":["{{D}}",25247190,2366265],"K_490\/29.3.2":["{{D}}",27613455,2823521],"K_490\/29.3.3":["{{D}}",30436976,3802502],"K_490\/29.3.4":["{{D}}",34239478,585949],"K_490\/29.4.0":["{{D}}",34825427,397274],"K_490\/29.4.1":["{{D}}",35222701,1540767],"K_490\/29.4.2":["{{D}}",36763468,1795074],"K_490\/29.4.3":["{{D}}",38558542,3536046],"K_490\/29.4.4":["{{D}}",42094588,1406738]}}