{"version":1,"templates":{"a":"s3:\/\/imos-data\/IMOS\/SRS\/OC\/gridded\/aqua\/P1D\/2019\/11\/A.P1D.20191101T053000Z.aust.K_490.nc","b":"s3:\/\/imos-data\/IMOS\/SRS\/OC\/gridded\/aqua\/P1D\/2019\/11\/A.P1D.20191102T053000Z.aust.K_490.nc","c":"s3:\/\/imos-data\/IMOS\/SRS\/OC\/gridded\/aqua\/P1D\/2019\/11\/A.P1D.20191103T053000Z.aust.K_490.nc","d":"s3:\/\/imos-data\/IMOS\/SRS\/OC\/gridded\/aqua\/P1D\/2019\/11\/A.P1D.20191104T053000Z.aust.K_490.nc","e":"s3:\/\/imos-data\/IMOS\/SRS\/OC\/gridded\/aqua\/P1D\/2019\/11\/A.P1D.20191105T053000Z.aust.K_490.nc","f":"s3:\/\/imos-data\/IMOS\/SRS\/OC\/gridded\/aqua\/P1D\/2019\/11\/A.P1D.20191106T053000Z.aust.K_490.nc","g":"s3:\/\/imos-data\/IMOS\/SRS\/OC\/gridded\/aqua\/P1D\/2019\/11\/A.P1D.20191107T053000Z.aust.K_490.nc","h":"s3:\/\/imos-data\/IMOS\/SRS\/OC\/gridded\/aqua\/P1D\/2019\/11\/A.P1D.20191108T053000Z.aust.K_490.nc","i":"s3:\/\/imos-data\/IMOS\/SRS\/OC\/gridded\/aqua\/P1D\/2019\/11\/A.P1D.20191109T053000Z.aust.K_490.nc","j":"s3:\/\/imos-data\/IMOS\/SRS\/OC\/gridded\/aqua\/P1D\/2019\/11\/A.P1D.20191110T053000Z.aust.K_490.nc","k":"s3:\/\/imos-data\/IMOS\/SRS\/OC\/gridded\/aqua\/P1D\/2019\/11\/A.P1D.20191111T053000Z.aust.K_490.nc","l":"s3:\/\/imos-data\/IMOS\/SRS\/OC\/gridded\/aqua\/P1D\/2019\/11\/A.P1D.20191112T053000Z.aust.K_490.nc","m":"s3:\/\/imos-data\/IMOS\/SRS\/OC\/gridded\/aqua\/P1D\/2019\/11\/A.P1D.20191113T053000Z.aust.K_490.nc","n":"s3:\/\/imos-data\/IMOS\/SRS\/OC\/gridded\/aqua\/P1D\/2019\/11\/A.P1D.20191114T053000Z.aust.K_490.nc","o":"s3:\/\/imos-data\/IMOS\/SRS\/OC\/gridded\/aqua\/P1D\/2019\/11\/A.P1D.20191115T053000Z.aust.K_490.nc","p":"s3:\/\/imos-data\/IMOS\/SRS\/OC\/gridded\/aqua\/P1D\/2019\/11\/A.P1D.20191116T053000Z.aust.K_490.nc","q":"s3:\/\/imos-data\/IMOS\/SRS\/OC\/gridded\/aqua\/P1D\/2019\/11\/A.P1D.20191117T053000Z.aust.K_490.nc","r":"s3:\/\/imos-data\/IMOS\/SRS\/OC\/gridded\/aqua\/P1D\/2019\/11\/A.P1D.20191118T053000Z.aust.K_490.nc","s":"s3:\/\/imos-data\/IMOS\/SRS\/OC\/gridded\/aqua\/P1D\/2019\/11\/A.P1D.20191119T053000Z.aust.K_490.nc","t":"s3:\/\/imos-data\/IMOS\/SRS\/OC\/gridded\/aqua\/P1D\/2019\/11\/A.P1D.20191120T053000Z.aust.K_490.nc","u":"s3:\/\/imos-data\/IMOS\/SRS\/OC\/gridded\/aqua\/P1D\/2019\/11\/A.P1D.20191121T053000Z.aust.K_490.nc","v":"s3:\/\/imos-data\/IMOS\/SRS\/OC\/gridded\/aqua\/P1D\/2019\/11\/A.P1D.20191122T053000Z.aust.K_490.nc","w":"s3:\/\/imos-data\/IMOS\/SRS\/OC\/gridded\/aqua\/P1D\/2019\/11\/A.P1D.20191123T053000Z.aust.K_490.nc","x":"s3:\/\/imos-data\/IMOS\/SRS\/OC\/gridded\/aqua\/P1D\/2019\/11\/A.P1D.20191124T053000Z.aust.K_490.nc","y":"s3:\/\/imos-data\/IMOS\/SRS\/OC\/gridded\/aqua\/P1D\/2019\/11\/A.P1D.20191125T053000Z.aust.K_490.nc","z":"s3:\/\/imos-data\/IMOS\/SRS\/OC\/gridded\/aqua\/P1D\/2019\/11\/A.P1D.20191126T053000Z.aust.K_490.nc","A":"s3:\/\/imos-data\/IMOS\/SRS\/OC\/gridded\/aqua\/P1D\/2019\/11\/A.P1D.20191127T053000Z.aust.K_490.nc","B":"s3:\/\/imos-data\/IMOS\/SRS\/OC\/gridded\/aqua\/P1D\/2019\/11\/A.P1D.20191128T053000Z.aust.K_490.nc","C":"s3:\/\/imos-data\/IMOS\/SRS\/OC\/gridded\/aqua\/P1D\/2019\/11\/A.P1D.20191129T053000Z.aust.K_490.nc","D":"s3:\/\/imos-data\/IMOS\/SRS\/OC\/gridded\/aqua\/P1D\/2019\/11\/A.P1D.20191130T053000Z.aust.K_490.nc"},"refs":{".zgroup":"{\"zarr_format\":2}",".zattrs":"{\"Conventions\":\"CF-1.6\",\"_NCProperties\":\"version=1|netcdflibversion=4.6.1|hdf5libversion=1.10.4\",\"_nc3_strict\":1,\"history\":\"File initialised at 2020-08-11T23:13:22.238714\\nInitialised var K_490 at 2020-08-11T23:14:12.847829\\nAdd Granule A20191101_0230.20200810032844.L2OC_BASE.K_490.nc at 2020-08-11T23:14:13.735359\\nAdd Granule A20191101_0235.20200810025348.L2OC_BASE.K_490.nc at 2020-08-11T23:14:13.862774\\nAdd Granule A20191101_0400.20200810032057.L2OC_BASE.K_490.nc at 2020-08-11T23:14:14.049390\\nAdd Granule A20191101_0405.20200810031320.L2OC_BASE.K_490.nc at 2020-08-11T23:14:14.205792\\nAdd Granule A20191101_0410.20200810032532.L2OC_BASE.K_490.nc at 2020-08-11T23:14:14.337720\\nAdd Granule A20191101_0415.20200810030450.L2OC_BASE.K_490.nc at 2020-08-11T23:14:14.431309\\nAdd Granule A20191101_0535.20200810034358.L2OC_BASE.K_490.nc at 2020-08-11T23:14:14.590106\\nAdd Granule A20191101_0540.20200810030841.L2OC_BASE.K_490.nc at 2020-08-11T23:14:14.769976\\nAdd Granule A20191101_0545.20200810034031.L2OC_BASE.K_490.nc at 2020-08-11T23:14:14.925284\\nAdd Granule A20191101_0550.20200810033135.L2OC_BASE.K_490.nc at 2020-08-11T23:14:15.057224\\nAdd Granule A20191101_0555.20200810030157.L2OC_BASE.K_490.nc at 2020-08-11T23:14:15.124003\\nAdd Granule A20191101_0715.20200810034652.L2OC_BASE.K_490.nc at 2020-08-11T23:14:15.317800\\nAdd Granule A20191101_0720.20200810031602.L2OC_BASE.K_490.nc at 2020-08-11T23:14:15.503027\\nAdd Granule A20191101_0725.20200810024647.L2OC_BASE.K_490.nc at 2020-08-11T23:14:15.660593\\nAdd Granule A20191101_0730.20200810034937.L2OC_BASE.K_490.nc at 2020-08-11T23:14:15.777190\\nAdd Granule A20191101_0855.20200810025037.L2OC_BASE.K_490.nc at 2020-08-11T23:14:15.920828\\nAdd Granule A20191101_0900.20200810025655.L2OC_BASE.K_490.nc at 2020-08-11T23:14:16.025270\\nAdd Granule A20191101_0905.20200810033541.L2OC_BASE.K_490.nc at 2020-08-11T23:14:16.130153\",\"source_path\":\"imos-srs\\\/archive\\\/oc\\\/aqua\\\/1d\\\/v201909\\\/2019\\\/11\\\/A20191101.L2OC_BASE.aust.K_490.nc\"}","latitude\/.zarray":"{\n    \"chunks\": [\n        7001\n    ],\n    \"compressor\": null,\n    \"dtype\": \"<f8\",\n    \"fill_value\": 9.969209968386869e+36,\n    \"filters\": null,\n    \"order\": \"C\",\n    \"shape\": [\n        7001\n    ],\n    \"zarr_format\": 2\n}","latitude\/.zattrs":"{\n    \"NAME\": \"latitude\",\n    \"_ARRAY_DIMENSIONS\": [\n        \"latitude\"\n    ],\n    \"_Netcdf4Dimid\": 1,\n    \"axis\": \"Y\",\n    \"long_name\": \"latitude\",\n    \"standard_name\": \"latitude\",\n    \"units\": \"degrees_north\"\n}","latitude\/0":["{{a}}",2392,56008],"K_490\/.zarray":"{\"chunks\":[1,1401,2001],\"compressor\":{\"id\":\"zlib\",\"level\":4},\"dtype\":\"<f4\",\"fill_value\":-999.0,\"filters\":[{\"elementsize\":4,\"id\":\"shuffle\"}],\"order\":\"C\",\"shape\":[30,7001,10001],\"zarr_format\":2}","K_490\/.zattrs":"{\"_ARRAY_DIMENSIONS\":[\"time\",\"latitude\",\"longitude\"],\"flag_applied\":\"HISATZEN LAND CLDICE NAVFAIL\",\"long_name\":\"Diffuse attenuation coefficient at 490 nm (OBPG)\",\"units\":\"m^-1\"}","longitude\/.zarray":"{\n    \"chunks\": [\n        10001\n    ],\n    \"compressor\": null,\n    \"dtype\": \"<f8\",\n    \"fill_value\": 9.969209968386869e+36,\n    \"filters\": null,\n    \"order\": \"C\",\n    \"shape\": [\n        10001\n    ],\n    \"zarr_format\": 2\n}","longitude\/.zattrs":"{\n    \"NAME\": \"longitude\",\n    \"_ARRAY_DIMENSIONS\": [\n        \"longitude\"\n    ],\n    \"_Netcdf4Dimid\": 2,\n    \"axis\": \"X\",\n    \"long_name\": \"longitude\",\n    \"standard_name\": \"longitude\",\n    \"units\": \"degrees_east\"\n}","longitude\/0":["{{a}}",58400,80008],"time\/.zarray":"{\"chunks\":[30],\"compressor\":{\"blocksize\":0,\"clevel\":5,\"cname\":\"lz4\",\"id\":\"blosc\",\"shuffle\":1},\"dtype\":\"<M8[us]\",\"fill_value\":0,\"filters\":null,\"order\":\"C\",\"shape\":[30],\"zarr_format\":2}","time\/0":"base64:AgExCPAAAADwAAAAsQAAABQAAACZAAAAHwABAAr6AWbGJobmRqYGZsYmhuZGpgYQAPRa1KuDWjEJ4LiPZj4V7MSbc0oh+dCnf1YuBdy0i2I6QV99m7nX9BIwTmyKp8XjAR89WniWtNLwDitJZ4WjQlZqfpKmus\/j9wsfM0dbcISYrMDU6PwQJTlNYXWJlpaWlpaWlpaWlpeXl5eXBQASmAEAHwUBAAoP0QAGUAAAAAAA","time\/.zattrs":"{\"NAME\":\"time\",\"_ARRAY_DIMENSIONS\":[\"time\"],\"_Netcdf4Dimid\":0,\"axis\":\"T\",\"long_name\":\"time\",\"standard_name\":\"time\"}","K_490\/0.0.0":["{{a}}",151229,1097863],"K_490\/0.0.1":["{{a}}",1249092,197668],"K_490\/0.0.2":["{{a}}",1446760,934289],"K_490\/0.0.3":["{{a}}",2381049,608174],"K_490\/0.0.4":["{{a}}",2989223,505028],"K_490\/0.1.0":["{{a}}",3494251,996049],"K_490\/0.1.1":["{{a}}",4490300,1186048],"K_490\/0.1.2":["{{a}}",5676348,1881406],"K_490\/0.1.3":["{{a}}",7557754,1102111],"K_490\/0.1.4":["{{a}}",8659865,161991],"K_490\/0.2.0":["{{a}}",8821856,1208273],"K_490\/0.2.1":["{{a}}",10030129,1134265],"K_490\/0.2.2":["{{a}}",11164394,118221],"K_490\/0.2.3":["{{a}}",11282615,747410],"K_490\/0.2.4":["{{a}}",12030025,274612],"K_490\/0.3.0":["{{a}}",12304637,1753767],"K_490\/0.3.1":["{{a}}",14058404,1242774],"K_490\/0.3.2":["{{a}}",15301178,2190129],"K_490\/0.3.3":["{{a}}",17491307,2938113],"K_490\/0.3.4":["{{a}}",20429420,113668],"K_490\/0.4.0":["{{a}}",20543088,68752],"K_490\/0.4.1":["{{a}}",20611840,219532],"K_490\/0.4.2":["{{a}}",20831372,1050508],"K_490\/0.4.3":["{{a}}",21881880,103114],"K_490\/0.4.4":["{{a}}",21984994,73574],"K_490\/1.0.0":["{{b}}",151229,819136],"K_490\/1.0.1":["{{b}}",970365,546589],"K_490\/1.0.2":["{{b}}",1516954,985218],"K_490\/1.0.3":["{{b}}",2502172,387228],"K_490\/1.0.4":["{{b}}",2889400,66863],"K_490\/1.1.0":["{{b}}",2956263,1078264],"K_490\/1.1.1":["{{b}}",4034527,1370844],"K_490\/1.1.2":["{{b}}",5405371,1595902],"K_490\/1.1.3":["{{b}}",7001273,905362],"K_490\/1.1.4":["{{b}}",7906635,150562],"K_490\/1.2.0":["{{b}}",8057197,2566318],"K_490\/1.2.1":["{{b}}",10623515,2571648],"K_490\/1.2.2":["{{b}}",13195163,31100],"K_490\/1.2.3":["{{b}}",13226263,834609],"K_490\/1.2.4":["{{b}}",14060872,725067],"K_490\/1.3.0":["{{b}}",14785939,1380326],"K_490\/1.3.1":["{{b}}",16166265,857265],"K_490\/1.3.2":["{{b}}",17023530,2784672],"K_490\/1.3.3":["{{b}}",19808202,1530584],"K_490\/1.3.4":["{{b}}",21338786,3040256],"K_490\/1.4.0":["{{b}}",24379042,192388],"K_490\/1.4.1":["{{b}}",24571430,642441],"K_490\/1.4.2":["{{b}}",25213871,1802891],"K_490\/1.4.3":["{{b}}",27016762,903774],"K_490\/1.4.4":["{{b}}",27920536,360830],"K_490\/2.0.0":["{{c}}",151229,1094890],"K_490\/2.0.1":["{{c}}",1246119,676732],"K_490\/2.0.2":["{{c}}",1922851,1418823],"K_490\/2.0.3":["{{c}}",3341674,417603],"K_490\/2.0.4":["{{c}}",3759277,1631897],"K_490\/2.1.0":["{{c}}",5391174,1573181],"K_490\/2.1.1":["{{c}}",6964355,1080370],"K_490\/2.1.2":["{{c}}",8044725,2288381],"K_490\/2.1.3":["{{c}}",10333106,391631],"K_490\/2.1.4":["{{c}}",10724737,907794],"K_490\/2.2.0":["{{c}}",11632531,1862716],"K_490\/2.2.1":["{{c}}",13495247,2094997],"K_490\/2.2.2":["{{c}}",15590244,47263],"K_490\/2.2.3":["{{c}}",15637507,1699179],"K_490\/2.2.4":["{{c}}",17336686,63261],"K_490\/2.3.0":["{{c}}",17399947,1774583],"K_490\/2.3.1":["{{c}}",19174530,1876796],"K_490\/2.3.2":["{{c}}",21051326,3209602],"K_490\/2.3.3":["{{c}}",24260928,1398654],"K_490\/2.3.4":["{{c}}",25659582,905069],"K_490\/2.4.0":["{{c}}",26564651,610029],"K_490\/2.4.1":["{{c}}",27174680,272578],"K_490\/2.4.2":["{{c}}",27447258,1314660],"K_490\/2.4.3":["{{c}}",28761918,2543548],"K_490\/2.4.4":["{{c}}",31305466,60807],"K_490\/3.0.0":["{{d}}",151229,893253],"K_490\/3.0.1":["{{d}}",1044482,421581],"K_490\/3.0.2":["{{d}}",1466063,595881],"K_490\/3.0.3":["{{d}}",2061944,156595],"K_490\/3.0.4":["{{d}}",2218539,202634],"K_490\/3.1.0":["{{d}}",2421173,2343035],"K_490\/3.1.1":["{{d}}",4764208,3156615],"K_490\/3.1.2":["{{d}}",7920823,812282],"K_490\/3.1.3":["{{d}}",8733105,275764],"K_490\/3.1.4":["{{d}}",9008869,262487],"K_490\/3.2.0":["{{d}}",9271356,2428377],"K_490\/3.2.1":["{{d}}",11699733,2206179],"K_490\/3.2.2":["{{d}}",13905912,62463],"K_490\/3.2.3":["{{d}}",13968375,336625],"K_490\/3.2.4":["{{d}}",14305000,2424355],"K_490\/3.3.0":["{{d}}",16729355,3863830],"K_490\/3.3.1":["{{d}}",20593185,2441235],"K_490\/3.3.2":["{{d}}",23034420,2190182],"K_490\/3.3.3":["{{d}}",25224602,1883780],"K_490\/3.3.4":["{{d}}",27108382,2645551],"K_490\/3.4.0":["{{d}}",29753933,516914],"K_490\/3.4.1":["{{d}}",30270847,851153],"K_490\/3.4.2":["{{d}}",31122000,324077],"K_490\/3.4.3":["{{d}}",31446077,2150584],"K_490\/3.4.4":["{{d}}",33596661,10921],"K_490\/4.0.0":["{{e}}",151229,727130],"K_490\/4.0.1":["{{e}}",878359,187210],"K_490\/4.0.2":["{{e}}",1065569,940795],"K_490\/4.0.3":["{{e}}",2006364,25928],"K_490\/4.0.4":["{{e}}",2032292,2571529],"K_490\/4.1.0":["{{e}}",4603821,1424277],"K_490\/4.1.1":["{{e}}",6028098,2756916],"K_490\/4.1.2":["{{e}}",8785014,1124255],"K_490\/4.1.3":["{{e}}",9909269,463643],"K_490\/4.1.4":["{{e}}",10372912,15423],"K_490\/4.2.0":["{{e}}",10388335,1507382],"K_490\/4.2.1":["{{e}}",11895717,3232378],"K_490\/4.2.2":["{{e}}",15128095,58149],"K_490\/4.2.3":["{{e}}",15186244,1448284],"K_490\/4.2.4":["{{e}}",16634528,137457],"K_490\/4.3.0":["{{e}}",16771985,2587351],"K_490\/4.3.1":["{{e}}",19359336,2072303],"K_490\/4.3.2":["{{e}}",21431639,2620724],"K_490\/4.3.3":["{{e}}",24052363,2115459],"K_490\/4.3.4":["{{e}}",26167822,413814],"K_490\/4.4.0":["{{e}}",26581636,574061],"K_490\/4.4.1":["{{e}}",27155697,27761],"K_490\/4.4.2":["{{e}}",27183458,1300299],"K_490\/4.4.3":["{{e}}",28483757,1004157],"K_490\/4.4.4":["{{e}}",29487914,1288264],"K_490\/5.0.0":["{{f}}",151229,731335],"K_490\/5.0.1":["{{f}}",882564,328850],"K_490\/5.0.2":["{{f}}",1211414,404533],"K_490\/5.0.3":["{{f}}",1615947,116415],"K_490\/5.0.4":["{{f}}",1732362,1605642],"K_490\/5.1.0":["{{f}}",3338004,2243695],"K_490\/5.1.1":["{{f}}",5581699,2642622],"K_490\/5.1.2":["{{f}}",8224321,1206512],"K_490\/5.1.3":["{{f}}",9430833,475975],"K_490\/5.1.4":["{{f}}",9906808,320754],"K_490\/5.2.0":["{{f}}",10227562,1954509],"K_490\/5.2.1":["{{f}}",12182071,1691832],"K_490\/5.2.2":["{{f}}",13873903,100658],"K_490\/5.2.3":["{{f}}",13974561,1016848],"K_490\/5.2.4":["{{f}}",14991409,1737875],"K_490\/5.3.0":["{{f}}",16729284,2310135],"K_490\/5.3.1":["{{f}}",19039419,389391],"K_490\/5.3.2":["{{f}}",19428810,774602],"K_490\/5.3.3":["{{f}}",20203412,1447005],"K_490\/5.3.4":["{{f}}",21650417,213440],"K_490\/5.4.0":["{{f}}",21863857,138986],"K_490\/5.4.1":["{{f}}",22002843,994096],"K_490\/5.4.2":["{{f}}",22996939,1125571],"K_490\/5.4.3":["{{f}}",24122510,314299],"K_490\/5.4.4":["{{f}}",24436809,10921],"K_490\/6.0.0":["{{g}}",151229,644723],"K_490\/6.0.1":["{{g}}",795952,498092],"K_490\/6.0.2":["{{g}}",1294044,1454014],"K_490\/6.0.3":["{{g}}",2748058,115162],"K_490\/6.0.4":["{{g}}",2863220,10921],"K_490\/6.1.0":["{{g}}",2874141,1915007],"K_490\/6.1.1":["{{g}}",4789148,2353844],"K_490\/6.1.2":["{{g}}",7142992,1826290],"K_490\/6.1.3":["{{g}}",8969282,405241],"K_490\/6.1.4":["{{g}}",9374523,96640],"K_490\/6.2.0":["{{g}}",9471163,2361609],"K_490\/6.2.1":["{{g}}",11832772,2367787],"K_490\/6.2.2":["{{g}}",14200559,85077],"K_490\/6.2.3":["{{g}}",14285636,1967786],"K_490\/6.2.4":["{{g}}",16253422,1205335],"K_490\/6.3.0":["{{g}}",17458757,1350676],"K_490\/6.3.1":["{{g}}",18809433,711523],"K_490\/6.3.2":["{{g}}",19520956,1303555],"K_490\/6.3.3":["{{g}}",20824511,1591864],"K_490\/6.3.4":["{{g}}",22416375,1307623],"K_490\/6.4.0":["{{g}}",23723998,837543],"K_490\/6.4.1":["{{g}}",24561541,358275],"K_490\/6.4.2":["{{g}}",24919816,1008956],"K_490\/6.4.3":["{{g}}",25928772,704010],"K_490\/6.4.4":["{{g}}",26632782,1069460],"K_490\/7.0.0":["{{h}}",151229,1477812],"K_490\/7.0.1":["{{h}}",1629041,468732],"K_490\/7.0.2":["{{h}}",2097773,743928],"K_490\/7.0.3":["{{h}}",2841701,513893],"K_490\/7.0.4":["{{h}}",3355594,435356],"K_490\/7.1.0":["{{h}}",3790950,2226283],"K_490\/7.1.1":["{{h}}",6017233,1941916],"K_490\/7.1.2":["{{h}}",7959149,1469642],"K_490\/7.1.3":["{{h}}",9428791,554124],"K_490\/7.1.4":["{{h}}",9982915,2050748],"K_490\/7.2.0":["{{h}}",12033663,1376189],"K_490\/7.2.1":["{{h}}",13409852,1302804],"K_490\/7.2.2":["{{h}}",14712656,105261],"K_490\/7.2.3":["{{h}}",14817917,1062991],"K_490\/7.2.4":["{{h}}",15880908,1375626],"K_490\/7.3.0":["{{h}}",17256534,988818],"K_490\/7.3.1":["{{h}}",18245352,974966],"K_490\/7.3.2":["{{h}}",19220318,1744664],"K_490\/7.3.3":["{{h}}",20964982,1708726],"K_490\/7.3.4":["{{h}}",22673708,34507],"K_490\/7.4.0":["{{h}}",22708215,666312],"K_490\/7.4.1":["{{h}}",23374527,43156],"K_490\/7.4.2":["{{h}}",23417683,32393],"K_490\/7.4.3":["{{h}}",23450076,461402],"K_490\/7.4.4":["{{h}}",23911478,408805],"K_490\/8.0.0":["{{i}}",151229,1389121],"K_490\/8.0.1":["{{i}}",1540350,218466],"K_490\/8.0.2":["{{i}}",1758816,1900763],"K_490\/8.0.3":["{{i}}",3659579,1254558],"K_490\/8.0.4":["{{i}}",4914137,118692],"K_490\/8.1.0":["{{i}}",5032829,2290900],"K_490\/8.1.1":["{{i}}",7323729,2260212],"K_490\/8.1.2":["{{i}}",9583941,1586600],"K_490\/8.1.3":["{{i}}",11170541,1629633],"K_490\/8.1.4":["{{i}}",12800174,937129],"K_490\/8.2.0":["{{i}}",13737303,2073616],"K_490\/8.2.1":["{{i}}",15810919,2307132],"K_490\/8.2.2":["{{i}}",18118051,25698],"K_490\/8.2.3":["{{i}}",18143749,786273],"K_490\/8.2.4":["{{i}}",18930022,1932938],"K_490\/8.3.0":["{{i}}",20862960,1749499],"K_490\/8.3.1":["{{i}}",22612459,1506572],"K_490\/8.3.2":["{{i}}",24119031,1343248],"K_490\/8.3.3":["{{i}}",25462279,1588516],"K_490\/8.3.4":["{{i}}",27050795,352149],"K_490\/8.4.0":["{{i}}",27402944,426887],"K_490\/8.4.1":["{{i}}",27829831,484322],"K_490\/8.4.2":["{{i}}",28314153,181309],"K_490\/8.4.3":["{{i}}",28495462,700309],"K_490\/8.4.4":["{{i}}",29195771,264779],"K_490\/9.0.0":["{{j}}",151229,2703310],"K_490\/9.0.1":["{{j}}",2854539,637237],"K_490\/9.0.2":["{{j}}",3491776,341196],"K_490\/9.0.3":["{{j}}",3832972,612649],"K_490\/9.0.4":["{{j}}",4445621,1632873],"K_490\/9.1.0":["{{j}}",6078494,1762073],"K_490\/9.1.1":["{{j}}",7840567,1530371],"K_490\/9.1.2":["{{j}}",9370938,1971491],"K_490\/9.1.3":["{{j}}",11342429,1275933],"K_490\/9.1.4":["{{j}}",12618362,2310965],"K_490\/9.2.0":["{{j}}",14929327,1522894],"K_490\/9.2.1":["{{j}}",16452221,1803385],"K_490\/9.2.2":["{{j}}",18255606,134015],"K_490\/9.2.3":["{{j}}",18389621,1141155],"K_490\/9.2.4":["{{j}}",19530776,11573],"K_490\/9.3.0":["{{j}}",19542349,679455],"K_490\/9.3.1":["{{j}}",20221804,1201246],"K_490\/9.3.2":["{{j}}",21423050,1784318],"K_490\/9.3.3":["{{j}}",23207368,2522028],"K_490\/9.3.4":["{{j}}",25729396,532876],"K_490\/9.4.0":["{{j}}",26262272,141124],"K_490\/9.4.1":["{{j}}",26403396,911032],"K_490\/9.4.2":["{{j}}",27314428,437725],"K_490\/9.4.3":["{{j}}",27752153,767926],"K_490\/9.4.4":["{{j}}",28520079,163149],"K_490\/10.0.0":["{{k}}",151229,2314302],"K_490\/10.0.1":["{{k}}",2465531,838094],"K_490\/10.0.2":["{{k}}",3303625,1967813],"K_490\/10.0.3":["{{k}}",5271438,457674],"K_490\/10.0.4":["{{k}}",5729112,241974],"K_490\/10.1.0":["{{k}}",5971086,2108258],"K_490\/10.1.1":["{{k}}",8079344,2983549],"K_490\/10.1.2":["{{k}}",11062893,1717920],"K_490\/10.1.3":["{{k}}",12780813,457323],"K_490\/10.1.4":["{{k}}",13238136,578755],"K_490\/10.2.0":["{{k}}",13816891,1690368],"K_490\/10.2.1":["{{k}}",15507259,2265025],"K_490\/10.2.2":["{{k}}",17772284,12063],"K_490\/10.2.3":["{{k}}",17784347,398098],"K_490\/10.2.4":["{{k}}",18182445,2035109],"K_490\/10.3.0":["{{k}}",20217554,569642],"K_490\/10.3.1":["{{k}}",20787196,2243980],"K_490\/10.3.2":["{{k}}",23031176,1272756],"K_490\/10.3.3":["{{k}}",24303932,1485678],"K_490\/10.3.4":["{{k}}",25789610,2934350],"K_490\/10.4.0":["{{k}}",28723960,988944],"K_490\/10.4.1":["{{k}}",29712904,249568],"K_490\/10.4.2":["{{k}}",29962472,463919],"K_490\/10.4.3":["{{k}}",30426391,1138404],"K_490\/10.4.4":["{{k}}",31564795,354095],"K_490\/11.0.0":["{{l}}",151229,2493834],"K_490\/11.0.1":["{{l}}",2645063,693986],"K_490\/11.0.2":["{{l}}",3339049,1532418],"K_490\/11.0.3":["{{l}}",4871467,652107],"K_490\/11.0.4":["{{l}}",5523574,2798694],"K_490\/11.1.0":["{{l}}",8322268,1435776],"K_490\/11.1.1":["{{l}}",9758044,1467947],"K_490\/11.1.2":["{{l}}",11225991,2288363],"K_490\/11.1.3":["{{l}}",13514354,831674],"K_490\/11.1.4":["{{l}}",14346028,711642],"K_490\/11.2.0":["{{l}}",15057670,1856077],"K_490\/11.2.1":["{{l}}",16913747,1793341],"K_490\/11.2.2":["{{l}}",18707088,45895],"K_490\/11.2.3":["{{l}}",18752983,1228136],"K_490\/11.2.4":["{{l}}",19981119,254294],"K_490\/11.3.0":["{{l}}",20235413,1710912],"K_490\/11.3.1":["{{l}}",21946325,1924314],"K_490\/11.3.2":["{{l}}",23870639,1934804],"K_490\/11.3.3":["{{l}}",25805443,1407278],"K_490\/11.3.4":["{{l}}",27212721,610182],"K_490\/11.4.0":["{{l}}",27822903,17239],"K_490\/11.4.1":["{{l}}",27840142,22822],"K_490\/11.4.2":["{{l}}",27862964,65272],"K_490\/11.4.3":["{{l}}",27928236,1398070],"K_490\/11.4.4":["{{l}}",29326306,558197],"K_490\/12.0.0":["{{m}}",151229,2257042],"K_490\/12.0.1":["{{m}}",2408271,444208],"K_490\/12.0.2":["{{m}}",2852479,2429086],"K_490\/12.0.3":["{{m}}",5281565,819850],"K_490\/12.0.4":["{{m}}",6101415,787088],"K_490\/12.1.0":["{{m}}",6888503,2209766],"K_490\/12.1.1":["{{m}}",9098269,2440454],"K_490\/12.1.2":["{{m}}",11538723,1395905],"K_490\/12.1.3":["{{m}}",12934628,545913],"K_490\/12.1.4":["{{m}}",13480541,1625303],"K_490\/12.2.0":["{{m}}",15105844,2164597],"K_490\/12.2.1":["{{m}}",17270441,1161467],"K_490\/12.2.2":["{{m}}",18431908,98571],"K_490\/12.2.3":["{{m}}",18530479,103775],"K_490\/12.2.4":["{{m}}",18634254,3104904],"K_490\/12.3.0":["{{m}}",21739158,1656319],"K_490\/12.3.1":["{{m}}",23395477,1313448],"K_490\/12.3.2":["{{m}}",24708925,1653247],"K_490\/12.3.3":["{{m}}",26362172,1047846],"K_490\/12.3.4":["{{m}}",27410018,1212298],"K_490\/12.4.0":["{{m}}",28622316,1541634],"K_490\/12.4.1":["{{m}}",30163950,892953],"K_490\/12.4.2":["{{m}}",31056903,59671],"K_490\/12.4.3":["{{m}}",31116574,719726],"K_490\/12.4.4":["{{m}}",31836300,26844],"K_490\/13.0.0":["{{n}}",151229,842574],"K_490\/13.0.1":["{{n}}",993803,566354],"K_490\/13.0.2":["{{n}}",1560157,2271999],"K_490\/13.0.3":["{{n}}",3832156,1344034],"K_490\/13.0.4":["{{n}}",5176190,864360],"K_490\/13.1.0":["{{n}}",6040550,1015952],"K_490\/13.1.1":["{{n}}",7056502,1938786],"K_490\/13.1.2":["{{n}}",8995288,1933742],"K_490\/13.1.3":["{{n}}",10929030,1081488],"K_490\/13.1.4":["{{n}}",12010518,11169],"K_490\/13.2.0":["{{n}}",12021687,1518193],"K_490\/13.2.1":["{{n}}",13539880,2036542],"K_490\/13.2.2":["{{n}}",15576422,52777],"K_490\/13.2.3":["{{n}}",15629199,1032386],"K_490\/13.2.4":["{{n}}",16661585,423472],"K_490\/13.3.0":["{{n}}",17085057,806738],"K_490\/13.3.1":["{{n}}",17891795,2110771],"K_490\/13.3.2":["{{n}}",20002566,1333944],"K_490\/13.3.3":["{{n}}",21336510,1018146],"K_490\/13.3.4":["{{n}}",22354656,1328454],"K_490\/13.4.0":["{{n}}",23683110,1740067],"K_490\/13.4.1":["{{n}}",25423177,1886549],"K_490\/13.4.2":["{{n}}",27309726,975451],"K_490\/13.4.3":["{{n}}",28285177,210714],"K_490\/13.4.4":["{{n}}",28495891,692412],"K_490\/14.0.0":["{{o}}",151229,1780576],"K_490\/14.0.1":["{{o}}",1931805,1330303],"K_490\/14.0.2":["{{o}}",3262108,2033481],"K_490\/14.0.3":["{{o}}",5295589,577183],"K_490\/14.0.4":["{{o}}",5872772,197567],"K_490\/14.1.0":["{{o}}",6070339,1687343],"K_490\/14.1.1":["{{o}}",7757682,2090059],"K_490\/14.1.2":["{{o}}",9847741,939655],"K_490\/14.1.3":["{{o}}",10787396,877298],"K_490\/14.1.4":["{{o}}",11664694,1329280],"K_490\/14.2.0":["{{o}}",12993974,2257546],"K_490\/14.2.1":["{{o}}",15251520,1088729],"K_490\/14.2.2":["{{o}}",16340249,117300],"K_490\/14.2.3":["{{o}}",16457549,106700],"K_490\/14.2.4":["{{o}}",16564249,1967824],"K_490\/14.3.0":["{{o}}",18532073,1165811],"K_490\/14.3.1":["{{o}}",19697884,832393],"K_490\/14.3.2":["{{o}}",20530277,2020036],"K_490\/14.3.3":["{{o}}",22550313,1723079],"K_490\/14.3.4":["{{o}}",24273392,13633],"K_490\/14.4.0":["{{o}}",24287025,1738254],"K_490\/14.4.1":["{{o}}",26025279,839460],"K_490\/14.4.2":["{{o}}",26864739,1551614],"K_490\/14.4.3":["{{o}}",28416353,1064334],"K_490\/14.4.4":["{{o}}",29480687,347908],"K_490\/15.0.0":["{{p}}",151229,815338],"K_490\/15.0.1":["{{p}}",966567,768063],"K_490\/15.0.2":["{{p}}",1734630,2862864],"K_490\/15.0.3":["{{p}}",4597494,1718151],"K_490\/15.0.4":["{{p}}",6315645,22570],"K_490\/15.1.0":["{{p}}",6338215,1642823],"K_490\/15.1.1":["{{p}}",7981038,2203948],"K_490\/15.1.2":["{{p}}",10184986,2219117],"K_490\/15.1.3":["{{p}}",12404103,897676],"K_490\/15.1.4":["{{p}}",13301779,21262],"K_490\/15.2.0":["{{p}}",13323041,1783899],"K_490\/15.2.1":["{{p}}",15106940,2673197],"K_490\/15.2.2":["{{p}}",17780137,14792],"K_490\/15.2.3":["{{p}}",17794929,926102],"K_490\/15.2.4":["{{p}}",18721031,983571],"K_490\/15.3.0":["{{p}}",19704602,3454494],"K_490\/15.3.1":["{{p}}",23159096,1682963],"K_490\/15.3.2":["{{p}}",24842059,2231692],"K_490\/15.3.3":["{{p}}",27073751,2042455],"K_490\/15.3.4":["{{p}}",29116206,1481754],"K_490\/15.4.0":["{{p}}",30597960,573389],"K_490\/15.4.1":["{{p}}",31171349,10921],"K_490\/15.4.2":["{{p}}",31182270,1050625],"K_490\/15.4.3":["{{p}}",32232895,1537774],"K_490\/15.4.4":["{{p}}",33770669,1850046],"K_490\/16.0.0":["{{q}}",151229,1731716],"K_490\/16.0.1":["{{q}}",1882945,1384981],"K_490\/16.0.2":["{{q}}",3267926,1681961],"K_490\/16.0.3":["{{q}}",4949887,1448294],"K_490\/16.0.4":["{{q}}",6398181,1462384],"K_490\/16.1.0":["{{q}}",7860565,1691602],"K_490\/16.1.1":["{{q}}",9552167,1307489],"K_490\/16.1.2":["{{q}}",10859656,1955478],"K_490\/16.1.3":["{{q}}",12815134,496737],"K_490\/16.1.4":["{{q}}",13311871,393848],"K_490\/16.2.0":["{{q}}",13705719,1650731],"K_490\/16.2.1":["{{q}}",15356450,1636060],"K_490\/16.2.2":["{{q}}",16992510,140086],"K_490\/16.2.3":["{{q}}",17132596,597894],"K_490\/16.2.4":["{{q}}",17730490,379874],"K_490\/16.3.0":["{{q}}",18110364,2936713],"K_490\/16.3.1":["{{q}}",21047077,2227555],"K_490\/16.3.2":["{{q}}",23274632,2213108],"K_490\/16.3.3":["{{q}}",25487740,2001141],"K_490\/16.3.4":["{{q}}",27488881,89022],"K_490\/16.4.0":["{{q}}",27577903,596853],"K_490\/16.4.1":["{{q}}",28174756,1911745],"K_490\/16.4.2":["{{q}}",30086501,322934],"K_490\/16.4.3":["{{q}}",30409435,1196131],"K_490\/16.4.4":["{{q}}",31605566,269023],"K_490\/17.0.0":["{{r}}",151229,1399659],"K_490\/17.0.1":["{{r}}",1550888,1033895],"K_490\/17.0.2":["{{r}}",2584783,2489679],"K_490\/17.0.3":["{{r}}",5074462,2378754],"K_490\/17.0.4":["{{r}}",7453216,177654],"K_490\/17.1.0":["{{r}}",7630870,1472066],"K_490\/17.1.1":["{{r}}",9102936,1722236],"K_490\/17.1.2":["{{r}}",10825172,2301029],"K_490\/17.1.3":["{{r}}",13126201,238716],"K_490\/17.1.4":["{{r}}",13364917,300828],"K_490\/17.2.0":["{{r}}",13665745,1791755],"K_490\/17.2.1":["{{r}}",15457500,1763223],"K_490\/17.2.2":["{{r}}",17220723,37056],"K_490\/17.2.3":["{{r}}",17257779,683335],"K_490\/17.2.4":["{{r}}",17941114,1764537],"K_490\/17.3.0":["{{r}}",19705651,2797604],"K_490\/17.3.1":["{{r}}",22503255,1674961],"K_490\/17.3.2":["{{r}}",24178216,1529404],"K_490\/17.3.3":["{{r}}",25707620,823952],"K_490\/17.3.4":["{{r}}",26531572,2467520],"K_490\/17.4.0":["{{r}}",28999092,1082851],"K_490\/17.4.1":["{{r}}",30081943,327049],"K_490\/17.4.2":["{{r}}",30408992,906004],"K_490\/17.4.3":["{{r}}",31314996,32297],"K_490\/17.4.4":["{{r}}",31347293,906201],"K_490\/18.0.0":["{{s}}",151229,1787268],"K_490\/18.0.1":["{{s}}",1938497,1025235],"K_490\/18.0.2":["{{s}}",2963732,2256907],"K_490\/18.0.3":["{{s}}",5220639,2070280],"K_490\/18.0.4":["{{s}}",7290919,1614215],"K_490\/18.1.0":["{{s}}",8905134,999753],"K_490\/18.1.1":["{{s}}",9904887,589537],"K_490\/18.1.2":["{{s}}",10494424,2358889],"K_490\/18.1.3":["{{s}}",12853313,971554],"K_490\/18.1.4":["{{s}}",13824867,1334133],"K_490\/18.2.0":["{{s}}",15159000,1413602],"K_490\/18.2.1":["{{s}}",16572602,1672253],"K_490\/18.2.2":["{{s}}",18244855,62510],"K_490\/18.2.3":["{{s}}",18307365,1223450],"K_490\/18.2.4":["{{s}}",19530815,77655],"K_490\/18.3.0":["{{s}}",19608470,1500826],"K_490\/18.3.1":["{{s}}",21109296,2467549],"K_490\/18.3.2":["{{s}}",23576845,964271],"K_490\/18.3.3":["{{s}}",24541116,2823497],"K_490\/18.3.4":["{{s}}",27364613,707194],"K_490\/18.4.0":["{{s}}",28071807,271650],"K_490\/18.4.1":["{{s}}",28343457,1045472],"K_490\/18.4.2":["{{s}}",29388929,977870],"K_490\/18.4.3":["{{s}}",30366799,1706382],"K_490\/18.4.4":["{{s}}",32073181,792762],"K_490\/19.0.0":["{{t}}",151229,668376],"K_490\/19.0.1":["{{t}}",819605,846808],"K_490\/19.0.2":["{{t}}",1666413,3320443],"K_490\/19.0.3":["{{t}}",4986856,855540],"K_490\/19.0.4":["{{t}}",5842396,579542],"K_490\/19.1.0":["{{t}}",6421938,1298736],"K_490\/19.1.1":["{{t}}",7720674,1702862],"K_490\/19.1.2":["{{t}}",9423536,2344930],"K_490\/19.1.3":["{{t}}",11768466,714554],"K_490\/19.1.4":["{{t}}",12483020,788653],"K_490\/19.2.0":["{{t}}",13271673,2285656],"K_490\/19.2.1":["{{t}}",15557329,1585588],"K_490\/19.2.2":["{{t}}",17142917,14631],"K_490\/19.2.3":["{{t}}",17157548,59899],"K_490\/19.2.4":["{{t}}",17217447,2658459],"K_490\/19.3.0":["{{t}}",19875906,1520815],"K_490\/19.3.1":["{{t}}",21396721,1659564],"K_490\/19.3.2":["{{t}}",23056285,1402011],"K_490\/19.3.3":["{{t}}",24458296,1648946],"K_490\/19.3.4":["{{t}}",26107242,2267658],"K_490\/19.4.0":["{{t}}",28374900,1587076],"K_490\/19.4.1":["{{t}}",29961976,223430],"K_490\/19.4.2":["{{t}}",30185406,953914],"K_490\/19.4.3":["{{t}}",31139320,209896],"K_490\/19.4.4":["{{t}}",31349216,16515],"K_490\/20.0.0":["{{u}}",151229,946081],"K_490\/20.0.1":["{{u}}",1097310,829815],"K_490\/20.0.2":["{{u}}",1927125,2829659],"K_490\/20.0.3":["{{u}}",4756784,1490891],"K_490\/20.0.4":["{{u}}",6247675,2196515],"K_490\/20.1.0":["{{u}}",8444190,840182],"K_490\/20.1.1":["{{u}}",9284372,1724353],"K_490\/20.1.2":["{{u}}",11008725,2249606],"K_490\/20.1.3":["{{u}}",13258331,1146302],"K_490\/20.1.4":["{{u}}",14404633,21292],"K_490\/20.2.0":["{{u}}",14425925,1960367],"K_490\/20.2.1":["{{u}}",16386292,1663968],"K_490\/20.2.2":["{{u}}",18050260,49520],"K_490\/20.2.3":["{{u}}",18099780,1632109],"K_490\/20.2.4":["{{u}}",19731889,336696],"K_490\/20.3.0":["{{u}}",20068585,1881448],"K_490\/20.3.1":["{{u}}",21950033,1147460],"K_490\/20.3.2":["{{u}}",23097493,3404084],"K_490\/20.3.3":["{{u}}",26501577,1685688],"K_490\/20.3.4":["{{u}}",28187265,1504395],"K_490\/20.4.0":["{{u}}",29691660,1595238],"K_490\/20.4.1":["{{u}}",31286898,104979],"K_490\/20.4.2":["{{u}}",31391877,620309],"K_490\/20.4.3":["{{u}}",32012186,63908],"K_490\/20.4.4":["{{u}}",32076094,20394],"K_490\/21.0.0":["{{v}}",151229,685460],"K_490\/21.0.1":["{{v}}",836689,877160],"K_490\/21.0.2":["{{v}}",1713849,1864757],"K_490\/21.0.3":["{{v}}",3578606,1465272],"K_490\/21.0.4":["{{v}}",5043878,802286],"K_490\/21.1.0":["{{v}}",5846164,1910396],"K_490\/21.1.1":["{{v}}",7756560,2421507],"K_490\/21.1.2":["{{v}}",10178067,1797261],"K_490\/21.1.3":["{{v}}",11975328,478599],"K_490\/21.1.4":["{{v}}",12453927,567330],"K_490\/21.2.0":["{{v}}",13021257,2710669],"K_490\/21.2.1":["{{v}}",15731926,978739],"K_490\/21.2.2":["{{v}}",16710665,28401],"K_490\/21.2.3":["{{v}}",16739066,487985],"K_490\/21.2.4":["{{v}}",17227051,2266871],"K_490\/21.3.0":["{{v}}",19493922,1539927],"K_490\/21.3.1":["{{v}}",21033849,1811396],"K_490\/21.3.2":["{{v}}",22845245,1870203],"K_490\/21.3.3":["{{v}}",24715448,1584900],"K_490\/21.3.4":["{{v}}",26300348,473252],"K_490\/21.4.0":["{{v}}",26773600,661218],"K_490\/21.4.1":["{{v}}",27434818,350495],"K_490\/21.4.2":["{{v}}",27785313,1426037],"K_490\/21.4.3":["{{v}}",29211350,352232],"K_490\/21.4.4":["{{v}}",29563582,10921],"K_490\/22.0.0":["{{w}}",151229,1220979],"K_490\/22.0.1":["{{w}}",1372208,656272],"K_490\/22.0.2":["{{w}}",2028480,1975490],"K_490\/22.0.3":["{{w}}",4003970,568273],"K_490\/22.0.4":["{{w}}",4572243,10921],"K_490\/22.1.0":["{{w}}",4583164,964146],"K_490\/22.1.1":["{{w}}",5547310,1684409],"K_490\/22.1.2":["{{w}}",7231719,2263260],"K_490\/22.1.3":["{{w}}",9494979,1163874],"K_490\/22.1.4":["{{w}}",10658853,19876],"K_490\/22.2.0":["{{w}}",10678729,2697004],"K_490\/22.2.1":["{{w}}",13375733,1951152],"K_490\/22.2.2":["{{w}}",15326885,32305],"K_490\/22.2.3":["{{w}}",15359190,1634309],"K_490\/22.2.4":["{{w}}",16993499,829137],"K_490\/22.3.0":["{{w}}",17822636,1802341],"K_490\/22.3.1":["{{w}}",19624977,1340860],"K_490\/22.3.2":["{{w}}",20965837,1897306],"K_490\/22.3.3":["{{w}}",22863143,1985826],"K_490\/22.3.4":["{{w}}",24848969,711948],"K_490\/22.4.0":["{{w}}",25560917,1874110],"K_490\/22.4.1":["{{w}}",27435027,298078],"K_490\/22.4.2":["{{w}}",27733105,928255],"K_490\/22.4.3":["{{w}}",28661360,2165092],"K_490\/22.4.4":["{{w}}",30826452,992522],"K_490\/23.0.0":["{{x}}",151229,1968688],"K_490\/23.0.1":["{{x}}",2119917,1130002],"K_490\/23.0.2":["{{x}}",3249919,1192956],"K_490\/23.0.3":["{{x}}",4442875,700289],"K_490\/23.0.4":["{{x}}",5143164,233474],"K_490\/23.1.0":["{{x}}",5376638,2272050],"K_490\/23.1.1":["{{x}}",7648688,1268911],"K_490\/23.1.2":["{{x}}",8917599,1503724],"K_490\/23.1.3":["{{x}}",10421323,1520723],"K_490\/23.1.4":["{{x}}",11942046,138926],"K_490\/23.2.0":["{{x}}",12080972,1872802],"K_490\/23.2.1":["{{x}}",13953774,1322315],"K_490\/23.2.2":["{{x}}",15276089,95686],"K_490\/23.2.3":["{{x}}",15371775,734411],"K_490\/23.2.4":["{{x}}",16106186,814721],"K_490\/23.3.0":["{{x}}",16920907,882130],"K_490\/23.3.1":["{{x}}",17803037,1375867],"K_490\/23.3.2":["{{x}}",19178904,1886322],"K_490\/23.3.3":["{{x}}",21065226,2327194],"K_490\/23.3.4":["{{x}}",23392420,269272],"K_490\/23.4.0":["{{x}}",23661692,838020],"K_490\/23.4.1":["{{x}}",24499712,198592],"K_490\/23.4.2":["{{x}}",24698304,511018],"K_490\/23.4.3":["{{x}}",25209322,1576534],"K_490\/23.4.4":["{{x}}",26785856,457085],"K_490\/24.0.0":["{{y}}",151229,1023903],"K_490\/24.0.1":["{{y}}",1175132,724708],"K_490\/24.0.2":["{{y}}",1899840,2581430],"K_490\/24.0.3":["{{y}}",4481270,913701],"K_490\/24.0.4":["{{y}}",5394971,10921],"K_490\/24.1.0":["{{y}}",5405892,2018896],"K_490\/24.1.1":["{{y}}",7424788,1544112],"K_490\/24.1.2":["{{y}}",8968900,2113136],"K_490\/24.1.3":["{{y}}",11082036,1587773],"K_490\/24.1.4":["{{y}}",12669809,235325],"K_490\/24.2.0":["{{y}}",12905134,2250307],"K_490\/24.2.1":["{{y}}",15155441,2111582],"K_490\/24.2.2":["{{y}}",17267023,11172],"K_490\/24.2.3":["{{y}}",17278195,1082257],"K_490\/24.2.4":["{{y}}",18360452,1515852],"K_490\/24.3.0":["{{y}}",19876304,2631033],"K_490\/24.3.1":["{{y}}",22507337,665420],"K_490\/24.3.2":["{{y}}",23172757,1827791],"K_490\/24.3.3":["{{y}}",25000548,645151],"K_490\/24.3.4":["{{y}}",25645699,2630597],"K_490\/24.4.0":["{{y}}",28276296,4093789],"K_490\/24.4.1":["{{y}}",32370085,1409938],"K_490\/24.4.2":["{{y}}",33780023,193404],"K_490\/24.4.3":["{{y}}",33973427,673824],"K_490\/24.4.4":["{{y}}",34647251,1080395],"K_490\/25.0.0":["{{z}}",151229,2334258],"K_490\/25.0.1":["{{z}}",2485487,984292],"K_490\/25.0.2":["{{z}}",3469779,1567031],"K_490\/25.0.3":["{{z}}",5036810,563100],"K_490\/25.0.4":["{{z}}",5599910,907377],"K_490\/25.1.0":["{{z}}",6507287,1850210],"K_490\/25.1.1":["{{z}}",8357497,1267182],"K_490\/25.1.2":["{{z}}",9624679,1973211],"K_490\/25.1.3":["{{z}}",11597890,2090658],"K_490\/25.1.4":["{{z}}",13688548,337226],"K_490\/25.2.0":["{{z}}",14025774,1437624],"K_490\/25.2.1":["{{z}}",15463398,1704832],"K_490\/25.2.2":["{{z}}",17168230,107528],"K_490\/25.2.3":["{{z}}",17275758,1653241],"K_490\/25.2.4":["{{z}}",18928999,10921],"K_490\/25.3.0":["{{z}}",18939920,2336745],"K_490\/25.3.1":["{{z}}",21276665,1881058],"K_490\/25.3.2":["{{z}}",23157723,1089307],"K_490\/25.3.3":["{{z}}",24247030,784868],"K_490\/25.3.4":["{{z}}",25031898,47900],"K_490\/25.4.0":["{{z}}",25079798,868553],"K_490\/25.4.1":["{{z}}",25948351,2101003],"K_490\/25.4.2":["{{z}}",28049354,431216],"K_490\/25.4.3":["{{z}}",28480570,987395],"K_490\/25.4.4":["{{z}}",29467965,11096],"K_490\/26.0.0":["{{A}}",151229,720139],"K_490\/26.0.1":["{{A}}",871368,1545188],"K_490\/26.0.2":["{{A}}",2416556,2896525],"K_490\/26.0.3":["{{A}}",5313081,477976],"K_490\/26.0.4":["{{A}}",5791057,91476],"K_490\/26.1.0":["{{A}}",5882533,2225339],"K_490\/26.1.1":["{{A}}",8107872,1690425],"K_490\/26.1.2":["{{A}}",9798297,2940064],"K_490\/26.1.3":["{{A}}",12738361,930242],"K_490\/26.1.4":["{{A}}",13668603,494938],"K_490\/26.2.0":["{{A}}",14163541,1959507],"K_490\/26.2.1":["{{A}}",16123048,2043555],"K_490\/26.2.2":["{{A}}",18166603,47466],"K_490\/26.2.3":["{{A}}",18214069,324553],"K_490\/26.2.4":["{{A}}",18538622,2380756],"K_490\/26.3.0":["{{A}}",20919378,2098220],"K_490\/26.3.1":["{{A}}",23017598,1335036],"K_490\/26.3.2":["{{A}}",24352634,1654546],"K_490\/26.3.3":["{{A}}",26007180,1052616],"K_490\/26.3.4":["{{A}}",27059796,1305441],"K_490\/26.4.0":["{{A}}",28365237,52160],"K_490\/26.4.1":["{{A}}",28417397,430379],"K_490\/26.4.2":["{{A}}",28847776,1036486],"K_490\/26.4.3":["{{A}}",29884262,1462981],"K_490\/26.4.4":["{{A}}",31347243,141366],"K_490\/27.0.0":["{{B}}",151229,788978],"K_490\/27.0.1":["{{B}}",940207,646102],"K_490\/27.0.2":["{{B}}",1586309,2182102],"K_490\/27.0.3":["{{B}}",3768411,1817998],"K_490\/27.0.4":["{{B}}",5586409,130370],"K_490\/27.1.0":["{{B}}",5716779,1127500],"K_490\/27.1.1":["{{B}}",6844279,1277324],"K_490\/27.1.2":["{{B}}",8121603,2174253],"K_490\/27.1.3":["{{B}}",10295856,1809967],"K_490\/27.1.4":["{{B}}",12105823,226537],"K_490\/27.2.0":["{{B}}",12332360,1873089],"K_490\/27.2.1":["{{B}}",14205449,1022975],"K_490\/27.2.2":["{{B}}",15228424,45462],"K_490\/27.2.3":["{{B}}",15273886,1829354],"K_490\/27.2.4":["{{B}}",17103240,91150],"K_490\/27.3.0":["{{B}}",17194390,1251387],"K_490\/27.3.1":["{{B}}",18445777,1398990],"K_490\/27.3.2":["{{B}}",19844767,1242981],"K_490\/27.3.3":["{{B}}",21087748,3185088],"K_490\/27.3.4":["{{B}}",24272836,698333],"K_490\/27.4.0":["{{B}}",24971169,11409],"K_490\/27.4.1":["{{B}}",24982578,255996],"K_490\/27.4.2":["{{B}}",25238574,1346519],"K_490\/27.4.3":["{{B}}",26585093,2141154],"K_490\/27.4.4":["{{B}}",28726247,353193],"K_490\/28.0.0":["{{C}}",151229,469564],"K_490\/28.0.1":["{{C}}",620793,486673],"K_490\/28.0.2":["{{C}}",1107466,2229300],"K_490\/28.0.3":["{{C}}",3336766,135391],"K_490\/28.0.4":["{{C}}",3472157,70052],"K_490\/28.1.0":["{{C}}",3542209,2234157],"K_490\/28.1.1":["{{C}}",5776366,2709165],"K_490\/28.1.2":["{{C}}",8485531,2072819],"K_490\/28.1.3":["{{C}}",10558350,1239593],"K_490\/28.1.4":["{{C}}",11797943,1289964],"K_490\/28.2.0":["{{C}}",13087907,1664597],"K_490\/28.2.1":["{{C}}",14752504,1056111],"K_490\/28.2.2":["{{C}}",15808615,96630],"K_490\/28.2.3":["{{C}}",15905245,451609],"K_490\/28.2.4":["{{C}}",16356854,2615003],"K_490\/28.3.0":["{{C}}",18971857,1522439],"K_490\/28.3.1":["{{C}}",20494296,956142],"K_490\/28.3.2":["{{C}}",21450438,1718151],"K_490\/28.3.3":["{{C}}",23168589,618387],"K_490\/28.3.4":["{{C}}",23786976,1021741],"K_490\/28.4.0":["{{C}}",24808717,549848],"K_490\/28.4.1":["{{C}}",25358565,343079],"K_490\/28.4.2":["{{C}}",25701644,294857],"K_490\/28.4.3":["{{C}}",25996501,1194468],"K_490\/28.4.4":["{{C}}",27190969,11372],"K_490\/29.0.0":["{{D}}",151229,1139761],"K_490\/29.0.1":["{{D}}",1290990,307147],"K_490\/29.0.2":["{{D}}",1598137,558829],"K_490\/29.0.3":["{{D}}",2156966,2217228],"K_490\/29.0.4":["{{D}}",4374194,2060054],"K_490\/29.1.0":["{{D}}",6434248,1042099],"K_490\/29.1.1":["{{D}}",7476347,2363691],"K_490\/29.1.2":["{{D}}",9840038,1604107],"K_490\/29.1.3":["{{D}}",11444145,2488873],"K_490\/29.1.4":["{{D}}",13933018,35420],"K_490\/29.2.0":["{{D}}",13968438,1914798],"K_490\/29.2.1":["{{D}}",15883236,1874438],"K_490\/29.2.2":["{{D}}",17757674,20734],"K_490\/29.2.3":["{{D}}",17778408,1924527],"K_490\/29.2.4":["{{D}}",19702935,585639],"K_490\/29.3.0":["{{D}}",20288574,835798],"K_490\/29.3.1":["{{D}}",21124372,1460964],"K_490\/29.3.2":["{{D}}",22585336,564516],"K_490\/29.3.3":["{{D}}",23149852,935976],"K_490\/29.3.4":["{{D}}",24085828,618290],"K_490\/29.4.0":["{{D}}",24704118,618261],"K_490\/29.4.1":["{{D}}",25322379,490004],"K_490\/29.4.2":["{{D}}",25812383,314639],"K_490\/29.4.3":["{{D}}",26127022,1261623],"K_490\/29.4.4":["{{D}}",27388645,38914]}}