{"version": 1, "refs": {".zgroup": "{\"zarr_format\":2}", "time/.zarray": "{\n    \"chunks\": [\n        2\n    ],\n    \"compressor\": null,\n    \"dtype\": \"<f8\",\n    \"fill_value\": 0.0,\n    \"filters\": null,\n    \"order\": \"C\",\n    \"shape\": [\n        2\n    ],\n    \"zarr_format\": 2\n}", "time/0": "base64:AAAAANCW80AAAAAAIJfzQA==", "time/.zattrs": "{\n    \"_ARRAY_DIMENSIONS\": [\n        \"time\"\n    ],\n    \"axis\": \"T\",\n    \"calendar\": \"gregorian\",\n    \"long_name\": \"time\",\n    \"standard_name\": \"time\",\n    \"units\": \"days since 1800-01-01 00:00:00.0\"\n}", ".zattrs": "{\"Conventions\":\"CF-1.6\",\"history\":\"File initialised at 2019-09-23T19:21:11.941055\\nInitialised var chl_gsm at 2019-09-23T19:21:34.656978\\nAdd Granule A20190907_0225.20190923144954.L2OC_BASE.chl_gsm.nc at 2019-09-23T19:21:35.706322\\nAdd Granule A20190907_0230.20190923141014.L2OC_BASE.chl_gsm.nc at 2019-09-23T19:21:36.021243\\nAdd Granule A20190907_0355.20190923141013.L2OC_BASE.chl_gsm.nc at 2019-09-23T19:21:36.556002\\nAdd Granule A20190907_0400.20190923141013.L2OC_BASE.chl_gsm.nc at 2019-09-23T19:21:37.030389\\nAdd Granule A20190907_0405.20190923142917.L2OC_BASE.chl_gsm.nc at 2019-09-23T19:21:37.483071\\nAdd Granule A20190907_0530.20190923142418.L2OC_BASE.chl_gsm.nc at 2019-09-23T19:21:38.047260\\nAdd Granule A20190907_0535.20190923145819.L2OC_BASE.chl_gsm.nc at 2019-09-23T19:21:38.466064\\nAdd Granule A20190907_0540.20190923142524.L2OC_BASE.chl_gsm.nc at 2019-09-23T19:21:38.943186\\nAdd Granule A20190907_0545.20190923150200.L2OC_BASE.chl_gsm.nc at 2019-09-23T19:21:39.419402\\nAdd Granule A20190907_0710.20190923144134.L2OC_BASE.chl_gsm.nc at 2019-09-23T19:21:40.122874\\nAdd Granule A20190907_0715.20190923151023.L2OC_BASE.chl_gsm.nc at 2019-09-23T19:21:40.634796\\nAdd Granule A20190907_0720.20190923151613.L2OC_BASE.chl_gsm.nc at 2019-09-23T19:21:41.092233\\nAdd Granule A20190907_0725.20190923151015.L2OC_BASE.chl_gsm.nc at 2019-09-23T19:21:41.565601\\nAdd Granule A20190907_0850.20190923152959.L2OC_BASE.chl_gsm.nc at 2019-09-23T19:21:42.029694\\nAdd Granule A20190907_0855.20190923145206.L2OC_BASE.chl_gsm.nc at 2019-09-23T19:21:42.359171\\nAdd Granule A20190907_0900.20190923153642.L2OC_BASE.chl_gsm.nc at 2019-09-23T19:21:42.617671\",\"source_path\":\"imos-srs\\/archive\\/oc\\/aqua\\/1d\\/v201508\\/2019\\/09\\/A20190907.L2OC_BASE.aust.chl_gsm.nc\"}", "chl_gsm/.zarray": "{\"chunks\":[1,856,1223],\"compressor\":{\"id\":\"zlib\",\"level\":4},\"dtype\":\"<f4\",\"fill_value\":-999.0,\"filters\":[{\"elementsize\":4,\"id\":\"shuffle\"}],\"order\":\"C\",\"shape\":[2,7001,10001],\"zarr_format\":2}", "chl_gsm/.zattrs": "{\"_ARRAY_DIMENSIONS\":[\"time\",\"latitude\",\"longitude\"],\"_FillValue\":-999.0,\"flag_applied\":\"HISATZEN LAND CLDICE NAVFAIL\",\"long_name\":\"Chlorophyll Concentration, GSM model\",\"units\":\"mg\\/m^3\"}", "chl_gsm/0.0.0": ["s3://imos-data/IMOS/SRS/OC/gridded/aqua/P1D/2019/09/A.P1D.20190907T000000Z.aust.chl_gsm.nc", 148951, 683857], "chl_gsm/0.0.1": ["s3://imos-data/IMOS/SRS/OC/gridded/aqua/P1D/2019/09/A.P1D.20190907T000000Z.aust.chl_gsm.nc", 832808, 664287], "chl_gsm/0.0.2": ["s3://imos-data/IMOS/SRS/OC/gridded/aqua/P1D/2019/09/A.P1D.20190907T000000Z.aust.chl_gsm.nc", 1497095, 119547], "chl_gsm/0.0.3": ["s3://imos-data/IMOS/SRS/OC/gridded/aqua/P1D/2019/09/A.P1D.20190907T000000Z.aust.chl_gsm.nc", 1616642, 747391], "chl_gsm/0.0.4": ["s3://imos-data/IMOS/SRS/OC/gridded/aqua/P1D/2019/09/A.P1D.20190907T000000Z.aust.chl_gsm.nc", 2364033, 129463], "chl_gsm/0.0.5": ["s3://imos-data/IMOS/SRS/OC/gridded/aqua/P1D/2019/09/A.P1D.20190907T000000Z.aust.chl_gsm.nc", 2493496, 273654], "chl_gsm/0.0.6": ["s3://imos-data/IMOS/SRS/OC/gridded/aqua/P1D/2019/09/A.P1D.20190907T000000Z.aust.chl_gsm.nc", 2767150, 128332], "chl_gsm/0.0.7": ["s3://imos-data/IMOS/SRS/OC/gridded/aqua/P1D/2019/09/A.P1D.20190907T000000Z.aust.chl_gsm.nc", 2895482, 106731], "chl_gsm/0.0.8": ["s3://imos-data/IMOS/SRS/OC/gridded/aqua/P1D/2019/09/A.P1D.20190907T000000Z.aust.chl_gsm.nc", 3002213, 4088], "chl_gsm/0.1.0": ["s3://imos-data/IMOS/SRS/OC/gridded/aqua/P1D/2019/09/A.P1D.20190907T000000Z.aust.chl_gsm.nc", 3006301, 924079], "chl_gsm/0.1.1": ["s3://imos-data/IMOS/SRS/OC/gridded/aqua/P1D/2019/09/A.P1D.20190907T000000Z.aust.chl_gsm.nc", 3930380, 1046788], "chl_gsm/0.1.2": ["s3://imos-data/IMOS/SRS/OC/gridded/aqua/P1D/2019/09/A.P1D.20190907T000000Z.aust.chl_gsm.nc", 4977168, 165549], "chl_gsm/0.1.3": ["s3://imos-data/IMOS/SRS/OC/gridded/aqua/P1D/2019/09/A.P1D.20190907T000000Z.aust.chl_gsm.nc", 5142717, 1451852], "chl_gsm/0.1.4": ["s3://imos-data/IMOS/SRS/OC/gridded/aqua/P1D/2019/09/A.P1D.20190907T000000Z.aust.chl_gsm.nc", 6594569, 88570], "chl_gsm/0.1.5": ["s3://imos-data/IMOS/SRS/OC/gridded/aqua/P1D/2019/09/A.P1D.20190907T000000Z.aust.chl_gsm.nc", 6683139, 98936], "chl_gsm/0.1.6": ["s3://imos-data/IMOS/SRS/OC/gridded/aqua/P1D/2019/09/A.P1D.20190907T000000Z.aust.chl_gsm.nc", 6782075, 83761], "chl_gsm/0.1.7": ["s3://imos-data/IMOS/SRS/OC/gridded/aqua/P1D/2019/09/A.P1D.20190907T000000Z.aust.chl_gsm.nc", 6865836, 854942], "chl_gsm/0.1.8": ["s3://imos-data/IMOS/SRS/OC/gridded/aqua/P1D/2019/09/A.P1D.20190907T000000Z.aust.chl_gsm.nc", 7720778, 4088], "chl_gsm/0.2.0": ["s3://imos-data/IMOS/SRS/OC/gridded/aqua/P1D/2019/09/A.P1D.20190907T000000Z.aust.chl_gsm.nc", 7724866, 829930], "chl_gsm/0.2.1": ["s3://imos-data/IMOS/SRS/OC/gridded/aqua/P1D/2019/09/A.P1D.20190907T000000Z.aust.chl_gsm.nc", 8554796, 1466348], "chl_gsm/0.2.2": ["s3://imos-data/IMOS/SRS/OC/gridded/aqua/P1D/2019/09/A.P1D.20190907T000000Z.aust.chl_gsm.nc", 10021144, 744584], "chl_gsm/0.2.3": ["s3://imos-data/IMOS/SRS/OC/gridded/aqua/P1D/2019/09/A.P1D.20190907T000000Z.aust.chl_gsm.nc", 10765728, 2249432], "chl_gsm/0.2.4": ["s3://imos-data/IMOS/SRS/OC/gridded/aqua/P1D/2019/09/A.P1D.20190907T000000Z.aust.chl_gsm.nc", 13015160, 1024683], "chl_gsm/0.2.5": ["s3://imos-data/IMOS/SRS/OC/gridded/aqua/P1D/2019/09/A.P1D.20190907T000000Z.aust.chl_gsm.nc", 14039843, 1673623], "chl_gsm/0.2.6": ["s3://imos-data/IMOS/SRS/OC/gridded/aqua/P1D/2019/09/A.P1D.20190907T000000Z.aust.chl_gsm.nc", 15713466, 373818], "chl_gsm/0.2.7": ["s3://imos-data/IMOS/SRS/OC/gridded/aqua/P1D/2019/09/A.P1D.20190907T000000Z.aust.chl_gsm.nc", 16087284, 898385], "chl_gsm/0.2.8": ["s3://imos-data/IMOS/SRS/OC/gridded/aqua/P1D/2019/09/A.P1D.20190907T000000Z.aust.chl_gsm.nc", 16985669, 22282], "chl_gsm/0.3.0": ["s3://imos-data/IMOS/SRS/OC/gridded/aqua/P1D/2019/09/A.P1D.20190907T000000Z.aust.chl_gsm.nc", 17007951, 1003812], "chl_gsm/0.3.1": ["s3://imos-data/IMOS/SRS/OC/gridded/aqua/P1D/2019/09/A.P1D.20190907T000000Z.aust.chl_gsm.nc", 18011763, 2164096], "chl_gsm/0.3.2": ["s3://imos-data/IMOS/SRS/OC/gridded/aqua/P1D/2019/09/A.P1D.20190907T000000Z.aust.chl_gsm.nc", 20175859, 817972], "chl_gsm/0.3.3": ["s3://imos-data/IMOS/SRS/OC/gridded/aqua/P1D/2019/09/A.P1D.20190907T000000Z.aust.chl_gsm.nc", 20993831, 654957], "chl_gsm/0.3.4": ["s3://imos-data/IMOS/SRS/OC/gridded/aqua/P1D/2019/09/A.P1D.20190907T000000Z.aust.chl_gsm.nc", 21648788, 162455], "chl_gsm/0.3.5": ["s3://imos-data/IMOS/SRS/OC/gridded/aqua/P1D/2019/09/A.P1D.20190907T000000Z.aust.chl_gsm.nc", 21811243, 1283376], "chl_gsm/0.3.6": ["s3://imos-data/IMOS/SRS/OC/gridded/aqua/P1D/2019/09/A.P1D.20190907T000000Z.aust.chl_gsm.nc", 23094619, 697763], "chl_gsm/0.3.7": ["s3://imos-data/IMOS/SRS/OC/gridded/aqua/P1D/2019/09/A.P1D.20190907T000000Z.aust.chl_gsm.nc", 23792382, 328656], "chl_gsm/0.3.8": ["s3://imos-data/IMOS/SRS/OC/gridded/aqua/P1D/2019/09/A.P1D.20190907T000000Z.aust.chl_gsm.nc", 24121038, 4276], "chl_gsm/0.4.0": ["s3://imos-data/IMOS/SRS/OC/gridded/aqua/P1D/2019/09/A.P1D.20190907T000000Z.aust.chl_gsm.nc", 24125314, 1025323], "chl_gsm/0.4.1": ["s3://imos-data/IMOS/SRS/OC/gridded/aqua/P1D/2019/09/A.P1D.20190907T000000Z.aust.chl_gsm.nc", 25150637, 1630402], "chl_gsm/0.4.2": ["s3://imos-data/IMOS/SRS/OC/gridded/aqua/P1D/2019/09/A.P1D.20190907T000000Z.aust.chl_gsm.nc", 26781039, 402365], "chl_gsm/0.4.3": ["s3://imos-data/IMOS/SRS/OC/gridded/aqua/P1D/2019/09/A.P1D.20190907T000000Z.aust.chl_gsm.nc", 27183404, 75974], "chl_gsm/0.4.4": ["s3://imos-data/IMOS/SRS/OC/gridded/aqua/P1D/2019/09/A.P1D.20190907T000000Z.aust.chl_gsm.nc", 27259378, 142531], "chl_gsm/0.4.5": ["s3://imos-data/IMOS/SRS/OC/gridded/aqua/P1D/2019/09/A.P1D.20190907T000000Z.aust.chl_gsm.nc", 27401909, 47180], "chl_gsm/0.4.6": ["s3://imos-data/IMOS/SRS/OC/gridded/aqua/P1D/2019/09/A.P1D.20190907T000000Z.aust.chl_gsm.nc", 27449089, 358959], "chl_gsm/0.4.7": ["s3://imos-data/IMOS/SRS/OC/gridded/aqua/P1D/2019/09/A.P1D.20190907T000000Z.aust.chl_gsm.nc", 27808048, 4088], "chl_gsm/0.4.8": ["s3://imos-data/IMOS/SRS/OC/gridded/aqua/P1D/2019/09/A.P1D.20190907T000000Z.aust.chl_gsm.nc", 27812136, 4088], "chl_gsm/0.5.0": ["s3://imos-data/IMOS/SRS/OC/gridded/aqua/P1D/2019/09/A.P1D.20190907T000000Z.aust.chl_gsm.nc", 27816224, 447911], "chl_gsm/0.5.1": ["s3://imos-data/IMOS/SRS/OC/gridded/aqua/P1D/2019/09/A.P1D.20190907T000000Z.aust.chl_gsm.nc", 28264135, 522547], "chl_gsm/0.5.2": ["s3://imos-data/IMOS/SRS/OC/gridded/aqua/P1D/2019/09/A.P1D.20190907T000000Z.aust.chl_gsm.nc", 28786682, 872234], "chl_gsm/0.5.3": ["s3://imos-data/IMOS/SRS/OC/gridded/aqua/P1D/2019/09/A.P1D.20190907T000000Z.aust.chl_gsm.nc", 29658916, 1660099], "chl_gsm/0.5.4": ["s3://imos-data/IMOS/SRS/OC/gridded/aqua/P1D/2019/09/A.P1D.20190907T000000Z.aust.chl_gsm.nc", 31319015, 626815], "chl_gsm/0.5.5": ["s3://imos-data/IMOS/SRS/OC/gridded/aqua/P1D/2019/09/A.P1D.20190907T000000Z.aust.chl_gsm.nc", 31945830, 422565], "chl_gsm/0.5.6": ["s3://imos-data/IMOS/SRS/OC/gridded/aqua/P1D/2019/09/A.P1D.20190907T000000Z.aust.chl_gsm.nc", 32368395, 576508], "chl_gsm/0.5.7": ["s3://imos-data/IMOS/SRS/OC/gridded/aqua/P1D/2019/09/A.P1D.20190907T000000Z.aust.chl_gsm.nc", 32944903, 4088], "chl_gsm/0.5.8": ["s3://imos-data/IMOS/SRS/OC/gridded/aqua/P1D/2019/09/A.P1D.20190907T000000Z.aust.chl_gsm.nc", 32948991, 4088], "chl_gsm/0.6.0": ["s3://imos-data/IMOS/SRS/OC/gridded/aqua/P1D/2019/09/A.P1D.20190907T000000Z.aust.chl_gsm.nc", 32953079, 541955], "chl_gsm/0.6.1": ["s3://imos-data/IMOS/SRS/OC/gridded/aqua/P1D/2019/09/A.P1D.20190907T000000Z.aust.chl_gsm.nc", 33495034, 275297], "chl_gsm/0.6.2": ["s3://imos-data/IMOS/SRS/OC/gridded/aqua/P1D/2019/09/A.P1D.20190907T000000Z.aust.chl_gsm.nc", 33770331, 1303931], "chl_gsm/0.6.3": ["s3://imos-data/IMOS/SRS/OC/gridded/aqua/P1D/2019/09/A.P1D.20190907T000000Z.aust.chl_gsm.nc", 35074262, 669832], "chl_gsm/0.6.4": ["s3://imos-data/IMOS/SRS/OC/gridded/aqua/P1D/2019/09/A.P1D.20190907T000000Z.aust.chl_gsm.nc", 35744094, 635164], "chl_gsm/0.6.5": ["s3://imos-data/IMOS/SRS/OC/gridded/aqua/P1D/2019/09/A.P1D.20190907T000000Z.aust.chl_gsm.nc", 36379258, 328163], "chl_gsm/0.6.6": ["s3://imos-data/IMOS/SRS/OC/gridded/aqua/P1D/2019/09/A.P1D.20190907T000000Z.aust.chl_gsm.nc", 36707421, 265831], "chl_gsm/0.6.7": ["s3://imos-data/IMOS/SRS/OC/gridded/aqua/P1D/2019/09/A.P1D.20190907T000000Z.aust.chl_gsm.nc", 36973252, 26956], "chl_gsm/0.6.8": ["s3://imos-data/IMOS/SRS/OC/gridded/aqua/P1D/2019/09/A.P1D.20190907T000000Z.aust.chl_gsm.nc", 37000208, 4088], "chl_gsm/0.7.0": ["s3://imos-data/IMOS/SRS/OC/gridded/aqua/P1D/2019/09/A.P1D.20190907T000000Z.aust.chl_gsm.nc", 37004296, 446790], "chl_gsm/0.7.1": ["s3://imos-data/IMOS/SRS/OC/gridded/aqua/P1D/2019/09/A.P1D.20190907T000000Z.aust.chl_gsm.nc", 37451086, 680713], "chl_gsm/0.7.2": ["s3://imos-data/IMOS/SRS/OC/gridded/aqua/P1D/2019/09/A.P1D.20190907T000000Z.aust.chl_gsm.nc", 38138071, 1219088], "chl_gsm/0.7.3": ["s3://imos-data/IMOS/SRS/OC/gridded/aqua/P1D/2019/09/A.P1D.20190907T000000Z.aust.chl_gsm.nc", 39357159, 130897], "chl_gsm/0.7.4": ["s3://imos-data/IMOS/SRS/OC/gridded/aqua/P1D/2019/09/A.P1D.20190907T000000Z.aust.chl_gsm.nc", 39488056, 579279], "chl_gsm/0.7.5": ["s3://imos-data/IMOS/SRS/OC/gridded/aqua/P1D/2019/09/A.P1D.20190907T000000Z.aust.chl_gsm.nc", 40067335, 75549], "chl_gsm/0.7.6": ["s3://imos-data/IMOS/SRS/OC/gridded/aqua/P1D/2019/09/A.P1D.20190907T000000Z.aust.chl_gsm.nc", 40142884, 4088], "chl_gsm/0.7.7": ["s3://imos-data/IMOS/SRS/OC/gridded/aqua/P1D/2019/09/A.P1D.20190907T000000Z.aust.chl_gsm.nc", 40146972, 4088], "chl_gsm/0.7.8": ["s3://imos-data/IMOS/SRS/OC/gridded/aqua/P1D/2019/09/A.P1D.20190907T000000Z.aust.chl_gsm.nc", 40151060, 4088], "chl_gsm/0.8.0": ["s3://imos-data/IMOS/SRS/OC/gridded/aqua/P1D/2019/09/A.P1D.20190907T000000Z.aust.chl_gsm.nc", 40155148, 4088], "chl_gsm/0.8.1": ["s3://imos-data/IMOS/SRS/OC/gridded/aqua/P1D/2019/09/A.P1D.20190907T000000Z.aust.chl_gsm.nc", 40159236, 18583], "chl_gsm/0.8.2": ["s3://imos-data/IMOS/SRS/OC/gridded/aqua/P1D/2019/09/A.P1D.20190907T000000Z.aust.chl_gsm.nc", 40177819, 9240], "chl_gsm/0.8.3": ["s3://imos-data/IMOS/SRS/OC/gridded/aqua/P1D/2019/09/A.P1D.20190907T000000Z.aust.chl_gsm.nc", 40187059, 4595], "chl_gsm/0.8.4": ["s3://imos-data/IMOS/SRS/OC/gridded/aqua/P1D/2019/09/A.P1D.20190907T000000Z.aust.chl_gsm.nc", 40191654, 30171], "chl_gsm/0.8.5": ["s3://imos-data/IMOS/SRS/OC/gridded/aqua/P1D/2019/09/A.P1D.20190907T000000Z.aust.chl_gsm.nc", 40221825, 10312], "chl_gsm/0.8.6": ["s3://imos-data/IMOS/SRS/OC/gridded/aqua/P1D/2019/09/A.P1D.20190907T000000Z.aust.chl_gsm.nc", 40232137, 4088], "chl_gsm/0.8.7": ["s3://imos-data/IMOS/SRS/OC/gridded/aqua/P1D/2019/09/A.P1D.20190907T000000Z.aust.chl_gsm.nc", 40236225, 4088], "chl_gsm/0.8.8": ["s3://imos-data/IMOS/SRS/OC/gridded/aqua/P1D/2019/09/A.P1D.20190907T000000Z.aust.chl_gsm.nc", 40242361, 4088], "latitude/.zarray": "{\n    \"chunks\": [\n        7001\n    ],\n    \"compressor\": null,\n    \"dtype\": \"<f8\",\n    \"fill_value\": 9.969209968386869e+36,\n    \"filters\": null,\n    \"order\": \"C\",\n    \"shape\": [\n        7001\n    ],\n    \"zarr_format\": 2\n}", "latitude/.zattrs": "{\n    \"_ARRAY_DIMENSIONS\": [\n        \"latitude\"\n    ],\n    \"axis\": \"Y\",\n    \"long_name\": \"latitude\",\n    \"standard_name\": \"latitude\",\n    \"units\": \"degrees_north\"\n}", "latitude/0": ["s3://imos-data/IMOS/SRS/OC/gridded/aqua/P1D/2019/09/A.P1D.20190907T000000Z.aust.chl_gsm.nc", 2118, 56008], "longitude/.zarray": "{\n    \"chunks\": [\n        10001\n    ],\n    \"compressor\": null,\n    \"dtype\": \"<f8\",\n    \"fill_value\": 9.969209968386869e+36,\n    \"filters\": null,\n    \"order\": \"C\",\n    \"shape\": [\n        10001\n    ],\n    \"zarr_format\": 2\n}", "longitude/.zattrs": "{\n    \"_ARRAY_DIMENSIONS\": [\n        \"longitude\"\n    ],\n    \"axis\": \"X\",\n    \"long_name\": \"longitude\",\n    \"standard_name\": \"longitude\",\n    \"units\": \"degrees_east\"\n}", "longitude/0": ["s3://imos-data/IMOS/SRS/OC/gridded/aqua/P1D/2019/09/A.P1D.20190907T000000Z.aust.chl_gsm.nc", 58126, 80008], "chl_gsm/1.0.0": ["s3://imos-data/IMOS/SRS/OC/gridded/aqua/P1D/2019/09/A.P1D.20190912T000000Z.aust.chl_gsm.nc", 148951, 593879], "chl_gsm/1.0.1": ["s3://imos-data/IMOS/SRS/OC/gridded/aqua/P1D/2019/09/A.P1D.20190912T000000Z.aust.chl_gsm.nc", 742830, 254338], "chl_gsm/1.0.2": ["s3://imos-data/IMOS/SRS/OC/gridded/aqua/P1D/2019/09/A.P1D.20190912T000000Z.aust.chl_gsm.nc", 997168, 12241], "chl_gsm/1.0.3": ["s3://imos-data/IMOS/SRS/OC/gridded/aqua/P1D/2019/09/A.P1D.20190912T000000Z.aust.chl_gsm.nc", 1009409, 101546], "chl_gsm/1.0.4": ["s3://imos-data/IMOS/SRS/OC/gridded/aqua/P1D/2019/09/A.P1D.20190912T000000Z.aust.chl_gsm.nc", 1110955, 1361808], "chl_gsm/1.0.5": ["s3://imos-data/IMOS/SRS/OC/gridded/aqua/P1D/2019/09/A.P1D.20190912T000000Z.aust.chl_gsm.nc", 2472763, 516275], "chl_gsm/1.0.6": ["s3://imos-data/IMOS/SRS/OC/gridded/aqua/P1D/2019/09/A.P1D.20190912T000000Z.aust.chl_gsm.nc", 2989038, 340918], "chl_gsm/1.0.7": ["s3://imos-data/IMOS/SRS/OC/gridded/aqua/P1D/2019/09/A.P1D.20190912T000000Z.aust.chl_gsm.nc", 3329956, 373805], "chl_gsm/1.0.8": ["s3://imos-data/IMOS/SRS/OC/gridded/aqua/P1D/2019/09/A.P1D.20190912T000000Z.aust.chl_gsm.nc", 3703761, 4088], "chl_gsm/1.1.0": ["s3://imos-data/IMOS/SRS/OC/gridded/aqua/P1D/2019/09/A.P1D.20190912T000000Z.aust.chl_gsm.nc", 3707849, 1298079], "chl_gsm/1.1.1": ["s3://imos-data/IMOS/SRS/OC/gridded/aqua/P1D/2019/09/A.P1D.20190912T000000Z.aust.chl_gsm.nc", 5005928, 100907], "chl_gsm/1.1.2": ["s3://imos-data/IMOS/SRS/OC/gridded/aqua/P1D/2019/09/A.P1D.20190912T000000Z.aust.chl_gsm.nc", 5106835, 364997], "chl_gsm/1.1.3": ["s3://imos-data/IMOS/SRS/OC/gridded/aqua/P1D/2019/09/A.P1D.20190912T000000Z.aust.chl_gsm.nc", 5471832, 517562], "chl_gsm/1.1.4": ["s3://imos-data/IMOS/SRS/OC/gridded/aqua/P1D/2019/09/A.P1D.20190912T000000Z.aust.chl_gsm.nc", 5989394, 723149], "chl_gsm/1.1.5": ["s3://imos-data/IMOS/SRS/OC/gridded/aqua/P1D/2019/09/A.P1D.20190912T000000Z.aust.chl_gsm.nc", 6712543, 355398], "chl_gsm/1.1.6": ["s3://imos-data/IMOS/SRS/OC/gridded/aqua/P1D/2019/09/A.P1D.20190912T000000Z.aust.chl_gsm.nc", 7067941, 754107], "chl_gsm/1.1.7": ["s3://imos-data/IMOS/SRS/OC/gridded/aqua/P1D/2019/09/A.P1D.20190912T000000Z.aust.chl_gsm.nc", 7822048, 972612], "chl_gsm/1.1.8": ["s3://imos-data/IMOS/SRS/OC/gridded/aqua/P1D/2019/09/A.P1D.20190912T000000Z.aust.chl_gsm.nc", 8794660, 4088], "chl_gsm/1.2.0": ["s3://imos-data/IMOS/SRS/OC/gridded/aqua/P1D/2019/09/A.P1D.20190912T000000Z.aust.chl_gsm.nc", 8798748, 1488204], "chl_gsm/1.2.1": ["s3://imos-data/IMOS/SRS/OC/gridded/aqua/P1D/2019/09/A.P1D.20190912T000000Z.aust.chl_gsm.nc", 10286952, 608375], "chl_gsm/1.2.2": ["s3://imos-data/IMOS/SRS/OC/gridded/aqua/P1D/2019/09/A.P1D.20190912T000000Z.aust.chl_gsm.nc", 10895327, 1843378], "chl_gsm/1.2.3": ["s3://imos-data/IMOS/SRS/OC/gridded/aqua/P1D/2019/09/A.P1D.20190912T000000Z.aust.chl_gsm.nc", 12738705, 1138368], "chl_gsm/1.2.4": ["s3://imos-data/IMOS/SRS/OC/gridded/aqua/P1D/2019/09/A.P1D.20190912T000000Z.aust.chl_gsm.nc", 13877073, 955690], "chl_gsm/1.2.5": ["s3://imos-data/IMOS/SRS/OC/gridded/aqua/P1D/2019/09/A.P1D.20190912T000000Z.aust.chl_gsm.nc", 14832763, 427203], "chl_gsm/1.2.6": ["s3://imos-data/IMOS/SRS/OC/gridded/aqua/P1D/2019/09/A.P1D.20190912T000000Z.aust.chl_gsm.nc", 15259966, 312815], "chl_gsm/1.2.7": ["s3://imos-data/IMOS/SRS/OC/gridded/aqua/P1D/2019/09/A.P1D.20190912T000000Z.aust.chl_gsm.nc", 15572781, 922163], "chl_gsm/1.2.8": ["s3://imos-data/IMOS/SRS/OC/gridded/aqua/P1D/2019/09/A.P1D.20190912T000000Z.aust.chl_gsm.nc", 16494944, 4088], "chl_gsm/1.3.0": ["s3://imos-data/IMOS/SRS/OC/gridded/aqua/P1D/2019/09/A.P1D.20190912T000000Z.aust.chl_gsm.nc", 16499032, 1287293], "chl_gsm/1.3.1": ["s3://imos-data/IMOS/SRS/OC/gridded/aqua/P1D/2019/09/A.P1D.20190912T000000Z.aust.chl_gsm.nc", 17786325, 1347089], "chl_gsm/1.3.2": ["s3://imos-data/IMOS/SRS/OC/gridded/aqua/P1D/2019/09/A.P1D.20190912T000000Z.aust.chl_gsm.nc", 19133414, 1600695], "chl_gsm/1.3.3": ["s3://imos-data/IMOS/SRS/OC/gridded/aqua/P1D/2019/09/A.P1D.20190912T000000Z.aust.chl_gsm.nc", 20734109, 784623], "chl_gsm/1.3.4": ["s3://imos-data/IMOS/SRS/OC/gridded/aqua/P1D/2019/09/A.P1D.20190912T000000Z.aust.chl_gsm.nc", 21518732, 143924], "chl_gsm/1.3.5": ["s3://imos-data/IMOS/SRS/OC/gridded/aqua/P1D/2019/09/A.P1D.20190912T000000Z.aust.chl_gsm.nc", 21662656, 329013], "chl_gsm/1.3.6": ["s3://imos-data/IMOS/SRS/OC/gridded/aqua/P1D/2019/09/A.P1D.20190912T000000Z.aust.chl_gsm.nc", 21991669, 1114917], "chl_gsm/1.3.7": ["s3://imos-data/IMOS/SRS/OC/gridded/aqua/P1D/2019/09/A.P1D.20190912T000000Z.aust.chl_gsm.nc", 23106586, 210539], "chl_gsm/1.3.8": ["s3://imos-data/IMOS/SRS/OC/gridded/aqua/P1D/2019/09/A.P1D.20190912T000000Z.aust.chl_gsm.nc", 23317125, 4088], "chl_gsm/1.4.0": ["s3://imos-data/IMOS/SRS/OC/gridded/aqua/P1D/2019/09/A.P1D.20190912T000000Z.aust.chl_gsm.nc", 23321213, 825274], "chl_gsm/1.4.1": ["s3://imos-data/IMOS/SRS/OC/gridded/aqua/P1D/2019/09/A.P1D.20190912T000000Z.aust.chl_gsm.nc", 24146487, 1831498], "chl_gsm/1.4.2": ["s3://imos-data/IMOS/SRS/OC/gridded/aqua/P1D/2019/09/A.P1D.20190912T000000Z.aust.chl_gsm.nc", 25977985, 909353], "chl_gsm/1.4.3": ["s3://imos-data/IMOS/SRS/OC/gridded/aqua/P1D/2019/09/A.P1D.20190912T000000Z.aust.chl_gsm.nc", 26887338, 69787], "chl_gsm/1.4.4": ["s3://imos-data/IMOS/SRS/OC/gridded/aqua/P1D/2019/09/A.P1D.20190912T000000Z.aust.chl_gsm.nc", 26957125, 64343], "chl_gsm/1.4.5": ["s3://imos-data/IMOS/SRS/OC/gridded/aqua/P1D/2019/09/A.P1D.20190912T000000Z.aust.chl_gsm.nc", 27021468, 21682], "chl_gsm/1.4.6": ["s3://imos-data/IMOS/SRS/OC/gridded/aqua/P1D/2019/09/A.P1D.20190912T000000Z.aust.chl_gsm.nc", 27043150, 1140138], "chl_gsm/1.4.7": ["s3://imos-data/IMOS/SRS/OC/gridded/aqua/P1D/2019/09/A.P1D.20190912T000000Z.aust.chl_gsm.nc", 28183288, 952818], "chl_gsm/1.4.8": ["s3://imos-data/IMOS/SRS/OC/gridded/aqua/P1D/2019/09/A.P1D.20190912T000000Z.aust.chl_gsm.nc", 29136106, 7975], "chl_gsm/1.5.0": ["s3://imos-data/IMOS/SRS/OC/gridded/aqua/P1D/2019/09/A.P1D.20190912T000000Z.aust.chl_gsm.nc", 29144081, 67065], "chl_gsm/1.5.1": ["s3://imos-data/IMOS/SRS/OC/gridded/aqua/P1D/2019/09/A.P1D.20190912T000000Z.aust.chl_gsm.nc", 29211146, 1539545], "chl_gsm/1.5.2": ["s3://imos-data/IMOS/SRS/OC/gridded/aqua/P1D/2019/09/A.P1D.20190912T000000Z.aust.chl_gsm.nc", 30750691, 1180956], "chl_gsm/1.5.3": ["s3://imos-data/IMOS/SRS/OC/gridded/aqua/P1D/2019/09/A.P1D.20190912T000000Z.aust.chl_gsm.nc", 31931647, 755256], "chl_gsm/1.5.4": ["s3://imos-data/IMOS/SRS/OC/gridded/aqua/P1D/2019/09/A.P1D.20190912T000000Z.aust.chl_gsm.nc", 32686903, 380943], "chl_gsm/1.5.5": ["s3://imos-data/IMOS/SRS/OC/gridded/aqua/P1D/2019/09/A.P1D.20190912T000000Z.aust.chl_gsm.nc", 33067846, 495462], "chl_gsm/1.5.6": ["s3://imos-data/IMOS/SRS/OC/gridded/aqua/P1D/2019/09/A.P1D.20190912T000000Z.aust.chl_gsm.nc", 33563308, 77226], "chl_gsm/1.5.7": ["s3://imos-data/IMOS/SRS/OC/gridded/aqua/P1D/2019/09/A.P1D.20190912T000000Z.aust.chl_gsm.nc", 33640534, 4088], "chl_gsm/1.5.8": ["s3://imos-data/IMOS/SRS/OC/gridded/aqua/P1D/2019/09/A.P1D.20190912T000000Z.aust.chl_gsm.nc", 33644622, 4088], "chl_gsm/1.6.0": ["s3://imos-data/IMOS/SRS/OC/gridded/aqua/P1D/2019/09/A.P1D.20190912T000000Z.aust.chl_gsm.nc", 33648710, 345675], "chl_gsm/1.6.1": ["s3://imos-data/IMOS/SRS/OC/gridded/aqua/P1D/2019/09/A.P1D.20190912T000000Z.aust.chl_gsm.nc", 33994385, 825011], "chl_gsm/1.6.2": ["s3://imos-data/IMOS/SRS/OC/gridded/aqua/P1D/2019/09/A.P1D.20190912T000000Z.aust.chl_gsm.nc", 34819396, 437057], "chl_gsm/1.6.3": ["s3://imos-data/IMOS/SRS/OC/gridded/aqua/P1D/2019/09/A.P1D.20190912T000000Z.aust.chl_gsm.nc", 35256453, 287696], "chl_gsm/1.6.4": ["s3://imos-data/IMOS/SRS/OC/gridded/aqua/P1D/2019/09/A.P1D.20190912T000000Z.aust.chl_gsm.nc", 35544149, 67357], "chl_gsm/1.6.5": ["s3://imos-data/IMOS/SRS/OC/gridded/aqua/P1D/2019/09/A.P1D.20190912T000000Z.aust.chl_gsm.nc", 35611506, 976831], "chl_gsm/1.6.6": ["s3://imos-data/IMOS/SRS/OC/gridded/aqua/P1D/2019/09/A.P1D.20190912T000000Z.aust.chl_gsm.nc", 36588337, 324301], "chl_gsm/1.6.7": ["s3://imos-data/IMOS/SRS/OC/gridded/aqua/P1D/2019/09/A.P1D.20190912T000000Z.aust.chl_gsm.nc", 36912638, 4088], "chl_gsm/1.6.8": ["s3://imos-data/IMOS/SRS/OC/gridded/aqua/P1D/2019/09/A.P1D.20190912T000000Z.aust.chl_gsm.nc", 36916726, 4088], "chl_gsm/1.7.0": ["s3://imos-data/IMOS/SRS/OC/gridded/aqua/P1D/2019/09/A.P1D.20190912T000000Z.aust.chl_gsm.nc", 36920814, 13368], "chl_gsm/1.7.1": ["s3://imos-data/IMOS/SRS/OC/gridded/aqua/P1D/2019/09/A.P1D.20190912T000000Z.aust.chl_gsm.nc", 36934182, 368312], "chl_gsm/1.7.2": ["s3://imos-data/IMOS/SRS/OC/gridded/aqua/P1D/2019/09/A.P1D.20190912T000000Z.aust.chl_gsm.nc", 37308766, 351556], "chl_gsm/1.7.3": ["s3://imos-data/IMOS/SRS/OC/gridded/aqua/P1D/2019/09/A.P1D.20190912T000000Z.aust.chl_gsm.nc", 37660322, 76395], "chl_gsm/1.7.4": ["s3://imos-data/IMOS/SRS/OC/gridded/aqua/P1D/2019/09/A.P1D.20190912T000000Z.aust.chl_gsm.nc", 37736717, 80472], "chl_gsm/1.7.5": ["s3://imos-data/IMOS/SRS/OC/gridded/aqua/P1D/2019/09/A.P1D.20190912T000000Z.aust.chl_gsm.nc", 37817189, 1236995], "chl_gsm/1.7.6": ["s3://imos-data/IMOS/SRS/OC/gridded/aqua/P1D/2019/09/A.P1D.20190912T000000Z.aust.chl_gsm.nc", 39054184, 406674], "chl_gsm/1.7.7": ["s3://imos-data/IMOS/SRS/OC/gridded/aqua/P1D/2019/09/A.P1D.20190912T000000Z.aust.chl_gsm.nc", 39460858, 4170], "chl_gsm/1.7.8": ["s3://imos-data/IMOS/SRS/OC/gridded/aqua/P1D/2019/09/A.P1D.20190912T000000Z.aust.chl_gsm.nc", 39465028, 4088], "chl_gsm/1.8.0": ["s3://imos-data/IMOS/SRS/OC/gridded/aqua/P1D/2019/09/A.P1D.20190912T000000Z.aust.chl_gsm.nc", 39469116, 4088], "chl_gsm/1.8.1": ["s3://imos-data/IMOS/SRS/OC/gridded/aqua/P1D/2019/09/A.P1D.20190912T000000Z.aust.chl_gsm.nc", 39473204, 4088], "chl_gsm/1.8.2": ["s3://imos-data/IMOS/SRS/OC/gridded/aqua/P1D/2019/09/A.P1D.20190912T000000Z.aust.chl_gsm.nc", 39477292, 4088], "chl_gsm/1.8.3": ["s3://imos-data/IMOS/SRS/OC/gridded/aqua/P1D/2019/09/A.P1D.20190912T000000Z.aust.chl_gsm.nc", 39481380, 4088], "chl_gsm/1.8.4": ["s3://imos-data/IMOS/SRS/OC/gridded/aqua/P1D/2019/09/A.P1D.20190912T000000Z.aust.chl_gsm.nc", 39485468, 4242], "chl_gsm/1.8.5": ["s3://imos-data/IMOS/SRS/OC/gridded/aqua/P1D/2019/09/A.P1D.20190912T000000Z.aust.chl_gsm.nc", 39489710, 79876], "chl_gsm/1.8.6": ["s3://imos-data/IMOS/SRS/OC/gridded/aqua/P1D/2019/09/A.P1D.20190912T000000Z.aust.chl_gsm.nc", 39569586, 4887], "chl_gsm/1.8.7": ["s3://imos-data/IMOS/SRS/OC/gridded/aqua/P1D/2019/09/A.P1D.20190912T000000Z.aust.chl_gsm.nc", 39574473, 4088], "chl_gsm/1.8.8": ["s3://imos-data/IMOS/SRS/OC/gridded/aqua/P1D/2019/09/A.P1D.20190912T000000Z.aust.chl_gsm.nc", 39580609, 4088]}}