{"version":1,"templates":{"a":"s3:\/\/imos-data\/IMOS\/SRS\/OC\/gridded\/aqua\/P1D\/2020\/04\/A.P1D.20200401T053000Z.aust.chl_oc3.nc","b":"s3:\/\/imos-data\/IMOS\/SRS\/OC\/gridded\/aqua\/P1D\/2020\/04\/A.P1D.20200402T053000Z.aust.chl_oc3.nc","c":"s3:\/\/imos-data\/IMOS\/SRS\/OC\/gridded\/aqua\/P1D\/2020\/04\/A.P1D.20200403T053000Z.aust.chl_oc3.nc","d":"s3:\/\/imos-data\/IMOS\/SRS\/OC\/gridded\/aqua\/P1D\/2020\/04\/A.P1D.20200404T053000Z.aust.chl_oc3.nc","e":"s3:\/\/imos-data\/IMOS\/SRS\/OC\/gridded\/aqua\/P1D\/2020\/04\/A.P1D.20200405T053000Z.aust.chl_oc3.nc","f":"s3:\/\/imos-data\/IMOS\/SRS\/OC\/gridded\/aqua\/P1D\/2020\/04\/A.P1D.20200406T053000Z.aust.chl_oc3.nc","g":"s3:\/\/imos-data\/IMOS\/SRS\/OC\/gridded\/aqua\/P1D\/2020\/04\/A.P1D.20200407T053000Z.aust.chl_oc3.nc","h":"s3:\/\/imos-data\/IMOS\/SRS\/OC\/gridded\/aqua\/P1D\/2020\/04\/A.P1D.20200408T053000Z.aust.chl_oc3.nc","i":"s3:\/\/imos-data\/IMOS\/SRS\/OC\/gridded\/aqua\/P1D\/2020\/04\/A.P1D.20200409T053000Z.aust.chl_oc3.nc","j":"s3:\/\/imos-data\/IMOS\/SRS\/OC\/gridded\/aqua\/P1D\/2020\/04\/A.P1D.20200410T053000Z.aust.chl_oc3.nc","k":"s3:\/\/imos-data\/IMOS\/SRS\/OC\/gridded\/aqua\/P1D\/2020\/04\/A.P1D.20200411T053000Z.aust.chl_oc3.nc","l":"s3:\/\/imos-data\/IMOS\/SRS\/OC\/gridded\/aqua\/P1D\/2020\/04\/A.P1D.20200412T053000Z.aust.chl_oc3.nc","m":"s3:\/\/imos-data\/IMOS\/SRS\/OC\/gridded\/aqua\/P1D\/2020\/04\/A.P1D.20200413T053000Z.aust.chl_oc3.nc","n":"s3:\/\/imos-data\/IMOS\/SRS\/OC\/gridded\/aqua\/P1D\/2020\/04\/A.P1D.20200414T053000Z.aust.chl_oc3.nc","o":"s3:\/\/imos-data\/IMOS\/SRS\/OC\/gridded\/aqua\/P1D\/2020\/04\/A.P1D.20200415T053000Z.aust.chl_oc3.nc","p":"s3:\/\/imos-data\/IMOS\/SRS\/OC\/gridded\/aqua\/P1D\/2020\/04\/A.P1D.20200416T053000Z.aust.chl_oc3.nc","q":"s3:\/\/imos-data\/IMOS\/SRS\/OC\/gridded\/aqua\/P1D\/2020\/04\/A.P1D.20200417T053000Z.aust.chl_oc3.nc","r":"s3:\/\/imos-data\/IMOS\/SRS\/OC\/gridded\/aqua\/P1D\/2020\/04\/A.P1D.20200418T053000Z.aust.chl_oc3.nc","s":"s3:\/\/imos-data\/IMOS\/SRS\/OC\/gridded\/aqua\/P1D\/2020\/04\/A.P1D.20200419T053000Z.aust.chl_oc3.nc","t":"s3:\/\/imos-data\/IMOS\/SRS\/OC\/gridded\/aqua\/P1D\/2020\/04\/A.P1D.20200420T053000Z.aust.chl_oc3.nc","u":"s3:\/\/imos-data\/IMOS\/SRS\/OC\/gridded\/aqua\/P1D\/2020\/04\/A.P1D.20200421T053000Z.aust.chl_oc3.nc","v":"s3:\/\/imos-data\/IMOS\/SRS\/OC\/gridded\/aqua\/P1D\/2020\/04\/A.P1D.20200422T053000Z.aust.chl_oc3.nc","w":"s3:\/\/imos-data\/IMOS\/SRS\/OC\/gridded\/aqua\/P1D\/2020\/04\/A.P1D.20200423T053000Z.aust.chl_oc3.nc","x":"s3:\/\/imos-data\/IMOS\/SRS\/OC\/gridded\/aqua\/P1D\/2020\/04\/A.P1D.20200424T053000Z.aust.chl_oc3.nc","y":"s3:\/\/imos-data\/IMOS\/SRS\/OC\/gridded\/aqua\/P1D\/2020\/04\/A.P1D.20200425T053000Z.aust.chl_oc3.nc","z":"s3:\/\/imos-data\/IMOS\/SRS\/OC\/gridded\/aqua\/P1D\/2020\/04\/A.P1D.20200426T053000Z.aust.chl_oc3.nc","A":"s3:\/\/imos-data\/IMOS\/SRS\/OC\/gridded\/aqua\/P1D\/2020\/04\/A.P1D.20200427T053000Z.aust.chl_oc3.nc","B":"s3:\/\/imos-data\/IMOS\/SRS\/OC\/gridded\/aqua\/P1D\/2020\/04\/A.P1D.20200428T053000Z.aust.chl_oc3.nc","C":"s3:\/\/imos-data\/IMOS\/SRS\/OC\/gridded\/aqua\/P1D\/2020\/04\/A.P1D.20200429T053000Z.aust.chl_oc3.nc","D":"s3:\/\/imos-data\/IMOS\/SRS\/OC\/gridded\/aqua\/P1D\/2020\/04\/A.P1D.20200430T053000Z.aust.chl_oc3.nc"},"refs":{".zgroup":"{\"zarr_format\":2}",".zattrs":"{\"Conventions\":\"CF-1.6\",\"_NCProperties\":\"version=1|netcdflibversion=4.6.1|hdf5libversion=1.10.4\",\"_nc3_strict\":1,\"history\":\"File initialised at 2020-08-11T23:21:56.128890\\nInitialised var chl_oc3 at 2020-08-11T23:22:06.127680\\nAdd Granule A20200401_0310.20200810050100.L2OC_BASE.chl_oc3.nc at 2020-08-11T23:22:07.063065\\nAdd Granule A20200401_0315.20200810022934.L2OC_BASE.chl_oc3.nc at 2020-08-11T23:22:07.276635\\nAdd Granule A20200401_0320.20200810021722.L2OC_BASE.chl_oc3.nc at 2020-08-11T23:22:07.436979\\nAdd Granule A20200401_0325.20200810023639.L2OC_BASE.chl_oc3.nc at 2020-08-11T23:22:07.577886\\nAdd Granule A20200401_0450.20200810043943.L2OC_BASE.chl_oc3.nc at 2020-08-11T23:22:07.794677\\nAdd Granule A20200401_0455.20200810044426.L2OC_BASE.chl_oc3.nc at 2020-08-11T23:22:07.937817\\nAdd Granule A20200401_0500.20200810045658.L2OC_BASE.chl_oc3.nc at 2020-08-11T23:22:08.084131\\nAdd Granule A20200401_0505.20200810045100.L2OC_BASE.chl_oc3.nc at 2020-08-11T23:22:08.161935\\nAdd Granule A20200401_0630.20200810024026.L2OC_BASE.chl_oc3.nc at 2020-08-11T23:22:08.337155\\nAdd Granule A20200401_0635.20200810020407.L2OC_BASE.chl_oc3.nc at 2020-08-11T23:22:08.485583\\nAdd Granule A20200401_0640.20200810020955.L2OC_BASE.chl_oc3.nc at 2020-08-11T23:22:08.620067\\nAdd Granule A20200401_0805.20200810021421.L2OC_BASE.chl_oc3.nc at 2020-08-11T23:22:08.785458\\nAdd Granule A20200401_0810.20200810044652.L2OC_BASE.chl_oc3.nc at 2020-08-11T23:22:08.926150\\nAdd Granule A20200401_0815.20200810022053.L2OC_BASE.chl_oc3.nc at 2020-08-11T23:22:09.110096\\nAdd Granule A20200401_0820.20200810024342.L2OC_BASE.chl_oc3.nc at 2020-08-11T23:22:09.227240\\nAdd Granule A20200401_0945.20200810022642.L2OC_BASE.chl_oc3.nc at 2020-08-11T23:22:09.298114\",\"source_path\":\"imos-srs\\\/archive\\\/oc\\\/aqua\\\/1d\\\/v201909\\\/2020\\\/04\\\/A20200401.L2OC_BASE.aust.chl_oc3.nc\"}","latitude\/.zarray":"{\n    \"chunks\": [\n        7001\n    ],\n    \"compressor\": null,\n    \"dtype\": \"<f8\",\n    \"fill_value\": 9.969209968386869e+36,\n    \"filters\": null,\n    \"order\": \"C\",\n    \"shape\": [\n        7001\n    ],\n    \"zarr_format\": 2\n}","latitude\/.zattrs":"{\n    \"NAME\": \"latitude\",\n    \"_ARRAY_DIMENSIONS\": [\n        \"latitude\"\n    ],\n    \"_Netcdf4Dimid\": 1,\n    \"axis\": \"Y\",\n    \"long_name\": \"latitude\",\n    \"standard_name\": \"latitude\",\n    \"units\": \"degrees_north\"\n}","latitude\/0":["{{a}}",2392,56008],"longitude\/.zarray":"{\n    \"chunks\": [\n        10001\n    ],\n    \"compressor\": null,\n    \"dtype\": \"<f8\",\n    \"fill_value\": 9.969209968386869e+36,\n    \"filters\": null,\n    \"order\": \"C\",\n    \"shape\": [\n        10001\n    ],\n    \"zarr_format\": 2\n}","longitude\/.zattrs":"{\n    \"NAME\": \"longitude\",\n    \"_ARRAY_DIMENSIONS\": [\n        \"longitude\"\n    ],\n    \"_Netcdf4Dimid\": 2,\n    \"axis\": \"X\",\n    \"long_name\": \"longitude\",\n    \"standard_name\": \"longitude\",\n    \"units\": \"degrees_east\"\n}","longitude\/0":["{{a}}",58400,80008],"chl_oc3\/.zarray":"{\"chunks\":[1,1401,2001],\"compressor\":{\"id\":\"zlib\",\"level\":4},\"dtype\":\"<f4\",\"fill_value\":-999.0,\"filters\":[{\"elementsize\":4,\"id\":\"shuffle\"}],\"order\":\"C\",\"shape\":[30,7001,10001],\"zarr_format\":2}","chl_oc3\/.zattrs":"{\"_ARRAY_DIMENSIONS\":[\"time\",\"latitude\",\"longitude\"],\"flag_applied\":\"HISATZEN LAND CLDICE NAVFAIL\",\"long_name\":\"Chlorophyll Concentration, OC3 Algorithm\",\"units\":\"mg\\\/m^3\"}","time\/.zarray":"{\"chunks\":[30],\"compressor\":{\"blocksize\":0,\"clevel\":5,\"cname\":\"lz4\",\"id\":\"blosc\",\"shuffle\":1},\"dtype\":\"<M8[us]\",\"fill_value\":0,\"filters\":null,\"order\":\"C\",\"shape\":[30],\"zarr_format\":2}","time\/0":"base64:AgExCPAAAADwAAAAqwAAABQAAACTAAAAHwABAAr6AWbGJobmRqYGZsYmhuZGpgYQAPJQtYxkOxLqwZlwRx\/2zaV8VCsC2rGIYDcP5r2VbEMb+Rc1U3GOrMroBiRBX32budf1EjBObIqoxeMBHz1bM0hccISYrMDU6f0RJTlNYXWJnrLG2u4CFio\/U2d7oqKioqIFABejAQASpAEAHwUBAAoP0QAGUAAAAAAA","time\/.zattrs":"{\"NAME\":\"time\",\"_ARRAY_DIMENSIONS\":[\"time\"],\"_Netcdf4Dimid\":0,\"axis\":\"T\",\"long_name\":\"time\",\"standard_name\":\"time\"}","chl_oc3\/0.0.0":["{{a}}",151221,1630180],"chl_oc3\/0.0.1":["{{a}}",1781401,1170356],"chl_oc3\/0.0.2":["{{a}}",2951757,1880644],"chl_oc3\/0.0.3":["{{a}}",4832401,641259],"chl_oc3\/0.0.4":["{{a}}",5473660,10921],"chl_oc3\/0.1.0":["{{a}}",5484581,2103144],"chl_oc3\/0.1.1":["{{a}}",7587725,2993455],"chl_oc3\/0.1.2":["{{a}}",10581180,2197129],"chl_oc3\/0.1.3":["{{a}}",12778309,780421],"chl_oc3\/0.1.4":["{{a}}",13558730,31656],"chl_oc3\/0.2.0":["{{a}}",13590386,2475151],"chl_oc3\/0.2.1":["{{a}}",16065537,2373234],"chl_oc3\/0.2.2":["{{a}}",18438771,56030],"chl_oc3\/0.2.3":["{{a}}",18494801,2627074],"chl_oc3\/0.2.4":["{{a}}",21121875,2072571],"chl_oc3\/0.3.0":["{{a}}",23194446,1105402],"chl_oc3\/0.3.1":["{{a}}",24299848,889409],"chl_oc3\/0.3.2":["{{a}}",25189257,2092524],"chl_oc3\/0.3.3":["{{a}}",27281781,2841877],"chl_oc3\/0.3.4":["{{a}}",30123658,2551470],"chl_oc3\/0.4.0":["{{a}}",32675128,388906],"chl_oc3\/0.4.1":["{{a}}",33064034,282977],"chl_oc3\/0.4.2":["{{a}}",33347011,1429149],"chl_oc3\/0.4.3":["{{a}}",34776160,1626129],"chl_oc3\/0.4.4":["{{a}}",36402289,1303602],"chl_oc3\/1.0.0":["{{b}}",151221,2741495],"chl_oc3\/1.0.1":["{{b}}",2892716,994867],"chl_oc3\/1.0.2":["{{b}}",3887583,1058897],"chl_oc3\/1.0.3":["{{b}}",4946480,837686],"chl_oc3\/1.0.4":["{{b}}",5784166,1830610],"chl_oc3\/1.1.0":["{{b}}",7614776,3374158],"chl_oc3\/1.1.1":["{{b}}",10988934,3133297],"chl_oc3\/1.1.2":["{{b}}",14122231,2850044],"chl_oc3\/1.1.3":["{{b}}",16972275,1215933],"chl_oc3\/1.1.4":["{{b}}",18188208,2437358],"chl_oc3\/1.2.0":["{{b}}",20625566,2785334],"chl_oc3\/1.2.1":["{{b}}",23410900,1284243],"chl_oc3\/1.2.2":["{{b}}",24695143,104791],"chl_oc3\/1.2.3":["{{b}}",24799934,1421329],"chl_oc3\/1.2.4":["{{b}}",26221263,11094],"chl_oc3\/1.3.0":["{{b}}",26232357,321289],"chl_oc3\/1.3.1":["{{b}}",26553646,318679],"chl_oc3\/1.3.2":["{{b}}",26872325,1108892],"chl_oc3\/1.3.3":["{{b}}",27981217,632996],"chl_oc3\/1.3.4":["{{b}}",28614213,328949],"chl_oc3\/1.4.0":["{{b}}",28943162,21819],"chl_oc3\/1.4.1":["{{b}}",28964981,257272],"chl_oc3\/1.4.2":["{{b}}",29222253,88803],"chl_oc3\/1.4.3":["{{b}}",29311056,730224],"chl_oc3\/1.4.4":["{{b}}",30041280,41500],"chl_oc3\/2.0.0":["{{c}}",151221,2752658],"chl_oc3\/2.0.1":["{{c}}",2903879,1662645],"chl_oc3\/2.0.2":["{{c}}",4566524,2152805],"chl_oc3\/2.0.3":["{{c}}",6719329,362725],"chl_oc3\/2.0.4":["{{c}}",7082054,104018],"chl_oc3\/2.1.0":["{{c}}",7186072,3411795],"chl_oc3\/2.1.1":["{{c}}",10597867,3293458],"chl_oc3\/2.1.2":["{{c}}",13891325,2083312],"chl_oc3\/2.1.3":["{{c}}",15974637,886096],"chl_oc3\/2.1.4":["{{c}}",16860733,15021],"chl_oc3\/2.2.0":["{{c}}",16875754,3343554],"chl_oc3\/2.2.1":["{{c}}",20219308,1827385],"chl_oc3\/2.2.2":["{{c}}",22046693,14653],"chl_oc3\/2.2.3":["{{c}}",22061346,2110199],"chl_oc3\/2.2.4":["{{c}}",24171545,2099397],"chl_oc3\/2.3.0":["{{c}}",26270942,314374],"chl_oc3\/2.3.1":["{{c}}",26585316,309428],"chl_oc3\/2.3.2":["{{c}}",26894744,553563],"chl_oc3\/2.3.3":["{{c}}",27448307,1005104],"chl_oc3\/2.3.4":["{{c}}",28453411,3111623],"chl_oc3\/2.4.0":["{{c}}",31565034,16908],"chl_oc3\/2.4.1":["{{c}}",31581942,69482],"chl_oc3\/2.4.2":["{{c}}",31651424,1382208],"chl_oc3\/2.4.3":["{{c}}",33033632,132661],"chl_oc3\/2.4.4":["{{c}}",33166293,133998],"chl_oc3\/3.0.0":["{{d}}",151221,2428495],"chl_oc3\/3.0.1":["{{d}}",2579716,1164611],"chl_oc3\/3.0.2":["{{d}}",3744327,2105359],"chl_oc3\/3.0.3":["{{d}}",5849686,902245],"chl_oc3\/3.0.4":["{{d}}",6751931,1728342],"chl_oc3\/3.1.0":["{{d}}",8480273,2522418],"chl_oc3\/3.1.1":["{{d}}",11002691,2925674],"chl_oc3\/3.1.2":["{{d}}",13928365,2467008],"chl_oc3\/3.1.3":["{{d}}",16395373,2239602],"chl_oc3\/3.1.4":["{{d}}",18634975,952732],"chl_oc3\/3.2.0":["{{d}}",19587707,1891454],"chl_oc3\/3.2.1":["{{d}}",21479161,1364580],"chl_oc3\/3.2.2":["{{d}}",22843741,121429],"chl_oc3\/3.2.3":["{{d}}",22965170,2200481],"chl_oc3\/3.2.4":["{{d}}",25165651,153071],"chl_oc3\/3.3.0":["{{d}}",25318722,962219],"chl_oc3\/3.3.1":["{{d}}",26280941,503645],"chl_oc3\/3.3.2":["{{d}}",26784586,1113121],"chl_oc3\/3.3.3":["{{d}}",27897707,614263],"chl_oc3\/3.3.4":["{{d}}",28511970,158307],"chl_oc3\/3.4.0":["{{d}}",28670277,144740],"chl_oc3\/3.4.1":["{{d}}",28815017,51310],"chl_oc3\/3.4.2":["{{d}}",28866327,637480],"chl_oc3\/3.4.3":["{{d}}",29503807,154835],"chl_oc3\/3.4.4":["{{d}}",29658642,43731],"chl_oc3\/4.0.0":["{{e}}",151221,1792131],"chl_oc3\/4.0.1":["{{e}}",1943352,1372447],"chl_oc3\/4.0.2":["{{e}}",3315799,3079505],"chl_oc3\/4.0.3":["{{e}}",6395304,1562419],"chl_oc3\/4.0.4":["{{e}}",7957723,246888],"chl_oc3\/4.1.0":["{{e}}",8204611,2761120],"chl_oc3\/4.1.1":["{{e}}",10965731,2756321],"chl_oc3\/4.1.2":["{{e}}",13722052,1673951],"chl_oc3\/4.1.3":["{{e}}",15396003,2396472],"chl_oc3\/4.1.4":["{{e}}",17792475,196006],"chl_oc3\/4.2.0":["{{e}}",17988481,552220],"chl_oc3\/4.2.1":["{{e}}",18540701,1913724],"chl_oc3\/4.2.2":["{{e}}",20454425,52868],"chl_oc3\/4.2.3":["{{e}}",20507293,1148915],"chl_oc3\/4.2.4":["{{e}}",21656208,2647691],"chl_oc3\/4.3.0":["{{e}}",24303899,2411222],"chl_oc3\/4.3.1":["{{e}}",26715121,1868811],"chl_oc3\/4.3.2":["{{e}}",28583932,1120690],"chl_oc3\/4.3.3":["{{e}}",29704622,2208096],"chl_oc3\/4.3.4":["{{e}}",31912718,689626],"chl_oc3\/4.4.0":["{{e}}",32602344,2261732],"chl_oc3\/4.4.1":["{{e}}",34864076,792561],"chl_oc3\/4.4.2":["{{e}}",35656637,67953],"chl_oc3\/4.4.3":["{{e}}",35724590,1119709],"chl_oc3\/4.4.4":["{{e}}",36844299,24656],"chl_oc3\/5.0.0":["{{f}}",151221,774888],"chl_oc3\/5.0.1":["{{f}}",926109,379340],"chl_oc3\/5.0.2":["{{f}}",1305449,2414427],"chl_oc3\/5.0.3":["{{f}}",3719876,2931174],"chl_oc3\/5.0.4":["{{f}}",6651050,980157],"chl_oc3\/5.1.0":["{{f}}",7631207,2233567],"chl_oc3\/5.1.1":["{{f}}",9864774,1635234],"chl_oc3\/5.1.2":["{{f}}",11500008,2363673],"chl_oc3\/5.1.3":["{{f}}",13863681,3113719],"chl_oc3\/5.1.4":["{{f}}",16977400,13408],"chl_oc3\/5.2.0":["{{f}}",16990808,2431408],"chl_oc3\/5.2.1":["{{f}}",19422216,3373972],"chl_oc3\/5.2.2":["{{f}}",22796188,48278],"chl_oc3\/5.2.3":["{{f}}",22844466,2744051],"chl_oc3\/5.2.4":["{{f}}",25588517,503574],"chl_oc3\/5.3.0":["{{f}}",26092091,2267396],"chl_oc3\/5.3.1":["{{f}}",28359487,2872224],"chl_oc3\/5.3.2":["{{f}}",31231711,1398907],"chl_oc3\/5.3.3":["{{f}}",32630618,2031494],"chl_oc3\/5.3.4":["{{f}}",34662112,1496779],"chl_oc3\/5.4.0":["{{f}}",36158891,641893],"chl_oc3\/5.4.1":["{{f}}",36800784,801125],"chl_oc3\/5.4.2":["{{f}}",37601909,611017],"chl_oc3\/5.4.3":["{{f}}",38212926,102477],"chl_oc3\/5.4.4":["{{f}}",38315403,326547],"chl_oc3\/6.0.0":["{{g}}",151221,2043533],"chl_oc3\/6.0.1":["{{g}}",2194754,1727038],"chl_oc3\/6.0.2":["{{g}}",3921792,1975227],"chl_oc3\/6.0.3":["{{g}}",5897019,1819593],"chl_oc3\/6.0.4":["{{g}}",7716612,1280981],"chl_oc3\/6.1.0":["{{g}}",8997593,3165535],"chl_oc3\/6.1.1":["{{g}}",12163128,2238933],"chl_oc3\/6.1.2":["{{g}}",14402061,1597046],"chl_oc3\/6.1.3":["{{g}}",15999107,2529760],"chl_oc3\/6.1.4":["{{g}}",18528867,1408672],"chl_oc3\/6.2.0":["{{g}}",19937539,2574534],"chl_oc3\/6.2.1":["{{g}}",22512073,2831940],"chl_oc3\/6.2.2":["{{g}}",25344013,24051],"chl_oc3\/6.2.3":["{{g}}",25368064,918083],"chl_oc3\/6.2.4":["{{g}}",26286147,2901271],"chl_oc3\/6.3.0":["{{g}}",29187418,421053],"chl_oc3\/6.3.1":["{{g}}",29608471,777675],"chl_oc3\/6.3.2":["{{g}}",30386146,1456201],"chl_oc3\/6.3.3":["{{g}}",31842347,1270696],"chl_oc3\/6.3.4":["{{g}}",33113043,36894],"chl_oc3\/6.4.0":["{{g}}",33149937,89486],"chl_oc3\/6.4.1":["{{g}}",33239423,556994],"chl_oc3\/6.4.2":["{{g}}",33796417,1050844],"chl_oc3\/6.4.3":["{{g}}",34847261,399673],"chl_oc3\/6.4.4":["{{g}}",35246934,175491],"chl_oc3\/7.0.0":["{{h}}",151221,987376],"chl_oc3\/7.0.1":["{{h}}",1138597,1599926],"chl_oc3\/7.0.2":["{{h}}",2738523,2736931],"chl_oc3\/7.0.3":["{{h}}",5475454,2961035],"chl_oc3\/7.0.4":["{{h}}",8436489,16455],"chl_oc3\/7.1.0":["{{h}}",8452944,759313],"chl_oc3\/7.1.1":["{{h}}",9212257,2925558],"chl_oc3\/7.1.2":["{{h}}",12137815,967382],"chl_oc3\/7.1.3":["{{h}}",13105197,3707186],"chl_oc3\/7.1.4":["{{h}}",16812383,602453],"chl_oc3\/7.2.0":["{{h}}",17414836,2181497],"chl_oc3\/7.2.1":["{{h}}",19596333,3228826],"chl_oc3\/7.2.2":["{{h}}",22825159,92618],"chl_oc3\/7.2.3":["{{h}}",22917777,2572315],"chl_oc3\/7.2.4":["{{h}}",25490092,1561133],"chl_oc3\/7.3.0":["{{h}}",27051225,818177],"chl_oc3\/7.3.1":["{{h}}",27869402,1215393],"chl_oc3\/7.3.2":["{{h}}",29084795,1703116],"chl_oc3\/7.3.3":["{{h}}",30787911,943118],"chl_oc3\/7.3.4":["{{h}}",31731029,1310335],"chl_oc3\/7.4.0":["{{h}}",33041364,85788],"chl_oc3\/7.4.1":["{{h}}",33127152,36178],"chl_oc3\/7.4.2":["{{h}}",33163330,117173],"chl_oc3\/7.4.3":["{{h}}",33280503,71193],"chl_oc3\/7.4.4":["{{h}}",33351696,930109],"chl_oc3\/8.0.0":["{{i}}",151221,1157762],"chl_oc3\/8.0.1":["{{i}}",1308983,1574414],"chl_oc3\/8.0.2":["{{i}}",2883397,2427370],"chl_oc3\/8.0.3":["{{i}}",5310767,2759522],"chl_oc3\/8.0.4":["{{i}}",8070289,1649032],"chl_oc3\/8.1.0":["{{i}}",9719321,953463],"chl_oc3\/8.1.1":["{{i}}",10672784,3209924],"chl_oc3\/8.1.2":["{{i}}",13882708,1684995],"chl_oc3\/8.1.3":["{{i}}",15567703,2159307],"chl_oc3\/8.1.4":["{{i}}",17727010,2801522],"chl_oc3\/8.2.0":["{{i}}",20528532,2295812],"chl_oc3\/8.2.1":["{{i}}",22824344,1702521],"chl_oc3\/8.2.2":["{{i}}",24526865,143621],"chl_oc3\/8.2.3":["{{i}}",24670486,558374],"chl_oc3\/8.2.4":["{{i}}",25228860,1378935],"chl_oc3\/8.3.0":["{{i}}",26607795,489358],"chl_oc3\/8.3.1":["{{i}}",27097153,675533],"chl_oc3\/8.3.2":["{{i}}",27772686,2362862],"chl_oc3\/8.3.3":["{{i}}",30135548,2017446],"chl_oc3\/8.3.4":["{{i}}",32152994,11054],"chl_oc3\/8.4.0":["{{i}}",32164048,58524],"chl_oc3\/8.4.1":["{{i}}",32222572,11729],"chl_oc3\/8.4.2":["{{i}}",32234301,232219],"chl_oc3\/8.4.3":["{{i}}",32466520,17580],"chl_oc3\/8.4.4":["{{i}}",32484100,10921],"chl_oc3\/9.0.0":["{{j}}",151221,2246747],"chl_oc3\/9.0.1":["{{j}}",2397968,1281375],"chl_oc3\/9.0.2":["{{j}}",3679343,2488460],"chl_oc3\/9.0.3":["{{j}}",6167803,1033192],"chl_oc3\/9.0.4":["{{j}}",7200995,135561],"chl_oc3\/9.1.0":["{{j}}",7336556,1448164],"chl_oc3\/9.1.1":["{{j}}",8784720,3348592],"chl_oc3\/9.1.2":["{{j}}",12133312,1670434],"chl_oc3\/9.1.3":["{{j}}",13803746,3048653],"chl_oc3\/9.1.4":["{{j}}",16852399,1231220],"chl_oc3\/9.2.0":["{{j}}",18083619,3303680],"chl_oc3\/9.2.1":["{{j}}",21387299,3530025],"chl_oc3\/9.2.2":["{{j}}",24917324,51474],"chl_oc3\/9.2.3":["{{j}}",24968798,1686496],"chl_oc3\/9.2.4":["{{j}}",26655294,1640541],"chl_oc3\/9.3.0":["{{j}}",28295835,1385907],"chl_oc3\/9.3.1":["{{j}}",29681742,466049],"chl_oc3\/9.3.2":["{{j}}",30147791,907086],"chl_oc3\/9.3.3":["{{j}}",31054877,1348181],"chl_oc3\/9.3.4":["{{j}}",32403058,1483911],"chl_oc3\/9.4.0":["{{j}}",33886969,102498],"chl_oc3\/9.4.1":["{{j}}",33989467,226878],"chl_oc3\/9.4.2":["{{j}}",34216345,551584],"chl_oc3\/9.4.3":["{{j}}",34767929,152537],"chl_oc3\/9.4.4":["{{j}}",34920466,221866],"chl_oc3\/10.0.0":["{{k}}",151221,2882262],"chl_oc3\/10.0.1":["{{k}}",3033483,979747],"chl_oc3\/10.0.2":["{{k}}",4013230,2493606],"chl_oc3\/10.0.3":["{{k}}",6506836,2378406],"chl_oc3\/10.0.4":["{{k}}",8885242,2300767],"chl_oc3\/10.1.0":["{{k}}",11186009,1522215],"chl_oc3\/10.1.1":["{{k}}",12708224,3025052],"chl_oc3\/10.1.2":["{{k}}",15733276,1097031],"chl_oc3\/10.1.3":["{{k}}",16830307,3206980],"chl_oc3\/10.1.4":["{{k}}",20037287,2376424],"chl_oc3\/10.2.0":["{{k}}",22413711,2787405],"chl_oc3\/10.2.1":["{{k}}",25201116,1784790],"chl_oc3\/10.2.2":["{{k}}",26985906,140796],"chl_oc3\/10.2.3":["{{k}}",27126702,1779239],"chl_oc3\/10.2.4":["{{k}}",28905941,19149],"chl_oc3\/10.3.0":["{{k}}",28925090,1506230],"chl_oc3\/10.3.1":["{{k}}",30431320,1315548],"chl_oc3\/10.3.2":["{{k}}",31746868,892181],"chl_oc3\/10.3.3":["{{k}}",32639049,1215839],"chl_oc3\/10.3.4":["{{k}}",33854888,70636],"chl_oc3\/10.4.0":["{{k}}",33925524,448788],"chl_oc3\/10.4.1":["{{k}}",34374312,90575],"chl_oc3\/10.4.2":["{{k}}",34464887,198661],"chl_oc3\/10.4.3":["{{k}}",34663548,62562],"chl_oc3\/10.4.4":["{{k}}",34726110,10921],"chl_oc3\/11.0.0":["{{l}}",151221,2577198],"chl_oc3\/11.0.1":["{{l}}",2728419,2238705],"chl_oc3\/11.0.2":["{{l}}",4967124,3315571],"chl_oc3\/11.0.3":["{{l}}",8282695,1993420],"chl_oc3\/11.0.4":["{{l}}",10276115,1309408],"chl_oc3\/11.1.0":["{{l}}",11585523,898309],"chl_oc3\/11.1.1":["{{l}}",12483832,4002622],"chl_oc3\/11.1.2":["{{l}}",16486454,1067234],"chl_oc3\/11.1.3":["{{l}}",17553688,1987025],"chl_oc3\/11.1.4":["{{l}}",19540713,1656158],"chl_oc3\/11.2.0":["{{l}}",21196871,2639248],"chl_oc3\/11.2.1":["{{l}}",23836119,3157439],"chl_oc3\/11.2.2":["{{l}}",26993558,48467],"chl_oc3\/11.2.3":["{{l}}",27042025,756863],"chl_oc3\/11.2.4":["{{l}}",27798888,1870364],"chl_oc3\/11.3.0":["{{l}}",29669252,3091332],"chl_oc3\/11.3.1":["{{l}}",32760584,2099099],"chl_oc3\/11.3.2":["{{l}}",34859683,676301],"chl_oc3\/11.3.3":["{{l}}",35535984,576135],"chl_oc3\/11.3.4":["{{l}}",36112119,1052719],"chl_oc3\/11.4.0":["{{l}}",37164838,886833],"chl_oc3\/11.4.1":["{{l}}",38051671,185949],"chl_oc3\/11.4.2":["{{l}}",38237620,77742],"chl_oc3\/11.4.3":["{{l}}",38315362,424130],"chl_oc3\/11.4.4":["{{l}}",38739492,58830],"chl_oc3\/12.0.0":["{{m}}",151221,1241597],"chl_oc3\/12.0.1":["{{m}}",1392818,592176],"chl_oc3\/12.0.2":["{{m}}",1984994,3125185],"chl_oc3\/12.0.3":["{{m}}",5110179,2252004],"chl_oc3\/12.0.4":["{{m}}",7362183,1913259],"chl_oc3\/12.1.0":["{{m}}",9275442,1746834],"chl_oc3\/12.1.1":["{{m}}",11022276,3071441],"chl_oc3\/12.1.2":["{{m}}",14093717,1825195],"chl_oc3\/12.1.3":["{{m}}",15918912,3036901],"chl_oc3\/12.1.4":["{{m}}",18955813,352627],"chl_oc3\/12.2.0":["{{m}}",19308440,1162042],"chl_oc3\/12.2.1":["{{m}}",20470482,1911289],"chl_oc3\/12.2.2":["{{m}}",22381771,57690],"chl_oc3\/12.2.3":["{{m}}",22439461,2235805],"chl_oc3\/12.2.4":["{{m}}",24675266,450280],"chl_oc3\/12.3.0":["{{m}}",25125546,1816218],"chl_oc3\/12.3.1":["{{m}}",26941764,2716051],"chl_oc3\/12.3.2":["{{m}}",29657815,1809643],"chl_oc3\/12.3.3":["{{m}}",31467458,756620],"chl_oc3\/12.3.4":["{{m}}",32224078,563754],"chl_oc3\/12.4.0":["{{m}}",32787832,154094],"chl_oc3\/12.4.1":["{{m}}",32941926,383855],"chl_oc3\/12.4.2":["{{m}}",33325781,706183],"chl_oc3\/12.4.3":["{{m}}",34031964,445912],"chl_oc3\/12.4.4":["{{m}}",34477876,492228],"chl_oc3\/13.0.0":["{{n}}",151221,2021017],"chl_oc3\/13.0.1":["{{n}}",2172238,1839749],"chl_oc3\/13.0.2":["{{n}}",4011987,2465626],"chl_oc3\/13.0.3":["{{n}}",6477613,1275228],"chl_oc3\/13.0.4":["{{n}}",7752841,1632928],"chl_oc3\/13.1.0":["{{n}}",9385769,2779910],"chl_oc3\/13.1.1":["{{n}}",12165679,4151081],"chl_oc3\/13.1.2":["{{n}}",16316760,1833421],"chl_oc3\/13.1.3":["{{n}}",18150181,1507367],"chl_oc3\/13.1.4":["{{n}}",19657548,1524503],"chl_oc3\/13.2.0":["{{n}}",21182051,1797537],"chl_oc3\/13.2.1":["{{n}}",22979588,1922493],"chl_oc3\/13.2.2":["{{n}}",24902081,43679],"chl_oc3\/13.2.3":["{{n}}",24945760,496164],"chl_oc3\/13.2.4":["{{n}}",25441924,2209336],"chl_oc3\/13.3.0":["{{n}}",27651260,2009689],"chl_oc3\/13.3.1":["{{n}}",29660949,1605563],"chl_oc3\/13.3.2":["{{n}}",31266512,1952592],"chl_oc3\/13.3.3":["{{n}}",33219104,1329834],"chl_oc3\/13.3.4":["{{n}}",34548938,718400],"chl_oc3\/13.4.0":["{{n}}",35267338,123935],"chl_oc3\/13.4.1":["{{n}}",35391273,456980],"chl_oc3\/13.4.2":["{{n}}",35848253,3271255],"chl_oc3\/13.4.3":["{{n}}",39119508,131226],"chl_oc3\/13.4.4":["{{n}}",39250734,10921],"chl_oc3\/14.0.0":["{{o}}",151221,1354187],"chl_oc3\/14.0.1":["{{o}}",1505408,1760081],"chl_oc3\/14.0.2":["{{o}}",3265489,1637005],"chl_oc3\/14.0.3":["{{o}}",4902494,835509],"chl_oc3\/14.0.4":["{{o}}",5738003,10921],"chl_oc3\/14.1.0":["{{o}}",5748924,2536359],"chl_oc3\/14.1.1":["{{o}}",8285283,3731216],"chl_oc3\/14.1.2":["{{o}}",12016499,1583292],"chl_oc3\/14.1.3":["{{o}}",13599791,2608789],"chl_oc3\/14.1.4":["{{o}}",16208580,82936],"chl_oc3\/14.2.0":["{{o}}",16291516,758224],"chl_oc3\/14.2.1":["{{o}}",17049740,2024832],"chl_oc3\/14.2.2":["{{o}}",19074572,81857],"chl_oc3\/14.2.3":["{{o}}",19156429,2342968],"chl_oc3\/14.2.4":["{{o}}",21499397,1053246],"chl_oc3\/14.3.0":["{{o}}",22552643,2122333],"chl_oc3\/14.3.1":["{{o}}",24674976,1400911],"chl_oc3\/14.3.2":["{{o}}",26075887,736919],"chl_oc3\/14.3.3":["{{o}}",26812806,1695407],"chl_oc3\/14.3.4":["{{o}}",28508213,1096861],"chl_oc3\/14.4.0":["{{o}}",29605074,13070],"chl_oc3\/14.4.1":["{{o}}",29618144,631121],"chl_oc3\/14.4.2":["{{o}}",30249265,452943],"chl_oc3\/14.4.3":["{{o}}",30702208,836510],"chl_oc3\/14.4.4":["{{o}}",31538718,16092],"chl_oc3\/15.0.0":["{{p}}",151221,1072987],"chl_oc3\/15.0.1":["{{p}}",1224208,2044759],"chl_oc3\/15.0.2":["{{p}}",3268967,2039170],"chl_oc3\/15.0.3":["{{p}}",5308137,1058005],"chl_oc3\/15.0.4":["{{p}}",6366142,1001908],"chl_oc3\/15.1.0":["{{p}}",7368050,3975397],"chl_oc3\/15.1.1":["{{p}}",11343447,2121071],"chl_oc3\/15.1.2":["{{p}}",13464518,1029247],"chl_oc3\/15.1.3":["{{p}}",14493765,1038909],"chl_oc3\/15.1.4":["{{p}}",15532674,784341],"chl_oc3\/15.2.0":["{{p}}",16317015,973070],"chl_oc3\/15.2.1":["{{p}}",17290085,1505274],"chl_oc3\/15.2.2":["{{p}}",18795359,43605],"chl_oc3\/15.2.3":["{{p}}",18838964,887011],"chl_oc3\/15.2.4":["{{p}}",19725975,2630942],"chl_oc3\/15.3.0":["{{p}}",22356917,1649069],"chl_oc3\/15.3.1":["{{p}}",24005986,1491520],"chl_oc3\/15.3.2":["{{p}}",25497506,2681768],"chl_oc3\/15.3.3":["{{p}}",28179274,1793748],"chl_oc3\/15.3.4":["{{p}}",29973022,13092],"chl_oc3\/15.4.0":["{{p}}",29986114,45292],"chl_oc3\/15.4.1":["{{p}}",30031406,27691],"chl_oc3\/15.4.2":["{{p}}",30059097,683355],"chl_oc3\/15.4.3":["{{p}}",30742452,787970],"chl_oc3\/15.4.4":["{{p}}",31530422,277797],"chl_oc3\/16.0.0":["{{q}}",151221,1419221],"chl_oc3\/16.0.1":["{{q}}",1570442,1474997],"chl_oc3\/16.0.2":["{{q}}",3045439,3171682],"chl_oc3\/16.0.3":["{{q}}",6217121,1796364],"chl_oc3\/16.0.4":["{{q}}",8013485,18041],"chl_oc3\/16.1.0":["{{q}}",8031526,4024641],"chl_oc3\/16.1.1":["{{q}}",12056167,2810325],"chl_oc3\/16.1.2":["{{q}}",14866492,4056717],"chl_oc3\/16.1.3":["{{q}}",18923209,478524],"chl_oc3\/16.1.4":["{{q}}",19401733,166847],"chl_oc3\/16.2.0":["{{q}}",19568580,1710667],"chl_oc3\/16.2.1":["{{q}}",21279247,2501677],"chl_oc3\/16.2.2":["{{q}}",23780924,31764],"chl_oc3\/16.2.3":["{{q}}",23812688,2520073],"chl_oc3\/16.2.4":["{{q}}",26332761,2348558],"chl_oc3\/16.3.0":["{{q}}",28681319,1643727],"chl_oc3\/16.3.1":["{{q}}",30325046,2399592],"chl_oc3\/16.3.2":["{{q}}",32724638,1629291],"chl_oc3\/16.3.3":["{{q}}",34353929,1410490],"chl_oc3\/16.3.4":["{{q}}",35764419,1522979],"chl_oc3\/16.4.0":["{{q}}",37287398,1625029],"chl_oc3\/16.4.1":["{{q}}",38912427,652403],"chl_oc3\/16.4.2":["{{q}}",39564830,304009],"chl_oc3\/16.4.3":["{{q}}",39868839,478605],"chl_oc3\/16.4.4":["{{q}}",40347444,1383893],"chl_oc3\/17.0.0":["{{r}}",151221,3592572],"chl_oc3\/17.0.1":["{{r}}",3743793,437979],"chl_oc3\/17.0.2":["{{r}}",4181772,1812655],"chl_oc3\/17.0.3":["{{r}}",5994427,2420009],"chl_oc3\/17.0.4":["{{r}}",8414436,2144938],"chl_oc3\/17.1.0":["{{r}}",10559374,4626039],"chl_oc3\/17.1.1":["{{r}}",15185413,1498112],"chl_oc3\/17.1.2":["{{r}}",16683525,3012627],"chl_oc3\/17.1.3":["{{r}}",19696152,2514857],"chl_oc3\/17.1.4":["{{r}}",22211009,756629],"chl_oc3\/17.2.0":["{{r}}",22967638,1689192],"chl_oc3\/17.2.1":["{{r}}",24656830,1167973],"chl_oc3\/17.2.2":["{{r}}",25824803,117194],"chl_oc3\/17.2.3":["{{r}}",25941997,1160627],"chl_oc3\/17.2.4":["{{r}}",27102624,11371],"chl_oc3\/17.3.0":["{{r}}",27113995,1728398],"chl_oc3\/17.3.1":["{{r}}",28842393,1075657],"chl_oc3\/17.3.2":["{{r}}",29918050,1943046],"chl_oc3\/17.3.3":["{{r}}",31861096,1702700],"chl_oc3\/17.3.4":["{{r}}",33563796,151119],"chl_oc3\/17.4.0":["{{r}}",33714915,461980],"chl_oc3\/17.4.1":["{{r}}",34176895,1316119],"chl_oc3\/17.4.2":["{{r}}",35493014,82680],"chl_oc3\/17.4.3":["{{r}}",35575694,559968],"chl_oc3\/17.4.4":["{{r}}",36135662,39699],"chl_oc3\/18.0.0":["{{s}}",151221,3603325],"chl_oc3\/18.0.1":["{{s}}",3754546,1786572],"chl_oc3\/18.0.2":["{{s}}",5541118,1853942],"chl_oc3\/18.0.3":["{{s}}",7395060,1979304],"chl_oc3\/18.0.4":["{{s}}",9374364,741356],"chl_oc3\/18.1.0":["{{s}}",10115720,4110162],"chl_oc3\/18.1.1":["{{s}}",14225882,3203813],"chl_oc3\/18.1.2":["{{s}}",17429695,2651901],"chl_oc3\/18.1.3":["{{s}}",20081596,2914961],"chl_oc3\/18.1.4":["{{s}}",22996557,601613],"chl_oc3\/18.2.0":["{{s}}",23598170,3315644],"chl_oc3\/18.2.1":["{{s}}",26913814,1452898],"chl_oc3\/18.2.2":["{{s}}",28366712,12470],"chl_oc3\/18.2.3":["{{s}}",28379182,1154043],"chl_oc3\/18.2.4":["{{s}}",29533225,2087942],"chl_oc3\/18.3.0":["{{s}}",31621167,718645],"chl_oc3\/18.3.1":["{{s}}",32339812,2065261],"chl_oc3\/18.3.2":["{{s}}",34405073,449934],"chl_oc3\/18.3.3":["{{s}}",34855007,1740555],"chl_oc3\/18.3.4":["{{s}}",36595562,3029497],"chl_oc3\/18.4.0":["{{s}}",39625059,152451],"chl_oc3\/18.4.1":["{{s}}",39777510,734125],"chl_oc3\/18.4.2":["{{s}}",40511635,115834],"chl_oc3\/18.4.3":["{{s}}",40627469,342837],"chl_oc3\/18.4.4":["{{s}}",40970306,262304],"chl_oc3\/19.0.0":["{{t}}",151221,3485317],"chl_oc3\/19.0.1":["{{t}}",3636538,925300],"chl_oc3\/19.0.2":["{{t}}",4561838,1630032],"chl_oc3\/19.0.3":["{{t}}",6191870,1855141],"chl_oc3\/19.0.4":["{{t}}",8047011,2746253],"chl_oc3\/19.1.0":["{{t}}",10793264,4001736],"chl_oc3\/19.1.1":["{{t}}",14795000,2966036],"chl_oc3\/19.1.2":["{{t}}",17761036,2929807],"chl_oc3\/19.1.3":["{{t}}",20690843,3558110],"chl_oc3\/19.1.4":["{{t}}",24248953,1349926],"chl_oc3\/19.2.0":["{{t}}",25598879,2326287],"chl_oc3\/19.2.1":["{{t}}",27925166,2351504],"chl_oc3\/19.2.2":["{{t}}",30276670,79188],"chl_oc3\/19.2.3":["{{t}}",30355858,2613519],"chl_oc3\/19.2.4":["{{t}}",32969377,313209],"chl_oc3\/19.3.0":["{{t}}",33282586,1632708],"chl_oc3\/19.3.1":["{{t}}",34915294,1420906],"chl_oc3\/19.3.2":["{{t}}",36336200,2703981],"chl_oc3\/19.3.3":["{{t}}",39040181,588578],"chl_oc3\/19.3.4":["{{t}}",39628759,399551],"chl_oc3\/19.4.0":["{{t}}",40028310,72271],"chl_oc3\/19.4.1":["{{t}}",40100581,644885],"chl_oc3\/19.4.2":["{{t}}",40745466,514837],"chl_oc3\/19.4.3":["{{t}}",41260303,433415],"chl_oc3\/19.4.4":["{{t}}",41693718,1156218],"chl_oc3\/20.0.0":["{{u}}",151221,2620068],"chl_oc3\/20.0.1":["{{u}}",2771289,1911444],"chl_oc3\/20.0.2":["{{u}}",4682733,1487140],"chl_oc3\/20.0.3":["{{u}}",6169873,877360],"chl_oc3\/20.0.4":["{{u}}",7047233,1579378],"chl_oc3\/20.1.0":["{{u}}",8626611,5250545],"chl_oc3\/20.1.1":["{{u}}",13877156,3801314],"chl_oc3\/20.1.2":["{{u}}",17678470,3222838],"chl_oc3\/20.1.3":["{{u}}",20901308,2087379],"chl_oc3\/20.1.4":["{{u}}",22988687,2204950],"chl_oc3\/20.2.0":["{{u}}",25193637,2396473],"chl_oc3\/20.2.1":["{{u}}",27590110,2023829],"chl_oc3\/20.2.2":["{{u}}",29613939,86144],"chl_oc3\/20.2.3":["{{u}}",29700083,1657624],"chl_oc3\/20.2.4":["{{u}}",31357707,3466395],"chl_oc3\/20.3.0":["{{u}}",34824102,1382444],"chl_oc3\/20.3.1":["{{u}}",36206546,1653697],"chl_oc3\/20.3.2":["{{u}}",37860243,1835886],"chl_oc3\/20.3.3":["{{u}}",39696129,1638410],"chl_oc3\/20.3.4":["{{u}}",41334539,2559653],"chl_oc3\/20.4.0":["{{u}}",43894192,579861],"chl_oc3\/20.4.1":["{{u}}",44474053,429661],"chl_oc3\/20.4.2":["{{u}}",44903714,86358],"chl_oc3\/20.4.3":["{{u}}",44990072,635642],"chl_oc3\/20.4.4":["{{u}}",45625714,25959],"chl_oc3\/21.0.0":["{{v}}",151221,999385],"chl_oc3\/21.0.1":["{{v}}",1150606,1179571],"chl_oc3\/21.0.2":["{{v}}",2330177,1780418],"chl_oc3\/21.0.3":["{{v}}",4110595,992455],"chl_oc3\/21.0.4":["{{v}}",5103050,2326663],"chl_oc3\/21.1.0":["{{v}}",7429713,3333660],"chl_oc3\/21.1.1":["{{v}}",10763373,3025935],"chl_oc3\/21.1.2":["{{v}}",13789308,3163300],"chl_oc3\/21.1.3":["{{v}}",16952608,2171332],"chl_oc3\/21.1.4":["{{v}}",19123940,62943],"chl_oc3\/21.2.0":["{{v}}",19186883,1808698],"chl_oc3\/21.2.1":["{{v}}",20995581,1578114],"chl_oc3\/21.2.2":["{{v}}",22573695,144799],"chl_oc3\/21.2.3":["{{v}}",22718494,3063093],"chl_oc3\/21.2.4":["{{v}}",25781587,822376],"chl_oc3\/21.3.0":["{{v}}",26603963,842098],"chl_oc3\/21.3.1":["{{v}}",27446061,3184249],"chl_oc3\/21.3.2":["{{v}}",30630310,1220053],"chl_oc3\/21.3.3":["{{v}}",31850363,2126904],"chl_oc3\/21.3.4":["{{v}}",33977267,456926],"chl_oc3\/21.4.0":["{{v}}",34434193,380915],"chl_oc3\/21.4.1":["{{v}}",34815108,932049],"chl_oc3\/21.4.2":["{{v}}",35747157,132829],"chl_oc3\/21.4.3":["{{v}}",35879986,135829],"chl_oc3\/21.4.4":["{{v}}",36015815,214752],"chl_oc3\/22.0.0":["{{w}}",151221,643789],"chl_oc3\/22.0.1":["{{w}}",795010,1234887],"chl_oc3\/22.0.2":["{{w}}",2029897,1804766],"chl_oc3\/22.0.3":["{{w}}",3834663,1037971],"chl_oc3\/22.0.4":["{{w}}",4872634,1653988],"chl_oc3\/22.1.0":["{{w}}",6526622,3691295],"chl_oc3\/22.1.1":["{{w}}",10217917,4076949],"chl_oc3\/22.1.2":["{{w}}",14294866,1982276],"chl_oc3\/22.1.3":["{{w}}",16277142,641284],"chl_oc3\/22.1.4":["{{w}}",16918426,1323912],"chl_oc3\/22.2.0":["{{w}}",18242338,1466923],"chl_oc3\/22.2.1":["{{w}}",19709261,2190482],"chl_oc3\/22.2.2":["{{w}}",21899743,127153],"chl_oc3\/22.2.3":["{{w}}",22026896,1036847],"chl_oc3\/22.2.4":["{{w}}",23063743,4363725],"chl_oc3\/22.3.0":["{{w}}",27427468,983855],"chl_oc3\/22.3.1":["{{w}}",28411323,1468760],"chl_oc3\/22.3.2":["{{w}}",29880083,2729923],"chl_oc3\/22.3.3":["{{w}}",32610006,1761970],"chl_oc3\/22.3.4":["{{w}}",34371976,43225],"chl_oc3\/22.4.0":["{{w}}",34415201,499251],"chl_oc3\/22.4.1":["{{w}}",34914452,767821],"chl_oc3\/22.4.2":["{{w}}",35682273,195319],"chl_oc3\/22.4.3":["{{w}}",35877592,358911],"chl_oc3\/22.4.4":["{{w}}",36236503,67612],"chl_oc3\/23.0.0":["{{x}}",151221,1115376],"chl_oc3\/23.0.1":["{{x}}",1266597,626447],"chl_oc3\/23.0.2":["{{x}}",1893044,2118236],"chl_oc3\/23.0.3":["{{x}}",4011280,2180217],"chl_oc3\/23.0.4":["{{x}}",6191497,26177],"chl_oc3\/23.1.0":["{{x}}",6217674,2286300],"chl_oc3\/23.1.1":["{{x}}",8503974,2088090],"chl_oc3\/23.1.2":["{{x}}",10592064,3440111],"chl_oc3\/23.1.3":["{{x}}",14032175,1168894],"chl_oc3\/23.1.4":["{{x}}",15201069,92885],"chl_oc3\/23.2.0":["{{x}}",15293954,2749337],"chl_oc3\/23.2.1":["{{x}}",18043291,1663086],"chl_oc3\/23.2.2":["{{x}}",19706377,71990],"chl_oc3\/23.2.3":["{{x}}",19778367,2602984],"chl_oc3\/23.2.4":["{{x}}",22381351,1554320],"chl_oc3\/23.3.0":["{{x}}",23935671,2718780],"chl_oc3\/23.3.1":["{{x}}",26654451,1894741],"chl_oc3\/23.3.2":["{{x}}",28549192,1329028],"chl_oc3\/23.3.3":["{{x}}",29878220,2171707],"chl_oc3\/23.3.4":["{{x}}",32049927,564121],"chl_oc3\/23.4.0":["{{x}}",32614048,63433],"chl_oc3\/23.4.1":["{{x}}",32677481,936443],"chl_oc3\/23.4.2":["{{x}}",33613924,763034],"chl_oc3\/23.4.3":["{{x}}",34376958,423031],"chl_oc3\/23.4.4":["{{x}}",34799989,885934],"chl_oc3\/24.0.0":["{{y}}",151221,1136737],"chl_oc3\/24.0.1":["{{y}}",1287958,490764],"chl_oc3\/24.0.2":["{{y}}",1778722,1226459],"chl_oc3\/24.0.3":["{{y}}",3005181,1477835],"chl_oc3\/24.0.4":["{{y}}",4483016,1260358],"chl_oc3\/24.1.0":["{{y}}",5743374,2706315],"chl_oc3\/24.1.1":["{{y}}",8449689,2316637],"chl_oc3\/24.1.2":["{{y}}",10766326,2538389],"chl_oc3\/24.1.3":["{{y}}",13304715,1987224],"chl_oc3\/24.1.4":["{{y}}",15291939,3619378],"chl_oc3\/24.2.0":["{{y}}",18911317,2599413],"chl_oc3\/24.2.1":["{{y}}",21510730,1805582],"chl_oc3\/24.2.2":["{{y}}",23316312,105856],"chl_oc3\/24.2.3":["{{y}}",23422168,1131548],"chl_oc3\/24.2.4":["{{y}}",24553716,287887],"chl_oc3\/24.3.0":["{{y}}",24841603,3088751],"chl_oc3\/24.3.1":["{{y}}",27930354,1734374],"chl_oc3\/24.3.2":["{{y}}",29664728,2019049],"chl_oc3\/24.3.3":["{{y}}",31683777,1638194],"chl_oc3\/24.3.4":["{{y}}",33321971,116197],"chl_oc3\/24.4.0":["{{y}}",33438168,140209],"chl_oc3\/24.4.1":["{{y}}",33578377,15832],"chl_oc3\/24.4.2":["{{y}}",33594209,594695],"chl_oc3\/24.4.3":["{{y}}",34188904,711154],"chl_oc3\/24.4.4":["{{y}}",34900058,131120],"chl_oc3\/25.0.0":["{{z}}",151221,1352925],"chl_oc3\/25.0.1":["{{z}}",1504146,596256],"chl_oc3\/25.0.2":["{{z}}",2100402,793146],"chl_oc3\/25.0.3":["{{z}}",2893548,2237547],"chl_oc3\/25.0.4":["{{z}}",5131095,248915],"chl_oc3\/25.1.0":["{{z}}",5380010,2624908],"chl_oc3\/25.1.1":["{{z}}",8004918,3083500],"chl_oc3\/25.1.2":["{{z}}",11088418,2673500],"chl_oc3\/25.1.3":["{{z}}",13761918,2671185],"chl_oc3\/25.1.4":["{{z}}",16433103,732935],"chl_oc3\/25.2.0":["{{z}}",17166038,1814507],"chl_oc3\/25.2.1":["{{z}}",18980545,2540829],"chl_oc3\/25.2.2":["{{z}}",21521374,11438],"chl_oc3\/25.2.3":["{{z}}",21532812,2513098],"chl_oc3\/25.2.4":["{{z}}",24045910,2260687],"chl_oc3\/25.3.0":["{{z}}",26306597,3646814],"chl_oc3\/25.3.1":["{{z}}",29953411,1835521],"chl_oc3\/25.3.2":["{{z}}",31788932,1866134],"chl_oc3\/25.3.3":["{{z}}",33655066,1340113],"chl_oc3\/25.3.4":["{{z}}",34995179,2336102],"chl_oc3\/25.4.0":["{{z}}",37331281,1206833],"chl_oc3\/25.4.1":["{{z}}",38538114,172659],"chl_oc3\/25.4.2":["{{z}}",38710773,391261],"chl_oc3\/25.4.3":["{{z}}",39102034,229113],"chl_oc3\/25.4.4":["{{z}}",39331147,141750],"chl_oc3\/26.0.0":["{{A}}",151221,1416958],"chl_oc3\/26.0.1":["{{A}}",1568179,542172],"chl_oc3\/26.0.2":["{{A}}",2110351,526628],"chl_oc3\/26.0.3":["{{A}}",2636979,716570],"chl_oc3\/26.0.4":["{{A}}",3353549,2607977],"chl_oc3\/26.1.0":["{{A}}",5961526,3009620],"chl_oc3\/26.1.1":["{{A}}",8971146,2990677],"chl_oc3\/26.1.2":["{{A}}",11961823,2387786],"chl_oc3\/26.1.3":["{{A}}",14349609,1837229],"chl_oc3\/26.1.4":["{{A}}",16186838,2183114],"chl_oc3\/26.2.0":["{{A}}",18369952,2070496],"chl_oc3\/26.2.1":["{{A}}",20440448,2277941],"chl_oc3\/26.2.2":["{{A}}",22718389,113341],"chl_oc3\/26.2.3":["{{A}}",22831730,1461625],"chl_oc3\/26.2.4":["{{A}}",24293355,23566],"chl_oc3\/26.3.0":["{{A}}",24316921,3142791],"chl_oc3\/26.3.1":["{{A}}",27459712,2551490],"chl_oc3\/26.3.2":["{{A}}",30011202,1826572],"chl_oc3\/26.3.3":["{{A}}",31837774,2504556],"chl_oc3\/26.3.4":["{{A}}",34342330,666888],"chl_oc3\/26.4.0":["{{A}}",35009218,177047],"chl_oc3\/26.4.1":["{{A}}",35186265,514293],"chl_oc3\/26.4.2":["{{A}}",35700558,353038],"chl_oc3\/26.4.3":["{{A}}",36053596,100062],"chl_oc3\/26.4.4":["{{A}}",36153658,10921],"chl_oc3\/27.0.0":["{{B}}",151221,755138],"chl_oc3\/27.0.1":["{{B}}",906359,107079],"chl_oc3\/27.0.2":["{{B}}",1013438,104796],"chl_oc3\/27.0.3":["{{B}}",1118234,1157420],"chl_oc3\/27.0.4":["{{B}}",2275654,315631],"chl_oc3\/27.1.0":["{{B}}",2591285,3794018],"chl_oc3\/27.1.1":["{{B}}",6385303,2623913],"chl_oc3\/27.1.2":["{{B}}",9009216,2102396],"chl_oc3\/27.1.3":["{{B}}",11111612,2585739],"chl_oc3\/27.1.4":["{{B}}",13697351,1440426],"chl_oc3\/27.2.0":["{{B}}",15137777,3164020],"chl_oc3\/27.2.1":["{{B}}",18301797,2149882],"chl_oc3\/27.2.2":["{{B}}",20451679,108709],"chl_oc3\/27.2.3":["{{B}}",20560388,1477669],"chl_oc3\/27.2.4":["{{B}}",22038057,2540206],"chl_oc3\/27.3.0":["{{B}}",24578263,1190398],"chl_oc3\/27.3.1":["{{B}}",25768661,2592243],"chl_oc3\/27.3.2":["{{B}}",28360904,1271855],"chl_oc3\/27.3.3":["{{B}}",29632759,1044383],"chl_oc3\/27.3.4":["{{B}}",30677142,3312525],"chl_oc3\/27.4.0":["{{B}}",33989667,30770],"chl_oc3\/27.4.1":["{{B}}",34020437,484785],"chl_oc3\/27.4.2":["{{B}}",34505222,1006388],"chl_oc3\/27.4.3":["{{B}}",35511610,185210],"chl_oc3\/27.4.4":["{{B}}",35696820,10921],"chl_oc3\/28.0.0":["{{C}}",151221,864367],"chl_oc3\/28.0.1":["{{C}}",1015588,693816],"chl_oc3\/28.0.2":["{{C}}",1709404,832928],"chl_oc3\/28.0.3":["{{C}}",2542332,391931],"chl_oc3\/28.0.4":["{{C}}",2934263,2555956],"chl_oc3\/28.1.0":["{{C}}",5490219,2509397],"chl_oc3\/28.1.1":["{{C}}",7999616,3117968],"chl_oc3\/28.1.2":["{{C}}",11117584,2403359],"chl_oc3\/28.1.3":["{{C}}",13520943,3007962],"chl_oc3\/28.1.4":["{{C}}",16528905,736655],"chl_oc3\/28.2.0":["{{C}}",17265560,2971224],"chl_oc3\/28.2.1":["{{C}}",20236784,2399122],"chl_oc3\/28.2.2":["{{C}}",22635906,100482],"chl_oc3\/28.2.3":["{{C}}",22736388,2248280],"chl_oc3\/28.2.4":["{{C}}",24984668,312867],"chl_oc3\/28.3.0":["{{C}}",25297535,3230968],"chl_oc3\/28.3.1":["{{C}}",28528503,932015],"chl_oc3\/28.3.2":["{{C}}",29460518,2434302],"chl_oc3\/28.3.3":["{{C}}",31894820,1327670],"chl_oc3\/28.3.4":["{{C}}",33222490,663767],"chl_oc3\/28.4.0":["{{C}}",33886257,228531],"chl_oc3\/28.4.1":["{{C}}",34114788,409972],"chl_oc3\/28.4.2":["{{C}}",34524760,282829],"chl_oc3\/28.4.3":["{{C}}",34807589,100140],"chl_oc3\/28.4.4":["{{C}}",34907729,13758],"chl_oc3\/29.0.0":["{{D}}",151221,387179],"chl_oc3\/29.0.1":["{{D}}",538400,1237345],"chl_oc3\/29.0.2":["{{D}}",1775745,66853],"chl_oc3\/29.0.3":["{{D}}",1842598,451037],"chl_oc3\/29.0.4":["{{D}}",2293635,1282291],"chl_oc3\/29.1.0":["{{D}}",3575926,3556941],"chl_oc3\/29.1.1":["{{D}}",7132867,3848031],"chl_oc3\/29.1.2":["{{D}}",10980898,1486820],"chl_oc3\/29.1.3":["{{D}}",12467718,1740664],"chl_oc3\/29.1.4":["{{D}}",14208382,3164194],"chl_oc3\/29.2.0":["{{D}}",17372576,2649769],"chl_oc3\/29.2.1":["{{D}}",20022345,3165669],"chl_oc3\/29.2.2":["{{D}}",23188014,51021],"chl_oc3\/29.2.3":["{{D}}",23239035,828570],"chl_oc3\/29.2.4":["{{D}}",24067605,3085737],"chl_oc3\/29.3.0":["{{D}}",27153342,1985210],"chl_oc3\/29.3.1":["{{D}}",29138552,1039685],"chl_oc3\/29.3.2":["{{D}}",30178237,609201],"chl_oc3\/29.3.3":["{{D}}",30787438,537365],"chl_oc3\/29.3.4":["{{D}}",31324803,660787],"chl_oc3\/29.4.0":["{{D}}",31985590,344103],"chl_oc3\/29.4.1":["{{D}}",32329693,686628],"chl_oc3\/29.4.2":["{{D}}",33016321,34856],"chl_oc3\/29.4.3":["{{D}}",33051177,42236],"chl_oc3\/29.4.4":["{{D}}",33093413,10921]}}