{"version":1,"templates":{"a":"s3:\/\/imos-data\/IMOS\/SRS\/OC\/gridded\/aqua\/P1D\/2020\/11\/A.P1D.20201101T053000Z.aust.chl_oc3.nc","b":"s3:\/\/imos-data\/IMOS\/SRS\/OC\/gridded\/aqua\/P1D\/2020\/11\/A.P1D.20201102T053000Z.aust.chl_oc3.nc","c":"s3:\/\/imos-data\/IMOS\/SRS\/OC\/gridded\/aqua\/P1D\/2020\/11\/A.P1D.20201103T053000Z.aust.chl_oc3.nc","d":"s3:\/\/imos-data\/IMOS\/SRS\/OC\/gridded\/aqua\/P1D\/2020\/11\/A.P1D.20201104T053000Z.aust.chl_oc3.nc","e":"s3:\/\/imos-data\/IMOS\/SRS\/OC\/gridded\/aqua\/P1D\/2020\/11\/A.P1D.20201105T053000Z.aust.chl_oc3.nc","f":"s3:\/\/imos-data\/IMOS\/SRS\/OC\/gridded\/aqua\/P1D\/2020\/11\/A.P1D.20201106T053000Z.aust.chl_oc3.nc","g":"s3:\/\/imos-data\/IMOS\/SRS\/OC\/gridded\/aqua\/P1D\/2020\/11\/A.P1D.20201107T053000Z.aust.chl_oc3.nc","h":"s3:\/\/imos-data\/IMOS\/SRS\/OC\/gridded\/aqua\/P1D\/2020\/11\/A.P1D.20201108T053000Z.aust.chl_oc3.nc","i":"s3:\/\/imos-data\/IMOS\/SRS\/OC\/gridded\/aqua\/P1D\/2020\/11\/A.P1D.20201109T053000Z.aust.chl_oc3.nc","j":"s3:\/\/imos-data\/IMOS\/SRS\/OC\/gridded\/aqua\/P1D\/2020\/11\/A.P1D.20201110T053000Z.aust.chl_oc3.nc","k":"s3:\/\/imos-data\/IMOS\/SRS\/OC\/gridded\/aqua\/P1D\/2020\/11\/A.P1D.20201111T053000Z.aust.chl_oc3.nc","l":"s3:\/\/imos-data\/IMOS\/SRS\/OC\/gridded\/aqua\/P1D\/2020\/11\/A.P1D.20201112T053000Z.aust.chl_oc3.nc","m":"s3:\/\/imos-data\/IMOS\/SRS\/OC\/gridded\/aqua\/P1D\/2020\/11\/A.P1D.20201113T053000Z.aust.chl_oc3.nc","n":"s3:\/\/imos-data\/IMOS\/SRS\/OC\/gridded\/aqua\/P1D\/2020\/11\/A.P1D.20201114T053000Z.aust.chl_oc3.nc","o":"s3:\/\/imos-data\/IMOS\/SRS\/OC\/gridded\/aqua\/P1D\/2020\/11\/A.P1D.20201115T053000Z.aust.chl_oc3.nc","p":"s3:\/\/imos-data\/IMOS\/SRS\/OC\/gridded\/aqua\/P1D\/2020\/11\/A.P1D.20201116T053000Z.aust.chl_oc3.nc","q":"s3:\/\/imos-data\/IMOS\/SRS\/OC\/gridded\/aqua\/P1D\/2020\/11\/A.P1D.20201117T053000Z.aust.chl_oc3.nc","r":"s3:\/\/imos-data\/IMOS\/SRS\/OC\/gridded\/aqua\/P1D\/2020\/11\/A.P1D.20201118T053000Z.aust.chl_oc3.nc","s":"s3:\/\/imos-data\/IMOS\/SRS\/OC\/gridded\/aqua\/P1D\/2020\/11\/A.P1D.20201119T053000Z.aust.chl_oc3.nc","t":"s3:\/\/imos-data\/IMOS\/SRS\/OC\/gridded\/aqua\/P1D\/2020\/11\/A.P1D.20201120T053000Z.aust.chl_oc3.nc","u":"s3:\/\/imos-data\/IMOS\/SRS\/OC\/gridded\/aqua\/P1D\/2020\/11\/A.P1D.20201121T053000Z.aust.chl_oc3.nc","v":"s3:\/\/imos-data\/IMOS\/SRS\/OC\/gridded\/aqua\/P1D\/2020\/11\/A.P1D.20201122T053000Z.aust.chl_oc3.nc","w":"s3:\/\/imos-data\/IMOS\/SRS\/OC\/gridded\/aqua\/P1D\/2020\/11\/A.P1D.20201123T053000Z.aust.chl_oc3.nc","x":"s3:\/\/imos-data\/IMOS\/SRS\/OC\/gridded\/aqua\/P1D\/2020\/11\/A.P1D.20201124T053000Z.aust.chl_oc3.nc","y":"s3:\/\/imos-data\/IMOS\/SRS\/OC\/gridded\/aqua\/P1D\/2020\/11\/A.P1D.20201125T053000Z.aust.chl_oc3.nc","z":"s3:\/\/imos-data\/IMOS\/SRS\/OC\/gridded\/aqua\/P1D\/2020\/11\/A.P1D.20201126T053000Z.aust.chl_oc3.nc","A":"s3:\/\/imos-data\/IMOS\/SRS\/OC\/gridded\/aqua\/P1D\/2020\/11\/A.P1D.20201127T053000Z.aust.chl_oc3.nc","B":"s3:\/\/imos-data\/IMOS\/SRS\/OC\/gridded\/aqua\/P1D\/2020\/11\/A.P1D.20201128T053000Z.aust.chl_oc3.nc","C":"s3:\/\/imos-data\/IMOS\/SRS\/OC\/gridded\/aqua\/P1D\/2020\/11\/A.P1D.20201129T053000Z.aust.chl_oc3.nc","D":"s3:\/\/imos-data\/IMOS\/SRS\/OC\/gridded\/aqua\/P1D\/2020\/11\/A.P1D.20201130T053000Z.aust.chl_oc3.nc"},"refs":{".zgroup":"{\"zarr_format\":2}",".zattrs":"{\"Conventions\":\"CF-1.6\",\"_NCProperties\":\"version=1|netcdflibversion=4.6.1|hdf5libversion=1.10.4\",\"_nc3_strict\":1,\"history\":\"File initialised at 2020-11-17T17:21:07.605026\\nInitialised var chl_oc3 at 2020-11-17T17:21:35.587985\\nAdd Granule A20201101_0235.20201117131014.L2OC_BASE.chl_oc3.nc at 2020-11-17T17:21:37.553428\\nAdd Granule A20201101_0240.20201117131013.L2OC_BASE.chl_oc3.nc at 2020-11-17T17:21:38.086366\\nAdd Granule A20201101_0245.20201117132320.L2OC_BASE.chl_oc3.nc at 2020-11-17T17:21:38.597550\\nAdd Granule A20201101_0410.20201117132315.L2OC_BASE.chl_oc3.nc at 2020-11-17T17:21:39.116666\\nAdd Granule A20201101_0415.20201117132509.L2OC_BASE.chl_oc3.nc at 2020-11-17T17:21:39.659267\\nAdd Granule A20201101_0420.20201117133405.L2OC_BASE.chl_oc3.nc at 2020-11-17T17:21:40.114483\\nAdd Granule A20201101_0425.20201117133443.L2OC_BASE.chl_oc3.nc at 2020-11-17T17:21:40.539881\\nAdd Granule A20201101_0545.20201117133642.L2OC_BASE.chl_oc3.nc at 2020-11-17T17:21:40.843023\\nAdd Granule A20201101_0550.20201117134159.L2OC_BASE.chl_oc3.nc at 2020-11-17T17:21:41.343612\\nAdd Granule A20201101_0555.20201117134308.L2OC_BASE.chl_oc3.nc at 2020-11-17T17:21:41.847118\\nAdd Granule A20201101_0600.20201117134322.L2OC_BASE.chl_oc3.nc at 2020-11-17T17:21:42.304245\\nAdd Granule A20201101_0605.20201117134855.L2OC_BASE.chl_oc3.nc at 2020-11-17T17:21:42.576255\\nAdd Granule A20201101_0730.20201117134942.L2OC_BASE.chl_oc3.nc at 2020-11-17T17:21:43.199426\\nAdd Granule A20201101_0735.20201117135448.L2OC_BASE.chl_oc3.nc at 2020-11-17T17:21:43.652022\\nAdd Granule A20201101_0740.20201117135535.L2OC_BASE.chl_oc3.nc at 2020-11-17T17:21:44.061409\\nAdd Granule A20201101_0745.20201117140021.L2OC_BASE.chl_oc3.nc at 2020-11-17T17:21:44.357949\\nAdd Granule A20201101_0910.20201117140355.L2OC_BASE.chl_oc3.nc at 2020-11-17T17:21:44.601471\\nAdd Granule A20201101_0915.20201117131009.L2OC_BASE.chl_oc3.nc at 2020-11-17T17:21:44.849441\",\"source_path\":\"imos-srs\\\/archive\\\/oc\\\/aqua\\\/v201909\\\/1d\\\/2020\\\/11\\\/A20201101.L2OC_BASE.aust.chl_oc3.nc\"}","longitude\/.zarray":"{\n    \"chunks\": [\n        10001\n    ],\n    \"compressor\": null,\n    \"dtype\": \"<f8\",\n    \"fill_value\": 9.969209968386869e+36,\n    \"filters\": null,\n    \"order\": \"C\",\n    \"shape\": [\n        10001\n    ],\n    \"zarr_format\": 2\n}","longitude\/.zattrs":"{\n    \"NAME\": \"longitude\",\n    \"_ARRAY_DIMENSIONS\": [\n        \"longitude\"\n    ],\n    \"_Netcdf4Dimid\": 2,\n    \"axis\": \"X\",\n    \"long_name\": \"longitude\",\n    \"standard_name\": \"longitude\",\n    \"units\": \"degrees_east\"\n}","longitude\/0":["{{a}}",58400,80008],"latitude\/.zarray":"{\n    \"chunks\": [\n        7001\n    ],\n    \"compressor\": null,\n    \"dtype\": \"<f8\",\n    \"fill_value\": 9.969209968386869e+36,\n    \"filters\": null,\n    \"order\": \"C\",\n    \"shape\": [\n        7001\n    ],\n    \"zarr_format\": 2\n}","latitude\/.zattrs":"{\n    \"NAME\": \"latitude\",\n    \"_ARRAY_DIMENSIONS\": [\n        \"latitude\"\n    ],\n    \"_Netcdf4Dimid\": 1,\n    \"axis\": \"Y\",\n    \"long_name\": \"latitude\",\n    \"standard_name\": \"latitude\",\n    \"units\": \"degrees_north\"\n}","latitude\/0":["{{a}}",2392,56008],"chl_oc3\/.zarray":"{\"chunks\":[1,1401,2001],\"compressor\":{\"id\":\"zlib\",\"level\":4},\"dtype\":\"<f4\",\"fill_value\":-999.0,\"filters\":[{\"elementsize\":4,\"id\":\"shuffle\"}],\"order\":\"C\",\"shape\":[30,7001,10001],\"zarr_format\":2}","chl_oc3\/.zattrs":"{\"_ARRAY_DIMENSIONS\":[\"time\",\"latitude\",\"longitude\"],\"flag_applied\":\"HISATZEN LAND CLDICE NAVFAIL\",\"long_name\":\"Chlorophyll Concentration, OC3 Algorithm\",\"units\":\"mg\\\/m^3\"}","time\/.zarray":"{\"chunks\":[30],\"compressor\":{\"blocksize\":0,\"clevel\":5,\"cname\":\"lz4\",\"id\":\"blosc\",\"shuffle\":1},\"dtype\":\"<M8[us]\",\"fill_value\":0,\"filters\":null,\"order\":\"C\",\"shape\":[30],\"zarr_format\":2}","time\/0":"base64:AgExCPAAAADwAAAArwAAABQAAACXAAAAHwABAAr6AaYGZsYmhuZGpgZmxiaG5kYQAPRQv5duRR30y6N6UikA2K+GXjUN5LuTakEZ8Mifdk4l6wknRWOAnrza+BY0UW+Nq8nnBCJAXnyat9XzES9NBBktQVVpfZGluc7i9goeMkZab4OXq7\/T5\/sPJDhMs7Ozs7MFABi0AQCftbW1tQUFBQUFBQAGD9EABlAAAAAAAA==","time\/.zattrs":"{\"NAME\":\"time\",\"_ARRAY_DIMENSIONS\":[\"time\"],\"_Netcdf4Dimid\":0,\"axis\":\"T\",\"long_name\":\"time\",\"standard_name\":\"time\"}","chl_oc3\/0.0.0":["{{a}}",151221,1076324],"chl_oc3\/0.0.1":["{{a}}",1227545,139945],"chl_oc3\/0.0.2":["{{a}}",1367490,384403],"chl_oc3\/0.0.3":["{{a}}",1751893,1459608],"chl_oc3\/0.0.4":["{{a}}",3211501,1060644],"chl_oc3\/0.1.0":["{{a}}",4272145,1606542],"chl_oc3\/0.1.1":["{{a}}",5878687,2161639],"chl_oc3\/0.1.2":["{{a}}",8040326,1346563],"chl_oc3\/0.1.3":["{{a}}",9386889,2207188],"chl_oc3\/0.1.4":["{{a}}",11594077,2414119],"chl_oc3\/0.2.0":["{{a}}",14008196,1522250],"chl_oc3\/0.2.1":["{{a}}",15530446,1074552],"chl_oc3\/0.2.2":["{{a}}",16604998,100653],"chl_oc3\/0.2.3":["{{a}}",16705651,733042],"chl_oc3\/0.2.4":["{{a}}",17438693,2968606],"chl_oc3\/0.3.0":["{{a}}",20407299,808773],"chl_oc3\/0.3.1":["{{a}}",21216072,1269578],"chl_oc3\/0.3.2":["{{a}}",22485650,642144],"chl_oc3\/0.3.3":["{{a}}",23127794,2244827],"chl_oc3\/0.3.4":["{{a}}",25372621,2953090],"chl_oc3\/0.4.0":["{{a}}",28325711,652966],"chl_oc3\/0.4.1":["{{a}}",28978677,1167851],"chl_oc3\/0.4.2":["{{a}}",30146528,443488],"chl_oc3\/0.4.3":["{{a}}",30590016,2463276],"chl_oc3\/0.4.4":["{{a}}",33053292,836560],"chl_oc3\/1.0.0":["{{b}}",151221,934516],"chl_oc3\/1.0.1":["{{b}}",1085737,255121],"chl_oc3\/1.0.2":["{{b}}",1340858,433100],"chl_oc3\/1.0.3":["{{b}}",1773958,4080974],"chl_oc3\/1.0.4":["{{b}}",5854932,11965],"chl_oc3\/1.1.0":["{{b}}",5866897,1986072],"chl_oc3\/1.1.1":["{{b}}",7852969,1445281],"chl_oc3\/1.1.2":["{{b}}",9298250,1402534],"chl_oc3\/1.1.3":["{{b}}",10700784,2489758],"chl_oc3\/1.1.4":["{{b}}",13190542,33092],"chl_oc3\/1.2.0":["{{b}}",13223634,2991102],"chl_oc3\/1.2.1":["{{b}}",16214736,3187541],"chl_oc3\/1.2.2":["{{b}}",19402277,53715],"chl_oc3\/1.2.3":["{{b}}",19455992,1305862],"chl_oc3\/1.2.4":["{{b}}",20761854,622128],"chl_oc3\/1.3.0":["{{b}}",21383982,1837321],"chl_oc3\/1.3.1":["{{b}}",23221303,2438578],"chl_oc3\/1.3.2":["{{b}}",25659881,1235167],"chl_oc3\/1.3.3":["{{b}}",26895048,1599393],"chl_oc3\/1.3.4":["{{b}}",28494441,973881],"chl_oc3\/1.4.0":["{{b}}",29468322,305429],"chl_oc3\/1.4.1":["{{b}}",29773751,1131098],"chl_oc3\/1.4.2":["{{b}}",30904849,1315453],"chl_oc3\/1.4.3":["{{b}}",32220302,544553],"chl_oc3\/1.4.4":["{{b}}",32764855,2324871],"chl_oc3\/2.0.0":["{{c}}",151221,465269],"chl_oc3\/2.0.1":["{{c}}",616490,137865],"chl_oc3\/2.0.2":["{{c}}",754355,775615],"chl_oc3\/2.0.3":["{{c}}",1529970,1243161],"chl_oc3\/2.0.4":["{{c}}",2773131,2755280],"chl_oc3\/2.1.0":["{{c}}",5528411,2146984],"chl_oc3\/2.1.1":["{{c}}",7675395,876371],"chl_oc3\/2.1.2":["{{c}}",8551766,887222],"chl_oc3\/2.1.3":["{{c}}",9438988,1032951],"chl_oc3\/2.1.4":["{{c}}",10471939,773957],"chl_oc3\/2.2.0":["{{c}}",11245896,2171837],"chl_oc3\/2.2.1":["{{c}}",13417733,1627331],"chl_oc3\/2.2.2":["{{c}}",15045064,142985],"chl_oc3\/2.2.3":["{{c}}",15188049,797760],"chl_oc3\/2.2.4":["{{c}}",15985809,44144],"chl_oc3\/2.3.0":["{{c}}",16029953,1325943],"chl_oc3\/2.3.1":["{{c}}",17355896,2359260],"chl_oc3\/2.3.2":["{{c}}",19715156,2340542],"chl_oc3\/2.3.3":["{{c}}",22055698,2254379],"chl_oc3\/2.3.4":["{{c}}",24310077,404673],"chl_oc3\/2.4.0":["{{c}}",24714750,724850],"chl_oc3\/2.4.1":["{{c}}",25439600,457595],"chl_oc3\/2.4.2":["{{c}}",25897195,2117033],"chl_oc3\/2.4.3":["{{c}}",28014228,464946],"chl_oc3\/2.4.4":["{{c}}",28479174,325639],"chl_oc3\/3.0.0":["{{d}}",151221,1246488],"chl_oc3\/3.0.1":["{{d}}",1397709,163677],"chl_oc3\/3.0.2":["{{d}}",1561386,1197841],"chl_oc3\/3.0.3":["{{d}}",2759227,1497807],"chl_oc3\/3.0.4":["{{d}}",4257034,250380],"chl_oc3\/3.1.0":["{{d}}",4507414,1947980],"chl_oc3\/3.1.1":["{{d}}",6455394,1820766],"chl_oc3\/3.1.2":["{{d}}",8276160,678470],"chl_oc3\/3.1.3":["{{d}}",8954630,1066563],"chl_oc3\/3.1.4":["{{d}}",10021193,529128],"chl_oc3\/3.2.0":["{{d}}",10550321,3204491],"chl_oc3\/3.2.1":["{{d}}",13754812,3140828],"chl_oc3\/3.2.2":["{{d}}",16895640,45462],"chl_oc3\/3.2.3":["{{d}}",16941102,1375312],"chl_oc3\/3.2.4":["{{d}}",18316414,1674523],"chl_oc3\/3.3.0":["{{d}}",19990937,1120857],"chl_oc3\/3.3.1":["{{d}}",21111794,2609679],"chl_oc3\/3.3.2":["{{d}}",23721473,3578410],"chl_oc3\/3.3.3":["{{d}}",27299883,2110277],"chl_oc3\/3.3.4":["{{d}}",29410160,1656951],"chl_oc3\/3.4.0":["{{d}}",31067111,1615949],"chl_oc3\/3.4.1":["{{d}}",32683060,893466],"chl_oc3\/3.4.2":["{{d}}",33576526,874944],"chl_oc3\/3.4.3":["{{d}}",34451470,1094325],"chl_oc3\/3.4.4":["{{d}}",35545795,561604],"chl_oc3\/4.0.0":["{{e}}",151221,1993587],"chl_oc3\/4.0.1":["{{e}}",2144808,541505],"chl_oc3\/4.0.2":["{{e}}",2686313,1364060],"chl_oc3\/4.0.3":["{{e}}",4050373,71553],"chl_oc3\/4.0.4":["{{e}}",4121926,2615712],"chl_oc3\/4.1.0":["{{e}}",6737638,939235],"chl_oc3\/4.1.1":["{{e}}",7676873,856131],"chl_oc3\/4.1.2":["{{e}}",8533004,2465744],"chl_oc3\/4.1.3":["{{e}}",10998748,1814456],"chl_oc3\/4.1.4":["{{e}}",12813204,1037062],"chl_oc3\/4.2.0":["{{e}}",13850266,2328396],"chl_oc3\/4.2.1":["{{e}}",16178662,1683438],"chl_oc3\/4.2.2":["{{e}}",17862100,42682],"chl_oc3\/4.2.3":["{{e}}",17904782,2564094],"chl_oc3\/4.2.4":["{{e}}",20468876,46254],"chl_oc3\/4.3.0":["{{e}}",20515130,998010],"chl_oc3\/4.3.1":["{{e}}",21513140,2878519],"chl_oc3\/4.3.2":["{{e}}",24391659,1100938],"chl_oc3\/4.3.3":["{{e}}",25492597,1337191],"chl_oc3\/4.3.4":["{{e}}",26829788,196643],"chl_oc3\/4.4.0":["{{e}}",27026431,684015],"chl_oc3\/4.4.1":["{{e}}",27710446,2297708],"chl_oc3\/4.4.2":["{{e}}",30008154,557838],"chl_oc3\/4.4.3":["{{e}}",30565992,1805192],"chl_oc3\/4.4.4":["{{e}}",32371184,1340938],"chl_oc3\/5.0.0":["{{f}}",151221,972651],"chl_oc3\/5.0.1":["{{f}}",1123872,1697407],"chl_oc3\/5.0.2":["{{f}}",2821279,242190],"chl_oc3\/5.0.3":["{{f}}",3063469,1637481],"chl_oc3\/5.0.4":["{{f}}",4700950,458665],"chl_oc3\/5.1.0":["{{f}}",5159615,1806108],"chl_oc3\/5.1.1":["{{f}}",6965723,2759343],"chl_oc3\/5.1.2":["{{f}}",9725066,2162218],"chl_oc3\/5.1.3":["{{f}}",11887284,1213439],"chl_oc3\/5.1.4":["{{f}}",13100723,1028709],"chl_oc3\/5.2.0":["{{f}}",14129432,3334709],"chl_oc3\/5.2.1":["{{f}}",17464141,2339700],"chl_oc3\/5.2.2":["{{f}}",19803841,90712],"chl_oc3\/5.2.3":["{{f}}",19894553,943740],"chl_oc3\/5.2.4":["{{f}}",20838293,3596376],"chl_oc3\/5.3.0":["{{f}}",24434669,696880],"chl_oc3\/5.3.1":["{{f}}",25131549,2374073],"chl_oc3\/5.3.2":["{{f}}",27505622,2379271],"chl_oc3\/5.3.3":["{{f}}",29884893,1453348],"chl_oc3\/5.3.4":["{{f}}",31338241,2284602],"chl_oc3\/5.4.0":["{{f}}",33622843,153612],"chl_oc3\/5.4.1":["{{f}}",33776455,540602],"chl_oc3\/5.4.2":["{{f}}",34317057,1009824],"chl_oc3\/5.4.3":["{{f}}",35326881,2572856],"chl_oc3\/5.4.4":["{{f}}",37899737,2884276],"chl_oc3\/6.0.0":["{{g}}",151221,468805],"chl_oc3\/6.0.1":["{{g}}",620026,380195],"chl_oc3\/6.0.2":["{{g}}",1000221,413982],"chl_oc3\/6.0.3":["{{g}}",1414203,1502593],"chl_oc3\/6.0.4":["{{g}}",2916796,1802056],"chl_oc3\/6.1.0":["{{g}}",4718852,874432],"chl_oc3\/6.1.1":["{{g}}",5593284,1429324],"chl_oc3\/6.1.2":["{{g}}",7022608,2052799],"chl_oc3\/6.1.3":["{{g}}",9075407,1990910],"chl_oc3\/6.1.4":["{{g}}",11066317,192685],"chl_oc3\/6.2.0":["{{g}}",11259002,2226750],"chl_oc3\/6.2.1":["{{g}}",13485752,2273790],"chl_oc3\/6.2.2":["{{g}}",15759542,33168],"chl_oc3\/6.2.3":["{{g}}",15792710,2378196],"chl_oc3\/6.2.4":["{{g}}",18170906,325880],"chl_oc3\/6.3.0":["{{g}}",18496786,824407],"chl_oc3\/6.3.1":["{{g}}",19321193,1483147],"chl_oc3\/6.3.2":["{{g}}",20804340,1804148],"chl_oc3\/6.3.3":["{{g}}",22608488,2756953],"chl_oc3\/6.3.4":["{{g}}",25365441,365128],"chl_oc3\/6.4.0":["{{g}}",25730569,1964344],"chl_oc3\/6.4.1":["{{g}}",27694913,372994],"chl_oc3\/6.4.2":["{{g}}",28067907,23034],"chl_oc3\/6.4.3":["{{g}}",28090941,1249822],"chl_oc3\/6.4.4":["{{g}}",29340763,1276522],"chl_oc3\/7.0.0":["{{h}}",151221,2076636],"chl_oc3\/7.0.1":["{{h}}",2227857,284106],"chl_oc3\/7.0.2":["{{h}}",2511963,71045],"chl_oc3\/7.0.3":["{{h}}",2583008,976240],"chl_oc3\/7.0.4":["{{h}}",3559248,1388639],"chl_oc3\/7.1.0":["{{h}}",4947887,1222055],"chl_oc3\/7.1.1":["{{h}}",6169942,2191232],"chl_oc3\/7.1.2":["{{h}}",8361174,1179553],"chl_oc3\/7.1.3":["{{h}}",9540727,1080374],"chl_oc3\/7.1.4":["{{h}}",10621101,3164061],"chl_oc3\/7.2.0":["{{h}}",13785162,2650414],"chl_oc3\/7.2.1":["{{h}}",16435576,1088884],"chl_oc3\/7.2.2":["{{h}}",17524460,80230],"chl_oc3\/7.2.3":["{{h}}",17604690,636072],"chl_oc3\/7.2.4":["{{h}}",18240762,3134981],"chl_oc3\/7.3.0":["{{h}}",21375743,2459991],"chl_oc3\/7.3.1":["{{h}}",23835734,1418276],"chl_oc3\/7.3.2":["{{h}}",25254010,1280966],"chl_oc3\/7.3.3":["{{h}}",26534976,1585750],"chl_oc3\/7.3.4":["{{h}}",28120726,2044389],"chl_oc3\/7.4.0":["{{h}}",30165115,750334],"chl_oc3\/7.4.1":["{{h}}",30915449,1327601],"chl_oc3\/7.4.2":["{{h}}",32243050,136361],"chl_oc3\/7.4.3":["{{h}}",32379411,156684],"chl_oc3\/7.4.4":["{{h}}",32536095,1530387],"chl_oc3\/8.0.0":["{{i}}",151221,615176],"chl_oc3\/8.0.1":["{{i}}",766397,428831],"chl_oc3\/8.0.2":["{{i}}",1195228,1271691],"chl_oc3\/8.0.3":["{{i}}",2466919,1602548],"chl_oc3\/8.0.4":["{{i}}",4069467,10921],"chl_oc3\/8.1.0":["{{i}}",4080388,828856],"chl_oc3\/8.1.1":["{{i}}",4909244,1044774],"chl_oc3\/8.1.2":["{{i}}",5954018,1262459],"chl_oc3\/8.1.3":["{{i}}",7216477,1349164],"chl_oc3\/8.1.4":["{{i}}",8565641,52617],"chl_oc3\/8.2.0":["{{i}}",8618258,1468942],"chl_oc3\/8.2.1":["{{i}}",10087200,2623573],"chl_oc3\/8.2.2":["{{i}}",12710773,113923],"chl_oc3\/8.2.3":["{{i}}",12824696,1327642],"chl_oc3\/8.2.4":["{{i}}",14152338,623191],"chl_oc3\/8.3.0":["{{i}}",14775529,398862],"chl_oc3\/8.3.1":["{{i}}",15174391,2796962],"chl_oc3\/8.3.2":["{{i}}",17971353,3522780],"chl_oc3\/8.3.3":["{{i}}",21494133,1909812],"chl_oc3\/8.3.4":["{{i}}",23403945,1149789],"chl_oc3\/8.4.0":["{{i}}",24553734,65113],"chl_oc3\/8.4.1":["{{i}}",24618847,1510171],"chl_oc3\/8.4.2":["{{i}}",26129018,726117],"chl_oc3\/8.4.3":["{{i}}",26855135,731442],"chl_oc3\/8.4.4":["{{i}}",27586577,1542855],"chl_oc3\/9.0.0":["{{j}}",151221,1616452],"chl_oc3\/9.0.1":["{{j}}",1767673,829416],"chl_oc3\/9.0.2":["{{j}}",2597089,678148],"chl_oc3\/9.0.3":["{{j}}",3275237,3161261],"chl_oc3\/9.0.4":["{{j}}",6436498,3293726],"chl_oc3\/9.1.0":["{{j}}",9730224,1497793],"chl_oc3\/9.1.1":["{{j}}",11228017,1390878],"chl_oc3\/9.1.2":["{{j}}",12618895,818883],"chl_oc3\/9.1.3":["{{j}}",13437778,1292085],"chl_oc3\/9.1.4":["{{j}}",14729863,459423],"chl_oc3\/9.2.0":["{{j}}",15189286,1858949],"chl_oc3\/9.2.1":["{{j}}",17048235,1317840],"chl_oc3\/9.2.2":["{{j}}",18366075,113833],"chl_oc3\/9.2.3":["{{j}}",18479908,769788],"chl_oc3\/9.2.4":["{{j}}",19249696,2872439],"chl_oc3\/9.3.0":["{{j}}",22122135,548272],"chl_oc3\/9.3.1":["{{j}}",22670407,1213529],"chl_oc3\/9.3.2":["{{j}}",23883936,1765602],"chl_oc3\/9.3.3":["{{j}}",25649538,3301324],"chl_oc3\/9.3.4":["{{j}}",28950862,2307694],"chl_oc3\/9.4.0":["{{j}}",31258556,57260],"chl_oc3\/9.4.1":["{{j}}",31315816,244110],"chl_oc3\/9.4.2":["{{j}}",31559926,1816448],"chl_oc3\/9.4.3":["{{j}}",33376374,2539670],"chl_oc3\/9.4.4":["{{j}}",35916044,79040],"chl_oc3\/10.0.0":["{{k}}",151221,636364],"chl_oc3\/10.0.1":["{{k}}",787585,1077558],"chl_oc3\/10.0.2":["{{k}}",1865143,2289738],"chl_oc3\/10.0.3":["{{k}}",4154881,4750454],"chl_oc3\/10.0.4":["{{k}}",8905335,245553],"chl_oc3\/10.1.0":["{{k}}",9150888,1609249],"chl_oc3\/10.1.1":["{{k}}",10760137,1091300],"chl_oc3\/10.1.2":["{{k}}",11851437,1783173],"chl_oc3\/10.1.3":["{{k}}",13634610,1340014],"chl_oc3\/10.1.4":["{{k}}",14974624,317715],"chl_oc3\/10.2.0":["{{k}}",15292339,3304706],"chl_oc3\/10.2.1":["{{k}}",18597045,2782653],"chl_oc3\/10.2.2":["{{k}}",21379698,28591],"chl_oc3\/10.2.3":["{{k}}",21408289,1255624],"chl_oc3\/10.2.4":["{{k}}",22663913,1252939],"chl_oc3\/10.3.0":["{{k}}",23916852,2572644],"chl_oc3\/10.3.1":["{{k}}",26489496,1325876],"chl_oc3\/10.3.2":["{{k}}",27815372,1220861],"chl_oc3\/10.3.3":["{{k}}",29036233,1967451],"chl_oc3\/10.3.4":["{{k}}",31003684,1490131],"chl_oc3\/10.4.0":["{{k}}",32493815,113632],"chl_oc3\/10.4.1":["{{k}}",32607447,1125021],"chl_oc3\/10.4.2":["{{k}}",33732468,968823],"chl_oc3\/10.4.3":["{{k}}",34701291,381538],"chl_oc3\/10.4.4":["{{k}}",35082829,390645],"chl_oc3\/11.0.0":["{{l}}",151221,665026],"chl_oc3\/11.0.1":["{{l}}",816247,1228373],"chl_oc3\/11.0.2":["{{l}}",2044620,2082457],"chl_oc3\/11.0.3":["{{l}}",4127077,3176859],"chl_oc3\/11.0.4":["{{l}}",7303936,2987779],"chl_oc3\/11.1.0":["{{l}}",10291715,907001],"chl_oc3\/11.1.1":["{{l}}",11198716,1329938],"chl_oc3\/11.1.2":["{{l}}",12528654,2025934],"chl_oc3\/11.1.3":["{{l}}",14554588,2038649],"chl_oc3\/11.1.4":["{{l}}",16593237,2994194],"chl_oc3\/11.2.0":["{{l}}",19587431,2683612],"chl_oc3\/11.2.1":["{{l}}",22271043,2609122],"chl_oc3\/11.2.2":["{{l}}",24880165,120437],"chl_oc3\/11.2.3":["{{l}}",25000602,2052066],"chl_oc3\/11.2.4":["{{l}}",27052668,13471],"chl_oc3\/11.3.0":["{{l}}",27066139,3297387],"chl_oc3\/11.3.1":["{{l}}",30363526,3176983],"chl_oc3\/11.3.2":["{{l}}",33540509,1045318],"chl_oc3\/11.3.3":["{{l}}",34585827,2741793],"chl_oc3\/11.3.4":["{{l}}",37327620,165622],"chl_oc3\/11.4.0":["{{l}}",37493242,884326],"chl_oc3\/11.4.1":["{{l}}",38377568,1669059],"chl_oc3\/11.4.2":["{{l}}",40046627,1150246],"chl_oc3\/11.4.3":["{{l}}",41196873,263242],"chl_oc3\/11.4.4":["{{l}}",41460115,104891],"chl_oc3\/12.0.0":["{{m}}",151221,873368],"chl_oc3\/12.0.1":["{{m}}",1024589,1029117],"chl_oc3\/12.0.2":["{{m}}",2053706,4650870],"chl_oc3\/12.0.3":["{{m}}",6704576,2765306],"chl_oc3\/12.0.4":["{{m}}",9469882,596553],"chl_oc3\/12.1.0":["{{m}}",10066435,473296],"chl_oc3\/12.1.1":["{{m}}",10539731,2611680],"chl_oc3\/12.1.2":["{{m}}",13151411,2512499],"chl_oc3\/12.1.3":["{{m}}",15663910,1509450],"chl_oc3\/12.1.4":["{{m}}",17173360,832290],"chl_oc3\/12.2.0":["{{m}}",18005650,2624015],"chl_oc3\/12.2.1":["{{m}}",20629665,2174133],"chl_oc3\/12.2.2":["{{m}}",22803798,47793],"chl_oc3\/12.2.3":["{{m}}",22851591,599842],"chl_oc3\/12.2.4":["{{m}}",23451433,2493899],"chl_oc3\/12.3.0":["{{m}}",25945332,3558026],"chl_oc3\/12.3.1":["{{m}}",29503358,3281920],"chl_oc3\/12.3.2":["{{m}}",32785278,1424673],"chl_oc3\/12.3.3":["{{m}}",34209951,1253567],"chl_oc3\/12.3.4":["{{m}}",35463518,3699654],"chl_oc3\/12.4.0":["{{m}}",39163172,1534276],"chl_oc3\/12.4.1":["{{m}}",40697448,1248434],"chl_oc3\/12.4.2":["{{m}}",41945882,372826],"chl_oc3\/12.4.3":["{{m}}",42318708,315560],"chl_oc3\/12.4.4":["{{m}}",42634268,1362532],"chl_oc3\/13.0.0":["{{n}}",151221,976239],"chl_oc3\/13.0.1":["{{n}}",1127460,1062390],"chl_oc3\/13.0.2":["{{n}}",2189850,2674455],"chl_oc3\/13.0.3":["{{n}}",4864305,3061673],"chl_oc3\/13.0.4":["{{n}}",7925978,4663025],"chl_oc3\/13.1.0":["{{n}}",12589003,508823],"chl_oc3\/13.1.1":["{{n}}",13097826,1418023],"chl_oc3\/13.1.2":["{{n}}",14515849,2790420],"chl_oc3\/13.1.3":["{{n}}",17306269,2527856],"chl_oc3\/13.1.4":["{{n}}",19834125,631146],"chl_oc3\/13.2.0":["{{n}}",20465271,1896396],"chl_oc3\/13.2.1":["{{n}}",22361667,2778752],"chl_oc3\/13.2.2":["{{n}}",25140419,55310],"chl_oc3\/13.2.3":["{{n}}",25195729,2666725],"chl_oc3\/13.2.4":["{{n}}",27862454,269661],"chl_oc3\/13.3.0":["{{n}}",28132115,1253499],"chl_oc3\/13.3.1":["{{n}}",29385614,3608195],"chl_oc3\/13.3.2":["{{n}}",32993809,3618129],"chl_oc3\/13.3.3":["{{n}}",36611938,2048352],"chl_oc3\/13.3.4":["{{n}}",38660290,535712],"chl_oc3\/13.4.0":["{{n}}",39196002,27021],"chl_oc3\/13.4.1":["{{n}}",39223023,990142],"chl_oc3\/13.4.2":["{{n}}",40213165,135509],"chl_oc3\/13.4.3":["{{n}}",40348674,254670],"chl_oc3\/13.4.4":["{{n}}",40603344,49806],"chl_oc3\/14.0.0":["{{o}}",151221,942321],"chl_oc3\/14.0.1":["{{o}}",1093542,1107538],"chl_oc3\/14.0.2":["{{o}}",2201080,2854907],"chl_oc3\/14.0.3":["{{o}}",5055987,3001838],"chl_oc3\/14.0.4":["{{o}}",8057825,1953821],"chl_oc3\/14.1.0":["{{o}}",10011646,1489558],"chl_oc3\/14.1.1":["{{o}}",11501204,2378287],"chl_oc3\/14.1.2":["{{o}}",13879491,1964209],"chl_oc3\/14.1.3":["{{o}}",15843700,1270735],"chl_oc3\/14.1.4":["{{o}}",17114435,1589417],"chl_oc3\/14.2.0":["{{o}}",18703852,3848980],"chl_oc3\/14.2.1":["{{o}}",22552832,1680004],"chl_oc3\/14.2.2":["{{o}}",24232836,98706],"chl_oc3\/14.2.3":["{{o}}",24331542,1059996],"chl_oc3\/14.2.4":["{{o}}",25391538,2774774],"chl_oc3\/14.3.0":["{{o}}",28166312,225973],"chl_oc3\/14.3.1":["{{o}}",28392285,2473295],"chl_oc3\/14.3.2":["{{o}}",30865580,3619057],"chl_oc3\/14.3.3":["{{o}}",34484637,2446009],"chl_oc3\/14.3.4":["{{o}}",36930646,3527978],"chl_oc3\/14.4.0":["{{o}}",40458624,252161],"chl_oc3\/14.4.1":["{{o}}",40710785,1943926],"chl_oc3\/14.4.2":["{{o}}",42654711,1498021],"chl_oc3\/14.4.3":["{{o}}",44152732,611529],"chl_oc3\/14.4.4":["{{o}}",44764261,706037],"chl_oc3\/15.0.0":["{{p}}",151221,1557288],"chl_oc3\/15.0.1":["{{p}}",1708509,700754],"chl_oc3\/15.0.2":["{{p}}",2409263,1366773],"chl_oc3\/15.0.3":["{{p}}",3776036,2700143],"chl_oc3\/15.0.4":["{{p}}",6476179,3347683],"chl_oc3\/15.1.0":["{{p}}",9823862,652707],"chl_oc3\/15.1.1":["{{p}}",10476569,2071141],"chl_oc3\/15.1.2":["{{p}}",12547710,1909849],"chl_oc3\/15.1.3":["{{p}}",14457559,1352604],"chl_oc3\/15.1.4":["{{p}}",15810163,53038],"chl_oc3\/15.2.0":["{{p}}",15863201,1301381],"chl_oc3\/15.2.1":["{{p}}",17164582,2977079],"chl_oc3\/15.2.2":["{{p}}",20141661,73813],"chl_oc3\/15.2.3":["{{p}}",20215474,2780857],"chl_oc3\/15.2.4":["{{p}}",22996331,954433],"chl_oc3\/15.3.0":["{{p}}",23950764,1329517],"chl_oc3\/15.3.1":["{{p}}",25280281,556125],"chl_oc3\/15.3.2":["{{p}}",25836406,4153512],"chl_oc3\/15.3.3":["{{p}}",29989918,1706052],"chl_oc3\/15.3.4":["{{p}}",31695970,1577315],"chl_oc3\/15.4.0":["{{p}}",33273285,444113],"chl_oc3\/15.4.1":["{{p}}",33717398,667503],"chl_oc3\/15.4.2":["{{p}}",34384901,2796598],"chl_oc3\/15.4.3":["{{p}}",37181499,383166],"chl_oc3\/15.4.4":["{{p}}",37564665,344951],"chl_oc3\/16.0.0":["{{q}}",151221,508021],"chl_oc3\/16.0.1":["{{q}}",659242,640998],"chl_oc3\/16.0.2":["{{q}}",1300240,1997784],"chl_oc3\/16.0.3":["{{q}}",3298024,1956404],"chl_oc3\/16.0.4":["{{q}}",5254428,2150183],"chl_oc3\/16.1.0":["{{q}}",7404611,2083993],"chl_oc3\/16.1.1":["{{q}}",9488604,2039409],"chl_oc3\/16.1.2":["{{q}}",11528013,1139804],"chl_oc3\/16.1.3":["{{q}}",12667817,1347638],"chl_oc3\/16.1.4":["{{q}}",14015455,1272110],"chl_oc3\/16.2.0":["{{q}}",15287565,2145996],"chl_oc3\/16.2.1":["{{q}}",17433561,1350344],"chl_oc3\/16.2.2":["{{q}}",18783905,111113],"chl_oc3\/16.2.3":["{{q}}",18895018,984417],"chl_oc3\/16.2.4":["{{q}}",19879435,3500002],"chl_oc3\/16.3.0":["{{q}}",23379437,1310145],"chl_oc3\/16.3.1":["{{q}}",24689582,2319146],"chl_oc3\/16.3.2":["{{q}}",27008728,955727],"chl_oc3\/16.3.3":["{{q}}",27964455,3020359],"chl_oc3\/16.3.4":["{{q}}",30984814,2290759],"chl_oc3\/16.4.0":["{{q}}",33275573,393898],"chl_oc3\/16.4.1":["{{q}}",33669471,957492],"chl_oc3\/16.4.2":["{{q}}",34626963,910657],"chl_oc3\/16.4.3":["{{q}}",35537620,2270394],"chl_oc3\/16.4.4":["{{q}}",37808014,226229],"chl_oc3\/17.0.0":["{{r}}",151221,424330],"chl_oc3\/17.0.1":["{{r}}",575551,930851],"chl_oc3\/17.0.2":["{{r}}",1506402,2523270],"chl_oc3\/17.0.3":["{{r}}",4029672,4298514],"chl_oc3\/17.0.4":["{{r}}",8328186,18562],"chl_oc3\/17.1.0":["{{r}}",8346748,1715290],"chl_oc3\/17.1.1":["{{r}}",10062038,1776513],"chl_oc3\/17.1.2":["{{r}}",11838551,2308220],"chl_oc3\/17.1.3":["{{r}}",14146771,1489047],"chl_oc3\/17.1.4":["{{r}}",15635818,374455],"chl_oc3\/17.2.0":["{{r}}",16010273,1762460],"chl_oc3\/17.2.1":["{{r}}",17772733,2052686],"chl_oc3\/17.2.2":["{{r}}",19825419,44744],"chl_oc3\/17.2.3":["{{r}}",19870163,1271938],"chl_oc3\/17.2.4":["{{r}}",21142101,1121867],"chl_oc3\/17.3.0":["{{r}}",22263968,2923386],"chl_oc3\/17.3.1":["{{r}}",25187354,2129840],"chl_oc3\/17.3.2":["{{r}}",27317194,1906185],"chl_oc3\/17.3.3":["{{r}}",29223379,2692591],"chl_oc3\/17.3.4":["{{r}}",31915970,2643314],"chl_oc3\/17.4.0":["{{r}}",34559284,146814],"chl_oc3\/17.4.1":["{{r}}",34706098,1009548],"chl_oc3\/17.4.2":["{{r}}",35715646,1214874],"chl_oc3\/17.4.3":["{{r}}",36930520,1171484],"chl_oc3\/17.4.4":["{{r}}",38102004,1733598],"chl_oc3\/18.0.0":["{{s}}",151221,157208],"chl_oc3\/18.0.1":["{{s}}",308429,413090],"chl_oc3\/18.0.2":["{{s}}",721519,1858472],"chl_oc3\/18.0.3":["{{s}}",2579991,2437008],"chl_oc3\/18.0.4":["{{s}}",5016999,2069157],"chl_oc3\/18.1.0":["{{s}}",7086156,1242730],"chl_oc3\/18.1.1":["{{s}}",8328886,1290842],"chl_oc3\/18.1.2":["{{s}}",9619728,2208976],"chl_oc3\/18.1.3":["{{s}}",11828704,799958],"chl_oc3\/18.1.4":["{{s}}",12628662,834368],"chl_oc3\/18.2.0":["{{s}}",13463030,1672839],"chl_oc3\/18.2.1":["{{s}}",15135869,1566294],"chl_oc3\/18.2.2":["{{s}}",16702163,115267],"chl_oc3\/18.2.3":["{{s}}",16817430,944615],"chl_oc3\/18.2.4":["{{s}}",17762045,753720],"chl_oc3\/18.3.0":["{{s}}",18515765,2940547],"chl_oc3\/18.3.1":["{{s}}",21456312,2587330],"chl_oc3\/18.3.2":["{{s}}",24043642,3627181],"chl_oc3\/18.3.3":["{{s}}",27670823,2253417],"chl_oc3\/18.3.4":["{{s}}",29924240,312619],"chl_oc3\/18.4.0":["{{s}}",30236859,700139],"chl_oc3\/18.4.1":["{{s}}",30936998,1301507],"chl_oc3\/18.4.2":["{{s}}",32238505,2319338],"chl_oc3\/18.4.3":["{{s}}",34557843,1855641],"chl_oc3\/18.4.4":["{{s}}",36413484,118463],"chl_oc3\/19.0.0":["{{t}}",151221,232216],"chl_oc3\/19.0.1":["{{t}}",383437,1243747],"chl_oc3\/19.0.2":["{{t}}",1627184,2768249],"chl_oc3\/19.0.3":["{{t}}",4395433,3287780],"chl_oc3\/19.0.4":["{{t}}",7683213,137569],"chl_oc3\/19.1.0":["{{t}}",7820782,1349007],"chl_oc3\/19.1.1":["{{t}}",9169789,2468463],"chl_oc3\/19.1.2":["{{t}}",11638252,1886239],"chl_oc3\/19.1.3":["{{t}}",13524491,904657],"chl_oc3\/19.1.4":["{{t}}",14429148,221837],"chl_oc3\/19.2.0":["{{t}}",14650985,2764869],"chl_oc3\/19.2.1":["{{t}}",17415854,2506340],"chl_oc3\/19.2.2":["{{t}}",19922194,10972],"chl_oc3\/19.2.3":["{{t}}",19933166,874878],"chl_oc3\/19.2.4":["{{t}}",20808044,2275856],"chl_oc3\/19.3.0":["{{t}}",23083900,1480378],"chl_oc3\/19.3.1":["{{t}}",24564278,3742308],"chl_oc3\/19.3.2":["{{t}}",28306586,1482067],"chl_oc3\/19.3.3":["{{t}}",29788653,1658496],"chl_oc3\/19.3.4":["{{t}}",31447149,2676851],"chl_oc3\/19.4.0":["{{t}}",34124000,1249935],"chl_oc3\/19.4.1":["{{t}}",35373935,1560124],"chl_oc3\/19.4.2":["{{t}}",36934059,2230221],"chl_oc3\/19.4.3":["{{t}}",39164280,2004956],"chl_oc3\/19.4.4":["{{t}}",41169236,1739281],"chl_oc3\/20.0.0":["{{u}}",151221,231093],"chl_oc3\/20.0.1":["{{u}}",382314,782130],"chl_oc3\/20.0.2":["{{u}}",1164444,1511638],"chl_oc3\/20.0.3":["{{u}}",2676082,1541571],"chl_oc3\/20.0.4":["{{u}}",4217653,647892],"chl_oc3\/20.1.0":["{{u}}",4865545,750010],"chl_oc3\/20.1.1":["{{u}}",5615555,1273073],"chl_oc3\/20.1.2":["{{u}}",6888628,1840228],"chl_oc3\/20.1.3":["{{u}}",8728856,434104],"chl_oc3\/20.1.4":["{{u}}",9162960,1656065],"chl_oc3\/20.2.0":["{{u}}",10819025,2657993],"chl_oc3\/20.2.1":["{{u}}",13477018,2198518],"chl_oc3\/20.2.2":["{{u}}",15675536,22248],"chl_oc3\/20.2.3":["{{u}}",15697784,2194323],"chl_oc3\/20.2.4":["{{u}}",17892107,85759],"chl_oc3\/20.3.0":["{{u}}",17977866,129158],"chl_oc3\/20.3.1":["{{u}}",18107024,2470877],"chl_oc3\/20.3.2":["{{u}}",20577901,1772011],"chl_oc3\/20.3.3":["{{u}}",22349912,1699805],"chl_oc3\/20.3.4":["{{u}}",24049717,421041],"chl_oc3\/20.4.0":["{{u}}",24470758,641079],"chl_oc3\/20.4.1":["{{u}}",25111837,801403],"chl_oc3\/20.4.2":["{{u}}",25913240,2331173],"chl_oc3\/20.4.3":["{{u}}",28244413,1365997],"chl_oc3\/20.4.4":["{{u}}",29610410,355208],"chl_oc3\/21.0.0":["{{v}}",151221,349178],"chl_oc3\/21.0.1":["{{v}}",500399,799259],"chl_oc3\/21.0.2":["{{v}}",1299658,3652022],"chl_oc3\/21.0.3":["{{v}}",4951680,792530],"chl_oc3\/21.0.4":["{{v}}",5744210,532889],"chl_oc3\/21.1.0":["{{v}}",6277099,1132688],"chl_oc3\/21.1.1":["{{v}}",7409787,1649710],"chl_oc3\/21.1.2":["{{v}}",9059497,893661],"chl_oc3\/21.1.3":["{{v}}",9953158,872764],"chl_oc3\/21.1.4":["{{v}}",10825922,815071],"chl_oc3\/21.2.0":["{{v}}",11640993,3939539],"chl_oc3\/21.2.1":["{{v}}",15580532,2319741],"chl_oc3\/21.2.2":["{{v}}",17900273,73835],"chl_oc3\/21.2.3":["{{v}}",17974108,987168],"chl_oc3\/21.2.4":["{{v}}",18961276,2730883],"chl_oc3\/21.3.0":["{{v}}",21692159,663220],"chl_oc3\/21.3.1":["{{v}}",22355379,1466363],"chl_oc3\/21.3.2":["{{v}}",23821742,1496029],"chl_oc3\/21.3.3":["{{v}}",25317771,689108],"chl_oc3\/21.3.4":["{{v}}",26006879,1805839],"chl_oc3\/21.4.0":["{{v}}",27812718,467604],"chl_oc3\/21.4.1":["{{v}}",28280322,1687120],"chl_oc3\/21.4.2":["{{v}}",29967442,511603],"chl_oc3\/21.4.3":["{{v}}",30479045,1072891],"chl_oc3\/21.4.4":["{{v}}",31551936,885086],"chl_oc3\/22.0.0":["{{w}}",151221,485628],"chl_oc3\/22.0.1":["{{w}}",636849,185506],"chl_oc3\/22.0.2":["{{w}}",822355,1419985],"chl_oc3\/22.0.3":["{{w}}",2242340,2567068],"chl_oc3\/22.0.4":["{{w}}",4809408,2813086],"chl_oc3\/22.1.0":["{{w}}",7622494,531726],"chl_oc3\/22.1.1":["{{w}}",8154220,783982],"chl_oc3\/22.1.2":["{{w}}",8938202,1788468],"chl_oc3\/22.1.3":["{{w}}",10726670,1991975],"chl_oc3\/22.1.4":["{{w}}",12718645,173624],"chl_oc3\/22.2.0":["{{w}}",12892269,2100518],"chl_oc3\/22.2.1":["{{w}}",14992787,3957010],"chl_oc3\/22.2.2":["{{w}}",18949797,13467],"chl_oc3\/22.2.3":["{{w}}",18963264,2762973],"chl_oc3\/22.2.4":["{{w}}",21726237,482629],"chl_oc3\/22.3.0":["{{w}}",22208866,2830346],"chl_oc3\/22.3.1":["{{w}}",25039212,2202496],"chl_oc3\/22.3.2":["{{w}}",27241708,1085071],"chl_oc3\/22.3.3":["{{w}}",28326779,921707],"chl_oc3\/22.3.4":["{{w}}",29248486,360361],"chl_oc3\/22.4.0":["{{w}}",29608847,782077],"chl_oc3\/22.4.1":["{{w}}",30390924,229616],"chl_oc3\/22.4.2":["{{w}}",30620540,343120],"chl_oc3\/22.4.3":["{{w}}",30963660,796597],"chl_oc3\/22.4.4":["{{w}}",31760257,976337],"chl_oc3\/23.0.0":["{{x}}",151221,1690311],"chl_oc3\/23.0.1":["{{x}}",1841532,515547],"chl_oc3\/23.0.2":["{{x}}",2357079,1078623],"chl_oc3\/23.0.3":["{{x}}",3435702,2231268],"chl_oc3\/23.0.4":["{{x}}",5666970,1847399],"chl_oc3\/23.1.0":["{{x}}",7514369,948774],"chl_oc3\/23.1.1":["{{x}}",8463143,1048567],"chl_oc3\/23.1.2":["{{x}}",9511710,1428466],"chl_oc3\/23.1.3":["{{x}}",10940176,1161277],"chl_oc3\/23.1.4":["{{x}}",12101453,1884812],"chl_oc3\/23.2.0":["{{x}}",13986265,2003341],"chl_oc3\/23.2.1":["{{x}}",15989606,1777158],"chl_oc3\/23.2.2":["{{x}}",17766764,107467],"chl_oc3\/23.2.3":["{{x}}",17874231,705091],"chl_oc3\/23.2.4":["{{x}}",18579322,3534584],"chl_oc3\/23.3.0":["{{x}}",22113906,1851428],"chl_oc3\/23.3.1":["{{x}}",23965334,2752613],"chl_oc3\/23.3.2":["{{x}}",26717947,3044519],"chl_oc3\/23.3.3":["{{x}}",29762466,1600800],"chl_oc3\/23.3.4":["{{x}}",31363266,1600706],"chl_oc3\/23.4.0":["{{x}}",32963972,570215],"chl_oc3\/23.4.1":["{{x}}",33534187,478400],"chl_oc3\/23.4.2":["{{x}}",34012587,635451],"chl_oc3\/23.4.3":["{{x}}",34648038,1419715],"chl_oc3\/23.4.4":["{{x}}",36067753,2069544],"chl_oc3\/24.0.0":["{{y}}",151221,703598],"chl_oc3\/24.0.1":["{{y}}",854819,259488],"chl_oc3\/24.0.2":["{{y}}",1114307,405028],"chl_oc3\/24.0.3":["{{y}}",1519335,867253],"chl_oc3\/24.0.4":["{{y}}",2386588,10921],"chl_oc3\/24.1.0":["{{y}}",2397509,1721260],"chl_oc3\/24.1.1":["{{y}}",4118769,1928568],"chl_oc3\/24.1.2":["{{y}}",6047337,1420512],"chl_oc3\/24.1.3":["{{y}}",7467849,696081],"chl_oc3\/24.1.4":["{{y}}",8163930,11750],"chl_oc3\/24.2.0":["{{y}}",8175680,2011023],"chl_oc3\/24.2.1":["{{y}}",10186703,2181214],"chl_oc3\/24.2.2":["{{y}}",12367917,32936],"chl_oc3\/24.2.3":["{{y}}",12400853,1086117],"chl_oc3\/24.2.4":["{{y}}",13486970,509599],"chl_oc3\/24.3.0":["{{y}}",13996569,1851296],"chl_oc3\/24.3.1":["{{y}}",15847865,2279256],"chl_oc3\/24.3.2":["{{y}}",18127121,4065503],"chl_oc3\/24.3.3":["{{y}}",22192624,2993718],"chl_oc3\/24.3.4":["{{y}}",25186342,2411796],"chl_oc3\/24.4.0":["{{y}}",27598138,329523],"chl_oc3\/24.4.1":["{{y}}",27927661,534463],"chl_oc3\/24.4.2":["{{y}}",28462124,788616],"chl_oc3\/24.4.3":["{{y}}",29250740,586618],"chl_oc3\/24.4.4":["{{y}}",29837358,1573014],"chl_oc3\/25.0.0":["{{z}}",151221,1305495],"chl_oc3\/25.0.1":["{{z}}",1456716,256768],"chl_oc3\/25.0.2":["{{z}}",1713484,1144142],"chl_oc3\/25.0.3":["{{z}}",2857626,1197196],"chl_oc3\/25.0.4":["{{z}}",4054822,1439066],"chl_oc3\/25.1.0":["{{z}}",5493888,1007755],"chl_oc3\/25.1.1":["{{z}}",6501643,1100373],"chl_oc3\/25.1.2":["{{z}}",7602016,932746],"chl_oc3\/25.1.3":["{{z}}",8534762,1100897],"chl_oc3\/25.1.4":["{{z}}",9635659,3035592],"chl_oc3\/25.2.0":["{{z}}",12671251,2148912],"chl_oc3\/25.2.1":["{{z}}",14820163,2102388],"chl_oc3\/25.2.2":["{{z}}",16922551,30815],"chl_oc3\/25.2.3":["{{z}}",16953366,898563],"chl_oc3\/25.2.4":["{{z}}",17851929,1095136],"chl_oc3\/25.3.0":["{{z}}",18947065,2399453],"chl_oc3\/25.3.1":["{{z}}",21346518,1763925],"chl_oc3\/25.3.2":["{{z}}",23110443,1270619],"chl_oc3\/25.3.3":["{{z}}",24381062,3548141],"chl_oc3\/25.3.4":["{{z}}",27929203,2298655],"chl_oc3\/25.4.0":["{{z}}",30227858,79928],"chl_oc3\/25.4.1":["{{z}}",30307786,160754],"chl_oc3\/25.4.2":["{{z}}",30468540,1148538],"chl_oc3\/25.4.3":["{{z}}",31617078,2383403],"chl_oc3\/25.4.4":["{{z}}",34000481,1297331],"chl_oc3\/26.0.0":["{{A}}",151221,849194],"chl_oc3\/26.0.1":["{{A}}",1000415,75818],"chl_oc3\/26.0.2":["{{A}}",1076233,1193110],"chl_oc3\/26.0.3":["{{A}}",2269343,1264892],"chl_oc3\/26.0.4":["{{A}}",3534235,56134],"chl_oc3\/26.1.0":["{{A}}",3590369,1487100],"chl_oc3\/26.1.1":["{{A}}",5077469,1349571],"chl_oc3\/26.1.2":["{{A}}",6427040,1475290],"chl_oc3\/26.1.3":["{{A}}",7902330,1701080],"chl_oc3\/26.1.4":["{{A}}",9603410,1120441],"chl_oc3\/26.2.0":["{{A}}",10723851,1641600],"chl_oc3\/26.2.1":["{{A}}",12365451,2379752],"chl_oc3\/26.2.2":["{{A}}",14745203,12572],"chl_oc3\/26.2.3":["{{A}}",14757775,815446],"chl_oc3\/26.2.4":["{{A}}",15573221,2305478],"chl_oc3\/26.3.0":["{{A}}",17878699,1150716],"chl_oc3\/26.3.1":["{{A}}",19029415,1931969],"chl_oc3\/26.3.2":["{{A}}",20961384,2151875],"chl_oc3\/26.3.3":["{{A}}",23113259,1247339],"chl_oc3\/26.3.4":["{{A}}",24360598,3215071],"chl_oc3\/26.4.0":["{{A}}",27575669,1286556],"chl_oc3\/26.4.1":["{{A}}",28862225,200914],"chl_oc3\/26.4.2":["{{A}}",29063139,1754719],"chl_oc3\/26.4.3":["{{A}}",30817858,557392],"chl_oc3\/26.4.4":["{{A}}",31375250,2121968],"chl_oc3\/27.0.0":["{{B}}",151221,248360],"chl_oc3\/27.0.1":["{{B}}",399581,174750],"chl_oc3\/27.0.2":["{{B}}",574331,1907599],"chl_oc3\/27.0.3":["{{B}}",2481930,875286],"chl_oc3\/27.0.4":["{{B}}",3357216,3450127],"chl_oc3\/27.1.0":["{{B}}",6807343,660996],"chl_oc3\/27.1.1":["{{B}}",7468339,835553],"chl_oc3\/27.1.2":["{{B}}",8303892,2027956],"chl_oc3\/27.1.3":["{{B}}",10331848,1175703],"chl_oc3\/27.1.4":["{{B}}",11507551,1600906],"chl_oc3\/27.2.0":["{{B}}",13108457,988771],"chl_oc3\/27.2.1":["{{B}}",14097228,1020337],"chl_oc3\/27.2.2":["{{B}}",15117565,45911],"chl_oc3\/27.2.3":["{{B}}",15163476,1613729],"chl_oc3\/27.2.4":["{{B}}",16777205,13518],"chl_oc3\/27.3.0":["{{B}}",16790723,1555757],"chl_oc3\/27.3.1":["{{B}}",18346480,602755],"chl_oc3\/27.3.2":["{{B}}",18949235,1848619],"chl_oc3\/27.3.3":["{{B}}",20797854,1957176],"chl_oc3\/27.3.4":["{{B}}",22755030,265583],"chl_oc3\/27.4.0":["{{B}}",23020613,1455500],"chl_oc3\/27.4.1":["{{B}}",24476113,1357944],"chl_oc3\/27.4.2":["{{B}}",25834057,916772],"chl_oc3\/27.4.3":["{{B}}",26750829,2550512],"chl_oc3\/27.4.4":["{{B}}",29301341,887034],"chl_oc3\/28.0.0":["{{C}}",151221,1691176],"chl_oc3\/28.0.1":["{{C}}",1842397,538028],"chl_oc3\/28.0.2":["{{C}}",2380425,1348999],"chl_oc3\/28.0.3":["{{C}}",3729424,2673055],"chl_oc3\/28.0.4":["{{C}}",6402479,857424],"chl_oc3\/28.1.0":["{{C}}",7259903,1866354],"chl_oc3\/28.1.1":["{{C}}",9126257,1233180],"chl_oc3\/28.1.2":["{{C}}",10359437,2294917],"chl_oc3\/28.1.3":["{{C}}",12654354,1144771],"chl_oc3\/28.1.4":["{{C}}",13799125,292692],"chl_oc3\/28.2.0":["{{C}}",14091817,1237728],"chl_oc3\/28.2.1":["{{C}}",15329545,2080812],"chl_oc3\/28.2.2":["{{C}}",17410357,54275],"chl_oc3\/28.2.3":["{{C}}",17464632,917730],"chl_oc3\/28.2.4":["{{C}}",18382362,3584883],"chl_oc3\/28.3.0":["{{C}}",21967245,1946397],"chl_oc3\/28.3.1":["{{C}}",23913642,818971],"chl_oc3\/28.3.2":["{{C}}",24732613,1399305],"chl_oc3\/28.3.3":["{{C}}",26131918,1008743],"chl_oc3\/28.3.4":["{{C}}",27140661,1839290],"chl_oc3\/28.4.0":["{{C}}",28979951,209153],"chl_oc3\/28.4.1":["{{C}}",29189104,767604],"chl_oc3\/28.4.2":["{{C}}",29956708,1560302],"chl_oc3\/28.4.3":["{{C}}",31517010,2821658],"chl_oc3\/28.4.4":["{{C}}",34338668,2826955],"chl_oc3\/29.0.0":["{{D}}",151221,2111055],"chl_oc3\/29.0.1":["{{D}}",2262276,184208],"chl_oc3\/29.0.2":["{{D}}",2446484,644486],"chl_oc3\/29.0.3":["{{D}}",3090970,1043241],"chl_oc3\/29.0.4":["{{D}}",4134211,2398543],"chl_oc3\/29.1.0":["{{D}}",6532754,887737],"chl_oc3\/29.1.1":["{{D}}",7420491,746569],"chl_oc3\/29.1.2":["{{D}}",8167060,962350],"chl_oc3\/29.1.3":["{{D}}",9129410,1093681],"chl_oc3\/29.1.4":["{{D}}",10223091,1446770],"chl_oc3\/29.2.0":["{{D}}",11669861,1515195],"chl_oc3\/29.2.1":["{{D}}",13185056,1677836],"chl_oc3\/29.2.2":["{{D}}",14862892,20758],"chl_oc3\/29.2.3":["{{D}}",14883650,1818181],"chl_oc3\/29.2.4":["{{D}}",16701831,56327],"chl_oc3\/29.3.0":["{{D}}",16758158,1248364],"chl_oc3\/29.3.1":["{{D}}",18006522,1085610],"chl_oc3\/29.3.2":["{{D}}",19092132,1002115],"chl_oc3\/29.3.3":["{{D}}",20094247,2439891],"chl_oc3\/29.3.4":["{{D}}",22534138,900002],"chl_oc3\/29.4.0":["{{D}}",23434140,31251],"chl_oc3\/29.4.1":["{{D}}",23465391,233195],"chl_oc3\/29.4.2":["{{D}}",23698586,1240804],"chl_oc3\/29.4.3":["{{D}}",24939390,1822352],"chl_oc3\/29.4.4":["{{D}}",26761742,1664259]}}