{"version":1,"templates":{"a":"s3:\/\/imos-data\/IMOS\/SRS\/OC\/gridded\/aqua\/P1D\/2021\/03\/A.P1D.20210301T053000Z.aust.K_490.nc","b":"s3:\/\/imos-data\/IMOS\/SRS\/OC\/gridded\/aqua\/P1D\/2021\/03\/A.P1D.20210302T053000Z.aust.K_490.nc","c":"s3:\/\/imos-data\/IMOS\/SRS\/OC\/gridded\/aqua\/P1D\/2021\/03\/A.P1D.20210303T053000Z.aust.K_490.nc","d":"s3:\/\/imos-data\/IMOS\/SRS\/OC\/gridded\/aqua\/P1D\/2021\/03\/A.P1D.20210304T053000Z.aust.K_490.nc","e":"s3:\/\/imos-data\/IMOS\/SRS\/OC\/gridded\/aqua\/P1D\/2021\/03\/A.P1D.20210305T053000Z.aust.K_490.nc","f":"s3:\/\/imos-data\/IMOS\/SRS\/OC\/gridded\/aqua\/P1D\/2021\/03\/A.P1D.20210306T053000Z.aust.K_490.nc","g":"s3:\/\/imos-data\/IMOS\/SRS\/OC\/gridded\/aqua\/P1D\/2021\/03\/A.P1D.20210307T053000Z.aust.K_490.nc","h":"s3:\/\/imos-data\/IMOS\/SRS\/OC\/gridded\/aqua\/P1D\/2021\/03\/A.P1D.20210308T053000Z.aust.K_490.nc","i":"s3:\/\/imos-data\/IMOS\/SRS\/OC\/gridded\/aqua\/P1D\/2021\/03\/A.P1D.20210309T053000Z.aust.K_490.nc","j":"s3:\/\/imos-data\/IMOS\/SRS\/OC\/gridded\/aqua\/P1D\/2021\/03\/A.P1D.20210310T053000Z.aust.K_490.nc","k":"s3:\/\/imos-data\/IMOS\/SRS\/OC\/gridded\/aqua\/P1D\/2021\/03\/A.P1D.20210311T053000Z.aust.K_490.nc","l":"s3:\/\/imos-data\/IMOS\/SRS\/OC\/gridded\/aqua\/P1D\/2021\/03\/A.P1D.20210312T053000Z.aust.K_490.nc","m":"s3:\/\/imos-data\/IMOS\/SRS\/OC\/gridded\/aqua\/P1D\/2021\/03\/A.P1D.20210313T053000Z.aust.K_490.nc","n":"s3:\/\/imos-data\/IMOS\/SRS\/OC\/gridded\/aqua\/P1D\/2021\/03\/A.P1D.20210314T053000Z.aust.K_490.nc","o":"s3:\/\/imos-data\/IMOS\/SRS\/OC\/gridded\/aqua\/P1D\/2021\/03\/A.P1D.20210315T053000Z.aust.K_490.nc","p":"s3:\/\/imos-data\/IMOS\/SRS\/OC\/gridded\/aqua\/P1D\/2021\/03\/A.P1D.20210316T053000Z.aust.K_490.nc","q":"s3:\/\/imos-data\/IMOS\/SRS\/OC\/gridded\/aqua\/P1D\/2021\/03\/A.P1D.20210317T053000Z.aust.K_490.nc","r":"s3:\/\/imos-data\/IMOS\/SRS\/OC\/gridded\/aqua\/P1D\/2021\/03\/A.P1D.20210318T053000Z.aust.K_490.nc","s":"s3:\/\/imos-data\/IMOS\/SRS\/OC\/gridded\/aqua\/P1D\/2021\/03\/A.P1D.20210319T053000Z.aust.K_490.nc","t":"s3:\/\/imos-data\/IMOS\/SRS\/OC\/gridded\/aqua\/P1D\/2021\/03\/A.P1D.20210320T053000Z.aust.K_490.nc","u":"s3:\/\/imos-data\/IMOS\/SRS\/OC\/gridded\/aqua\/P1D\/2021\/03\/A.P1D.20210321T053000Z.aust.K_490.nc","v":"s3:\/\/imos-data\/IMOS\/SRS\/OC\/gridded\/aqua\/P1D\/2021\/03\/A.P1D.20210322T053000Z.aust.K_490.nc","w":"s3:\/\/imos-data\/IMOS\/SRS\/OC\/gridded\/aqua\/P1D\/2021\/03\/A.P1D.20210323T053000Z.aust.K_490.nc","x":"s3:\/\/imos-data\/IMOS\/SRS\/OC\/gridded\/aqua\/P1D\/2021\/03\/A.P1D.20210324T053000Z.aust.K_490.nc","y":"s3:\/\/imos-data\/IMOS\/SRS\/OC\/gridded\/aqua\/P1D\/2021\/03\/A.P1D.20210325T053000Z.aust.K_490.nc","z":"s3:\/\/imos-data\/IMOS\/SRS\/OC\/gridded\/aqua\/P1D\/2021\/03\/A.P1D.20210326T053000Z.aust.K_490.nc","A":"s3:\/\/imos-data\/IMOS\/SRS\/OC\/gridded\/aqua\/P1D\/2021\/03\/A.P1D.20210327T053000Z.aust.K_490.nc","B":"s3:\/\/imos-data\/IMOS\/SRS\/OC\/gridded\/aqua\/P1D\/2021\/03\/A.P1D.20210328T053000Z.aust.K_490.nc","C":"s3:\/\/imos-data\/IMOS\/SRS\/OC\/gridded\/aqua\/P1D\/2021\/03\/A.P1D.20210329T053000Z.aust.K_490.nc","D":"s3:\/\/imos-data\/IMOS\/SRS\/OC\/gridded\/aqua\/P1D\/2021\/03\/A.P1D.20210330T053000Z.aust.K_490.nc","E":"s3:\/\/imos-data\/IMOS\/SRS\/OC\/gridded\/aqua\/P1D\/2021\/03\/A.P1D.20210331T053000Z.aust.K_490.nc"},"refs":{".zgroup":"{\"zarr_format\":2}",".zattrs":"{\"Conventions\":\"CF-1.6\",\"_NCProperties\":\"version=1|netcdflibversion=4.6.1|hdf5libversion=1.10.4\",\"_nc3_strict\":1,\"history\":\"File initialised at 2021-03-17T17:21:07.854055\\nInitialised var K_490 at 2021-03-17T17:23:01.919252\\nAdd Granule A20210301_0320.20210317131011.L2OC_BASE.K_490.nc at 2021-03-17T17:23:03.772522\\nAdd Granule A20210301_0325.20210317131813.L2OC_BASE.K_490.nc at 2021-03-17T17:23:04.261216\\nAdd Granule A20210301_0330.20210317132138.L2OC_BASE.K_490.nc at 2021-03-17T17:23:04.651425\\nAdd Granule A20210301_0335.20210317132217.L2OC_BASE.K_490.nc at 2021-03-17T17:23:05.000040\\nAdd Granule A20210301_0455.20210317133006.L2OC_BASE.K_490.nc at 2021-03-17T17:23:05.296680\\nAdd Granule A20210301_0500.20210317133102.L2OC_BASE.K_490.nc at 2021-03-17T17:23:05.839058\\nAdd Granule A20210301_0505.20210317133113.L2OC_BASE.K_490.nc at 2021-03-17T17:23:06.239368\\nAdd Granule A20210301_0510.20210317133634.L2OC_BASE.K_490.nc at 2021-03-17T17:23:06.578902\\nAdd Granule A20210301_0515.20210317133908.L2OC_BASE.K_490.nc at 2021-03-17T17:23:06.979390\\nAdd Granule A20210301_0640.20210317134057.L2OC_BASE.K_490.nc at 2021-03-17T17:23:07.565085\\nAdd Granule A20210301_0645.20210317134337.L2OC_BASE.K_490.nc at 2021-03-17T17:23:08.081390\\nAdd Granule A20210301_0650.20210317134742.L2OC_BASE.K_490.nc at 2021-03-17T17:23:08.392015\\nAdd Granule A20210301_0655.20210317134956.L2OC_BASE.K_490.nc at 2021-03-17T17:23:08.775248\\nAdd Granule A20210301_0820.20210317135642.L2OC_BASE.K_490.nc at 2021-03-17T17:23:09.159678\\nAdd Granule A20210301_0825.20210317135734.L2OC_BASE.K_490.nc at 2021-03-17T17:23:09.543478\\nAdd Granule A20210301_0830.20210317131011.L2OC_BASE.K_490.nc at 2021-03-17T17:23:09.797832\\nAdd Granule A20210301_0835.20210317131010.L2OC_BASE.K_490.nc at 2021-03-17T17:23:09.978917\",\"source_path\":\"imos-srs\\\/archive\\\/oc\\\/aqua\\\/v201909\\\/1d\\\/2021\\\/03\\\/A20210301.L2OC_BASE.aust.K_490.nc\"}","K_490\/.zarray":"{\"chunks\":[1,1401,2001],\"compressor\":{\"id\":\"zlib\",\"level\":4},\"dtype\":\"<f4\",\"fill_value\":-999.0,\"filters\":[{\"elementsize\":4,\"id\":\"shuffle\"}],\"order\":\"C\",\"shape\":[31,7001,10001],\"zarr_format\":2}","K_490\/.zattrs":"{\"_ARRAY_DIMENSIONS\":[\"time\",\"latitude\",\"longitude\"],\"flag_applied\":\"HISATZEN LAND CLDICE NAVFAIL\",\"long_name\":\"Diffuse attenuation coefficient at 490 nm (OBPG)\",\"units\":\"m^-1\"}","longitude\/.zarray":"{\n    \"chunks\": [\n        10001\n    ],\n    \"compressor\": null,\n    \"dtype\": \"<f8\",\n    \"fill_value\": 9.969209968386869e+36,\n    \"filters\": null,\n    \"order\": \"C\",\n    \"shape\": [\n        10001\n    ],\n    \"zarr_format\": 2\n}","longitude\/.zattrs":"{\n    \"NAME\": \"longitude\",\n    \"_ARRAY_DIMENSIONS\": [\n        \"longitude\"\n    ],\n    \"_Netcdf4Dimid\": 2,\n    \"axis\": \"X\",\n    \"long_name\": \"longitude\",\n    \"standard_name\": \"longitude\",\n    \"units\": \"degrees_east\"\n}","longitude\/0":["{{a}}",58400,80008],"latitude\/.zarray":"{\n    \"chunks\": [\n        7001\n    ],\n    \"compressor\": null,\n    \"dtype\": \"<f8\",\n    \"fill_value\": 9.969209968386869e+36,\n    \"filters\": null,\n    \"order\": \"C\",\n    \"shape\": [\n        7001\n    ],\n    \"zarr_format\": 2\n}","latitude\/.zattrs":"{\n    \"NAME\": \"latitude\",\n    \"_ARRAY_DIMENSIONS\": [\n        \"latitude\"\n    ],\n    \"_Netcdf4Dimid\": 1,\n    \"axis\": \"Y\",\n    \"long_name\": \"latitude\",\n    \"standard_name\": \"latitude\",\n    \"units\": \"degrees_north\"\n}","latitude\/0":["{{a}}",2392,56008],"time\/.zarray":"{\"chunks\":[31],\"compressor\":{\"blocksize\":0,\"clevel\":5,\"cname\":\"lz4\",\"id\":\"blosc\",\"shuffle\":1},\"dtype\":\"<M8[us]\",\"fill_value\":0,\"filters\":null,\"order\":\"C\",\"shape\":[31],\"zarr_format\":2}","time\/0":"base64:AgExCPgAAAD4AAAAsgAAABQAAACaAAAAHwABAAv7AaYGZsYmhuZGpgZmxiaG5kYQAPNbtIxjOhLpwJhvRx71zaR7UyoC2bCIXzYO5b2Ua0Ma8egGJEJgfZu51\/UTME5siqjG5AEfPVt5l7TS8A4sSmdyh5uvw9fr\/xMnPFBkeIygtMjd8QUZLUFVaX2SprrOvLy8vLy8vLy9vb29vQUAFr4BAB8FAQALD9gAB1AAAAAAAA==","time\/.zattrs":"{\"NAME\":\"time\",\"_ARRAY_DIMENSIONS\":[\"time\"],\"_Netcdf4Dimid\":0,\"axis\":\"T\",\"long_name\":\"time\",\"standard_name\":\"time\"}","K_490\/0.0.0":["{{a}}",151229,1181156],"K_490\/0.0.1":["{{a}}",1332385,1147513],"K_490\/0.0.2":["{{a}}",2479898,796075],"K_490\/0.0.3":["{{a}}",3275973,1373044],"K_490\/0.0.4":["{{a}}",4649017,10921],"K_490\/0.1.0":["{{a}}",4659938,1507829],"K_490\/0.1.1":["{{a}}",6167767,976334],"K_490\/0.1.2":["{{a}}",7144101,873156],"K_490\/0.1.3":["{{a}}",8017257,262916],"K_490\/0.1.4":["{{a}}",8280173,85696],"K_490\/0.2.0":["{{a}}",8365869,1763621],"K_490\/0.2.1":["{{a}}",10129490,2176961],"K_490\/0.2.2":["{{a}}",12306451,94497],"K_490\/0.2.3":["{{a}}",12400948,758728],"K_490\/0.2.4":["{{a}}",13159676,732584],"K_490\/0.3.0":["{{a}}",13892260,1362552],"K_490\/0.3.1":["{{a}}",15254812,2371157],"K_490\/0.3.2":["{{a}}",17625969,2029167],"K_490\/0.3.3":["{{a}}",19655136,2164025],"K_490\/0.3.4":["{{a}}",21819161,1449871],"K_490\/0.4.0":["{{a}}",23269032,75740],"K_490\/0.4.1":["{{a}}",23344772,281404],"K_490\/0.4.2":["{{a}}",23626176,388295],"K_490\/0.4.3":["{{a}}",24014471,1399461],"K_490\/0.4.4":["{{a}}",25413932,442615],"K_490\/1.0.0":["{{b}}",151229,2348272],"K_490\/1.0.1":["{{b}}",2499501,1528359],"K_490\/1.0.2":["{{b}}",4027860,729455],"K_490\/1.0.3":["{{b}}",4757315,1400889],"K_490\/1.0.4":["{{b}}",6158204,1500385],"K_490\/1.1.0":["{{b}}",7658589,1330446],"K_490\/1.1.1":["{{b}}",8989035,762388],"K_490\/1.1.2":["{{b}}",9751423,1078027],"K_490\/1.1.3":["{{b}}",10829450,90517],"K_490\/1.1.4":["{{b}}",10919967,453177],"K_490\/1.2.0":["{{b}}",11373144,1457266],"K_490\/1.2.1":["{{b}}",12830410,1628682],"K_490\/1.2.2":["{{b}}",14459092,23485],"K_490\/1.2.3":["{{b}}",14482577,231424],"K_490\/1.2.4":["{{b}}",14714001,2837106],"K_490\/1.3.0":["{{b}}",17551107,2103190],"K_490\/1.3.1":["{{b}}",19654297,2457726],"K_490\/1.3.2":["{{b}}",22112023,1123404],"K_490\/1.3.3":["{{b}}",23235427,1192821],"K_490\/1.3.4":["{{b}}",24428248,3070448],"K_490\/1.4.0":["{{b}}",27498696,1027240],"K_490\/1.4.1":["{{b}}",28525936,13290],"K_490\/1.4.2":["{{b}}",28539226,380366],"K_490\/1.4.3":["{{b}}",28919592,892640],"K_490\/1.4.4":["{{b}}",29812232,24318],"K_490\/2.0.0":["{{c}}",151229,924711],"K_490\/2.0.1":["{{c}}",1075940,700997],"K_490\/2.0.2":["{{c}}",1776937,935653],"K_490\/2.0.3":["{{c}}",2712590,1711736],"K_490\/2.0.4":["{{c}}",4424326,51930],"K_490\/2.1.0":["{{c}}",4476256,1296985],"K_490\/2.1.1":["{{c}}",5773241,679754],"K_490\/2.1.2":["{{c}}",6452995,712845],"K_490\/2.1.3":["{{c}}",7165840,169639],"K_490\/2.1.4":["{{c}}",7335479,12508],"K_490\/2.2.0":["{{c}}",7347987,2390918],"K_490\/2.2.1":["{{c}}",9738905,3204539],"K_490\/2.2.2":["{{c}}",12943444,38210],"K_490\/2.2.3":["{{c}}",12981654,637364],"K_490\/2.2.4":["{{c}}",13619018,810650],"K_490\/2.3.0":["{{c}}",14429668,2558826],"K_490\/2.3.1":["{{c}}",16988494,2059701],"K_490\/2.3.2":["{{c}}",19048195,2387975],"K_490\/2.3.3":["{{c}}",21436170,1016427],"K_490\/2.3.4":["{{c}}",22452597,1978759],"K_490\/2.4.0":["{{c}}",24431356,1120668],"K_490\/2.4.1":["{{c}}",25552024,1431248],"K_490\/2.4.2":["{{c}}",26983272,301655],"K_490\/2.4.3":["{{c}}",27284927,454419],"K_490\/2.4.4":["{{c}}",27739346,608703],"K_490\/3.0.0":["{{d}}",151229,2947652],"K_490\/3.0.1":["{{d}}",3098881,723287],"K_490\/3.0.2":["{{d}}",3822168,1041868],"K_490\/3.0.3":["{{d}}",4864036,1193716],"K_490\/3.0.4":["{{d}}",6057752,1524139],"K_490\/3.1.0":["{{d}}",7581891,1409089],"K_490\/3.1.1":["{{d}}",8990980,939441],"K_490\/3.1.2":["{{d}}",9930421,1169077],"K_490\/3.1.3":["{{d}}",11099498,171293],"K_490\/3.1.4":["{{d}}",11270791,768759],"K_490\/3.2.0":["{{d}}",12039550,1719106],"K_490\/3.2.1":["{{d}}",13758656,2140101],"K_490\/3.2.2":["{{d}}",15898757,30802],"K_490\/3.2.3":["{{d}}",15929559,691468],"K_490\/3.2.4":["{{d}}",16621027,10921],"K_490\/3.3.0":["{{d}}",16631948,2440908],"K_490\/3.3.1":["{{d}}",19072856,1603987],"K_490\/3.3.2":["{{d}}",20676843,983300],"K_490\/3.3.3":["{{d}}",21660143,1426748],"K_490\/3.3.4":["{{d}}",23086891,136517],"K_490\/3.4.0":["{{d}}",23223408,1257540],"K_490\/3.4.1":["{{d}}",24480948,1580711],"K_490\/3.4.2":["{{d}}",26061659,979612],"K_490\/3.4.3":["{{d}}",27041271,284713],"K_490\/3.4.4":["{{d}}",27325984,345055],"K_490\/4.0.0":["{{e}}",151229,1272292],"K_490\/4.0.1":["{{e}}",1423521,1203077],"K_490\/4.0.2":["{{e}}",2626598,1577230],"K_490\/4.0.3":["{{e}}",4203828,1162277],"K_490\/4.0.4":["{{e}}",5366105,389496],"K_490\/4.1.0":["{{e}}",5755601,2193625],"K_490\/4.1.1":["{{e}}",7949226,1720790],"K_490\/4.1.2":["{{e}}",9670016,1753978],"K_490\/4.1.3":["{{e}}",11423994,446484],"K_490\/4.1.4":["{{e}}",11870478,521814],"K_490\/4.2.0":["{{e}}",12392292,2601031],"K_490\/4.2.1":["{{e}}",14993323,3178284],"K_490\/4.2.2":["{{e}}",18171607,13028],"K_490\/4.2.3":["{{e}}",18184635,1180359],"K_490\/4.2.4":["{{e}}",19364994,764879],"K_490\/4.3.0":["{{e}}",20129873,3900329],"K_490\/4.3.1":["{{e}}",24030202,1547784],"K_490\/4.3.2":["{{e}}",25577986,681397],"K_490\/4.3.3":["{{e}}",26259383,664712],"K_490\/4.3.4":["{{e}}",26924095,3014444],"K_490\/4.4.0":["{{e}}",29938539,1662560],"K_490\/4.4.1":["{{e}}",31601099,654063],"K_490\/4.4.2":["{{e}}",32255162,159671],"K_490\/4.4.3":["{{e}}",32414833,281691],"K_490\/4.4.4":["{{e}}",32696524,2479850],"K_490\/5.0.0":["{{f}}",151229,1044563],"K_490\/5.0.1":["{{f}}",1195792,867666],"K_490\/5.0.2":["{{f}}",2063458,1528119],"K_490\/5.0.3":["{{f}}",3591577,1015123],"K_490\/5.0.4":["{{f}}",4606700,1690707],"K_490\/5.1.0":["{{f}}",6297407,1345054],"K_490\/5.1.1":["{{f}}",7642461,1803344],"K_490\/5.1.2":["{{f}}",9445805,1460959],"K_490\/5.1.3":["{{f}}",10906764,766180],"K_490\/5.1.4":["{{f}}",11672944,506508],"K_490\/5.2.0":["{{f}}",12179452,1825685],"K_490\/5.2.1":["{{f}}",14005137,2536174],"K_490\/5.2.2":["{{f}}",16541311,70340],"K_490\/5.2.3":["{{f}}",16611651,1807512],"K_490\/5.2.4":["{{f}}",18419163,107567],"K_490\/5.3.0":["{{f}}",18526730,1906727],"K_490\/5.3.1":["{{f}}",20433457,2244882],"K_490\/5.3.2":["{{f}}",22678339,751518],"K_490\/5.3.3":["{{f}}",23429857,1067782],"K_490\/5.3.4":["{{f}}",24497639,588703],"K_490\/5.4.0":["{{f}}",25086342,105801],"K_490\/5.4.1":["{{f}}",25192143,1317598],"K_490\/5.4.2":["{{f}}",26509741,377741],"K_490\/5.4.3":["{{f}}",26887482,107597],"K_490\/5.4.4":["{{f}}",26995079,629786],"K_490\/6.0.0":["{{g}}",151229,1726313],"K_490\/6.0.1":["{{g}}",1877542,151279],"K_490\/6.0.2":["{{g}}",2028821,893897],"K_490\/6.0.3":["{{g}}",2922718,831475],"K_490\/6.0.4":["{{g}}",3754193,1677099],"K_490\/6.1.0":["{{g}}",5431292,2242518],"K_490\/6.1.1":["{{g}}",7673810,1915836],"K_490\/6.1.2":["{{g}}",9589646,1226946],"K_490\/6.1.3":["{{g}}",10816592,772064],"K_490\/6.1.4":["{{g}}",11588656,1098708],"K_490\/6.2.0":["{{g}}",12687364,3064386],"K_490\/6.2.1":["{{g}}",15751750,2708030],"K_490\/6.2.2":["{{g}}",18459780,85215],"K_490\/6.2.3":["{{g}}",18544995,1000031],"K_490\/6.2.4":["{{g}}",19545026,2008799],"K_490\/6.3.0":["{{g}}",21553825,2644671],"K_490\/6.3.1":["{{g}}",24198496,1924500],"K_490\/6.3.2":["{{g}}",26122996,1479124],"K_490\/6.3.3":["{{g}}",27602120,771421],"K_490\/6.3.4":["{{g}}",28373541,1511055],"K_490\/6.4.0":["{{g}}",29884596,984982],"K_490\/6.4.1":["{{g}}",30869578,399692],"K_490\/6.4.2":["{{g}}",31269270,1053976],"K_490\/6.4.3":["{{g}}",32323246,83708],"K_490\/6.4.4":["{{g}}",32406954,10921],"K_490\/7.0.0":["{{h}}",151229,1210316],"K_490\/7.0.1":["{{h}}",1361545,557323],"K_490\/7.0.2":["{{h}}",1918868,584950],"K_490\/7.0.3":["{{h}}",2503818,1115218],"K_490\/7.0.4":["{{h}}",3619036,2257424],"K_490\/7.1.0":["{{h}}",5876460,1820213],"K_490\/7.1.1":["{{h}}",7696673,1510934],"K_490\/7.1.2":["{{h}}",9207607,1158620],"K_490\/7.1.3":["{{h}}",10366227,965444],"K_490\/7.1.4":["{{h}}",11331671,47482],"K_490\/7.2.0":["{{h}}",11379153,2383356],"K_490\/7.2.1":["{{h}}",13762509,2834787],"K_490\/7.2.2":["{{h}}",16597296,77164],"K_490\/7.2.3":["{{h}}",16674460,2140265],"K_490\/7.2.4":["{{h}}",18814725,801594],"K_490\/7.3.0":["{{h}}",19616319,1262906],"K_490\/7.3.1":["{{h}}",20879225,1559115],"K_490\/7.3.2":["{{h}}",22438340,1368728],"K_490\/7.3.3":["{{h}}",23807068,1107943],"K_490\/7.3.4":["{{h}}",24915011,897277],"K_490\/7.4.0":["{{h}}",25812288,1385231],"K_490\/7.4.1":["{{h}}",27197519,384505],"K_490\/7.4.2":["{{h}}",27582024,1372633],"K_490\/7.4.3":["{{h}}",28954657,1460771],"K_490\/7.4.4":["{{h}}",30415428,435146],"K_490\/8.0.0":["{{i}}",151229,2335324],"K_490\/8.0.1":["{{i}}",2486553,666373],"K_490\/8.0.2":["{{i}}",3152926,385817],"K_490\/8.0.3":["{{i}}",3538743,711762],"K_490\/8.0.4":["{{i}}",4250505,1676009],"K_490\/8.1.0":["{{i}}",5926514,3563402],"K_490\/8.1.1":["{{i}}",9489916,1452515],"K_490\/8.1.2":["{{i}}",10942431,264579],"K_490\/8.1.3":["{{i}}",11207010,1954925],"K_490\/8.1.4":["{{i}}",13161935,1835363],"K_490\/8.2.0":["{{i}}",14997298,2962350],"K_490\/8.2.1":["{{i}}",17959648,1861898],"K_490\/8.2.2":["{{i}}",19821546,105943],"K_490\/8.2.3":["{{i}}",19927489,1087618],"K_490\/8.2.4":["{{i}}",21015107,3621352],"K_490\/8.3.0":["{{i}}",24636459,1734551],"K_490\/8.3.1":["{{i}}",26371010,851364],"K_490\/8.3.2":["{{i}}",27222374,1690952],"K_490\/8.3.3":["{{i}}",28913326,1276826],"K_490\/8.3.4":["{{i}}",30190152,1795360],"K_490\/8.4.0":["{{i}}",31985512,371395],"K_490\/8.4.1":["{{i}}",32356907,1195163],"K_490\/8.4.2":["{{i}}",33552070,419001],"K_490\/8.4.3":["{{i}}",33971071,2850812],"K_490\/8.4.4":["{{i}}",36821883,341331],"K_490\/9.0.0":["{{j}}",151229,1106021],"K_490\/9.0.1":["{{j}}",1257250,774212],"K_490\/9.0.2":["{{j}}",2031462,553293],"K_490\/9.0.3":["{{j}}",2584755,2315092],"K_490\/9.0.4":["{{j}}",4899847,18688],"K_490\/9.1.0":["{{j}}",4918535,2555668],"K_490\/9.1.1":["{{j}}",7474203,1669784],"K_490\/9.1.2":["{{j}}",9143987,612476],"K_490\/9.1.3":["{{j}}",9756463,1998751],"K_490\/9.1.4":["{{j}}",11755214,267590],"K_490\/9.2.0":["{{j}}",12022804,2942742],"K_490\/9.2.1":["{{j}}",14965546,2645930],"K_490\/9.2.2":["{{j}}",17611476,65815],"K_490\/9.2.3":["{{j}}",17677291,2291013],"K_490\/9.2.4":["{{j}}",19968304,1433485],"K_490\/9.3.0":["{{j}}",21401789,2405251],"K_490\/9.3.1":["{{j}}",23807040,1046706],"K_490\/9.3.2":["{{j}}",24853746,1716402],"K_490\/9.3.3":["{{j}}",26570148,2589140],"K_490\/9.3.4":["{{j}}",29159288,1483989],"K_490\/9.4.0":["{{j}}",30643277,127545],"K_490\/9.4.1":["{{j}}",30770822,416670],"K_490\/9.4.2":["{{j}}",31187492,702194],"K_490\/9.4.3":["{{j}}",31889686,1640138],"K_490\/9.4.4":["{{j}}",33529824,2906443],"K_490\/10.0.0":["{{k}}",151229,1494699],"K_490\/10.0.1":["{{k}}",1645928,537731],"K_490\/10.0.2":["{{k}}",2183659,389462],"K_490\/10.0.3":["{{k}}",2573121,2482064],"K_490\/10.0.4":["{{k}}",5055185,1738670],"K_490\/10.1.0":["{{k}}",6793855,2894645],"K_490\/10.1.1":["{{k}}",9688500,1094712],"K_490\/10.1.2":["{{k}}",10783212,1277432],"K_490\/10.1.3":["{{k}}",12060644,1440612],"K_490\/10.1.4":["{{k}}",13501256,2230360],"K_490\/10.2.0":["{{k}}",15731616,2952832],"K_490\/10.2.1":["{{k}}",18684448,1863283],"K_490\/10.2.2":["{{k}}",20547731,80980],"K_490\/10.2.3":["{{k}}",20628711,667622],"K_490\/10.2.4":["{{k}}",21296333,1250948],"K_490\/10.3.0":["{{k}}",22547281,2022526],"K_490\/10.3.1":["{{k}}",24569807,1156021],"K_490\/10.3.2":["{{k}}",25725828,1565456],"K_490\/10.3.3":["{{k}}",27291284,2529536],"K_490\/10.3.4":["{{k}}",29820820,426062],"K_490\/10.4.0":["{{k}}",30246882,464359],"K_490\/10.4.1":["{{k}}",30711241,2006160],"K_490\/10.4.2":["{{k}}",32717401,289714],"K_490\/10.4.3":["{{k}}",33007115,1075044],"K_490\/10.4.4":["{{k}}",34082159,96135],"K_490\/11.0.0":["{{l}}",151229,1243009],"K_490\/11.0.1":["{{l}}",1394238,822089],"K_490\/11.0.2":["{{l}}",2216327,650323],"K_490\/11.0.3":["{{l}}",2866650,2654505],"K_490\/11.0.4":["{{l}}",5521155,332513],"K_490\/11.1.0":["{{l}}",5853668,2426545],"K_490\/11.1.1":["{{l}}",8280213,1209731],"K_490\/11.1.2":["{{l}}",9489944,1028220],"K_490\/11.1.3":["{{l}}",10518164,1314422],"K_490\/11.1.4":["{{l}}",11832586,397249],"K_490\/11.2.0":["{{l}}",12229835,2892241],"K_490\/11.2.1":["{{l}}",15122076,2719612],"K_490\/11.2.2":["{{l}}",17841688,28571],"K_490\/11.2.3":["{{l}}",17870259,1498024],"K_490\/11.2.4":["{{l}}",19368283,1712372],"K_490\/11.3.0":["{{l}}",21080655,3472175],"K_490\/11.3.1":["{{l}}",24552830,2579690],"K_490\/11.3.2":["{{l}}",27132520,1163086],"K_490\/11.3.3":["{{l}}",28295606,1560785],"K_490\/11.3.4":["{{l}}",29856391,3045587],"K_490\/11.4.0":["{{l}}",32901978,134710],"K_490\/11.4.1":["{{l}}",33036688,947417],"K_490\/11.4.2":["{{l}}",33984105,2309196],"K_490\/11.4.3":["{{l}}",36293301,630276],"K_490\/11.4.4":["{{l}}",36923577,2431399],"K_490\/12.0.0":["{{m}}",151229,2052408],"K_490\/12.0.1":["{{m}}",2203637,358203],"K_490\/12.0.2":["{{m}}",2561840,1373921],"K_490\/12.0.3":["{{m}}",3935761,2395155],"K_490\/12.0.4":["{{m}}",6330916,1887053],"K_490\/12.1.0":["{{m}}",8217969,2152845],"K_490\/12.1.1":["{{m}}",10370814,1035237],"K_490\/12.1.2":["{{m}}",11406051,1242132],"K_490\/12.1.3":["{{m}}",12648183,1600220],"K_490\/12.1.4":["{{m}}",14248403,1569519],"K_490\/12.2.0":["{{m}}",15817922,1805244],"K_490\/12.2.1":["{{m}}",17623166,880653],"K_490\/12.2.2":["{{m}}",18503819,59621],"K_490\/12.2.3":["{{m}}",18563440,1706525],"K_490\/12.2.4":["{{m}}",20269965,37594],"K_490\/12.3.0":["{{m}}",20307559,2367819],"K_490\/12.3.1":["{{m}}",22675378,1343606],"K_490\/12.3.2":["{{m}}",24018984,3121178],"K_490\/12.3.3":["{{m}}",27140162,1543817],"K_490\/12.3.4":["{{m}}",28683979,687660],"K_490\/12.4.0":["{{m}}",29371639,346479],"K_490\/12.4.1":["{{m}}",29718118,39047],"K_490\/12.4.2":["{{m}}",29757165,1953063],"K_490\/12.4.3":["{{m}}",31710228,1433078],"K_490\/12.4.4":["{{m}}",33143306,382036],"K_490\/13.0.0":["{{n}}",151229,1647922],"K_490\/13.0.1":["{{n}}",1799151,959362],"K_490\/13.0.2":["{{n}}",2758513,2454493],"K_490\/13.0.3":["{{n}}",5213006,1037369],"K_490\/13.0.4":["{{n}}",6250375,1241346],"K_490\/13.1.0":["{{n}}",7491721,2457076],"K_490\/13.1.1":["{{n}}",9948797,1545249],"K_490\/13.1.2":["{{n}}",11494046,1004621],"K_490\/13.1.3":["{{n}}",12498667,1127340],"K_490\/13.1.4":["{{n}}",13626007,573558],"K_490\/13.2.0":["{{n}}",14199565,1935095],"K_490\/13.2.1":["{{n}}",16134660,2482331],"K_490\/13.2.2":["{{n}}",18616991,31713],"K_490\/13.2.3":["{{n}}",18648704,1801596],"K_490\/13.2.4":["{{n}}",20450300,2436521],"K_490\/13.3.0":["{{n}}",22886821,1636617],"K_490\/13.3.1":["{{n}}",24523438,1156338],"K_490\/13.3.2":["{{n}}",25679776,1289133],"K_490\/13.3.3":["{{n}}",26968909,1521566],"K_490\/13.3.4":["{{n}}",28490475,3395885],"K_490\/13.4.0":["{{n}}",31886360,578606],"K_490\/13.4.1":["{{n}}",32464966,486170],"K_490\/13.4.2":["{{n}}",32951136,493546],"K_490\/13.4.3":["{{n}}",33444682,1431259],"K_490\/13.4.4":["{{n}}",34875941,1662858],"K_490\/14.0.0":["{{o}}",151229,1397748],"K_490\/14.0.1":["{{o}}",1548977,913636],"K_490\/14.0.2":["{{o}}",2462613,2308440],"K_490\/14.0.3":["{{o}}",4771053,857036],"K_490\/14.0.4":["{{o}}",5628089,2541496],"K_490\/14.1.0":["{{o}}",8169585,1949497],"K_490\/14.1.1":["{{o}}",10119082,1915482],"K_490\/14.1.2":["{{o}}",12034564,1090747],"K_490\/14.1.3":["{{o}}",13125311,1538511],"K_490\/14.1.4":["{{o}}",14663822,80770],"K_490\/14.2.0":["{{o}}",14744592,2273393],"K_490\/14.2.1":["{{o}}",17017985,2408791],"K_490\/14.2.2":["{{o}}",19426776,75982],"K_490\/14.2.3":["{{o}}",19502758,1807767],"K_490\/14.2.4":["{{o}}",21310525,172381],"K_490\/14.3.0":["{{o}}",21482906,1842976],"K_490\/14.3.1":["{{o}}",23325882,2780597],"K_490\/14.3.2":["{{o}}",26106479,939571],"K_490\/14.3.3":["{{o}}",27046050,1720540],"K_490\/14.3.4":["{{o}}",28766590,366998],"K_490\/14.4.0":["{{o}}",29133588,2268565],"K_490\/14.4.1":["{{o}}",31402153,2130800],"K_490\/14.4.2":["{{o}}",33532953,573464],"K_490\/14.4.3":["{{o}}",34106417,608443],"K_490\/14.4.4":["{{o}}",34714860,714807],"K_490\/15.0.0":["{{p}}",151229,1634296],"K_490\/15.0.1":["{{p}}",1785525,1424404],"K_490\/15.0.2":["{{p}}",3209929,2032206],"K_490\/15.0.3":["{{p}}",5242135,787829],"K_490\/15.0.4":["{{p}}",6029964,1067171],"K_490\/15.1.0":["{{p}}",7097135,3151003],"K_490\/15.1.1":["{{p}}",10248138,2454517],"K_490\/15.1.2":["{{p}}",12702655,668985],"K_490\/15.1.3":["{{p}}",13371640,1476494],"K_490\/15.1.4":["{{p}}",14848134,1527712],"K_490\/15.2.0":["{{p}}",16375846,2606231],"K_490\/15.2.1":["{{p}}",18982077,2319401],"K_490\/15.2.2":["{{p}}",21301478,36272],"K_490\/15.2.3":["{{p}}",21337750,686990],"K_490\/15.2.4":["{{p}}",22024740,2955832],"K_490\/15.3.0":["{{p}}",24980572,935170],"K_490\/15.3.1":["{{p}}",25915742,2267454],"K_490\/15.3.2":["{{p}}",28183196,1755948],"K_490\/15.3.3":["{{p}}",29939144,964045],"K_490\/15.3.4":["{{p}}",30903189,1404564],"K_490\/15.4.0":["{{p}}",32307753,824008],"K_490\/15.4.1":["{{p}}",33131761,1166108],"K_490\/15.4.2":["{{p}}",34297869,262945],"K_490\/15.4.3":["{{p}}",34560814,651872],"K_490\/15.4.4":["{{p}}",35212686,1036399],"K_490\/16.0.0":["{{q}}",151229,386426],"K_490\/16.0.1":["{{q}}",537655,1588569],"K_490\/16.0.2":["{{q}}",2126224,1692856],"K_490\/16.0.3":["{{q}}",3819080,2236434],"K_490\/16.0.4":["{{q}}",6055514,10921],"K_490\/16.1.0":["{{q}}",6066435,2761857],"K_490\/16.1.1":["{{q}}",8828292,2390392],"K_490\/16.1.2":["{{q}}",11218684,1644412],"K_490\/16.1.3":["{{q}}",12863096,2241859],"K_490\/16.1.4":["{{q}}",15104955,85441],"K_490\/16.2.0":["{{q}}",15190396,1858465],"K_490\/16.2.1":["{{q}}",17048861,3408272],"K_490\/16.2.2":["{{q}}",20457133,93602],"K_490\/16.2.3":["{{q}}",20550735,945326],"K_490\/16.2.4":["{{q}}",21496061,570150],"K_490\/16.3.0":["{{q}}",22066211,1723931],"K_490\/16.3.1":["{{q}}",23790142,1722301],"K_490\/16.3.2":["{{q}}",25512443,1933669],"K_490\/16.3.3":["{{q}}",27446112,1068920],"K_490\/16.3.4":["{{q}}",28515032,613472],"K_490\/16.4.0":["{{q}}",29128504,741702],"K_490\/16.4.1":["{{q}}",29870206,158543],"K_490\/16.4.2":["{{q}}",30028749,647630],"K_490\/16.4.3":["{{q}}",30676379,186370],"K_490\/16.4.4":["{{q}}",30862749,2051093],"K_490\/17.0.0":["{{r}}",151229,1773290],"K_490\/17.0.1":["{{r}}",1924519,1528289],"K_490\/17.0.2":["{{r}}",3452808,1551990],"K_490\/17.0.3":["{{r}}",5004798,1420360],"K_490\/17.0.4":["{{r}}",6425158,2309910],"K_490\/17.1.0":["{{r}}",8735068,3269272],"K_490\/17.1.1":["{{r}}",12004340,1996744],"K_490\/17.1.2":["{{r}}",14001084,790457],"K_490\/17.1.3":["{{r}}",14791541,1828093],"K_490\/17.1.4":["{{r}}",16619634,1584981],"K_490\/17.2.0":["{{r}}",18204615,2323948],"K_490\/17.2.1":["{{r}}",20528563,2226459],"K_490\/17.2.2":["{{r}}",22755022,43870],"K_490\/17.2.3":["{{r}}",22798892,278457],"K_490\/17.2.4":["{{r}}",23077349,2152543],"K_490\/17.3.0":["{{r}}",25229892,1284923],"K_490\/17.3.1":["{{r}}",26514815,1337938],"K_490\/17.3.2":["{{r}}",27852753,2284850],"K_490\/17.3.3":["{{r}}",30137603,1766821],"K_490\/17.3.4":["{{r}}",31904424,1971337],"K_490\/17.4.0":["{{r}}",33875761,714664],"K_490\/17.4.1":["{{r}}",34590425,657695],"K_490\/17.4.2":["{{r}}",35248120,726246],"K_490\/17.4.3":["{{r}}",35974366,505928],"K_490\/17.4.4":["{{r}}",36480294,88403],"K_490\/18.0.0":["{{s}}",151229,439102],"K_490\/18.0.1":["{{s}}",590331,1556050],"K_490\/18.0.2":["{{s}}",2146381,1061007],"K_490\/18.0.3":["{{s}}",3207388,1725641],"K_490\/18.0.4":["{{s}}",4933029,195419],"K_490\/18.1.0":["{{s}}",5128448,1898683],"K_490\/18.1.1":["{{s}}",7027131,2754522],"K_490\/18.1.2":["{{s}}",9781653,1355511],"K_490\/18.1.3":["{{s}}",11137164,2686345],"K_490\/18.1.4":["{{s}}",13823509,497267],"K_490\/18.2.0":["{{s}}",14320776,2551524],"K_490\/18.2.1":["{{s}}",16872300,3578907],"K_490\/18.2.2":["{{s}}",20451207,54813],"K_490\/18.2.3":["{{s}}",20506020,949050],"K_490\/18.2.4":["{{s}}",21455070,394534],"K_490\/18.3.0":["{{s}}",21849604,1912152],"K_490\/18.3.1":["{{s}}",23761756,1347145],"K_490\/18.3.2":["{{s}}",25108901,1493017],"K_490\/18.3.3":["{{s}}",26601918,1827467],"K_490\/18.3.4":["{{s}}",28429385,2440358],"K_490\/18.4.0":["{{s}}",30869743,988426],"K_490\/18.4.1":["{{s}}",31858169,568008],"K_490\/18.4.2":["{{s}}",32426177,156198],"K_490\/18.4.3":["{{s}}",32582375,232904],"K_490\/18.4.4":["{{s}}",32815279,320586],"K_490\/19.0.0":["{{t}}",151229,1130911],"K_490\/19.0.1":["{{t}}",1282140,963866],"K_490\/19.0.2":["{{t}}",2246006,1902230],"K_490\/19.0.3":["{{t}}",4148236,1960657],"K_490\/19.0.4":["{{t}}",6108893,2696808],"K_490\/19.1.0":["{{t}}",8805701,1462420],"K_490\/19.1.1":["{{t}}",10268121,1398840],"K_490\/19.1.2":["{{t}}",11666961,567828],"K_490\/19.1.3":["{{t}}",12234789,2074783],"K_490\/19.1.4":["{{t}}",14309572,1352668],"K_490\/19.2.0":["{{t}}",15662240,2906754],"K_490\/19.2.1":["{{t}}",18568994,1898959],"K_490\/19.2.2":["{{t}}",20467953,40573],"K_490\/19.2.3":["{{t}}",20508526,373007],"K_490\/19.2.4":["{{t}}",20881533,10921],"K_490\/19.3.0":["{{t}}",20892454,1806767],"K_490\/19.3.1":["{{t}}",22699221,2146050],"K_490\/19.3.2":["{{t}}",24845271,1556252],"K_490\/19.3.3":["{{t}}",26401523,1678512],"K_490\/19.3.4":["{{t}}",28080035,310821],"K_490\/19.4.0":["{{t}}",28390856,1128626],"K_490\/19.4.1":["{{t}}",29519482,1258275],"K_490\/19.4.2":["{{t}}",30777757,203862],"K_490\/19.4.3":["{{t}}",30981619,296949],"K_490\/19.4.4":["{{t}}",31278568,296422],"K_490\/20.0.0":["{{u}}",151229,531679],"K_490\/20.0.1":["{{u}}",682908,1552223],"K_490\/20.0.2":["{{u}}",2235131,1519299],"K_490\/20.0.3":["{{u}}",3754430,1002684],"K_490\/20.0.4":["{{u}}",4757114,391825],"K_490\/20.1.0":["{{u}}",5148939,1033142],"K_490\/20.1.1":["{{u}}",6182081,2981422],"K_490\/20.1.2":["{{u}}",9163503,1285450],"K_490\/20.1.3":["{{u}}",10448953,1064706],"K_490\/20.1.4":["{{u}}",11513659,107805],"K_490\/20.2.0":["{{u}}",11621464,2469009],"K_490\/20.2.1":["{{u}}",14090473,3049910],"K_490\/20.2.2":["{{u}}",17140383,47810],"K_490\/20.2.3":["{{u}}",17188193,754914],"K_490\/20.2.4":["{{u}}",17943107,1501418],"K_490\/20.3.0":["{{u}}",19444525,2368278],"K_490\/20.3.1":["{{u}}",21812803,1771262],"K_490\/20.3.2":["{{u}}",23584065,2059670],"K_490\/20.3.3":["{{u}}",25643735,1157949],"K_490\/20.3.4":["{{u}}",26801684,2166274],"K_490\/20.4.0":["{{u}}",28967958,87581],"K_490\/20.4.1":["{{u}}",29055539,1457353],"K_490\/20.4.2":["{{u}}",30512892,212213],"K_490\/20.4.3":["{{u}}",30725105,425664],"K_490\/20.4.4":["{{u}}",31150769,280493],"K_490\/21.0.0":["{{v}}",151229,532739],"K_490\/21.0.1":["{{v}}",683968,215223],"K_490\/21.0.2":["{{v}}",899191,1995458],"K_490\/21.0.3":["{{v}}",2894649,1083427],"K_490\/21.0.4":["{{v}}",3978076,1230162],"K_490\/21.1.0":["{{v}}",5208238,1006152],"K_490\/21.1.1":["{{v}}",6214390,1321707],"K_490\/21.1.2":["{{v}}",7536097,1452359],"K_490\/21.1.3":["{{v}}",8988456,1350524],"K_490\/21.1.4":["{{v}}",10338980,1085041],"K_490\/21.2.0":["{{v}}",11424021,2461294],"K_490\/21.2.1":["{{v}}",13885315,1876297],"K_490\/21.2.2":["{{v}}",15761612,112175],"K_490\/21.2.3":["{{v}}",15873787,308153],"K_490\/21.2.4":["{{v}}",16181940,22132],"K_490\/21.3.0":["{{v}}",16204072,1629480],"K_490\/21.3.1":["{{v}}",17833552,1874058],"K_490\/21.3.2":["{{v}}",19707610,1703490],"K_490\/21.3.3":["{{v}}",21411100,1464648],"K_490\/21.3.4":["{{v}}",22875748,365303],"K_490\/21.4.0":["{{v}}",23241051,20849],"K_490\/21.4.1":["{{v}}",23261900,522410],"K_490\/21.4.2":["{{v}}",23784310,1403274],"K_490\/21.4.3":["{{v}}",25187584,1003049],"K_490\/21.4.4":["{{v}}",26190633,51459],"K_490\/22.0.0":["{{w}}",151229,216210],"K_490\/22.0.1":["{{w}}",367439,273265],"K_490\/22.0.2":["{{w}}",640704,1252465],"K_490\/22.0.3":["{{w}}",1893169,332420],"K_490\/22.0.4":["{{w}}",2225589,717349],"K_490\/22.1.0":["{{w}}",2942938,876886],"K_490\/22.1.1":["{{w}}",3819824,2057640],"K_490\/22.1.2":["{{w}}",5877464,1998362],"K_490\/22.1.3":["{{w}}",7875826,1322163],"K_490\/22.1.4":["{{w}}",9197989,1764162],"K_490\/22.2.0":["{{w}}",10962151,2753179],"K_490\/22.2.1":["{{w}}",13715330,2545300],"K_490\/22.2.2":["{{w}}",16260630,106332],"K_490\/22.2.3":["{{w}}",16366962,198377],"K_490\/22.2.4":["{{w}}",16565339,1650296],"K_490\/22.3.0":["{{w}}",18215635,960012],"K_490\/22.3.1":["{{w}}",19175647,951424],"K_490\/22.3.2":["{{w}}",20127071,1260548],"K_490\/22.3.3":["{{w}}",21387619,672284],"K_490\/22.3.4":["{{w}}",22059903,1674040],"K_490\/22.4.0":["{{w}}",23733943,312937],"K_490\/22.4.1":["{{w}}",24046880,340677],"K_490\/22.4.2":["{{w}}",24387557,787323],"K_490\/22.4.3":["{{w}}",25174880,786618],"K_490\/22.4.4":["{{w}}",25961498,15853],"K_490\/23.0.0":["{{x}}",151229,248253],"K_490\/23.0.1":["{{x}}",399482,370596],"K_490\/23.0.2":["{{x}}",770078,794671],"K_490\/23.0.3":["{{x}}",1564749,757819],"K_490\/23.0.4":["{{x}}",2322568,1041240],"K_490\/23.1.0":["{{x}}",3363808,1108754],"K_490\/23.1.1":["{{x}}",4472562,1308880],"K_490\/23.1.2":["{{x}}",5781442,1910844],"K_490\/23.1.3":["{{x}}",7692286,1899888],"K_490\/23.1.4":["{{x}}",9592174,56089],"K_490\/23.2.0":["{{x}}",9648263,2846556],"K_490\/23.2.1":["{{x}}",12494819,2863871],"K_490\/23.2.2":["{{x}}",15358690,103340],"K_490\/23.2.3":["{{x}}",15462030,1255705],"K_490\/23.2.4":["{{x}}",16717735,58433],"K_490\/23.3.0":["{{x}}",16776168,1193020],"K_490\/23.3.1":["{{x}}",17969188,1800377],"K_490\/23.3.2":["{{x}}",19769565,2436914],"K_490\/23.3.3":["{{x}}",22206479,1011602],"K_490\/23.3.4":["{{x}}",23218081,1072844],"K_490\/23.4.0":["{{x}}",24290925,490265],"K_490\/23.4.1":["{{x}}",24781190,181468],"K_490\/23.4.2":["{{x}}",24962658,472396],"K_490\/23.4.3":["{{x}}",25435054,737508],"K_490\/23.4.4":["{{x}}",26172562,828528],"K_490\/24.0.0":["{{y}}",151229,503254],"K_490\/24.0.1":["{{y}}",654483,237573],"K_490\/24.0.2":["{{y}}",892056,801284],"K_490\/24.0.3":["{{y}}",1693340,961304],"K_490\/24.0.4":["{{y}}",2654644,295764],"K_490\/24.1.0":["{{y}}",2950408,1188075],"K_490\/24.1.1":["{{y}}",4138483,2440161],"K_490\/24.1.2":["{{y}}",6578644,1144012],"K_490\/24.1.3":["{{y}}",7722656,1688170],"K_490\/24.1.4":["{{y}}",9410826,1853596],"K_490\/24.2.0":["{{y}}",11264422,3676093],"K_490\/24.2.1":["{{y}}",14940515,2152013],"K_490\/24.2.2":["{{y}}",17092528,99944],"K_490\/24.2.3":["{{y}}",17192472,957390],"K_490\/24.2.4":["{{y}}",18149862,2762871],"K_490\/24.3.0":["{{y}}",20912733,1260118],"K_490\/24.3.1":["{{y}}",22172851,2042480],"K_490\/24.3.2":["{{y}}",24215331,1798315],"K_490\/24.3.3":["{{y}}",26013646,1671925],"K_490\/24.3.4":["{{y}}",27685571,2776493],"K_490\/24.4.0":["{{y}}",30462064,312351],"K_490\/24.4.1":["{{y}}",30774415,158446],"K_490\/24.4.2":["{{y}}",30932861,325766],"K_490\/24.4.3":["{{y}}",31258627,240436],"K_490\/24.4.4":["{{y}}",31499063,508322],"K_490\/25.0.0":["{{z}}",151229,429470],"K_490\/25.0.1":["{{z}}",580699,956225],"K_490\/25.0.2":["{{z}}",1536924,464901],"K_490\/25.0.3":["{{z}}",2001825,505289],"K_490\/25.0.4":["{{z}}",2507114,39248],"K_490\/25.1.0":["{{z}}",2546362,1405966],"K_490\/25.1.1":["{{z}}",3952328,1812533],"K_490\/25.1.2":["{{z}}",5764861,1689297],"K_490\/25.1.3":["{{z}}",7454158,3008414],"K_490\/25.1.4":["{{z}}",10462572,650827],"K_490\/25.2.0":["{{z}}",11113399,3648006],"K_490\/25.2.1":["{{z}}",14761405,2381362],"K_490\/25.2.2":["{{z}}",17142767,89201],"K_490\/25.2.3":["{{z}}",17231968,2772041],"K_490\/25.2.4":["{{z}}",20004009,891517],"K_490\/25.3.0":["{{z}}",20895526,1403254],"K_490\/25.3.1":["{{z}}",22298780,1367815],"K_490\/25.3.2":["{{z}}",23666595,2868044],"K_490\/25.3.3":["{{z}}",26534639,2428950],"K_490\/25.3.4":["{{z}}",28963589,693410],"K_490\/25.4.0":["{{z}}",29656999,89848],"K_490\/25.4.1":["{{z}}",29746847,69121],"K_490\/25.4.2":["{{z}}",29815968,440223],"K_490\/25.4.3":["{{z}}",30256191,1320617],"K_490\/25.4.4":["{{z}}",31576808,361359],"K_490\/26.0.0":["{{A}}",151229,592280],"K_490\/26.0.1":["{{A}}",743509,585608],"K_490\/26.0.2":["{{A}}",1329117,164676],"K_490\/26.0.3":["{{A}}",1493793,635123],"K_490\/26.0.4":["{{A}}",2128916,1437810],"K_490\/26.1.0":["{{A}}",3566726,2069908],"K_490\/26.1.1":["{{A}}",5636634,1833728],"K_490\/26.1.2":["{{A}}",7470362,928001],"K_490\/26.1.3":["{{A}}",8398363,1394461],"K_490\/26.1.4":["{{A}}",9792824,3545202],"K_490\/26.2.0":["{{A}}",13338026,3470148],"K_490\/26.2.1":["{{A}}",16808174,2519997],"K_490\/26.2.2":["{{A}}",19328171,120749],"K_490\/26.2.3":["{{A}}",19448920,1013942],"K_490\/26.2.4":["{{A}}",20462862,1306772],"K_490\/26.3.0":["{{A}}",21769634,972076],"K_490\/26.3.1":["{{A}}",22741710,2106130],"K_490\/26.3.2":["{{A}}",24847840,2427402],"K_490\/26.3.3":["{{A}}",27275242,1828997],"K_490\/26.3.4":["{{A}}",29104239,44856],"K_490\/26.4.0":["{{A}}",29149095,1705998],"K_490\/26.4.1":["{{A}}",30855093,1928552],"K_490\/26.4.2":["{{A}}",32783645,634816],"K_490\/26.4.3":["{{A}}",33418461,745877],"K_490\/26.4.4":["{{A}}",34164338,137360],"K_490\/27.0.0":["{{B}}",151229,375344],"K_490\/27.0.1":["{{B}}",526573,1588616],"K_490\/27.0.2":["{{B}}",2115189,275698],"K_490\/27.0.3":["{{B}}",2390887,1099902],"K_490\/27.0.4":["{{B}}",3490789,483691],"K_490\/27.1.0":["{{B}}",3974480,1985843],"K_490\/27.1.1":["{{B}}",5960323,2289180],"K_490\/27.1.2":["{{B}}",8249503,382717],"K_490\/27.1.3":["{{B}}",8632220,2363843],"K_490\/27.1.4":["{{B}}",10996063,1102780],"K_490\/27.2.0":["{{B}}",12098843,3263394],"K_490\/27.2.1":["{{B}}",15362237,3895248],"K_490\/27.2.2":["{{B}}",19257485,50473],"K_490\/27.2.3":["{{B}}",19307958,2394733],"K_490\/27.2.4":["{{B}}",21702691,2090783],"K_490\/27.3.0":["{{B}}",23793474,1937277],"K_490\/27.3.1":["{{B}}",25730751,2440842],"K_490\/27.3.2":["{{B}}",28171593,3587454],"K_490\/27.3.3":["{{B}}",31759047,2580019],"K_490\/27.3.4":["{{B}}",34339066,1835926],"K_490\/27.4.0":["{{B}}",36174992,1591526],"K_490\/27.4.1":["{{B}}",37766518,1452803],"K_490\/27.4.2":["{{B}}",39219321,2771403],"K_490\/27.4.3":["{{B}}",41990724,527223],"K_490\/27.4.4":["{{B}}",42517947,486249],"K_490\/28.0.0":["{{C}}",151229,445894],"K_490\/28.0.1":["{{C}}",597123,717269],"K_490\/28.0.2":["{{C}}",1314392,250779],"K_490\/28.0.3":["{{C}}",1565171,930854],"K_490\/28.0.4":["{{C}}",2496025,1738728],"K_490\/28.1.0":["{{C}}",4234753,2296292],"K_490\/28.1.1":["{{C}}",6531045,1924502],"K_490\/28.1.2":["{{C}}",8455547,717915],"K_490\/28.1.3":["{{C}}",9173462,1314032],"K_490\/28.1.4":["{{C}}",10487494,2376574],"K_490\/28.2.0":["{{C}}",12864068,2449357],"K_490\/28.2.1":["{{C}}",15313425,2349907],"K_490\/28.2.2":["{{C}}",17663332,131324],"K_490\/28.2.3":["{{C}}",17794656,1135820],"K_490\/28.2.4":["{{C}}",18930476,48670],"K_490\/28.3.0":["{{C}}",18979146,1434335],"K_490\/28.3.1":["{{C}}",20413481,1892406],"K_490\/28.3.2":["{{C}}",22305887,3743373],"K_490\/28.3.3":["{{C}}",26049260,1817012],"K_490\/28.3.4":["{{C}}",27866272,765357],"K_490\/28.4.0":["{{C}}",28631629,975240],"K_490\/28.4.1":["{{C}}",29606869,2385385],"K_490\/28.4.2":["{{C}}",31992254,1302697],"K_490\/28.4.3":["{{C}}",33294951,901062],"K_490\/28.4.4":["{{C}}",34196013,688429],"K_490\/29.0.0":["{{D}}",151229,115533],"K_490\/29.0.1":["{{D}}",266762,1284147],"K_490\/29.0.2":["{{D}}",1550909,1109548],"K_490\/29.0.3":["{{D}}",2660457,846973],"K_490\/29.0.4":["{{D}}",3507430,749165],"K_490\/29.1.0":["{{D}}",4256595,1625194],"K_490\/29.1.1":["{{D}}",5881789,2669762],"K_490\/29.1.2":["{{D}}",8551551,755875],"K_490\/29.1.3":["{{D}}",9307426,1076330],"K_490\/29.1.4":["{{D}}",10383756,1175499],"K_490\/29.2.0":["{{D}}",11559255,2905579],"K_490\/29.2.1":["{{D}}",14464834,3054436],"K_490\/29.2.2":["{{D}}",17519270,106282],"K_490\/29.2.3":["{{D}}",17625552,610068],"K_490\/29.2.4":["{{D}}",18235620,1468347],"K_490\/29.3.0":["{{D}}",19703967,2909895],"K_490\/29.3.1":["{{D}}",22613862,1869249],"K_490\/29.3.2":["{{D}}",24483111,1936485],"K_490\/29.3.3":["{{D}}",26419596,1135762],"K_490\/29.3.4":["{{D}}",27555358,1526961],"K_490\/29.4.0":["{{D}}",29082319,455301],"K_490\/29.4.1":["{{D}}",29537620,281365],"K_490\/29.4.2":["{{D}}",29818985,799862],"K_490\/29.4.3":["{{D}}",30618847,1304544],"K_490\/29.4.4":["{{D}}",31923391,674131],"K_490\/30.0.0":["{{E}}",151229,122363],"K_490\/30.0.1":["{{E}}",273592,564250],"K_490\/30.0.2":["{{E}}",837842,1124505],"K_490\/30.0.3":["{{E}}",1962347,978948],"K_490\/30.0.4":["{{E}}",2941295,2224902],"K_490\/30.1.0":["{{E}}",5166197,1302729],"K_490\/30.1.1":["{{E}}",6468926,1896859],"K_490\/30.1.2":["{{E}}",8365785,720823],"K_490\/30.1.3":["{{E}}",9086608,679980],"K_490\/30.1.4":["{{E}}",9766588,77122],"K_490\/30.2.0":["{{E}}",9843710,1834892],"K_490\/30.2.1":["{{E}}",11678602,1527218],"K_490\/30.2.2":["{{E}}",13205820,144924],"K_490\/30.2.3":["{{E}}",13350744,1234284],"K_490\/30.2.4":["{{E}}",14585028,274980],"K_490\/30.3.0":["{{E}}",14860008,1664882],"K_490\/30.3.1":["{{E}}",16524890,3253830],"K_490\/30.3.2":["{{E}}",19778720,2805660],"K_490\/30.3.3":["{{E}}",22584380,1663133],"K_490\/30.3.4":["{{E}}",24247513,639526],"K_490\/30.4.0":["{{E}}",24887039,295813],"K_490\/30.4.1":["{{E}}",25182852,1157811],"K_490\/30.4.2":["{{E}}",26340663,717479],"K_490\/30.4.3":["{{E}}",27058142,661637],"K_490\/30.4.4":["{{E}}",27719779,1472777]}}