{"version":1,"templates":{"a":"s3:\/\/imos-data\/IMOS\/SRS\/OC\/gridded\/aqua\/P1D\/2002\/12\/A.P1D.20021201T053000Z.aust.chl_gsm.nc","b":"s3:\/\/imos-data\/IMOS\/SRS\/OC\/gridded\/aqua\/P1D\/2002\/12\/A.P1D.20021202T053000Z.aust.chl_gsm.nc","c":"s3:\/\/imos-data\/IMOS\/SRS\/OC\/gridded\/aqua\/P1D\/2002\/12\/A.P1D.20021203T053000Z.aust.chl_gsm.nc","d":"s3:\/\/imos-data\/IMOS\/SRS\/OC\/gridded\/aqua\/P1D\/2002\/12\/A.P1D.20021204T053000Z.aust.chl_gsm.nc","e":"s3:\/\/imos-data\/IMOS\/SRS\/OC\/gridded\/aqua\/P1D\/2002\/12\/A.P1D.20021205T053000Z.aust.chl_gsm.nc","f":"s3:\/\/imos-data\/IMOS\/SRS\/OC\/gridded\/aqua\/P1D\/2002\/12\/A.P1D.20021206T053000Z.aust.chl_gsm.nc","g":"s3:\/\/imos-data\/IMOS\/SRS\/OC\/gridded\/aqua\/P1D\/2002\/12\/A.P1D.20021207T053000Z.aust.chl_gsm.nc","h":"s3:\/\/imos-data\/IMOS\/SRS\/OC\/gridded\/aqua\/P1D\/2002\/12\/A.P1D.20021208T053000Z.aust.chl_gsm.nc","i":"s3:\/\/imos-data\/IMOS\/SRS\/OC\/gridded\/aqua\/P1D\/2002\/12\/A.P1D.20021209T053000Z.aust.chl_gsm.nc","j":"s3:\/\/imos-data\/IMOS\/SRS\/OC\/gridded\/aqua\/P1D\/2002\/12\/A.P1D.20021210T053000Z.aust.chl_gsm.nc","k":"s3:\/\/imos-data\/IMOS\/SRS\/OC\/gridded\/aqua\/P1D\/2002\/12\/A.P1D.20021211T053000Z.aust.chl_gsm.nc","l":"s3:\/\/imos-data\/IMOS\/SRS\/OC\/gridded\/aqua\/P1D\/2002\/12\/A.P1D.20021212T053000Z.aust.chl_gsm.nc","m":"s3:\/\/imos-data\/IMOS\/SRS\/OC\/gridded\/aqua\/P1D\/2002\/12\/A.P1D.20021213T053000Z.aust.chl_gsm.nc","n":"s3:\/\/imos-data\/IMOS\/SRS\/OC\/gridded\/aqua\/P1D\/2002\/12\/A.P1D.20021214T053000Z.aust.chl_gsm.nc","o":"s3:\/\/imos-data\/IMOS\/SRS\/OC\/gridded\/aqua\/P1D\/2002\/12\/A.P1D.20021215T053000Z.aust.chl_gsm.nc","p":"s3:\/\/imos-data\/IMOS\/SRS\/OC\/gridded\/aqua\/P1D\/2002\/12\/A.P1D.20021216T053000Z.aust.chl_gsm.nc","q":"s3:\/\/imos-data\/IMOS\/SRS\/OC\/gridded\/aqua\/P1D\/2002\/12\/A.P1D.20021217T053000Z.aust.chl_gsm.nc","r":"s3:\/\/imos-data\/IMOS\/SRS\/OC\/gridded\/aqua\/P1D\/2002\/12\/A.P1D.20021218T053000Z.aust.chl_gsm.nc","s":"s3:\/\/imos-data\/IMOS\/SRS\/OC\/gridded\/aqua\/P1D\/2002\/12\/A.P1D.20021219T053000Z.aust.chl_gsm.nc","t":"s3:\/\/imos-data\/IMOS\/SRS\/OC\/gridded\/aqua\/P1D\/2002\/12\/A.P1D.20021220T053000Z.aust.chl_gsm.nc","u":"s3:\/\/imos-data\/IMOS\/SRS\/OC\/gridded\/aqua\/P1D\/2002\/12\/A.P1D.20021221T053000Z.aust.chl_gsm.nc","v":"s3:\/\/imos-data\/IMOS\/SRS\/OC\/gridded\/aqua\/P1D\/2002\/12\/A.P1D.20021222T053000Z.aust.chl_gsm.nc","w":"s3:\/\/imos-data\/IMOS\/SRS\/OC\/gridded\/aqua\/P1D\/2002\/12\/A.P1D.20021223T053000Z.aust.chl_gsm.nc","x":"s3:\/\/imos-data\/IMOS\/SRS\/OC\/gridded\/aqua\/P1D\/2002\/12\/A.P1D.20021224T053000Z.aust.chl_gsm.nc","y":"s3:\/\/imos-data\/IMOS\/SRS\/OC\/gridded\/aqua\/P1D\/2002\/12\/A.P1D.20021225T053000Z.aust.chl_gsm.nc","z":"s3:\/\/imos-data\/IMOS\/SRS\/OC\/gridded\/aqua\/P1D\/2002\/12\/A.P1D.20021226T053000Z.aust.chl_gsm.nc","A":"s3:\/\/imos-data\/IMOS\/SRS\/OC\/gridded\/aqua\/P1D\/2002\/12\/A.P1D.20021227T053000Z.aust.chl_gsm.nc","B":"s3:\/\/imos-data\/IMOS\/SRS\/OC\/gridded\/aqua\/P1D\/2002\/12\/A.P1D.20021228T053000Z.aust.chl_gsm.nc","C":"s3:\/\/imos-data\/IMOS\/SRS\/OC\/gridded\/aqua\/P1D\/2002\/12\/A.P1D.20021229T053000Z.aust.chl_gsm.nc","D":"s3:\/\/imos-data\/IMOS\/SRS\/OC\/gridded\/aqua\/P1D\/2002\/12\/A.P1D.20021230T053000Z.aust.chl_gsm.nc","E":"s3:\/\/imos-data\/IMOS\/SRS\/OC\/gridded\/aqua\/P1D\/2002\/12\/A.P1D.20021231T053000Z.aust.chl_gsm.nc"},"refs":{".zgroup":"{\"zarr_format\":2}",".zattrs":"{\"Conventions\":\"CF-1.6\",\"_NCProperties\":\"version=1|netcdflibversion=4.6.1|hdf5libversion=1.10.4\",\"_nc3_strict\":1,\"history\":\"File initialised at 2020-08-06T02:35:34.197844\\nInitialised var chl_gsm at 2020-08-06T02:36:07.397095\\nAdd Granule A20021201_0200.20190920053932.L2OC_BASE.chl_gsm.nc at 2020-08-06T02:36:11.389464\\nAdd Granule A20021201_0320.20190920062251.L2OC_BASE.chl_gsm.nc at 2020-08-06T02:36:11.526972\\nAdd Granule A20021201_0325.20190920052856.L2OC_BASE.chl_gsm.nc at 2020-08-06T02:36:12.028143\\nAdd Granule A20021201_0330.20190920052122.L2OC_BASE.chl_gsm.nc at 2020-08-06T02:36:12.247777\\nAdd Granule A20021201_0335.20190920063806.L2OC_BASE.chl_gsm.nc at 2020-08-06T02:36:12.454493\\nAdd Granule A20021201_0340.20190920065958.L2OC_BASE.chl_gsm.nc at 2020-08-06T02:36:12.679966\\nAdd Granule A20021201_0500.20190920061205.L2OC_BASE.chl_gsm.nc at 2020-08-06T02:36:12.910994\\nAdd Granule A20021201_0505.20190920061701.L2OC_BASE.chl_gsm.nc at 2020-08-06T02:36:13.322283\\nAdd Granule A20021201_0510.20190920062658.L2OC_BASE.chl_gsm.nc at 2020-08-06T02:36:13.552816\\nAdd Granule A20021201_0515.20190920054929.L2OC_BASE.chl_gsm.nc at 2020-08-06T02:36:13.790496\\nAdd Granule A20021201_0520.20190920055546.L2OC_BASE.chl_gsm.nc at 2020-08-06T02:36:13.994033\\nAdd Granule A20021201_0640.20190920065246.L2OC_BASE.chl_gsm.nc at 2020-08-06T02:36:14.405309\\nAdd Granule A20021201_0645.20190920054351.L2OC_BASE.chl_gsm.nc at 2020-08-06T02:36:14.724080\\nAdd Granule A20021201_0650.20190920064624.L2OC_BASE.chl_gsm.nc at 2020-08-06T02:36:15.133099\\nAdd Granule A20021201_0655.20190920060357.L2OC_BASE.chl_gsm.nc at 2020-08-06T02:36:15.403202\\nAdd Granule A20021201_0700.20190920063041.L2OC_BASE.chl_gsm.nc at 2020-08-06T02:36:15.546110\",\"source_path\":\"imos-srs\\\/archive\\\/oc\\\/aqua\\\/1d\\\/v201909\\\/2002\\\/12\\\/A20021201.L2OC_BASE.aust.chl_gsm.nc\"}","chl_gsm\/.zarray":"{\"chunks\":[1,1401,2001],\"compressor\":{\"id\":\"zlib\",\"level\":4},\"dtype\":\"<f4\",\"fill_value\":-999.0,\"filters\":[{\"elementsize\":4,\"id\":\"shuffle\"}],\"order\":\"C\",\"shape\":[31,7001,10001],\"zarr_format\":2}","chl_gsm\/.zattrs":"{\"_ARRAY_DIMENSIONS\":[\"time\",\"latitude\",\"longitude\"],\"flag_applied\":\"HISATZEN LAND CLDICE NAVFAIL\",\"long_name\":\"Chlorophyll Concentration, GSM model\",\"units\":\"mg\\\/m^3\"}","longitude\/.zarray":"{\n    \"chunks\": [\n        10001\n    ],\n    \"compressor\": null,\n    \"dtype\": \"<f8\",\n    \"fill_value\": 9.969209968386869e+36,\n    \"filters\": null,\n    \"order\": \"C\",\n    \"shape\": [\n        10001\n    ],\n    \"zarr_format\": 2\n}","longitude\/.zattrs":"{\n    \"NAME\": \"longitude\",\n    \"_ARRAY_DIMENSIONS\": [\n        \"longitude\"\n    ],\n    \"_Netcdf4Dimid\": 2,\n    \"axis\": \"X\",\n    \"long_name\": \"longitude\",\n    \"standard_name\": \"longitude\",\n    \"units\": \"degrees_east\"\n}","longitude\/0":["{{a}}",58400,80008],"latitude\/.zarray":"{\n    \"chunks\": [\n        7001\n    ],\n    \"compressor\": null,\n    \"dtype\": \"<f8\",\n    \"fill_value\": 9.969209968386869e+36,\n    \"filters\": null,\n    \"order\": \"C\",\n    \"shape\": [\n        7001\n    ],\n    \"zarr_format\": 2\n}","latitude\/.zattrs":"{\n    \"NAME\": \"latitude\",\n    \"_ARRAY_DIMENSIONS\": [\n        \"latitude\"\n    ],\n    \"_Netcdf4Dimid\": 1,\n    \"axis\": \"Y\",\n    \"long_name\": \"latitude\",\n    \"standard_name\": \"latitude\",\n    \"units\": \"degrees_north\"\n}","latitude\/0":["{{a}}",2392,56008],"time\/.zarray":"{\"chunks\":[31],\"compressor\":{\"blocksize\":0,\"clevel\":5,\"cname\":\"lz4\",\"id\":\"blosc\",\"shuffle\":1},\"dtype\":\"<M8[us]\",\"fill_value\":0,\"filters\":null,\"order\":\"C\",\"shape\":[31],\"zarr_format\":2}","time\/0":"base64:AgExCPgAAAD4AAAArwAAABQAAACXAAAAHwABAAv7AUamBmbGJobmRqYGZsYmhuYQAPRXYjkR6L+XbkUd9MyjelIpANivh141DeS7k2pCGfDIn\/waOFVzka\/N6wgmRGKAnrzZ9xUzUW+MqsjmBCI\/XXu1yt7yBhouQlZrf5Onu8\/j9wsgNEhccISYrMHV6f0RsLCwsLGxsbGxBQAYsgEAL7MDAQALD9gAB1AAAAAAAA==","time\/.zattrs":"{\"NAME\":\"time\",\"_ARRAY_DIMENSIONS\":[\"time\"],\"_Netcdf4Dimid\":0,\"axis\":\"T\",\"long_name\":\"time\",\"standard_name\":\"time\"}","chl_gsm\/0.0.0":["{{a}}",151217,2539661],"chl_gsm\/0.0.1":["{{a}}",2690878,1683431],"chl_gsm\/0.0.2":["{{a}}",4374309,1962560],"chl_gsm\/0.0.3":["{{a}}",6336869,2273618],"chl_gsm\/0.0.4":["{{a}}",8610487,64646],"chl_gsm\/0.1.0":["{{a}}",8675133,1066982],"chl_gsm\/0.1.1":["{{a}}",9742115,1849321],"chl_gsm\/0.1.2":["{{a}}",11591436,1406574],"chl_gsm\/0.1.3":["{{a}}",12998010,2556181],"chl_gsm\/0.1.4":["{{a}}",15554191,43356],"chl_gsm\/0.2.0":["{{a}}",15597547,478214],"chl_gsm\/0.2.1":["{{a}}",16075761,1439244],"chl_gsm\/0.2.2":["{{a}}",17515005,68381],"chl_gsm\/0.2.3":["{{a}}",17583386,2337820],"chl_gsm\/0.2.4":["{{a}}",19921206,677933],"chl_gsm\/0.3.0":["{{a}}",20599139,459502],"chl_gsm\/0.3.1":["{{a}}",21058641,875700],"chl_gsm\/0.3.2":["{{a}}",21934341,1181674],"chl_gsm\/0.3.3":["{{a}}",23116015,1685125],"chl_gsm\/0.3.4":["{{a}}",24801140,850378],"chl_gsm\/0.4.0":["{{a}}",25651518,10921],"chl_gsm\/0.4.1":["{{a}}",25662439,2078470],"chl_gsm\/0.4.2":["{{a}}",27740909,1787945],"chl_gsm\/0.4.3":["{{a}}",29528854,1360282],"chl_gsm\/0.4.4":["{{a}}",30889136,505315],"chl_gsm\/1.0.0":["{{b}}",151217,4757158],"chl_gsm\/1.0.1":["{{b}}",4908375,1205822],"chl_gsm\/1.0.2":["{{b}}",6114197,3536025],"chl_gsm\/1.0.3":["{{b}}",9650222,1678535],"chl_gsm\/1.0.4":["{{b}}",11328757,286176],"chl_gsm\/1.1.0":["{{b}}",11614933,2726463],"chl_gsm\/1.1.1":["{{b}}",14341396,1281811],"chl_gsm\/1.1.2":["{{b}}",15623207,1258670],"chl_gsm\/1.1.3":["{{b}}",16881877,2421871],"chl_gsm\/1.1.4":["{{b}}",19303748,795268],"chl_gsm\/1.2.0":["{{b}}",20099016,1904119],"chl_gsm\/1.2.1":["{{b}}",22003135,682316],"chl_gsm\/1.2.2":["{{b}}",22685451,86408],"chl_gsm\/1.2.3":["{{b}}",22771859,1033814],"chl_gsm\/1.2.4":["{{b}}",23805673,2787024],"chl_gsm\/1.3.0":["{{b}}",26592697,1154086],"chl_gsm\/1.3.1":["{{b}}",27746783,1484704],"chl_gsm\/1.3.2":["{{b}}",29231487,2550411],"chl_gsm\/1.3.3":["{{b}}",31781898,1568575],"chl_gsm\/1.3.4":["{{b}}",33350473,2603581],"chl_gsm\/1.4.0":["{{b}}",35954054,10953],"chl_gsm\/1.4.1":["{{b}}",35965007,334192],"chl_gsm\/1.4.2":["{{b}}",36299199,2008734],"chl_gsm\/1.4.3":["{{b}}",38307933,1006268],"chl_gsm\/1.4.4":["{{b}}",39314201,639881],"chl_gsm\/2.0.0":["{{c}}",151217,965626],"chl_gsm\/2.0.1":["{{c}}",1116843,1964042],"chl_gsm\/2.0.2":["{{c}}",3080885,3473322],"chl_gsm\/2.0.3":["{{c}}",6554207,1979588],"chl_gsm\/2.0.4":["{{c}}",8533795,10921],"chl_gsm\/2.1.0":["{{c}}",8544716,904361],"chl_gsm\/2.1.1":["{{c}}",9449077,2207960],"chl_gsm\/2.1.2":["{{c}}",11657037,2728634],"chl_gsm\/2.1.3":["{{c}}",14385671,2350414],"chl_gsm\/2.1.4":["{{c}}",16736085,314954],"chl_gsm\/2.2.0":["{{c}}",17051039,367606],"chl_gsm\/2.2.1":["{{c}}",17418645,1857692],"chl_gsm\/2.2.2":["{{c}}",19276337,12353],"chl_gsm\/2.2.3":["{{c}}",19288690,1677469],"chl_gsm\/2.2.4":["{{c}}",20966159,1680540],"chl_gsm\/2.3.0":["{{c}}",22646699,64918],"chl_gsm\/2.3.1":["{{c}}",22711617,1003436],"chl_gsm\/2.3.2":["{{c}}",23715053,1403552],"chl_gsm\/2.3.3":["{{c}}",25118605,1775743],"chl_gsm\/2.3.4":["{{c}}",26894348,1331359],"chl_gsm\/2.4.0":["{{c}}",28225707,10921],"chl_gsm\/2.4.1":["{{c}}",28236628,13684],"chl_gsm\/2.4.2":["{{c}}",28250312,1430512],"chl_gsm\/2.4.3":["{{c}}",29680824,1793724],"chl_gsm\/2.4.4":["{{c}}",31474548,531750],"chl_gsm\/3.0.0":["{{d}}",151217,3308916],"chl_gsm\/3.0.1":["{{d}}",3460133,2044467],"chl_gsm\/3.0.2":["{{d}}",5504600,3208221],"chl_gsm\/3.0.3":["{{d}}",8712821,2330509],"chl_gsm\/3.0.4":["{{d}}",11043330,1229326],"chl_gsm\/3.1.0":["{{d}}",12272656,2482829],"chl_gsm\/3.1.1":["{{d}}",14755485,1932560],"chl_gsm\/3.1.2":["{{d}}",16688045,2553749],"chl_gsm\/3.1.3":["{{d}}",19241794,2548020],"chl_gsm\/3.1.4":["{{d}}",21789814,1189476],"chl_gsm\/3.2.0":["{{d}}",22979290,2240115],"chl_gsm\/3.2.1":["{{d}}",25219405,1538621],"chl_gsm\/3.2.2":["{{d}}",26758026,40381],"chl_gsm\/3.2.3":["{{d}}",26798407,1287681],"chl_gsm\/3.2.4":["{{d}}",28086088,3806713],"chl_gsm\/3.3.0":["{{d}}",31892801,538197],"chl_gsm\/3.3.1":["{{d}}",32430998,486349],"chl_gsm\/3.3.2":["{{d}}",32917347,516809],"chl_gsm\/3.3.3":["{{d}}",33434156,1598819],"chl_gsm\/3.3.4":["{{d}}",35032975,2170934],"chl_gsm\/3.4.0":["{{d}}",37203909,68803],"chl_gsm\/3.4.1":["{{d}}",37272712,733641],"chl_gsm\/3.4.2":["{{d}}",38006353,237919],"chl_gsm\/3.4.3":["{{d}}",38244272,641915],"chl_gsm\/3.4.4":["{{d}}",38886187,214796],"chl_gsm\/4.0.0":["{{e}}",151217,684179],"chl_gsm\/4.0.1":["{{e}}",835396,2309461],"chl_gsm\/4.0.2":["{{e}}",3144857,4370308],"chl_gsm\/4.0.3":["{{e}}",7515165,1860430],"chl_gsm\/4.0.4":["{{e}}",9375595,124086],"chl_gsm\/4.1.0":["{{e}}",9499681,321089],"chl_gsm\/4.1.1":["{{e}}",9820770,2020175],"chl_gsm\/4.1.2":["{{e}}",11840945,3322833],"chl_gsm\/4.1.3":["{{e}}",15163778,2671753],"chl_gsm\/4.1.4":["{{e}}",17835531,1127010],"chl_gsm\/4.2.0":["{{e}}",18962541,71867],"chl_gsm\/4.2.1":["{{e}}",19034408,2087085],"chl_gsm\/4.2.2":["{{e}}",21121493,11337],"chl_gsm\/4.2.3":["{{e}}",21132830,972443],"chl_gsm\/4.2.4":["{{e}}",22105273,2236787],"chl_gsm\/4.3.0":["{{e}}",24342060,10921],"chl_gsm\/4.3.1":["{{e}}",24352981,790770],"chl_gsm\/4.3.2":["{{e}}",25143751,1765322],"chl_gsm\/4.3.3":["{{e}}",26909073,1827876],"chl_gsm\/4.3.4":["{{e}}",28736949,1296033],"chl_gsm\/4.4.0":["{{e}}",30032982,359281],"chl_gsm\/4.4.1":["{{e}}",30392263,466624],"chl_gsm\/4.4.2":["{{e}}",30858887,816183],"chl_gsm\/4.4.3":["{{e}}",31675070,1006672],"chl_gsm\/4.4.4":["{{e}}",32681742,313260],"chl_gsm\/5.0.0":["{{f}}",151217,3269782],"chl_gsm\/5.0.1":["{{f}}",3420999,1381375],"chl_gsm\/5.0.2":["{{f}}",4802374,3080614],"chl_gsm\/5.0.3":["{{f}}",7882988,2594023],"chl_gsm\/5.0.4":["{{f}}",10477011,2816182],"chl_gsm\/5.1.0":["{{f}}",13293193,1927066],"chl_gsm\/5.1.1":["{{f}}",15220259,1898359],"chl_gsm\/5.1.2":["{{f}}",17118618,1781668],"chl_gsm\/5.1.3":["{{f}}",18900286,2950746],"chl_gsm\/5.1.4":["{{f}}",21851032,2162248],"chl_gsm\/5.2.0":["{{f}}",24013280,1274106],"chl_gsm\/5.2.1":["{{f}}",25287386,1112248],"chl_gsm\/5.2.2":["{{f}}",26399634,29765],"chl_gsm\/5.2.3":["{{f}}",26429399,1115097],"chl_gsm\/5.2.4":["{{f}}",27544496,916374],"chl_gsm\/5.3.0":["{{f}}",28460870,1692090],"chl_gsm\/5.3.1":["{{f}}",30152960,1712829],"chl_gsm\/5.3.2":["{{f}}",31865789,727863],"chl_gsm\/5.3.3":["{{f}}",32593652,2034348],"chl_gsm\/5.3.4":["{{f}}",34628000,363060],"chl_gsm\/5.4.0":["{{f}}",34991060,559710],"chl_gsm\/5.4.1":["{{f}}",35550770,1351859],"chl_gsm\/5.4.2":["{{f}}",36902629,751838],"chl_gsm\/5.4.3":["{{f}}",37654467,928583],"chl_gsm\/5.4.4":["{{f}}",38583050,364805],"chl_gsm\/6.0.0":["{{g}}",151217,577525],"chl_gsm\/6.0.1":["{{g}}",728742,2420038],"chl_gsm\/6.0.2":["{{g}}",3148780,3574257],"chl_gsm\/6.0.3":["{{g}}",6723037,2216205],"chl_gsm\/6.0.4":["{{g}}",8939242,1232609],"chl_gsm\/6.1.0":["{{g}}",10171851,2323366],"chl_gsm\/6.1.1":["{{g}}",12495217,3150164],"chl_gsm\/6.1.2":["{{g}}",15645381,1740088],"chl_gsm\/6.1.3":["{{g}}",17385469,2043573],"chl_gsm\/6.1.4":["{{g}}",19429042,1300026],"chl_gsm\/6.2.0":["{{g}}",20729068,2762443],"chl_gsm\/6.2.1":["{{g}}",23491511,1341529],"chl_gsm\/6.2.2":["{{g}}",24833040,95562],"chl_gsm\/6.2.3":["{{g}}",24928602,724767],"chl_gsm\/6.2.4":["{{g}}",25653369,3171410],"chl_gsm\/6.3.0":["{{g}}",28824779,2782167],"chl_gsm\/6.3.1":["{{g}}",31606946,3788752],"chl_gsm\/6.3.2":["{{g}}",35395698,1590407],"chl_gsm\/6.3.3":["{{g}}",36986105,1131344],"chl_gsm\/6.3.4":["{{g}}",38117449,2433523],"chl_gsm\/6.4.0":["{{g}}",40550972,803673],"chl_gsm\/6.4.1":["{{g}}",41354645,958189],"chl_gsm\/6.4.2":["{{g}}",42312834,847081],"chl_gsm\/6.4.3":["{{g}}",43159915,1304652],"chl_gsm\/6.4.4":["{{g}}",44464567,1128580],"chl_gsm\/7.0.0":["{{h}}",151217,496670],"chl_gsm\/7.0.1":["{{h}}",647887,1261733],"chl_gsm\/7.0.2":["{{h}}",1909620,3381864],"chl_gsm\/7.0.3":["{{h}}",5291484,2686130],"chl_gsm\/7.0.4":["{{h}}",7977614,1767863],"chl_gsm\/7.1.0":["{{h}}",9745477,464527],"chl_gsm\/7.1.1":["{{h}}",10210004,1808220],"chl_gsm\/7.1.2":["{{h}}",12018224,1851073],"chl_gsm\/7.1.3":["{{h}}",13869297,3004734],"chl_gsm\/7.1.4":["{{h}}",16874031,882857],"chl_gsm\/7.2.0":["{{h}}",17756888,855269],"chl_gsm\/7.2.1":["{{h}}",18612157,2095639],"chl_gsm\/7.2.2":["{{h}}",20707796,18588],"chl_gsm\/7.2.3":["{{h}}",20726384,2123383],"chl_gsm\/7.2.4":["{{h}}",22849767,578668],"chl_gsm\/7.3.0":["{{h}}",23428435,681241],"chl_gsm\/7.3.1":["{{h}}",24109676,4160698],"chl_gsm\/7.3.2":["{{h}}",28270374,2697486],"chl_gsm\/7.3.3":["{{h}}",30967860,2056375],"chl_gsm\/7.3.4":["{{h}}",33024235,1727931],"chl_gsm\/7.4.0":["{{h}}",34752166,34005],"chl_gsm\/7.4.1":["{{h}}",34786171,545525],"chl_gsm\/7.4.2":["{{h}}",35331696,266038],"chl_gsm\/7.4.3":["{{h}}",35597734,1416222],"chl_gsm\/7.4.4":["{{h}}",37013956,3668398],"chl_gsm\/8.0.0":["{{i}}",151217,2235416],"chl_gsm\/8.0.1":["{{i}}",2386633,1933164],"chl_gsm\/8.0.2":["{{i}}",4319797,2773638],"chl_gsm\/8.0.3":["{{i}}",7093435,2292724],"chl_gsm\/8.0.4":["{{i}}",9386159,1384429],"chl_gsm\/8.1.0":["{{i}}",10770588,2565490],"chl_gsm\/8.1.1":["{{i}}",13336078,2511330],"chl_gsm\/8.1.2":["{{i}}",15847408,1238022],"chl_gsm\/8.1.3":["{{i}}",17085430,1631459],"chl_gsm\/8.1.4":["{{i}}",18716889,1370526],"chl_gsm\/8.2.0":["{{i}}",20087415,3320850],"chl_gsm\/8.2.1":["{{i}}",23408265,1705257],"chl_gsm\/8.2.2":["{{i}}",25113522,90784],"chl_gsm\/8.2.3":["{{i}}",25204306,934559],"chl_gsm\/8.2.4":["{{i}}",26138865,3339536],"chl_gsm\/8.3.0":["{{i}}",29478401,1293848],"chl_gsm\/8.3.1":["{{i}}",30772249,3106235],"chl_gsm\/8.3.2":["{{i}}",33878484,2095896],"chl_gsm\/8.3.3":["{{i}}",35974380,2215842],"chl_gsm\/8.3.4":["{{i}}",38190222,3530572],"chl_gsm\/8.4.0":["{{i}}",41720794,1698961],"chl_gsm\/8.4.1":["{{i}}",43419755,593211],"chl_gsm\/8.4.2":["{{i}}",44012966,196954],"chl_gsm\/8.4.3":["{{i}}",44209920,1486330],"chl_gsm\/8.4.4":["{{i}}",45696250,1809404],"chl_gsm\/9.0.0":["{{j}}",151217,917280],"chl_gsm\/9.0.1":["{{j}}",1068497,1427210],"chl_gsm\/9.0.2":["{{j}}",2495707,2778159],"chl_gsm\/9.0.3":["{{j}}",5273866,4541536],"chl_gsm\/9.0.4":["{{j}}",9815402,10921],"chl_gsm\/9.1.0":["{{j}}",9826323,668524],"chl_gsm\/9.1.1":["{{j}}",10494847,1978827],"chl_gsm\/9.1.2":["{{j}}",12473674,1100844],"chl_gsm\/9.1.3":["{{j}}",13574518,3360821],"chl_gsm\/9.1.4":["{{j}}",16935339,182792],"chl_gsm\/9.2.0":["{{j}}",17118131,859998],"chl_gsm\/9.2.1":["{{j}}",17978129,3392100],"chl_gsm\/9.2.2":["{{j}}",21370229,30861],"chl_gsm\/9.2.3":["{{j}}",21401090,1428512],"chl_gsm\/9.2.4":["{{j}}",22829602,1046516],"chl_gsm\/9.3.0":["{{j}}",23876118,226655],"chl_gsm\/9.3.1":["{{j}}",24102773,1968383],"chl_gsm\/9.3.2":["{{j}}",26071156,1596097],"chl_gsm\/9.3.3":["{{j}}",27667253,1106636],"chl_gsm\/9.3.4":["{{j}}",28773889,867258],"chl_gsm\/9.4.0":["{{j}}",29641147,71418],"chl_gsm\/9.4.1":["{{j}}",29712565,811717],"chl_gsm\/9.4.2":["{{j}}",30524282,419694],"chl_gsm\/9.4.3":["{{j}}",30943976,519087],"chl_gsm\/9.4.4":["{{j}}",31463063,2202197],"chl_gsm\/10.0.0":["{{k}}",151217,1758090],"chl_gsm\/10.0.1":["{{k}}",1909307,1473661],"chl_gsm\/10.0.2":["{{k}}",3382968,1703575],"chl_gsm\/10.0.3":["{{k}}",5086543,2292338],"chl_gsm\/10.0.4":["{{k}}",7378881,633026],"chl_gsm\/10.1.0":["{{k}}",8011907,2501478],"chl_gsm\/10.1.1":["{{k}}",10513385,2114471],"chl_gsm\/10.1.2":["{{k}}",12627856,1340689],"chl_gsm\/10.1.3":["{{k}}",13968545,1645274],"chl_gsm\/10.1.4":["{{k}}",15613819,1982032],"chl_gsm\/10.2.0":["{{k}}",17595851,2258619],"chl_gsm\/10.2.1":["{{k}}",19854470,2432827],"chl_gsm\/10.2.2":["{{k}}",22287297,94844],"chl_gsm\/10.2.3":["{{k}}",22382141,689932],"chl_gsm\/10.2.4":["{{k}}",23072073,3046835],"chl_gsm\/10.3.0":["{{k}}",26118908,1176358],"chl_gsm\/10.3.1":["{{k}}",27295266,2433345],"chl_gsm\/10.3.2":["{{k}}",29728611,1774993],"chl_gsm\/10.3.3":["{{k}}",31503604,1398712],"chl_gsm\/10.3.4":["{{k}}",32902316,1761353],"chl_gsm\/10.4.0":["{{k}}",34663669,262293],"chl_gsm\/10.4.1":["{{k}}",34925962,939979],"chl_gsm\/10.4.2":["{{k}}",35865941,818703],"chl_gsm\/10.4.3":["{{k}}",36684644,2212555],"chl_gsm\/10.4.4":["{{k}}",38897199,1209386],"chl_gsm\/11.0.0":["{{l}}",151217,711787],"chl_gsm\/11.0.1":["{{l}}",863004,821691],"chl_gsm\/11.0.2":["{{l}}",1684695,1628430],"chl_gsm\/11.0.3":["{{l}}",3313125,4499657],"chl_gsm\/11.0.4":["{{l}}",7812782,166374],"chl_gsm\/11.1.0":["{{l}}",7979156,168960],"chl_gsm\/11.1.1":["{{l}}",8148116,2227839],"chl_gsm\/11.1.2":["{{l}}",10375955,1279761],"chl_gsm\/11.1.3":["{{l}}",11655716,2144827],"chl_gsm\/11.1.4":["{{l}}",13800543,444349],"chl_gsm\/11.2.0":["{{l}}",14244892,393664],"chl_gsm\/11.2.1":["{{l}}",14638556,2917805],"chl_gsm\/11.2.2":["{{l}}",17556361,15036],"chl_gsm\/11.2.3":["{{l}}",17571397,1148663],"chl_gsm\/11.2.4":["{{l}}",18720060,1638314],"chl_gsm\/11.3.0":["{{l}}",20358374,11745],"chl_gsm\/11.3.1":["{{l}}",20370119,2476481],"chl_gsm\/11.3.2":["{{l}}",22846600,2202786],"chl_gsm\/11.3.3":["{{l}}",25049386,1582767],"chl_gsm\/11.3.4":["{{l}}",26632153,843853],"chl_gsm\/11.4.0":["{{l}}",27476006,10921],"chl_gsm\/11.4.1":["{{l}}",27486927,919803],"chl_gsm\/11.4.2":["{{l}}",28406730,1101197],"chl_gsm\/11.4.3":["{{l}}",29507927,1617119],"chl_gsm\/11.4.4":["{{l}}",31125046,2931333],"chl_gsm\/12.0.0":["{{m}}",151217,2277173],"chl_gsm\/12.0.1":["{{m}}",2428390,1458594],"chl_gsm\/12.0.2":["{{m}}",3886984,2354683],"chl_gsm\/12.0.3":["{{m}}",6241667,2735410],"chl_gsm\/12.0.4":["{{m}}",8977077,1076829],"chl_gsm\/12.1.0":["{{m}}",10053906,1856970],"chl_gsm\/12.1.1":["{{m}}",11910876,1248351],"chl_gsm\/12.1.2":["{{m}}",13159227,1791963],"chl_gsm\/12.1.3":["{{m}}",14951190,1948562],"chl_gsm\/12.1.4":["{{m}}",16899752,2326790],"chl_gsm\/12.2.0":["{{m}}",19226542,1521816],"chl_gsm\/12.2.1":["{{m}}",20748358,2754957],"chl_gsm\/12.2.2":["{{m}}",23503315,74034],"chl_gsm\/12.2.3":["{{m}}",23577349,2014849],"chl_gsm\/12.2.4":["{{m}}",25592198,3400818],"chl_gsm\/12.3.0":["{{m}}",28993016,1030825],"chl_gsm\/12.3.1":["{{m}}",30023841,1369367],"chl_gsm\/12.3.2":["{{m}}",31393208,1623870],"chl_gsm\/12.3.3":["{{m}}",33017078,1975564],"chl_gsm\/12.3.4":["{{m}}",34992642,2956310],"chl_gsm\/12.4.0":["{{m}}",37948952,64634],"chl_gsm\/12.4.1":["{{m}}",38013586,370267],"chl_gsm\/12.4.2":["{{m}}",38383853,758658],"chl_gsm\/12.4.3":["{{m}}",39142511,2773548],"chl_gsm\/12.4.4":["{{m}}",41916059,783166],"chl_gsm\/13.0.0":["{{n}}",151217,208315],"chl_gsm\/13.0.1":["{{n}}",359532,841399],"chl_gsm\/13.0.2":["{{n}}",1200931,2655505],"chl_gsm\/13.0.3":["{{n}}",3856436,3335227],"chl_gsm\/13.0.4":["{{n}}",7191663,743949],"chl_gsm\/13.1.0":["{{n}}",7935612,25296],"chl_gsm\/13.1.1":["{{n}}",7960908,2148677],"chl_gsm\/13.1.2":["{{n}}",10109585,1392556],"chl_gsm\/13.1.3":["{{n}}",11502141,1819881],"chl_gsm\/13.1.4":["{{n}}",13322022,1446842],"chl_gsm\/13.2.0":["{{n}}",14768864,1738101],"chl_gsm\/13.2.1":["{{n}}",16506965,2357064],"chl_gsm\/13.2.2":["{{n}}",18864029,51412],"chl_gsm\/13.2.3":["{{n}}",18915441,769760],"chl_gsm\/13.2.4":["{{n}}",19685201,3354782],"chl_gsm\/13.3.0":["{{n}}",23039983,2877138],"chl_gsm\/13.3.1":["{{n}}",25917121,2952843],"chl_gsm\/13.3.2":["{{n}}",28869964,1386741],"chl_gsm\/13.3.3":["{{n}}",30256705,1952394],"chl_gsm\/13.3.4":["{{n}}",32209099,3444988],"chl_gsm\/13.4.0":["{{n}}",35654087,1453254],"chl_gsm\/13.4.1":["{{n}}",37107341,1564779],"chl_gsm\/13.4.2":["{{n}}",38672120,141317],"chl_gsm\/13.4.3":["{{n}}",38813437,563266],"chl_gsm\/13.4.4":["{{n}}",39376703,2379477],"chl_gsm\/14.0.0":["{{o}}",151217,1051075],"chl_gsm\/14.0.1":["{{o}}",1202292,834270],"chl_gsm\/14.0.2":["{{o}}",2036562,2109391],"chl_gsm\/14.0.3":["{{o}}",4145953,1093422],"chl_gsm\/14.0.4":["{{o}}",5239375,1699062],"chl_gsm\/14.1.0":["{{o}}",6938437,813314],"chl_gsm\/14.1.1":["{{o}}",7751751,2321105],"chl_gsm\/14.1.2":["{{o}}",10072856,2307299],"chl_gsm\/14.1.3":["{{o}}",12380155,2294198],"chl_gsm\/14.1.4":["{{o}}",14674353,1378331],"chl_gsm\/14.2.0":["{{o}}",16052684,1043301],"chl_gsm\/14.2.1":["{{o}}",17095985,3345201],"chl_gsm\/14.2.2":["{{o}}",20441186,10967],"chl_gsm\/14.2.3":["{{o}}",20452153,2130260],"chl_gsm\/14.2.4":["{{o}}",22582413,254653],"chl_gsm\/14.3.0":["{{o}}",22837066,767780],"chl_gsm\/14.3.1":["{{o}}",23604846,3476158],"chl_gsm\/14.3.2":["{{o}}",27081004,3164287],"chl_gsm\/14.3.3":["{{o}}",30245291,2112821],"chl_gsm\/14.3.4":["{{o}}",32358112,712560],"chl_gsm\/14.4.0":["{{o}}",33070672,555436],"chl_gsm\/14.4.1":["{{o}}",33626108,2730330],"chl_gsm\/14.4.2":["{{o}}",36356438,969658],"chl_gsm\/14.4.3":["{{o}}",37326096,707867],"chl_gsm\/14.4.4":["{{o}}",38033963,137452],"chl_gsm\/15.0.0":["{{p}}",151217,1697588],"chl_gsm\/15.0.1":["{{p}}",1848805,1083372],"chl_gsm\/15.0.2":["{{p}}",2932177,4003520],"chl_gsm\/15.0.3":["{{p}}",6935697,2753059],"chl_gsm\/15.0.4":["{{p}}",9688756,1321585],"chl_gsm\/15.1.0":["{{p}}",11010341,1869546],"chl_gsm\/15.1.1":["{{p}}",12879887,3212729],"chl_gsm\/15.1.2":["{{p}}",16092616,1240592],"chl_gsm\/15.1.3":["{{p}}",17333208,849284],"chl_gsm\/15.1.4":["{{p}}",18182492,2432221],"chl_gsm\/15.2.0":["{{p}}",20614713,3701484],"chl_gsm\/15.2.1":["{{p}}",24316197,1949633],"chl_gsm\/15.2.2":["{{p}}",26265830,50982],"chl_gsm\/15.2.3":["{{p}}",26316812,947270],"chl_gsm\/15.2.4":["{{p}}",27264082,2553181],"chl_gsm\/15.3.0":["{{p}}",29817263,1094464],"chl_gsm\/15.3.1":["{{p}}",30911727,1905904],"chl_gsm\/15.3.2":["{{p}}",32817631,1982315],"chl_gsm\/15.3.3":["{{p}}",34799946,2214387],"chl_gsm\/15.3.4":["{{p}}",37014333,2138949],"chl_gsm\/15.4.0":["{{p}}",39153282,754770],"chl_gsm\/15.4.1":["{{p}}",39908052,2310718],"chl_gsm\/15.4.2":["{{p}}",42218770,394681],"chl_gsm\/15.4.3":["{{p}}",42613451,304986],"chl_gsm\/15.4.4":["{{p}}",42918437,1143852],"chl_gsm\/16.0.0":["{{q}}",151217,1359925],"chl_gsm\/16.0.1":["{{q}}",1511142,894337],"chl_gsm\/16.0.2":["{{q}}",2405479,3315339],"chl_gsm\/16.0.3":["{{q}}",5720818,4400137],"chl_gsm\/16.0.4":["{{q}}",10120955,1356892],"chl_gsm\/16.1.0":["{{q}}",11477847,405239],"chl_gsm\/16.1.1":["{{q}}",11883086,1870954],"chl_gsm\/16.1.2":["{{q}}",13754040,2650513],"chl_gsm\/16.1.3":["{{q}}",16404553,2032061],"chl_gsm\/16.1.4":["{{q}}",18436614,83850],"chl_gsm\/16.2.0":["{{q}}",18520464,924305],"chl_gsm\/16.2.1":["{{q}}",19444769,3766885],"chl_gsm\/16.2.2":["{{q}}",23211654,49625],"chl_gsm\/16.2.3":["{{q}}",23261279,1945189],"chl_gsm\/16.2.4":["{{q}}",25206468,743838],"chl_gsm\/16.3.0":["{{q}}",25950306,180977],"chl_gsm\/16.3.1":["{{q}}",26131283,2267226],"chl_gsm\/16.3.2":["{{q}}",28398509,1621941],"chl_gsm\/16.3.3":["{{q}}",30020450,2089504],"chl_gsm\/16.3.4":["{{q}}",32109954,965144],"chl_gsm\/16.4.0":["{{q}}",33075098,131927],"chl_gsm\/16.4.1":["{{q}}",33207025,906821],"chl_gsm\/16.4.2":["{{q}}",34113846,912972],"chl_gsm\/16.4.3":["{{q}}",35026818,336254],"chl_gsm\/16.4.4":["{{q}}",35363072,771143],"chl_gsm\/17.0.0":["{{r}}",151217,1892729],"chl_gsm\/17.0.1":["{{r}}",2043946,829851],"chl_gsm\/17.0.2":["{{r}}",2873797,3340086],"chl_gsm\/17.0.3":["{{r}}",6213883,3142917],"chl_gsm\/17.0.4":["{{r}}",9356800,1936562],"chl_gsm\/17.1.0":["{{r}}",11293362,974680],"chl_gsm\/17.1.1":["{{r}}",12268042,2283963],"chl_gsm\/17.1.2":["{{r}}",14552005,1846144],"chl_gsm\/17.1.3":["{{r}}",16398149,1518853],"chl_gsm\/17.1.4":["{{r}}",17917002,1760645],"chl_gsm\/17.2.0":["{{r}}",19677647,1741771],"chl_gsm\/17.2.1":["{{r}}",21419418,2508432],"chl_gsm\/17.2.2":["{{r}}",23927850,23797],"chl_gsm\/17.2.3":["{{r}}",23951647,464810],"chl_gsm\/17.2.4":["{{r}}",24416457,3206737],"chl_gsm\/17.3.0":["{{r}}",27623194,1823383],"chl_gsm\/17.3.1":["{{r}}",29446577,2299644],"chl_gsm\/17.3.2":["{{r}}",31746221,1717307],"chl_gsm\/17.3.3":["{{r}}",33463528,2132711],"chl_gsm\/17.3.4":["{{r}}",35596239,1427313],"chl_gsm\/17.4.0":["{{r}}",37023552,931339],"chl_gsm\/17.4.1":["{{r}}",37954891,2298662],"chl_gsm\/17.4.2":["{{r}}",40253553,466340],"chl_gsm\/17.4.3":["{{r}}",40719893,774704],"chl_gsm\/17.4.4":["{{r}}",41494597,498725],"chl_gsm\/18.0.0":["{{s}}",151217,482677],"chl_gsm\/18.0.1":["{{s}}",633894,903310],"chl_gsm\/18.0.2":["{{s}}",1537204,3361950],"chl_gsm\/18.0.3":["{{s}}",4899154,4778258],"chl_gsm\/18.0.4":["{{s}}",9677412,31638],"chl_gsm\/18.1.0":["{{s}}",9709050,15257],"chl_gsm\/18.1.1":["{{s}}",9724307,1064742],"chl_gsm\/18.1.2":["{{s}}",10789049,2737572],"chl_gsm\/18.1.3":["{{s}}",13526621,2156325],"chl_gsm\/18.1.4":["{{s}}",15682946,529792],"chl_gsm\/18.2.0":["{{s}}",16212738,647515],"chl_gsm\/18.2.1":["{{s}}",16860253,2281118],"chl_gsm\/18.2.2":["{{s}}",19141371,11005],"chl_gsm\/18.2.3":["{{s}}",19152376,689844],"chl_gsm\/18.2.4":["{{s}}",19842220,969378],"chl_gsm\/18.3.0":["{{s}}",20811598,32802],"chl_gsm\/18.3.1":["{{s}}",20844400,1516182],"chl_gsm\/18.3.2":["{{s}}",22360582,2000989],"chl_gsm\/18.3.3":["{{s}}",24361571,2496167],"chl_gsm\/18.3.4":["{{s}}",26857738,1166700],"chl_gsm\/18.4.0":["{{s}}",28024438,10921],"chl_gsm\/18.4.1":["{{s}}",28035359,2142888],"chl_gsm\/18.4.2":["{{s}}",30178247,2299887],"chl_gsm\/18.4.3":["{{s}}",32478134,320179],"chl_gsm\/18.4.4":["{{s}}",32798313,328467],"chl_gsm\/19.0.0":["{{t}}",151217,587054],"chl_gsm\/19.0.1":["{{t}}",738271,1799609],"chl_gsm\/19.0.2":["{{t}}",2537880,3199940],"chl_gsm\/19.0.3":["{{t}}",5737820,3028043],"chl_gsm\/19.0.4":["{{t}}",8765863,3294160],"chl_gsm\/19.1.0":["{{t}}",12060023,552884],"chl_gsm\/19.1.1":["{{t}}",12612907,1042900],"chl_gsm\/19.1.2":["{{t}}",13655807,1756414],"chl_gsm\/19.1.3":["{{t}}",15412221,2109204],"chl_gsm\/19.1.4":["{{t}}",17521425,3042762],"chl_gsm\/19.2.0":["{{t}}",20564187,1269028],"chl_gsm\/19.2.1":["{{t}}",21833215,1622475],"chl_gsm\/19.2.2":["{{t}}",23455690,87989],"chl_gsm\/19.2.3":["{{t}}",23543679,1133863],"chl_gsm\/19.2.4":["{{t}}",24677542,1951085],"chl_gsm\/19.3.0":["{{t}}",26628627,291608],"chl_gsm\/19.3.1":["{{t}}",26920235,1388423],"chl_gsm\/19.3.2":["{{t}}",28308658,815340],"chl_gsm\/19.3.3":["{{t}}",29123998,2449265],"chl_gsm\/19.3.4":["{{t}}",31573263,2881416],"chl_gsm\/19.4.0":["{{t}}",34454679,417827],"chl_gsm\/19.4.1":["{{t}}",34872506,2771557],"chl_gsm\/19.4.2":["{{t}}",37644063,2578010],"chl_gsm\/19.4.3":["{{t}}",40222073,3080983],"chl_gsm\/19.4.4":["{{t}}",43303056,710787],"chl_gsm\/20.0.0":["{{u}}",151217,94279],"chl_gsm\/20.0.1":["{{u}}",245496,1115642],"chl_gsm\/20.0.2":["{{u}}",1361138,3592210],"chl_gsm\/20.0.3":["{{u}}",4953348,2538857],"chl_gsm\/20.0.4":["{{u}}",7492205,453908],"chl_gsm\/20.1.0":["{{u}}",7946113,25873],"chl_gsm\/20.1.1":["{{u}}",7971986,1797549],"chl_gsm\/20.1.2":["{{u}}",9769535,3004544],"chl_gsm\/20.1.3":["{{u}}",12774079,2282868],"chl_gsm\/20.1.4":["{{u}}",15056947,1220657],"chl_gsm\/20.2.0":["{{u}}",16277604,25847],"chl_gsm\/20.2.1":["{{u}}",16303451,1225434],"chl_gsm\/20.2.2":["{{u}}",17528885,37842],"chl_gsm\/20.2.3":["{{u}}",17566727,801702],"chl_gsm\/20.2.4":["{{u}}",18368429,2275206],"chl_gsm\/20.3.0":["{{u}}",20643635,10921],"chl_gsm\/20.3.1":["{{u}}",20654556,1661212],"chl_gsm\/20.3.2":["{{u}}",22315768,1892028],"chl_gsm\/20.3.3":["{{u}}",24207796,1763710],"chl_gsm\/20.3.4":["{{u}}",25971506,2412617],"chl_gsm\/20.4.0":["{{u}}",28384123,498220],"chl_gsm\/20.4.1":["{{u}}",28882343,273594],"chl_gsm\/20.4.2":["{{u}}",29155937,2038291],"chl_gsm\/20.4.3":["{{u}}",31194228,1889641],"chl_gsm\/20.4.4":["{{u}}",33083869,2864633],"chl_gsm\/21.0.0":["{{v}}",151217,401128],"chl_gsm\/21.0.1":["{{v}}",552345,362717],"chl_gsm\/21.0.2":["{{v}}",915062,2443809],"chl_gsm\/21.0.3":["{{v}}",3358871,2497190],"chl_gsm\/21.0.4":["{{v}}",5856061,3724870],"chl_gsm\/21.1.0":["{{v}}",9580931,324449],"chl_gsm\/21.1.1":["{{v}}",9905380,1429157],"chl_gsm\/21.1.2":["{{v}}",11334537,2343909],"chl_gsm\/21.1.3":["{{v}}",13678446,2039510],"chl_gsm\/21.1.4":["{{v}}",15717956,2726519],"chl_gsm\/21.2.0":["{{v}}",18444475,745321],"chl_gsm\/21.2.1":["{{v}}",19189796,415539],"chl_gsm\/21.2.2":["{{v}}",19605335,11128],"chl_gsm\/21.2.3":["{{v}}",19616463,1495248],"chl_gsm\/21.2.4":["{{v}}",21111711,160430],"chl_gsm\/21.3.0":["{{v}}",21272141,153838],"chl_gsm\/21.3.1":["{{v}}",21425979,249984],"chl_gsm\/21.3.2":["{{v}}",21675963,1421622],"chl_gsm\/21.3.3":["{{v}}",23097585,2370790],"chl_gsm\/21.3.4":["{{v}}",25468375,783272],"chl_gsm\/21.4.0":["{{v}}",26251647,56748],"chl_gsm\/21.4.1":["{{v}}",26308395,386481],"chl_gsm\/21.4.2":["{{v}}",26694876,785819],"chl_gsm\/21.4.3":["{{v}}",27480695,1853765],"chl_gsm\/21.4.4":["{{v}}",29334460,846558],"chl_gsm\/22.0.0":["{{w}}",151217,33230],"chl_gsm\/22.0.1":["{{w}}",184447,700683],"chl_gsm\/22.0.2":["{{w}}",885130,2602387],"chl_gsm\/22.0.3":["{{w}}",3487517,2648021],"chl_gsm\/22.0.4":["{{w}}",6135538,1197247],"chl_gsm\/22.1.0":["{{w}}",7332785,608142],"chl_gsm\/22.1.1":["{{w}}",7940927,1494834],"chl_gsm\/22.1.2":["{{w}}",9435761,2500264],"chl_gsm\/22.1.3":["{{w}}",11936025,1640100],"chl_gsm\/22.1.4":["{{w}}",13576125,1391541],"chl_gsm\/22.2.0":["{{w}}",14967666,2587664],"chl_gsm\/22.2.1":["{{w}}",17555330,951170],"chl_gsm\/22.2.2":["{{w}}",18506500,40012],"chl_gsm\/22.2.3":["{{w}}",18546512,876319],"chl_gsm\/22.2.4":["{{w}}",19422831,1417499],"chl_gsm\/22.3.0":["{{w}}",20840330,1560601],"chl_gsm\/22.3.1":["{{w}}",22400931,245778],"chl_gsm\/22.3.2":["{{w}}",22646709,485616],"chl_gsm\/22.3.3":["{{w}}",23132325,1490260],"chl_gsm\/22.3.4":["{{w}}",24622585,3183368],"chl_gsm\/22.4.0":["{{w}}",27805953,496444],"chl_gsm\/22.4.1":["{{w}}",28302397,620222],"chl_gsm\/22.4.2":["{{w}}",28922619,487787],"chl_gsm\/22.4.3":["{{w}}",29410406,1401829],"chl_gsm\/22.4.4":["{{w}}",30812235,2214042],"chl_gsm\/23.0.0":["{{x}}",151217,27765],"chl_gsm\/23.0.1":["{{x}}",178982,354206],"chl_gsm\/23.0.2":["{{x}}",533188,2038812],"chl_gsm\/23.0.3":["{{x}}",2572000,2500982],"chl_gsm\/23.0.4":["{{x}}",5072982,1532079],"chl_gsm\/23.1.0":["{{x}}",6605061,299877],"chl_gsm\/23.1.1":["{{x}}",6904938,1381521],"chl_gsm\/23.1.2":["{{x}}",8286459,2018793],"chl_gsm\/23.1.3":["{{x}}",10305252,2017892],"chl_gsm\/23.1.4":["{{x}}",12323144,1580678],"chl_gsm\/23.2.0":["{{x}}",13903822,817538],"chl_gsm\/23.2.1":["{{x}}",14721360,1365216],"chl_gsm\/23.2.2":["{{x}}",16086576,36665],"chl_gsm\/23.2.3":["{{x}}",16123241,2337264],"chl_gsm\/23.2.4":["{{x}}",18460505,307959],"chl_gsm\/23.3.0":["{{x}}",18768464,304797],"chl_gsm\/23.3.1":["{{x}}",19073261,490279],"chl_gsm\/23.3.2":["{{x}}",19563540,688627],"chl_gsm\/23.3.3":["{{x}}",20252167,1525436],"chl_gsm\/23.3.4":["{{x}}",21777603,734230],"chl_gsm\/23.4.0":["{{x}}",22511833,756736],"chl_gsm\/23.4.1":["{{x}}",23268569,785668],"chl_gsm\/23.4.2":["{{x}}",24054237,791350],"chl_gsm\/23.4.3":["{{x}}",24845587,2440123],"chl_gsm\/23.4.4":["{{x}}",27285710,1465793],"chl_gsm\/24.0.0":["{{y}}",151217,83627],"chl_gsm\/24.0.1":["{{y}}",234844,286801],"chl_gsm\/24.0.2":["{{y}}",521645,2624327],"chl_gsm\/24.0.3":["{{y}}",3145972,2179142],"chl_gsm\/24.0.4":["{{y}}",5325114,1900575],"chl_gsm\/24.1.0":["{{y}}",7225689,1331896],"chl_gsm\/24.1.1":["{{y}}",8557585,485456],"chl_gsm\/24.1.2":["{{y}}",9043041,1152742],"chl_gsm\/24.1.3":["{{y}}",10195783,2044069],"chl_gsm\/24.1.4":["{{y}}",12239852,2077989],"chl_gsm\/24.2.0":["{{y}}",14317841,2631276],"chl_gsm\/24.2.1":["{{y}}",16949117,435324],"chl_gsm\/24.2.2":["{{y}}",17384441,81132],"chl_gsm\/24.2.3":["{{y}}",17465573,972521],"chl_gsm\/24.2.4":["{{y}}",18438094,1960869],"chl_gsm\/24.3.0":["{{y}}",20398963,2034069],"chl_gsm\/24.3.1":["{{y}}",22433032,643180],"chl_gsm\/24.3.2":["{{y}}",23076212,398912],"chl_gsm\/24.3.3":["{{y}}",23475124,1127589],"chl_gsm\/24.3.4":["{{y}}",24602713,1874230],"chl_gsm\/24.4.0":["{{y}}",26476943,1945984],"chl_gsm\/24.4.1":["{{y}}",28422927,2313557],"chl_gsm\/24.4.2":["{{y}}",30736484,42347],"chl_gsm\/24.4.3":["{{y}}",30778831,1716405],"chl_gsm\/24.4.4":["{{y}}",32495236,1989219],"chl_gsm\/25.0.0":["{{z}}",151217,185918],"chl_gsm\/25.0.1":["{{z}}",337135,127184],"chl_gsm\/25.0.2":["{{z}}",464319,1508635],"chl_gsm\/25.0.3":["{{z}}",1972954,2716479],"chl_gsm\/25.0.4":["{{z}}",4689433,10921],"chl_gsm\/25.1.0":["{{z}}",4700354,108488],"chl_gsm\/25.1.1":["{{z}}",4808842,1169569],"chl_gsm\/25.1.2":["{{z}}",5978411,1067370],"chl_gsm\/25.1.3":["{{z}}",7045781,2127611],"chl_gsm\/25.1.4":["{{z}}",9173392,127343],"chl_gsm\/25.2.0":["{{z}}",9300735,702362],"chl_gsm\/25.2.1":["{{z}}",10003097,1962027],"chl_gsm\/25.2.2":["{{z}}",11965124,17310],"chl_gsm\/25.2.3":["{{z}}",11982434,1090423],"chl_gsm\/25.2.4":["{{z}}",13072857,932932],"chl_gsm\/25.3.0":["{{z}}",14005789,140825],"chl_gsm\/25.3.1":["{{z}}",14146614,803751],"chl_gsm\/25.3.2":["{{z}}",14950365,566035],"chl_gsm\/25.3.3":["{{z}}",15516400,1273665],"chl_gsm\/25.3.4":["{{z}}",16790065,1641222],"chl_gsm\/25.4.0":["{{z}}",18431287,11366],"chl_gsm\/25.4.1":["{{z}}",18442653,1190053],"chl_gsm\/25.4.2":["{{z}}",19632706,1499985],"chl_gsm\/25.4.3":["{{z}}",21132691,497519],"chl_gsm\/25.4.4":["{{z}}",21630210,1454570],"chl_gsm\/26.0.0":["{{A}}",151217,186147],"chl_gsm\/26.0.1":["{{A}}",337364,234761],"chl_gsm\/26.0.2":["{{A}}",572125,823260],"chl_gsm\/26.0.3":["{{A}}",1395385,1900743],"chl_gsm\/26.0.4":["{{A}}",3296128,2354342],"chl_gsm\/26.1.0":["{{A}}",5650470,1145419],"chl_gsm\/26.1.1":["{{A}}",6795889,1161473],"chl_gsm\/26.1.2":["{{A}}",7957362,2061180],"chl_gsm\/26.1.3":["{{A}}",10018542,1794243],"chl_gsm\/26.1.4":["{{A}}",11812785,561891],"chl_gsm\/26.2.0":["{{A}}",12374676,2122999],"chl_gsm\/26.2.1":["{{A}}",14497675,1755670],"chl_gsm\/26.2.2":["{{A}}",16253345,103456],"chl_gsm\/26.2.3":["{{A}}",16356801,621409],"chl_gsm\/26.2.4":["{{A}}",16978210,1662171],"chl_gsm\/26.3.0":["{{A}}",18640381,637779],"chl_gsm\/26.3.1":["{{A}}",19278160,740099],"chl_gsm\/26.3.2":["{{A}}",20018259,904500],"chl_gsm\/26.3.3":["{{A}}",20922759,2123501],"chl_gsm\/26.3.4":["{{A}}",23046260,2509569],"chl_gsm\/26.4.0":["{{A}}",25555829,1537281],"chl_gsm\/26.4.1":["{{A}}",27093110,1770140],"chl_gsm\/26.4.2":["{{A}}",28863250,879819],"chl_gsm\/26.4.3":["{{A}}",29743069,2360043],"chl_gsm\/26.4.4":["{{A}}",32103112,954225],"chl_gsm\/27.0.0":["{{B}}",151217,71055],"chl_gsm\/27.0.1":["{{B}}",222272,100948],"chl_gsm\/27.0.2":["{{B}}",323220,1639483],"chl_gsm\/27.0.3":["{{B}}",1962703,3123936],"chl_gsm\/27.0.4":["{{B}}",5086639,104370],"chl_gsm\/27.1.0":["{{B}}",5191009,175180],"chl_gsm\/27.1.1":["{{B}}",5366189,265219],"chl_gsm\/27.1.2":["{{B}}",5631408,2647300],"chl_gsm\/27.1.3":["{{B}}",8278708,1744399],"chl_gsm\/27.1.4":["{{B}}",10023107,743489],"chl_gsm\/27.2.0":["{{B}}",10766596,200714],"chl_gsm\/27.2.1":["{{B}}",10967310,2455539],"chl_gsm\/27.2.2":["{{B}}",13422849,10921],"chl_gsm\/27.2.3":["{{B}}",13433770,918730],"chl_gsm\/27.2.4":["{{B}}",14352500,1286041],"chl_gsm\/27.3.0":["{{B}}",15638541,13293],"chl_gsm\/27.3.1":["{{B}}",15651834,903732],"chl_gsm\/27.3.2":["{{B}}",16555566,471942],"chl_gsm\/27.3.3":["{{B}}",17027508,2755513],"chl_gsm\/27.3.4":["{{B}}",19783021,3338534],"chl_gsm\/27.4.0":["{{B}}",23121555,10921],"chl_gsm\/27.4.1":["{{B}}",23132476,2095452],"chl_gsm\/27.4.2":["{{B}}",25227928,2246022],"chl_gsm\/27.4.3":["{{B}}",27473950,1242768],"chl_gsm\/27.4.4":["{{B}}",28716718,1677506],"chl_gsm\/28.0.0":["{{C}}",151217,284480],"chl_gsm\/28.0.1":["{{C}}",435697,162835],"chl_gsm\/28.0.2":["{{C}}",598532,1687481],"chl_gsm\/28.0.3":["{{C}}",2286013,1616047],"chl_gsm\/28.0.4":["{{C}}",3902060,2024764],"chl_gsm\/28.1.0":["{{C}}",5926824,500619],"chl_gsm\/28.1.1":["{{C}}",6427443,500229],"chl_gsm\/28.1.2":["{{C}}",6927672,1063161],"chl_gsm\/28.1.3":["{{C}}",7990833,489683],"chl_gsm\/28.1.4":["{{C}}",8480516,261831],"chl_gsm\/28.2.0":["{{C}}",8742347,1484577],"chl_gsm\/28.2.1":["{{C}}",10226924,2026669],"chl_gsm\/28.2.2":["{{C}}",12253593,68304],"chl_gsm\/28.2.3":["{{C}}",12321897,1019306],"chl_gsm\/28.2.4":["{{C}}",13341203,815234],"chl_gsm\/28.3.0":["{{C}}",14156437,323744],"chl_gsm\/28.3.1":["{{C}}",14480181,1332242],"chl_gsm\/28.3.2":["{{C}}",15812423,2151204],"chl_gsm\/28.3.3":["{{C}}",17963627,3044288],"chl_gsm\/28.3.4":["{{C}}",21007915,2572234],"chl_gsm\/28.4.0":["{{C}}",23580149,59516],"chl_gsm\/28.4.1":["{{C}}",23639665,1261859],"chl_gsm\/28.4.2":["{{C}}",24901524,2113068],"chl_gsm\/28.4.3":["{{C}}",27014592,1618190],"chl_gsm\/28.4.4":["{{C}}",28632782,619210],"chl_gsm\/29.0.0":["{{D}}",151217,101192],"chl_gsm\/29.0.1":["{{D}}",252409,567533],"chl_gsm\/29.0.2":["{{D}}",819942,1704308],"chl_gsm\/29.0.3":["{{D}}",2524250,2554323],"chl_gsm\/29.0.4":["{{D}}",5078573,306090],"chl_gsm\/29.1.0":["{{D}}",5384663,15589],"chl_gsm\/29.1.1":["{{D}}",5400252,447816],"chl_gsm\/29.1.2":["{{D}}",5848068,1167942],"chl_gsm\/29.1.3":["{{D}}",7016010,1217027],"chl_gsm\/29.1.4":["{{D}}",8233037,623330],"chl_gsm\/29.2.0":["{{D}}",8856367,1630019],"chl_gsm\/29.2.1":["{{D}}",10486386,2059630],"chl_gsm\/29.2.2":["{{D}}",12546016,33892],"chl_gsm\/29.2.3":["{{D}}",12579908,1017781],"chl_gsm\/29.2.4":["{{D}}",13597689,1223248],"chl_gsm\/29.3.0":["{{D}}",14820937,1097569],"chl_gsm\/29.3.1":["{{D}}",15918506,1069169],"chl_gsm\/29.3.2":["{{D}}",16987675,923248],"chl_gsm\/29.3.3":["{{D}}",17910923,1736076],"chl_gsm\/29.3.4":["{{D}}",19646999,3234524],"chl_gsm\/29.4.0":["{{D}}",22881523,651163],"chl_gsm\/29.4.1":["{{D}}",23532686,22809],"chl_gsm\/29.4.2":["{{D}}",23555495,1927325],"chl_gsm\/29.4.3":["{{D}}",25482820,735795],"chl_gsm\/29.4.4":["{{D}}",26218615,566419],"chl_gsm\/30.0.0":["{{E}}",151217,1087027],"chl_gsm\/30.0.1":["{{E}}",1238244,1037861],"chl_gsm\/30.0.2":["{{E}}",2276105,1619379],"chl_gsm\/30.0.3":["{{E}}",3895484,1728056],"chl_gsm\/30.0.4":["{{E}}",5623540,1278434],"chl_gsm\/30.1.0":["{{E}}",6901974,414756],"chl_gsm\/30.1.1":["{{E}}",7316730,1032825],"chl_gsm\/30.1.2":["{{E}}",8349555,202519],"chl_gsm\/30.1.3":["{{E}}",8552074,1903969],"chl_gsm\/30.1.4":["{{E}}",10456043,599117],"chl_gsm\/30.2.0":["{{E}}",11055160,564255],"chl_gsm\/30.2.1":["{{E}}",11619415,1697645],"chl_gsm\/30.2.2":["{{E}}",13317060,27755],"chl_gsm\/30.2.3":["{{E}}",13344815,2447932],"chl_gsm\/30.2.4":["{{E}}",15792747,28840],"chl_gsm\/30.3.0":["{{E}}",15821587,536312],"chl_gsm\/30.3.1":["{{E}}",16357899,1369588],"chl_gsm\/30.3.2":["{{E}}",17727487,795312],"chl_gsm\/30.3.3":["{{E}}",18522799,2374253],"chl_gsm\/30.3.4":["{{E}}",20897052,1584684],"chl_gsm\/30.4.0":["{{E}}",22481736,109711],"chl_gsm\/30.4.1":["{{E}}",22591447,675110],"chl_gsm\/30.4.2":["{{E}}",23266557,1324092],"chl_gsm\/30.4.3":["{{E}}",24590649,1836996],"chl_gsm\/30.4.4":["{{E}}",26427645,329771]}}