{"version":1,"templates":{"a":"s3:\/\/imos-data\/IMOS\/SRS\/OC\/gridded\/aqua\/P1D\/2005\/05\/A.P1D.20050501T053000Z.aust.chl_oc3.nc","b":"s3:\/\/imos-data\/IMOS\/SRS\/OC\/gridded\/aqua\/P1D\/2005\/05\/A.P1D.20050502T053000Z.aust.chl_oc3.nc","c":"s3:\/\/imos-data\/IMOS\/SRS\/OC\/gridded\/aqua\/P1D\/2005\/05\/A.P1D.20050503T053000Z.aust.chl_oc3.nc","d":"s3:\/\/imos-data\/IMOS\/SRS\/OC\/gridded\/aqua\/P1D\/2005\/05\/A.P1D.20050504T053000Z.aust.chl_oc3.nc","e":"s3:\/\/imos-data\/IMOS\/SRS\/OC\/gridded\/aqua\/P1D\/2005\/05\/A.P1D.20050505T053000Z.aust.chl_oc3.nc","f":"s3:\/\/imos-data\/IMOS\/SRS\/OC\/gridded\/aqua\/P1D\/2005\/05\/A.P1D.20050506T053000Z.aust.chl_oc3.nc","g":"s3:\/\/imos-data\/IMOS\/SRS\/OC\/gridded\/aqua\/P1D\/2005\/05\/A.P1D.20050507T053000Z.aust.chl_oc3.nc","h":"s3:\/\/imos-data\/IMOS\/SRS\/OC\/gridded\/aqua\/P1D\/2005\/05\/A.P1D.20050508T053000Z.aust.chl_oc3.nc","i":"s3:\/\/imos-data\/IMOS\/SRS\/OC\/gridded\/aqua\/P1D\/2005\/05\/A.P1D.20050509T053000Z.aust.chl_oc3.nc","j":"s3:\/\/imos-data\/IMOS\/SRS\/OC\/gridded\/aqua\/P1D\/2005\/05\/A.P1D.20050510T053000Z.aust.chl_oc3.nc","k":"s3:\/\/imos-data\/IMOS\/SRS\/OC\/gridded\/aqua\/P1D\/2005\/05\/A.P1D.20050511T053000Z.aust.chl_oc3.nc","l":"s3:\/\/imos-data\/IMOS\/SRS\/OC\/gridded\/aqua\/P1D\/2005\/05\/A.P1D.20050512T053000Z.aust.chl_oc3.nc","m":"s3:\/\/imos-data\/IMOS\/SRS\/OC\/gridded\/aqua\/P1D\/2005\/05\/A.P1D.20050513T053000Z.aust.chl_oc3.nc","n":"s3:\/\/imos-data\/IMOS\/SRS\/OC\/gridded\/aqua\/P1D\/2005\/05\/A.P1D.20050514T053000Z.aust.chl_oc3.nc","o":"s3:\/\/imos-data\/IMOS\/SRS\/OC\/gridded\/aqua\/P1D\/2005\/05\/A.P1D.20050515T053000Z.aust.chl_oc3.nc","p":"s3:\/\/imos-data\/IMOS\/SRS\/OC\/gridded\/aqua\/P1D\/2005\/05\/A.P1D.20050516T053000Z.aust.chl_oc3.nc","q":"s3:\/\/imos-data\/IMOS\/SRS\/OC\/gridded\/aqua\/P1D\/2005\/05\/A.P1D.20050517T053000Z.aust.chl_oc3.nc","r":"s3:\/\/imos-data\/IMOS\/SRS\/OC\/gridded\/aqua\/P1D\/2005\/05\/A.P1D.20050518T053000Z.aust.chl_oc3.nc","s":"s3:\/\/imos-data\/IMOS\/SRS\/OC\/gridded\/aqua\/P1D\/2005\/05\/A.P1D.20050519T053000Z.aust.chl_oc3.nc","t":"s3:\/\/imos-data\/IMOS\/SRS\/OC\/gridded\/aqua\/P1D\/2005\/05\/A.P1D.20050520T053000Z.aust.chl_oc3.nc","u":"s3:\/\/imos-data\/IMOS\/SRS\/OC\/gridded\/aqua\/P1D\/2005\/05\/A.P1D.20050521T053000Z.aust.chl_oc3.nc","v":"s3:\/\/imos-data\/IMOS\/SRS\/OC\/gridded\/aqua\/P1D\/2005\/05\/A.P1D.20050522T053000Z.aust.chl_oc3.nc","w":"s3:\/\/imos-data\/IMOS\/SRS\/OC\/gridded\/aqua\/P1D\/2005\/05\/A.P1D.20050523T053000Z.aust.chl_oc3.nc","x":"s3:\/\/imos-data\/IMOS\/SRS\/OC\/gridded\/aqua\/P1D\/2005\/05\/A.P1D.20050524T053000Z.aust.chl_oc3.nc","y":"s3:\/\/imos-data\/IMOS\/SRS\/OC\/gridded\/aqua\/P1D\/2005\/05\/A.P1D.20050525T053000Z.aust.chl_oc3.nc","z":"s3:\/\/imos-data\/IMOS\/SRS\/OC\/gridded\/aqua\/P1D\/2005\/05\/A.P1D.20050526T053000Z.aust.chl_oc3.nc","A":"s3:\/\/imos-data\/IMOS\/SRS\/OC\/gridded\/aqua\/P1D\/2005\/05\/A.P1D.20050527T053000Z.aust.chl_oc3.nc","B":"s3:\/\/imos-data\/IMOS\/SRS\/OC\/gridded\/aqua\/P1D\/2005\/05\/A.P1D.20050528T053000Z.aust.chl_oc3.nc","C":"s3:\/\/imos-data\/IMOS\/SRS\/OC\/gridded\/aqua\/P1D\/2005\/05\/A.P1D.20050529T053000Z.aust.chl_oc3.nc","D":"s3:\/\/imos-data\/IMOS\/SRS\/OC\/gridded\/aqua\/P1D\/2005\/05\/A.P1D.20050530T053000Z.aust.chl_oc3.nc","E":"s3:\/\/imos-data\/IMOS\/SRS\/OC\/gridded\/aqua\/P1D\/2005\/05\/A.P1D.20050531T053000Z.aust.chl_oc3.nc"},"refs":{".zgroup":"{\"zarr_format\":2}",".zattrs":"{\"Conventions\":\"CF-1.6\",\"_NCProperties\":\"version=1|netcdflibversion=4.6.1|hdf5libversion=1.10.4\",\"_nc3_strict\":1,\"history\":\"File initialised at 2020-08-06T02:25:55.992390\\nInitialised var chl_oc3 at 2020-08-06T02:26:06.284073\\nAdd Granule A20050501_0310.20190919150726.L2OC_BASE.chl_oc3.nc at 2020-08-06T02:26:07.145599\\nAdd Granule A20050501_0315.20190919152447.L2OC_BASE.chl_oc3.nc at 2020-08-06T02:26:07.386163\\nAdd Granule A20050501_0320.20190919141838.L2OC_BASE.chl_oc3.nc at 2020-08-06T02:26:07.586851\\nAdd Granule A20050501_0325.20190919153733.L2OC_BASE.chl_oc3.nc at 2020-08-06T02:26:07.760147\\nAdd Granule A20050501_0450.20190919153215.L2OC_BASE.chl_oc3.nc at 2020-08-06T02:26:08.005782\\nAdd Granule A20050501_0455.20190919145122.L2OC_BASE.chl_oc3.nc at 2020-08-06T02:26:08.205286\\nAdd Granule A20050501_0500.20190919143451.L2OC_BASE.chl_oc3.nc at 2020-08-06T02:26:08.383240\\nAdd Granule A20050501_0505.20190919144208.L2OC_BASE.chl_oc3.nc at 2020-08-06T02:26:08.558025\\nAdd Granule A20050501_0625.20190919145647.L2OC_BASE.chl_oc3.nc at 2020-08-06T02:26:08.698876\\nAdd Granule A20050501_0630.20190919151247.L2OC_BASE.chl_oc3.nc at 2020-08-06T02:26:08.982704\\nAdd Granule A20050501_0635.20190919151753.L2OC_BASE.chl_oc3.nc at 2020-08-06T02:26:09.208481\\nAdd Granule A20050501_0640.20190919150054.L2OC_BASE.chl_oc3.nc at 2020-08-06T02:26:09.398068\\nAdd Granule A20050501_0645.20190919142913.L2OC_BASE.chl_oc3.nc at 2020-08-06T02:26:09.561701\",\"source_path\":\"imos-srs\\\/archive\\\/oc\\\/aqua\\\/1d\\\/v201909\\\/2005\\\/05\\\/A20050501.L2OC_BASE.aust.chl_oc3.nc\"}","longitude\/.zarray":"{\n    \"chunks\": [\n        10001\n    ],\n    \"compressor\": null,\n    \"dtype\": \"<f8\",\n    \"fill_value\": 9.969209968386869e+36,\n    \"filters\": null,\n    \"order\": \"C\",\n    \"shape\": [\n        10001\n    ],\n    \"zarr_format\": 2\n}","longitude\/.zattrs":"{\n    \"NAME\": \"longitude\",\n    \"_ARRAY_DIMENSIONS\": [\n        \"longitude\"\n    ],\n    \"_Netcdf4Dimid\": 2,\n    \"axis\": \"X\",\n    \"long_name\": \"longitude\",\n    \"standard_name\": \"longitude\",\n    \"units\": \"degrees_east\"\n}","longitude\/0":["{{a}}",58400,80008],"latitude\/.zarray":"{\n    \"chunks\": [\n        7001\n    ],\n    \"compressor\": null,\n    \"dtype\": \"<f8\",\n    \"fill_value\": 9.969209968386869e+36,\n    \"filters\": null,\n    \"order\": \"C\",\n    \"shape\": [\n        7001\n    ],\n    \"zarr_format\": 2\n}","latitude\/.zattrs":"{\n    \"NAME\": \"latitude\",\n    \"_ARRAY_DIMENSIONS\": [\n        \"latitude\"\n    ],\n    \"_Netcdf4Dimid\": 1,\n    \"axis\": \"Y\",\n    \"long_name\": \"latitude\",\n    \"standard_name\": \"latitude\",\n    \"units\": \"degrees_north\"\n}","latitude\/0":["{{a}}",2392,56008],"chl_oc3\/.zarray":"{\"chunks\":[1,1401,2001],\"compressor\":{\"id\":\"zlib\",\"level\":4},\"dtype\":\"<f4\",\"fill_value\":-999.0,\"filters\":[{\"elementsize\":4,\"id\":\"shuffle\"}],\"order\":\"C\",\"shape\":[31,7001,10001],\"zarr_format\":2}","chl_oc3\/.zattrs":"{\"_ARRAY_DIMENSIONS\":[\"time\",\"latitude\",\"longitude\"],\"flag_applied\":\"HISATZEN LAND CLDICE NAVFAIL\",\"long_name\":\"Chlorophyll Concentration, OC3 Algorithm\",\"units\":\"mg\\\/m^3\"}","time\/.zarray":"{\"chunks\":[31],\"compressor\":{\"blocksize\":0,\"clevel\":5,\"cname\":\"lz4\",\"id\":\"blosc\",\"shuffle\":1},\"dtype\":\"<M8[us]\",\"fill_value\":0,\"filters\":null,\"order\":\"C\",\"shape\":[31],\"zarr_format\":2}","time\/0":"base64:AgExCPgAAAD4AAAArgAAABQAAACWAAAAHwABAAv7AQZmxiaG5kamBmbGJobmRqYQAPRTa0IZ8cifd04m\/dSsg1oyCeG4j2c+Fe3EnHNKIvnQqMzqCCVDYX+du9j2FDJQboypx+UDIT9cepi21PIPLUsEGC1BVWl9kaW5zeL2Ch4yRlpug5erv9Pn+w8jOExg9vb29vYFABj3AQAQ+AEAHwMBAAsP2AAHUAAAAAAA","time\/.zattrs":"{\"NAME\":\"time\",\"_ARRAY_DIMENSIONS\":[\"time\"],\"_Netcdf4Dimid\":0,\"axis\":\"T\",\"long_name\":\"time\",\"standard_name\":\"time\"}","chl_oc3\/0.0.0":["{{a}}",151221,184483],"chl_oc3\/0.0.1":["{{a}}",335704,1301449],"chl_oc3\/0.0.2":["{{a}}",1637153,2632155],"chl_oc3\/0.0.3":["{{a}}",4269308,692241],"chl_oc3\/0.0.4":["{{a}}",4961549,12381],"chl_oc3\/0.1.0":["{{a}}",4973930,366059],"chl_oc3\/0.1.1":["{{a}}",5339989,1328993],"chl_oc3\/0.1.2":["{{a}}",6668982,4290154],"chl_oc3\/0.1.3":["{{a}}",10959136,3719568],"chl_oc3\/0.1.4":["{{a}}",14678704,404399],"chl_oc3\/0.2.0":["{{a}}",15083103,369588],"chl_oc3\/0.2.1":["{{a}}",15452691,2059970],"chl_oc3\/0.2.2":["{{a}}",17512661,97348],"chl_oc3\/0.2.3":["{{a}}",17610009,2595351],"chl_oc3\/0.2.4":["{{a}}",20205360,1634441],"chl_oc3\/0.3.0":["{{a}}",21839801,11704],"chl_oc3\/0.3.1":["{{a}}",21851505,694052],"chl_oc3\/0.3.2":["{{a}}",22545557,1207573],"chl_oc3\/0.3.3":["{{a}}",23753130,1529235],"chl_oc3\/0.3.4":["{{a}}",25282365,1900379],"chl_oc3\/0.4.0":["{{a}}",27182744,10921],"chl_oc3\/0.4.1":["{{a}}",27193665,737602],"chl_oc3\/0.4.2":["{{a}}",27931267,186849],"chl_oc3\/0.4.3":["{{a}}",28118116,1576920],"chl_oc3\/0.4.4":["{{a}}",29695036,612676],"chl_oc3\/1.0.0":["{{b}}",151221,1175001],"chl_oc3\/1.0.1":["{{b}}",1326222,1382428],"chl_oc3\/1.0.2":["{{b}}",2708650,1569691],"chl_oc3\/1.0.3":["{{b}}",4278341,3041579],"chl_oc3\/1.0.4":["{{b}}",7319920,3493200],"chl_oc3\/1.1.0":["{{b}}",10813120,2006104],"chl_oc3\/1.1.1":["{{b}}",12819224,2505894],"chl_oc3\/1.1.2":["{{b}}",15325118,2858813],"chl_oc3\/1.1.3":["{{b}}",18183931,2407512],"chl_oc3\/1.1.4":["{{b}}",20591443,3444963],"chl_oc3\/1.2.0":["{{b}}",24036406,1770634],"chl_oc3\/1.2.1":["{{b}}",25807040,1321007],"chl_oc3\/1.2.2":["{{b}}",27128047,101178],"chl_oc3\/1.2.3":["{{b}}",27229225,794538],"chl_oc3\/1.2.4":["{{b}}",28023763,2413622],"chl_oc3\/1.3.0":["{{b}}",30437385,558764],"chl_oc3\/1.3.1":["{{b}}",30996149,1103390],"chl_oc3\/1.3.2":["{{b}}",32099539,455302],"chl_oc3\/1.3.3":["{{b}}",32554841,2776420],"chl_oc3\/1.3.4":["{{b}}",35331261,1795368],"chl_oc3\/1.4.0":["{{b}}",37126629,62636],"chl_oc3\/1.4.1":["{{b}}",37189265,663843],"chl_oc3\/1.4.2":["{{b}}",37853108,1549585],"chl_oc3\/1.4.3":["{{b}}",39402693,47718],"chl_oc3\/1.4.4":["{{b}}",39450411,1010999],"chl_oc3\/2.0.0":["{{c}}",151221,13250],"chl_oc3\/2.0.1":["{{c}}",164471,819057],"chl_oc3\/2.0.2":["{{c}}",983528,2269898],"chl_oc3\/2.0.3":["{{c}}",3253426,3871699],"chl_oc3\/2.0.4":["{{c}}",7125125,350568],"chl_oc3\/2.1.0":["{{c}}",7475693,161356],"chl_oc3\/2.1.1":["{{c}}",7637049,2029458],"chl_oc3\/2.1.2":["{{c}}",9666507,3803919],"chl_oc3\/2.1.3":["{{c}}",13470426,2307400],"chl_oc3\/2.1.4":["{{c}}",15777826,228140],"chl_oc3\/2.2.0":["{{c}}",16005966,40882],"chl_oc3\/2.2.1":["{{c}}",16046848,2297685],"chl_oc3\/2.2.2":["{{c}}",18344533,13987],"chl_oc3\/2.2.3":["{{c}}",18358520,1353494],"chl_oc3\/2.2.4":["{{c}}",19712014,419914],"chl_oc3\/2.3.0":["{{c}}",20131928,204931],"chl_oc3\/2.3.1":["{{c}}",20336859,1352203],"chl_oc3\/2.3.2":["{{c}}",21689062,936782],"chl_oc3\/2.3.3":["{{c}}",22625844,1356315],"chl_oc3\/2.3.4":["{{c}}",23982159,3065862],"chl_oc3\/2.4.0":["{{c}}",27048021,1363893],"chl_oc3\/2.4.1":["{{c}}",28411914,1797487],"chl_oc3\/2.4.2":["{{c}}",30209401,1205419],"chl_oc3\/2.4.3":["{{c}}",31414820,1648471],"chl_oc3\/2.4.4":["{{c}}",33063291,1869861],"chl_oc3\/3.0.0":["{{d}}",151221,35914],"chl_oc3\/3.0.1":["{{d}}",187135,241010],"chl_oc3\/3.0.2":["{{d}}",428145,1823658],"chl_oc3\/3.0.3":["{{d}}",2251803,1916660],"chl_oc3\/3.0.4":["{{d}}",4168463,4006423],"chl_oc3\/3.1.0":["{{d}}",8174886,1137443],"chl_oc3\/3.1.1":["{{d}}",9312329,1991259],"chl_oc3\/3.1.2":["{{d}}",11303588,2961251],"chl_oc3\/3.1.3":["{{d}}",14264839,2458658],"chl_oc3\/3.1.4":["{{d}}",16723497,4269646],"chl_oc3\/3.2.0":["{{d}}",20993143,2284278],"chl_oc3\/3.2.1":["{{d}}",23277421,1936212],"chl_oc3\/3.2.2":["{{d}}",25213633,26307],"chl_oc3\/3.2.3":["{{d}}",25239940,1219066],"chl_oc3\/3.2.4":["{{d}}",26459006,966162],"chl_oc3\/3.3.0":["{{d}}",27425168,219555],"chl_oc3\/3.3.1":["{{d}}",27644723,1499825],"chl_oc3\/3.3.2":["{{d}}",29144548,1357039],"chl_oc3\/3.3.3":["{{d}}",30501587,1486487],"chl_oc3\/3.3.4":["{{d}}",31988074,1146398],"chl_oc3\/3.4.0":["{{d}}",33134472,66932],"chl_oc3\/3.4.1":["{{d}}",33201404,700601],"chl_oc3\/3.4.2":["{{d}}",33902005,2110377],"chl_oc3\/3.4.3":["{{d}}",36012382,327008],"chl_oc3\/3.4.4":["{{d}}",36339390,1171056],"chl_oc3\/4.0.0":["{{e}}",151221,216241],"chl_oc3\/4.0.1":["{{e}}",367462,872227],"chl_oc3\/4.0.2":["{{e}}",1239689,1910690],"chl_oc3\/4.0.3":["{{e}}",3150379,800090],"chl_oc3\/4.0.4":["{{e}}",3950469,555067],"chl_oc3\/4.1.0":["{{e}}",4505536,1619507],"chl_oc3\/4.1.1":["{{e}}",6125043,2882490],"chl_oc3\/4.1.2":["{{e}}",9007533,2495539],"chl_oc3\/4.1.3":["{{e}}",11503072,2079563],"chl_oc3\/4.1.4":["{{e}}",13582635,1138409],"chl_oc3\/4.2.0":["{{e}}",14721044,4197820],"chl_oc3\/4.2.1":["{{e}}",18918864,3049315],"chl_oc3\/4.2.2":["{{e}}",21968179,20363],"chl_oc3\/4.2.3":["{{e}}",21988542,1426729],"chl_oc3\/4.2.4":["{{e}}",23415271,1746881],"chl_oc3\/4.3.0":["{{e}}",25162152,1360352],"chl_oc3\/4.3.1":["{{e}}",26522504,1123831],"chl_oc3\/4.3.2":["{{e}}",27646335,609874],"chl_oc3\/4.3.3":["{{e}}",28256209,1598142],"chl_oc3\/4.3.4":["{{e}}",29854351,2675642],"chl_oc3\/4.4.0":["{{e}}",32529993,123884],"chl_oc3\/4.4.1":["{{e}}",32653877,160891],"chl_oc3\/4.4.2":["{{e}}",32814768,1082812],"chl_oc3\/4.4.3":["{{e}}",33897580,1127038],"chl_oc3\/4.4.4":["{{e}}",35024618,128142],"chl_oc3\/5.0.0":["{{f}}",151221,287940],"chl_oc3\/5.0.1":["{{f}}",439161,682490],"chl_oc3\/5.0.2":["{{f}}",1121651,1059547],"chl_oc3\/5.0.3":["{{f}}",2181198,397563],"chl_oc3\/5.0.4":["{{f}}",2578761,3200697],"chl_oc3\/5.1.0":["{{f}}",5779458,1383546],"chl_oc3\/5.1.1":["{{f}}",7163004,2883034],"chl_oc3\/5.1.2":["{{f}}",10046038,2445859],"chl_oc3\/5.1.3":["{{f}}",12491897,2512759],"chl_oc3\/5.1.4":["{{f}}",15004656,841338],"chl_oc3\/5.2.0":["{{f}}",15845994,1298576],"chl_oc3\/5.2.1":["{{f}}",17144570,3244211],"chl_oc3\/5.2.2":["{{f}}",20388781,104666],"chl_oc3\/5.2.3":["{{f}}",20493447,2348921],"chl_oc3\/5.2.4":["{{f}}",22842368,417665],"chl_oc3\/5.3.0":["{{f}}",23260033,402181],"chl_oc3\/5.3.1":["{{f}}",23662214,1422941],"chl_oc3\/5.3.2":["{{f}}",25085155,1772434],"chl_oc3\/5.3.3":["{{f}}",26857589,1760010],"chl_oc3\/5.3.4":["{{f}}",28617599,956130],"chl_oc3\/5.4.0":["{{f}}",29573729,23746],"chl_oc3\/5.4.1":["{{f}}",29597475,24851],"chl_oc3\/5.4.2":["{{f}}",29622326,1207462],"chl_oc3\/5.4.3":["{{f}}",30829788,1065150],"chl_oc3\/5.4.4":["{{f}}",31894938,766735],"chl_oc3\/6.0.0":["{{g}}",151221,134375],"chl_oc3\/6.0.1":["{{g}}",285596,552665],"chl_oc3\/6.0.2":["{{g}}",838261,1084600],"chl_oc3\/6.0.3":["{{g}}",1922861,601944],"chl_oc3\/6.0.4":["{{g}}",2524805,1240495],"chl_oc3\/6.1.0":["{{g}}",3765300,1897425],"chl_oc3\/6.1.1":["{{g}}",5662725,3011045],"chl_oc3\/6.1.2":["{{g}}",8673770,2261045],"chl_oc3\/6.1.3":["{{g}}",10934815,1402066],"chl_oc3\/6.1.4":["{{g}}",12336881,1284185],"chl_oc3\/6.2.0":["{{g}}",13621066,3715252],"chl_oc3\/6.2.1":["{{g}}",17336318,3054689],"chl_oc3\/6.2.2":["{{g}}",20391007,103611],"chl_oc3\/6.2.3":["{{g}}",20494618,984895],"chl_oc3\/6.2.4":["{{g}}",21479513,4394091],"chl_oc3\/6.3.0":["{{g}}",25873604,1203292],"chl_oc3\/6.3.1":["{{g}}",27076896,1712006],"chl_oc3\/6.3.2":["{{g}}",28788902,1728327],"chl_oc3\/6.3.3":["{{g}}",30517229,1628243],"chl_oc3\/6.3.4":["{{g}}",32145472,3350426],"chl_oc3\/6.4.0":["{{g}}",35495898,96614],"chl_oc3\/6.4.1":["{{g}}",35592512,44643],"chl_oc3\/6.4.2":["{{g}}",35637155,21008],"chl_oc3\/6.4.3":["{{g}}",35658163,1403114],"chl_oc3\/6.4.4":["{{g}}",37061277,898269],"chl_oc3\/7.0.0":["{{h}}",151221,59173],"chl_oc3\/7.0.1":["{{h}}",210394,472963],"chl_oc3\/7.0.2":["{{h}}",683357,1217992],"chl_oc3\/7.0.3":["{{h}}",1901349,301828],"chl_oc3\/7.0.4":["{{h}}",2203177,10921],"chl_oc3\/7.1.0":["{{h}}",2214098,1553979],"chl_oc3\/7.1.1":["{{h}}",3768077,2967482],"chl_oc3\/7.1.2":["{{h}}",6735559,3059127],"chl_oc3\/7.1.3":["{{h}}",9794686,934620],"chl_oc3\/7.1.4":["{{h}}",10729306,107426],"chl_oc3\/7.2.0":["{{h}}",10836732,1345792],"chl_oc3\/7.2.1":["{{h}}",12182524,4757636],"chl_oc3\/7.2.2":["{{h}}",16940160,113824],"chl_oc3\/7.2.3":["{{h}}",17053984,1763000],"chl_oc3\/7.2.4":["{{h}}",18816984,962455],"chl_oc3\/7.3.0":["{{h}}",19779439,235175],"chl_oc3\/7.3.1":["{{h}}",20014614,2314446],"chl_oc3\/7.3.2":["{{h}}",22329060,1746461],"chl_oc3\/7.3.3":["{{h}}",24075521,2254725],"chl_oc3\/7.3.4":["{{h}}",26330246,1335400],"chl_oc3\/7.4.0":["{{h}}",27665646,25301],"chl_oc3\/7.4.1":["{{h}}",27690947,254521],"chl_oc3\/7.4.2":["{{h}}",27945468,60022],"chl_oc3\/7.4.3":["{{h}}",28005490,89681],"chl_oc3\/7.4.4":["{{h}}",28095171,720641],"chl_oc3\/8.0.0":["{{i}}",151221,186539],"chl_oc3\/8.0.1":["{{i}}",337760,865849],"chl_oc3\/8.0.2":["{{i}}",1203609,754586],"chl_oc3\/8.0.3":["{{i}}",1958195,441127],"chl_oc3\/8.0.4":["{{i}}",2399322,861420],"chl_oc3\/8.1.0":["{{i}}",3260742,2633648],"chl_oc3\/8.1.1":["{{i}}",5894390,3642223],"chl_oc3\/8.1.2":["{{i}}",9536613,2191342],"chl_oc3\/8.1.3":["{{i}}",11727955,1014069],"chl_oc3\/8.1.4":["{{i}}",12742024,2174411],"chl_oc3\/8.2.0":["{{i}}",14916435,3062977],"chl_oc3\/8.2.1":["{{i}}",17979412,2937087],"chl_oc3\/8.2.2":["{{i}}",20916499,112567],"chl_oc3\/8.2.3":["{{i}}",21029066,676988],"chl_oc3\/8.2.4":["{{i}}",21706054,3644623],"chl_oc3\/8.3.0":["{{i}}",25350677,1271286],"chl_oc3\/8.3.1":["{{i}}",26621963,1065953],"chl_oc3\/8.3.2":["{{i}}",27687916,1360848],"chl_oc3\/8.3.3":["{{i}}",29048764,2314012],"chl_oc3\/8.3.4":["{{i}}",31362776,3406940],"chl_oc3\/8.4.0":["{{i}}",34769716,82866],"chl_oc3\/8.4.1":["{{i}}",34852582,52212],"chl_oc3\/8.4.2":["{{i}}",34904794,512523],"chl_oc3\/8.4.3":["{{i}}",35417317,775691],"chl_oc3\/8.4.4":["{{i}}",36193008,24427],"chl_oc3\/9.0.0":["{{j}}",151221,81497],"chl_oc3\/9.0.1":["{{j}}",232718,461770],"chl_oc3\/9.0.2":["{{j}}",694488,971589],"chl_oc3\/9.0.3":["{{j}}",1666077,805660],"chl_oc3\/9.0.4":["{{j}}",2471737,36898],"chl_oc3\/9.1.0":["{{j}}",2508635,493170],"chl_oc3\/9.1.1":["{{j}}",3001805,3865619],"chl_oc3\/9.1.2":["{{j}}",6867424,2517062],"chl_oc3\/9.1.3":["{{j}}",9384486,1251129],"chl_oc3\/9.1.4":["{{j}}",10635615,186413],"chl_oc3\/9.2.0":["{{j}}",10822028,251660],"chl_oc3\/9.2.1":["{{j}}",11073688,3639839],"chl_oc3\/9.2.2":["{{j}}",14713527,20660],"chl_oc3\/9.2.3":["{{j}}",14734187,1204254],"chl_oc3\/9.2.4":["{{j}}",15938441,2185280],"chl_oc3\/9.3.0":["{{j}}",18123721,13963],"chl_oc3\/9.3.1":["{{j}}",18137684,592396],"chl_oc3\/9.3.2":["{{j}}",18730080,1192637],"chl_oc3\/9.3.3":["{{j}}",19922717,2151655],"chl_oc3\/9.3.4":["{{j}}",22074372,2927363],"chl_oc3\/9.4.0":["{{j}}",25001735,10921],"chl_oc3\/9.4.1":["{{j}}",25012656,628059],"chl_oc3\/9.4.2":["{{j}}",25640715,783622],"chl_oc3\/9.4.3":["{{j}}",26424337,1001737],"chl_oc3\/9.4.4":["{{j}}",27426074,804999],"chl_oc3\/10.0.0":["{{k}}",151221,514089],"chl_oc3\/10.0.1":["{{k}}",665310,323679],"chl_oc3\/10.0.2":["{{k}}",988989,575047],"chl_oc3\/10.0.3":["{{k}}",1564036,695438],"chl_oc3\/10.0.4":["{{k}}",2259474,2344511],"chl_oc3\/10.1.0":["{{k}}",4603985,1740323],"chl_oc3\/10.1.1":["{{k}}",6344308,3186496],"chl_oc3\/10.1.2":["{{k}}",9530804,2238732],"chl_oc3\/10.1.3":["{{k}}",11769536,1307772],"chl_oc3\/10.1.4":["{{k}}",13077308,2027442],"chl_oc3\/10.2.0":["{{k}}",15104750,3086569],"chl_oc3\/10.2.1":["{{k}}",18191319,2416021],"chl_oc3\/10.2.2":["{{k}}",20607340,142149],"chl_oc3\/10.2.3":["{{k}}",20749489,19233],"chl_oc3\/10.2.4":["{{k}}",20768722,4644183],"chl_oc3\/10.3.0":["{{k}}",25412905,839328],"chl_oc3\/10.3.1":["{{k}}",26252233,2623356],"chl_oc3\/10.3.2":["{{k}}",28875589,1078365],"chl_oc3\/10.3.3":["{{k}}",29953954,2358320],"chl_oc3\/10.3.4":["{{k}}",32312274,3053918],"chl_oc3\/10.4.0":["{{k}}",35366192,66610],"chl_oc3\/10.4.1":["{{k}}",35432802,215443],"chl_oc3\/10.4.2":["{{k}}",35648245,316824],"chl_oc3\/10.4.3":["{{k}}",35965069,1348185],"chl_oc3\/10.4.4":["{{k}}",37313254,465383],"chl_oc3\/11.0.0":["{{l}}",151221,59643],"chl_oc3\/11.0.1":["{{l}}",210864,768569],"chl_oc3\/11.0.2":["{{l}}",979433,741315],"chl_oc3\/11.0.3":["{{l}}",1720748,2465558],"chl_oc3\/11.0.4":["{{l}}",4186306,809157],"chl_oc3\/11.1.0":["{{l}}",4995463,52509],"chl_oc3\/11.1.1":["{{l}}",5047972,5009333],"chl_oc3\/11.1.2":["{{l}}",10057305,2859335],"chl_oc3\/11.1.3":["{{l}}",12916640,2585068],"chl_oc3\/11.1.4":["{{l}}",15501708,837221],"chl_oc3\/11.2.0":["{{l}}",16338929,2904594],"chl_oc3\/11.2.1":["{{l}}",19243523,2902105],"chl_oc3\/11.2.2":["{{l}}",22145628,39494],"chl_oc3\/11.2.3":["{{l}}",22185122,67967],"chl_oc3\/11.2.4":["{{l}}",22253089,804049],"chl_oc3\/11.3.0":["{{l}}",23057138,1878150],"chl_oc3\/11.3.1":["{{l}}",24935288,2712232],"chl_oc3\/11.3.2":["{{l}}",27647520,1444294],"chl_oc3\/11.3.3":["{{l}}",29091814,1431310],"chl_oc3\/11.3.4":["{{l}}",30523124,3070466],"chl_oc3\/11.4.0":["{{l}}",33593590,413138],"chl_oc3\/11.4.1":["{{l}}",34006728,165964],"chl_oc3\/11.4.2":["{{l}}",34172692,457394],"chl_oc3\/11.4.3":["{{l}}",34630086,768488],"chl_oc3\/11.4.4":["{{l}}",35398574,2658476],"chl_oc3\/12.0.0":["{{m}}",151221,1038142],"chl_oc3\/12.0.1":["{{m}}",1189363,350876],"chl_oc3\/12.0.2":["{{m}}",1540239,623678],"chl_oc3\/12.0.3":["{{m}}",2163917,2564522],"chl_oc3\/12.0.4":["{{m}}",4728439,3869655],"chl_oc3\/12.1.0":["{{m}}",8598094,1773696],"chl_oc3\/12.1.1":["{{m}}",10371790,3168295],"chl_oc3\/12.1.2":["{{m}}",13540085,2818164],"chl_oc3\/12.1.3":["{{m}}",16358249,3054249],"chl_oc3\/12.1.4":["{{m}}",19412498,1716608],"chl_oc3\/12.2.0":["{{m}}",21129106,1922663],"chl_oc3\/12.2.1":["{{m}}",23051769,3492820],"chl_oc3\/12.2.2":["{{m}}",26544589,108523],"chl_oc3\/12.2.3":["{{m}}",26653112,2134605],"chl_oc3\/12.2.4":["{{m}}",28787717,1359116],"chl_oc3\/12.3.0":["{{m}}",30146833,452794],"chl_oc3\/12.3.1":["{{m}}",30599627,2605065],"chl_oc3\/12.3.2":["{{m}}",33204692,2026538],"chl_oc3\/12.3.3":["{{m}}",35231230,1203079],"chl_oc3\/12.3.4":["{{m}}",36434309,713817],"chl_oc3\/12.4.0":["{{m}}",37148126,14131],"chl_oc3\/12.4.1":["{{m}}",37162257,155636],"chl_oc3\/12.4.2":["{{m}}",37317893,404772],"chl_oc3\/12.4.3":["{{m}}",37722665,1025602],"chl_oc3\/12.4.4":["{{m}}",38748267,453785],"chl_oc3\/13.0.0":["{{n}}",151221,3274850],"chl_oc3\/13.0.1":["{{n}}",3426071,1596700],"chl_oc3\/13.0.2":["{{n}}",5022771,367104],"chl_oc3\/13.0.3":["{{n}}",5389875,2944798],"chl_oc3\/13.0.4":["{{n}}",8334673,1691658],"chl_oc3\/13.1.0":["{{n}}",10026331,3260029],"chl_oc3\/13.1.1":["{{n}}",13286360,5111634],"chl_oc3\/13.1.2":["{{n}}",18397994,3059278],"chl_oc3\/13.1.3":["{{n}}",21457272,3109728],"chl_oc3\/13.1.4":["{{n}}",24567000,2401083],"chl_oc3\/13.2.0":["{{n}}",26968083,3370943],"chl_oc3\/13.2.1":["{{n}}",30339026,3363688],"chl_oc3\/13.2.2":["{{n}}",33702714,119231],"chl_oc3\/13.2.3":["{{n}}",33821945,1377529],"chl_oc3\/13.2.4":["{{n}}",35199474,1561012],"chl_oc3\/13.3.0":["{{n}}",36760486,1442057],"chl_oc3\/13.3.1":["{{n}}",38202543,1659070],"chl_oc3\/13.3.2":["{{n}}",39861613,2344984],"chl_oc3\/13.3.3":["{{n}}",42206597,920712],"chl_oc3\/13.3.4":["{{n}}",43127309,2049706],"chl_oc3\/13.4.0":["{{n}}",45177015,192241],"chl_oc3\/13.4.1":["{{n}}",45369256,745353],"chl_oc3\/13.4.2":["{{n}}",46114609,391807],"chl_oc3\/13.4.3":["{{n}}",46506416,492978],"chl_oc3\/13.4.4":["{{n}}",46999394,1596066],"chl_oc3\/14.0.0":["{{o}}",151221,1018541],"chl_oc3\/14.0.1":["{{o}}",1169762,833892],"chl_oc3\/14.0.2":["{{o}}",2003654,1039739],"chl_oc3\/14.0.3":["{{o}}",3043393,3366042],"chl_oc3\/14.0.4":["{{o}}",6409435,3972252],"chl_oc3\/14.1.0":["{{o}}",10381687,424354],"chl_oc3\/14.1.1":["{{o}}",10806041,1653029],"chl_oc3\/14.1.2":["{{o}}",12459070,3260693],"chl_oc3\/14.1.3":["{{o}}",15719763,2434726],"chl_oc3\/14.1.4":["{{o}}",18154489,472082],"chl_oc3\/14.2.0":["{{o}}",18626571,90762],"chl_oc3\/14.2.1":["{{o}}",18717333,1046709],"chl_oc3\/14.2.2":["{{o}}",19764042,144058],"chl_oc3\/14.2.3":["{{o}}",19908100,3229785],"chl_oc3\/14.2.4":["{{o}}",23137885,931169],"chl_oc3\/14.3.0":["{{o}}",24069054,172342],"chl_oc3\/14.3.1":["{{o}}",24241396,1254056],"chl_oc3\/14.3.2":["{{o}}",25495452,2334217],"chl_oc3\/14.3.3":["{{o}}",27829669,1093280],"chl_oc3\/14.3.4":["{{o}}",28922949,328184],"chl_oc3\/14.4.0":["{{o}}",29251133,24151],"chl_oc3\/14.4.1":["{{o}}",29275284,1043940],"chl_oc3\/14.4.2":["{{o}}",30319224,14187],"chl_oc3\/14.4.3":["{{o}}",30333411,261920],"chl_oc3\/14.4.4":["{{o}}",30595331,853138],"chl_oc3\/15.0.0":["{{p}}",151221,4263783],"chl_oc3\/15.0.1":["{{p}}",4415004,1874240],"chl_oc3\/15.0.2":["{{p}}",6289244,1251875],"chl_oc3\/15.0.3":["{{p}}",7541119,2684102],"chl_oc3\/15.0.4":["{{p}}",10225221,2475385],"chl_oc3\/15.1.0":["{{p}}",12700606,3017251],"chl_oc3\/15.1.1":["{{p}}",15717857,4230315],"chl_oc3\/15.1.2":["{{p}}",19948172,3224581],"chl_oc3\/15.1.3":["{{p}}",23172753,1782776],"chl_oc3\/15.1.4":["{{p}}",24955529,2772577],"chl_oc3\/15.2.0":["{{p}}",27728106,2551809],"chl_oc3\/15.2.1":["{{p}}",30279915,2329193],"chl_oc3\/15.2.2":["{{p}}",32609108,106065],"chl_oc3\/15.2.3":["{{p}}",32715173,625837],"chl_oc3\/15.2.4":["{{p}}",33341010,1935996],"chl_oc3\/15.3.0":["{{p}}",35277006,1552809],"chl_oc3\/15.3.1":["{{p}}",36829815,2679246],"chl_oc3\/15.3.2":["{{p}}",39509061,476424],"chl_oc3\/15.3.3":["{{p}}",39985485,1498001],"chl_oc3\/15.3.4":["{{p}}",41483486,1089817],"chl_oc3\/15.4.0":["{{p}}",42573303,200800],"chl_oc3\/15.4.1":["{{p}}",42774103,836070],"chl_oc3\/15.4.2":["{{p}}",43610173,19958],"chl_oc3\/15.4.3":["{{p}}",43630131,163468],"chl_oc3\/15.4.4":["{{p}}",43793599,1069599],"chl_oc3\/16.0.0":["{{q}}",151221,1641362],"chl_oc3\/16.0.1":["{{q}}",1792583,1728592],"chl_oc3\/16.0.2":["{{q}}",3521175,2270168],"chl_oc3\/16.0.3":["{{q}}",5791343,3777449],"chl_oc3\/16.0.4":["{{q}}",9568792,58345],"chl_oc3\/16.1.0":["{{q}}",9627137,909363],"chl_oc3\/16.1.1":["{{q}}",10536500,4369554],"chl_oc3\/16.1.2":["{{q}}",14906054,4461517],"chl_oc3\/16.1.3":["{{q}}",19367571,2791188],"chl_oc3\/16.1.4":["{{q}}",22158759,291251],"chl_oc3\/16.2.0":["{{q}}",22450010,101701],"chl_oc3\/16.2.1":["{{q}}",22551711,2045743],"chl_oc3\/16.2.2":["{{q}}",24597454,73095],"chl_oc3\/16.2.3":["{{q}}",24670549,2085235],"chl_oc3\/16.2.4":["{{q}}",26755784,762018],"chl_oc3\/16.3.0":["{{q}}",27517802,16244],"chl_oc3\/16.3.1":["{{q}}",27534046,1649543],"chl_oc3\/16.3.2":["{{q}}",29183589,3808764],"chl_oc3\/16.3.3":["{{q}}",32992353,1250041],"chl_oc3\/16.3.4":["{{q}}",34242394,873871],"chl_oc3\/16.4.0":["{{q}}",35116265,10921],"chl_oc3\/16.4.1":["{{q}}",35127186,689096],"chl_oc3\/16.4.2":["{{q}}",35816282,474226],"chl_oc3\/16.4.3":["{{q}}",36290508,207248],"chl_oc3\/16.4.4":["{{q}}",36497756,716958],"chl_oc3\/17.0.0":["{{r}}",151221,4286462],"chl_oc3\/17.0.1":["{{r}}",4437683,2276882],"chl_oc3\/17.0.2":["{{r}}",6714565,2588994],"chl_oc3\/17.0.3":["{{r}}",9303559,1820103],"chl_oc3\/17.0.4":["{{r}}",11123662,1962649],"chl_oc3\/17.1.0":["{{r}}",13086311,2210830],"chl_oc3\/17.1.1":["{{r}}",15297141,4354858],"chl_oc3\/17.1.2":["{{r}}",19651999,3074401],"chl_oc3\/17.1.3":["{{r}}",22726400,2095277],"chl_oc3\/17.1.4":["{{r}}",24821677,4055616],"chl_oc3\/17.2.0":["{{r}}",28877293,2792490],"chl_oc3\/17.2.1":["{{r}}",31669783,1747483],"chl_oc3\/17.2.2":["{{r}}",33417266,115356],"chl_oc3\/17.2.3":["{{r}}",33532622,1237253],"chl_oc3\/17.2.4":["{{r}}",34769875,2326726],"chl_oc3\/17.3.0":["{{r}}",37096601,909584],"chl_oc3\/17.3.1":["{{r}}",38006185,2019921],"chl_oc3\/17.3.2":["{{r}}",40026106,1918034],"chl_oc3\/17.3.3":["{{r}}",41944140,1156276],"chl_oc3\/17.3.4":["{{r}}",43100416,1342173],"chl_oc3\/17.4.0":["{{r}}",44442589,442616],"chl_oc3\/17.4.1":["{{r}}",44885205,603181],"chl_oc3\/17.4.2":["{{r}}",45488386,117735],"chl_oc3\/17.4.3":["{{r}}",45606121,760883],"chl_oc3\/17.4.4":["{{r}}",46367004,237079],"chl_oc3\/18.0.0":["{{s}}",151221,564389],"chl_oc3\/18.0.1":["{{s}}",715610,1341325],"chl_oc3\/18.0.2":["{{s}}",2056935,3826928],"chl_oc3\/18.0.3":["{{s}}",5883863,2210287],"chl_oc3\/18.0.4":["{{s}}",8094150,562842],"chl_oc3\/18.1.0":["{{s}}",8656992,477217],"chl_oc3\/18.1.1":["{{s}}",9134209,4888591],"chl_oc3\/18.1.2":["{{s}}",14022800,3982991],"chl_oc3\/18.1.3":["{{s}}",18005791,1994733],"chl_oc3\/18.1.4":["{{s}}",20000524,662432],"chl_oc3\/18.2.0":["{{s}}",20662956,23524],"chl_oc3\/18.2.1":["{{s}}",20686480,2413676],"chl_oc3\/18.2.2":["{{s}}",23100156,10921],"chl_oc3\/18.2.3":["{{s}}",23111077,2271604],"chl_oc3\/18.2.4":["{{s}}",25382681,1083467],"chl_oc3\/18.3.0":["{{s}}",26466148,398426],"chl_oc3\/18.3.1":["{{s}}",26864574,1901180],"chl_oc3\/18.3.2":["{{s}}",28765754,2012582],"chl_oc3\/18.3.3":["{{s}}",30778336,1951192],"chl_oc3\/18.3.4":["{{s}}",32729528,1337148],"chl_oc3\/18.4.0":["{{s}}",34066676,343750],"chl_oc3\/18.4.1":["{{s}}",34410426,978378],"chl_oc3\/18.4.2":["{{s}}",35388804,518461],"chl_oc3\/18.4.3":["{{s}}",35907265,74015],"chl_oc3\/18.4.4":["{{s}}",35981280,78509],"chl_oc3\/19.0.0":["{{t}}",151221,3712637],"chl_oc3\/19.0.1":["{{t}}",3863858,1606929],"chl_oc3\/19.0.2":["{{t}}",5470787,2096251],"chl_oc3\/19.0.3":["{{t}}",7567038,2261993],"chl_oc3\/19.0.4":["{{t}}",9829031,2225499],"chl_oc3\/19.1.0":["{{t}}",12054530,2141931],"chl_oc3\/19.1.1":["{{t}}",14196461,3602785],"chl_oc3\/19.1.2":["{{t}}",17799246,3395241],"chl_oc3\/19.1.3":["{{t}}",21194487,2775123],"chl_oc3\/19.1.4":["{{t}}",23969610,1791063],"chl_oc3\/19.2.0":["{{t}}",25760673,1728952],"chl_oc3\/19.2.1":["{{t}}",27489625,1870355],"chl_oc3\/19.2.2":["{{t}}",29359980,105362],"chl_oc3\/19.2.3":["{{t}}",29465342,1527329],"chl_oc3\/19.2.4":["{{t}}",30992671,2005637],"chl_oc3\/19.3.0":["{{t}}",32998308,610360],"chl_oc3\/19.3.1":["{{t}}",33608668,1968352],"chl_oc3\/19.3.2":["{{t}}",35577020,2449802],"chl_oc3\/19.3.3":["{{t}}",38026822,1277719],"chl_oc3\/19.3.4":["{{t}}",39304541,1016940],"chl_oc3\/19.4.0":["{{t}}",40321481,47229],"chl_oc3\/19.4.1":["{{t}}",40368710,378723],"chl_oc3\/19.4.2":["{{t}}",40747433,206607],"chl_oc3\/19.4.3":["{{t}}",40954040,127382],"chl_oc3\/19.4.4":["{{t}}",41081422,30414],"chl_oc3\/20.0.0":["{{u}}",151221,1164634],"chl_oc3\/20.0.1":["{{u}}",1315855,1672690],"chl_oc3\/20.0.2":["{{u}}",2988545,3542303],"chl_oc3\/20.0.3":["{{u}}",6530848,2082641],"chl_oc3\/20.0.4":["{{u}}",8613489,352220],"chl_oc3\/20.1.0":["{{u}}",8965709,1551053],"chl_oc3\/20.1.1":["{{u}}",10516762,4134028],"chl_oc3\/20.1.2":["{{u}}",14650790,2934795],"chl_oc3\/20.1.3":["{{u}}",17585585,1230394],"chl_oc3\/20.1.4":["{{u}}",18815979,937392],"chl_oc3\/20.2.0":["{{u}}",19753371,2464653],"chl_oc3\/20.2.1":["{{u}}",22218024,1827987],"chl_oc3\/20.2.2":["{{u}}",24046011,58668],"chl_oc3\/20.2.3":["{{u}}",24104679,1993354],"chl_oc3\/20.2.4":["{{u}}",26098033,723124],"chl_oc3\/20.3.0":["{{u}}",26821157,1016670],"chl_oc3\/20.3.1":["{{u}}",27837827,866644],"chl_oc3\/20.3.2":["{{u}}",28704471,1859755],"chl_oc3\/20.3.3":["{{u}}",30564226,1096599],"chl_oc3\/20.3.4":["{{u}}",31660825,1153975],"chl_oc3\/20.4.0":["{{u}}",32814800,452234],"chl_oc3\/20.4.1":["{{u}}",33267034,444426],"chl_oc3\/20.4.2":["{{u}}",33711460,554330],"chl_oc3\/20.4.3":["{{u}}",34265790,436443],"chl_oc3\/20.4.4":["{{u}}",34702233,422726],"chl_oc3\/21.0.0":["{{v}}",151221,1630395],"chl_oc3\/21.0.1":["{{v}}",1781616,728969],"chl_oc3\/21.0.2":["{{v}}",2510585,3081064],"chl_oc3\/21.0.3":["{{v}}",5591649,2671727],"chl_oc3\/21.0.4":["{{v}}",8263376,4103075],"chl_oc3\/21.1.0":["{{v}}",12366451,2777889],"chl_oc3\/21.1.1":["{{v}}",15144340,3027742],"chl_oc3\/21.1.2":["{{v}}",18172082,3212468],"chl_oc3\/21.1.3":["{{v}}",21384550,2464183],"chl_oc3\/21.1.4":["{{v}}",23848733,1842766],"chl_oc3\/21.2.0":["{{v}}",25691499,1632689],"chl_oc3\/21.2.1":["{{v}}",27324188,1912440],"chl_oc3\/21.2.2":["{{v}}",29236628,66506],"chl_oc3\/21.2.3":["{{v}}",29303134,2726522],"chl_oc3\/21.2.4":["{{v}}",32029656,433500],"chl_oc3\/21.3.0":["{{v}}",32463156,282713],"chl_oc3\/21.3.1":["{{v}}",32745869,698851],"chl_oc3\/21.3.2":["{{v}}",33444720,1529405],"chl_oc3\/21.3.3":["{{v}}",34974125,2617472],"chl_oc3\/21.3.4":["{{v}}",37591597,930083],"chl_oc3\/21.4.0":["{{v}}",38521680,66226],"chl_oc3\/21.4.1":["{{v}}",38587906,700911],"chl_oc3\/21.4.2":["{{v}}",39288817,1164191],"chl_oc3\/21.4.3":["{{v}}",40453008,355229],"chl_oc3\/21.4.4":["{{v}}",40808237,169541],"chl_oc3\/22.0.0":["{{w}}",151221,2525437],"chl_oc3\/22.0.1":["{{w}}",2676658,2940909],"chl_oc3\/22.0.2":["{{w}}",5617567,2953195],"chl_oc3\/22.0.3":["{{w}}",8570762,1482468],"chl_oc3\/22.0.4":["{{w}}",10053230,479908],"chl_oc3\/22.1.0":["{{w}}",10533138,4200688],"chl_oc3\/22.1.1":["{{w}}",14733826,4305177],"chl_oc3\/22.1.2":["{{w}}",19039003,2898820],"chl_oc3\/22.1.3":["{{w}}",21937823,1178010],"chl_oc3\/22.1.4":["{{w}}",23115833,1426443],"chl_oc3\/22.2.0":["{{w}}",24542276,2583658],"chl_oc3\/22.2.1":["{{w}}",27125934,1709427],"chl_oc3\/22.2.2":["{{w}}",28835361,86182],"chl_oc3\/22.2.3":["{{w}}",28921543,1212114],"chl_oc3\/22.2.4":["{{w}}",30133657,3206120],"chl_oc3\/22.3.0":["{{w}}",33339777,679141],"chl_oc3\/22.3.1":["{{w}}",34018918,1337939],"chl_oc3\/22.3.2":["{{w}}",35356857,1102317],"chl_oc3\/22.3.3":["{{w}}",36459174,2268366],"chl_oc3\/22.3.4":["{{w}}",38727540,3313408],"chl_oc3\/22.4.0":["{{w}}",42040948,98880],"chl_oc3\/22.4.1":["{{w}}",42139828,237469],"chl_oc3\/22.4.2":["{{w}}",42377297,1130227],"chl_oc3\/22.4.3":["{{w}}",43507524,1160275],"chl_oc3\/22.4.4":["{{w}}",44667799,529921],"chl_oc3\/23.0.0":["{{x}}",151221,797036],"chl_oc3\/23.0.1":["{{x}}",948257,819673],"chl_oc3\/23.0.2":["{{x}}",1767930,1596591],"chl_oc3\/23.0.3":["{{x}}",3364521,1663846],"chl_oc3\/23.0.4":["{{x}}",5028367,10921],"chl_oc3\/23.1.0":["{{x}}",5039288,1481180],"chl_oc3\/23.1.1":["{{x}}",6520468,2697452],"chl_oc3\/23.1.2":["{{x}}",9217920,3157037],"chl_oc3\/23.1.3":["{{x}}",12374957,1507726],"chl_oc3\/23.1.4":["{{x}}",13882683,10921],"chl_oc3\/23.2.0":["{{x}}",13893604,284667],"chl_oc3\/23.2.1":["{{x}}",14178271,3874599],"chl_oc3\/23.2.2":["{{x}}",18052870,109512],"chl_oc3\/23.2.3":["{{x}}",18162382,2033350],"chl_oc3\/23.2.4":["{{x}}",20195732,1237207],"chl_oc3\/23.3.0":["{{x}}",21432939,11068],"chl_oc3\/23.3.1":["{{x}}",21444007,908072],"chl_oc3\/23.3.2":["{{x}}",22352079,1556722],"chl_oc3\/23.3.3":["{{x}}",23908801,1205456],"chl_oc3\/23.3.4":["{{x}}",25114257,2736854],"chl_oc3\/23.4.0":["{{x}}",27851111,10921],"chl_oc3\/23.4.1":["{{x}}",27862032,24838],"chl_oc3\/23.4.2":["{{x}}",27886870,857494],"chl_oc3\/23.4.3":["{{x}}",28744364,588593],"chl_oc3\/23.4.4":["{{x}}",29332957,762532],"chl_oc3\/24.0.0":["{{y}}",151221,3175197],"chl_oc3\/24.0.1":["{{y}}",3326418,989240],"chl_oc3\/24.0.2":["{{y}}",4315658,2043690],"chl_oc3\/24.0.3":["{{y}}",6359348,1481883],"chl_oc3\/24.0.4":["{{y}}",7841231,745074],"chl_oc3\/24.1.0":["{{y}}",8586305,3941288],"chl_oc3\/24.1.1":["{{y}}",12527593,3738950],"chl_oc3\/24.1.2":["{{y}}",16266543,2439852],"chl_oc3\/24.1.3":["{{y}}",18706395,745473],"chl_oc3\/24.1.4":["{{y}}",19451868,1167408],"chl_oc3\/24.2.0":["{{y}}",20619276,2048289],"chl_oc3\/24.2.1":["{{y}}",22667565,1981861],"chl_oc3\/24.2.2":["{{y}}",24649426,109094],"chl_oc3\/24.2.3":["{{y}}",24758520,956167],"chl_oc3\/24.2.4":["{{y}}",25714687,4815059],"chl_oc3\/24.3.0":["{{y}}",30529746,194876],"chl_oc3\/24.3.1":["{{y}}",30724622,836408],"chl_oc3\/24.3.2":["{{y}}",31561030,860940],"chl_oc3\/24.3.3":["{{y}}",32421970,1875304],"chl_oc3\/24.3.4":["{{y}}",34297274,3270154],"chl_oc3\/24.4.0":["{{y}}",37567428,161920],"chl_oc3\/24.4.1":["{{y}}",37729348,338791],"chl_oc3\/24.4.2":["{{y}}",38068139,10921],"chl_oc3\/24.4.3":["{{y}}",38079060,1726010],"chl_oc3\/24.4.4":["{{y}}",39805070,59442],"chl_oc3\/25.0.0":["{{z}}",151221,1285064],"chl_oc3\/25.0.1":["{{z}}",1436285,435553],"chl_oc3\/25.0.2":["{{z}}",1871838,2301830],"chl_oc3\/25.0.3":["{{z}}",4173668,2156930],"chl_oc3\/25.0.4":["{{z}}",6330598,10921],"chl_oc3\/25.1.0":["{{z}}",6341519,627504],"chl_oc3\/25.1.1":["{{z}}",6969023,3234901],"chl_oc3\/25.1.2":["{{z}}",10203924,2942054],"chl_oc3\/25.1.3":["{{z}}",13145978,914558],"chl_oc3\/25.1.4":["{{z}}",14060536,169751],"chl_oc3\/25.2.0":["{{z}}",14230287,136151],"chl_oc3\/25.2.1":["{{z}}",14366438,2044937],"chl_oc3\/25.2.2":["{{z}}",16411375,22793],"chl_oc3\/25.2.3":["{{z}}",16434168,1832443],"chl_oc3\/25.2.4":["{{z}}",18266611,1383182],"chl_oc3\/25.3.0":["{{z}}",19649793,12726],"chl_oc3\/25.3.1":["{{z}}",19662519,1920128],"chl_oc3\/25.3.2":["{{z}}",21582647,507261],"chl_oc3\/25.3.3":["{{z}}",22089908,1209314],"chl_oc3\/25.3.4":["{{z}}",23299222,793900],"chl_oc3\/25.4.0":["{{z}}",24093122,10921],"chl_oc3\/25.4.1":["{{z}}",24104043,595546],"chl_oc3\/25.4.2":["{{z}}",24699589,515304],"chl_oc3\/25.4.3":["{{z}}",25214893,501639],"chl_oc3\/25.4.4":["{{z}}",25716532,1109564],"chl_oc3\/26.0.0":["{{A}}",151221,3082389],"chl_oc3\/26.0.1":["{{A}}",3233610,589059],"chl_oc3\/26.0.2":["{{A}}",3822669,1626403],"chl_oc3\/26.0.3":["{{A}}",5449072,1764852],"chl_oc3\/26.0.4":["{{A}}",7213924,863446],"chl_oc3\/26.1.0":["{{A}}",8077370,3415310],"chl_oc3\/26.1.1":["{{A}}",11492680,2720443],"chl_oc3\/26.1.2":["{{A}}",14213123,2689114],"chl_oc3\/26.1.3":["{{A}}",16902237,916145],"chl_oc3\/26.1.4":["{{A}}",17818382,2420374],"chl_oc3\/26.2.0":["{{A}}",20238756,2897444],"chl_oc3\/26.2.1":["{{A}}",23136200,1469324],"chl_oc3\/26.2.2":["{{A}}",24605524,110521],"chl_oc3\/26.2.3":["{{A}}",24716045,1259721],"chl_oc3\/26.2.4":["{{A}}",25975766,2947426],"chl_oc3\/26.3.0":["{{A}}",28923192,559315],"chl_oc3\/26.3.1":["{{A}}",29482507,1865565],"chl_oc3\/26.3.2":["{{A}}",31348072,745325],"chl_oc3\/26.3.3":["{{A}}",32093397,1583900],"chl_oc3\/26.3.4":["{{A}}",33677297,1230726],"chl_oc3\/26.4.0":["{{A}}",34908023,11037],"chl_oc3\/26.4.1":["{{A}}",34919060,11312],"chl_oc3\/26.4.2":["{{A}}",34930372,350037],"chl_oc3\/26.4.3":["{{A}}",35280409,1008216],"chl_oc3\/26.4.4":["{{A}}",36288625,16689],"chl_oc3\/27.0.0":["{{B}}",151221,210725],"chl_oc3\/27.0.1":["{{B}}",361946,2031330],"chl_oc3\/27.0.2":["{{B}}",2393276,454038],"chl_oc3\/27.0.3":["{{B}}",2847314,1118054],"chl_oc3\/27.0.4":["{{B}}",3965368,55511],"chl_oc3\/27.1.0":["{{B}}",4020879,221925],"chl_oc3\/27.1.1":["{{B}}",4242804,4325310],"chl_oc3\/27.1.2":["{{B}}",8568114,2863792],"chl_oc3\/27.1.3":["{{B}}",11431906,1070905],"chl_oc3\/27.1.4":["{{B}}",12502811,295005],"chl_oc3\/27.2.0":["{{B}}",12797816,2666705],"chl_oc3\/27.2.1":["{{B}}",15464521,1154453],"chl_oc3\/27.2.2":["{{B}}",16618974,36487],"chl_oc3\/27.2.3":["{{B}}",16655461,2324061],"chl_oc3\/27.2.4":["{{B}}",18979522,2377149],"chl_oc3\/27.3.0":["{{B}}",21356671,3302705],"chl_oc3\/27.3.1":["{{B}}",24659376,1731270],"chl_oc3\/27.3.2":["{{B}}",26390646,1109095],"chl_oc3\/27.3.3":["{{B}}",27499741,907780],"chl_oc3\/27.3.4":["{{B}}",28407521,2723570],"chl_oc3\/27.4.0":["{{B}}",31131091,303020],"chl_oc3\/27.4.1":["{{B}}",31434111,25616],"chl_oc3\/27.4.2":["{{B}}",31459727,190551],"chl_oc3\/27.4.3":["{{B}}",31650278,747396],"chl_oc3\/27.4.4":["{{B}}",32397674,1796075],"chl_oc3\/28.0.0":["{{C}}",151221,817683],"chl_oc3\/28.0.1":["{{C}}",968904,996755],"chl_oc3\/28.0.2":["{{C}}",1965659,1924506],"chl_oc3\/28.0.3":["{{C}}",3890165,328647],"chl_oc3\/28.0.4":["{{C}}",4218812,1550858],"chl_oc3\/28.1.0":["{{C}}",5769670,2520393],"chl_oc3\/28.1.1":["{{C}}",8290063,3467420],"chl_oc3\/28.1.2":["{{C}}",11757483,3388524],"chl_oc3\/28.1.3":["{{C}}",15146007,827018],"chl_oc3\/28.1.4":["{{C}}",15973025,1746960],"chl_oc3\/28.2.0":["{{C}}",17719985,1985504],"chl_oc3\/28.2.1":["{{C}}",19705489,901069],"chl_oc3\/28.2.2":["{{C}}",20606558,113143],"chl_oc3\/28.2.3":["{{C}}",20719701,1956935],"chl_oc3\/28.2.4":["{{C}}",22676636,107937],"chl_oc3\/28.3.0":["{{C}}",22784573,1512919],"chl_oc3\/28.3.1":["{{C}}",24297492,3306594],"chl_oc3\/28.3.2":["{{C}}",27604086,868239],"chl_oc3\/28.3.3":["{{C}}",28472325,1288968],"chl_oc3\/28.3.4":["{{C}}",29761293,361266],"chl_oc3\/28.4.0":["{{C}}",30122559,13775],"chl_oc3\/28.4.1":["{{C}}",30136334,473249],"chl_oc3\/28.4.2":["{{C}}",30609583,47564],"chl_oc3\/28.4.3":["{{C}}",30657147,394716],"chl_oc3\/28.4.4":["{{C}}",31051863,471924],"chl_oc3\/29.0.0":["{{D}}",151221,2107634],"chl_oc3\/29.0.1":["{{D}}",2258855,1681218],"chl_oc3\/29.0.2":["{{D}}",3940073,3093416],"chl_oc3\/29.0.3":["{{D}}",7033489,596777],"chl_oc3\/29.0.4":["{{D}}",7630266,1176921],"chl_oc3\/29.1.0":["{{D}}",8807187,3104419],"chl_oc3\/29.1.1":["{{D}}",11911606,4588486],"chl_oc3\/29.1.2":["{{D}}",16500092,2743988],"chl_oc3\/29.1.3":["{{D}}",19244080,582269],"chl_oc3\/29.1.4":["{{D}}",19826349,558519],"chl_oc3\/29.2.0":["{{D}}",20384868,4507055],"chl_oc3\/29.2.1":["{{D}}",24891923,793929],"chl_oc3\/29.2.2":["{{D}}",25685852,103253],"chl_oc3\/29.2.3":["{{D}}",25789105,453118],"chl_oc3\/29.2.4":["{{D}}",26242223,1733510],"chl_oc3\/29.3.0":["{{D}}",27975733,2245130],"chl_oc3\/29.3.1":["{{D}}",30220863,1177321],"chl_oc3\/29.3.2":["{{D}}",31398184,947597],"chl_oc3\/29.3.3":["{{D}}",32345781,384952],"chl_oc3\/29.3.4":["{{D}}",32730733,2428705],"chl_oc3\/29.4.0":["{{D}}",35159438,331630],"chl_oc3\/29.4.1":["{{D}}",35491068,58189],"chl_oc3\/29.4.2":["{{D}}",35549257,50025],"chl_oc3\/29.4.3":["{{D}}",35599282,356077],"chl_oc3\/29.4.4":["{{D}}",35955359,1431695],"chl_oc3\/30.0.0":["{{E}}",151221,1044985],"chl_oc3\/30.0.1":["{{E}}",1196206,1422766],"chl_oc3\/30.0.2":["{{E}}",2618972,2465168],"chl_oc3\/30.0.3":["{{E}}",5084140,1885612],"chl_oc3\/30.0.4":["{{E}}",6969752,2211611],"chl_oc3\/30.1.0":["{{E}}",9181363,1405551],"chl_oc3\/30.1.1":["{{E}}",10586914,2482639],"chl_oc3\/30.1.2":["{{E}}",13069553,3385960],"chl_oc3\/30.1.3":["{{E}}",16455513,602800],"chl_oc3\/30.1.4":["{{E}}",17058313,100044],"chl_oc3\/30.2.0":["{{E}}",17158357,768119],"chl_oc3\/30.2.1":["{{E}}",17926476,1307718],"chl_oc3\/30.2.2":["{{E}}",19234194,142776],"chl_oc3\/30.2.3":["{{E}}",19376970,1760321],"chl_oc3\/30.2.4":["{{E}}",21137291,743567],"chl_oc3\/30.3.0":["{{E}}",21880858,58765],"chl_oc3\/30.3.1":["{{E}}",21939623,1407744],"chl_oc3\/30.3.2":["{{E}}",23347367,858549],"chl_oc3\/30.3.3":["{{E}}",24205916,1309770],"chl_oc3\/30.3.4":["{{E}}",25515686,746159],"chl_oc3\/30.4.0":["{{E}}",26261845,11426],"chl_oc3\/30.4.1":["{{E}}",26273271,72632],"chl_oc3\/30.4.2":["{{E}}",26345903,275483],"chl_oc3\/30.4.3":["{{E}}",26621386,233195],"chl_oc3\/30.4.4":["{{E}}",26854581,827914]}}