{"version":1,"templates":{"a":"s3:\/\/imos-data\/IMOS\/SRS\/OC\/gridded\/aqua\/P1D\/2008\/11\/A.P1D.20081101T053000Z.aust.K_490.nc","b":"s3:\/\/imos-data\/IMOS\/SRS\/OC\/gridded\/aqua\/P1D\/2008\/11\/A.P1D.20081102T053000Z.aust.K_490.nc","c":"s3:\/\/imos-data\/IMOS\/SRS\/OC\/gridded\/aqua\/P1D\/2008\/11\/A.P1D.20081103T053000Z.aust.K_490.nc","d":"s3:\/\/imos-data\/IMOS\/SRS\/OC\/gridded\/aqua\/P1D\/2008\/11\/A.P1D.20081104T053000Z.aust.K_490.nc","e":"s3:\/\/imos-data\/IMOS\/SRS\/OC\/gridded\/aqua\/P1D\/2008\/11\/A.P1D.20081105T053000Z.aust.K_490.nc","f":"s3:\/\/imos-data\/IMOS\/SRS\/OC\/gridded\/aqua\/P1D\/2008\/11\/A.P1D.20081106T053000Z.aust.K_490.nc","g":"s3:\/\/imos-data\/IMOS\/SRS\/OC\/gridded\/aqua\/P1D\/2008\/11\/A.P1D.20081107T053000Z.aust.K_490.nc","h":"s3:\/\/imos-data\/IMOS\/SRS\/OC\/gridded\/aqua\/P1D\/2008\/11\/A.P1D.20081108T053000Z.aust.K_490.nc","i":"s3:\/\/imos-data\/IMOS\/SRS\/OC\/gridded\/aqua\/P1D\/2008\/11\/A.P1D.20081109T053000Z.aust.K_490.nc","j":"s3:\/\/imos-data\/IMOS\/SRS\/OC\/gridded\/aqua\/P1D\/2008\/11\/A.P1D.20081110T053000Z.aust.K_490.nc","k":"s3:\/\/imos-data\/IMOS\/SRS\/OC\/gridded\/aqua\/P1D\/2008\/11\/A.P1D.20081111T053000Z.aust.K_490.nc","l":"s3:\/\/imos-data\/IMOS\/SRS\/OC\/gridded\/aqua\/P1D\/2008\/11\/A.P1D.20081112T053000Z.aust.K_490.nc","m":"s3:\/\/imos-data\/IMOS\/SRS\/OC\/gridded\/aqua\/P1D\/2008\/11\/A.P1D.20081113T053000Z.aust.K_490.nc","n":"s3:\/\/imos-data\/IMOS\/SRS\/OC\/gridded\/aqua\/P1D\/2008\/11\/A.P1D.20081114T053000Z.aust.K_490.nc","o":"s3:\/\/imos-data\/IMOS\/SRS\/OC\/gridded\/aqua\/P1D\/2008\/11\/A.P1D.20081115T053000Z.aust.K_490.nc","p":"s3:\/\/imos-data\/IMOS\/SRS\/OC\/gridded\/aqua\/P1D\/2008\/11\/A.P1D.20081116T053000Z.aust.K_490.nc","q":"s3:\/\/imos-data\/IMOS\/SRS\/OC\/gridded\/aqua\/P1D\/2008\/11\/A.P1D.20081117T053000Z.aust.K_490.nc","r":"s3:\/\/imos-data\/IMOS\/SRS\/OC\/gridded\/aqua\/P1D\/2008\/11\/A.P1D.20081118T053000Z.aust.K_490.nc","s":"s3:\/\/imos-data\/IMOS\/SRS\/OC\/gridded\/aqua\/P1D\/2008\/11\/A.P1D.20081119T053000Z.aust.K_490.nc","t":"s3:\/\/imos-data\/IMOS\/SRS\/OC\/gridded\/aqua\/P1D\/2008\/11\/A.P1D.20081120T053000Z.aust.K_490.nc","u":"s3:\/\/imos-data\/IMOS\/SRS\/OC\/gridded\/aqua\/P1D\/2008\/11\/A.P1D.20081121T053000Z.aust.K_490.nc","v":"s3:\/\/imos-data\/IMOS\/SRS\/OC\/gridded\/aqua\/P1D\/2008\/11\/A.P1D.20081122T053000Z.aust.K_490.nc","w":"s3:\/\/imos-data\/IMOS\/SRS\/OC\/gridded\/aqua\/P1D\/2008\/11\/A.P1D.20081123T053000Z.aust.K_490.nc","x":"s3:\/\/imos-data\/IMOS\/SRS\/OC\/gridded\/aqua\/P1D\/2008\/11\/A.P1D.20081124T053000Z.aust.K_490.nc","y":"s3:\/\/imos-data\/IMOS\/SRS\/OC\/gridded\/aqua\/P1D\/2008\/11\/A.P1D.20081125T053000Z.aust.K_490.nc","z":"s3:\/\/imos-data\/IMOS\/SRS\/OC\/gridded\/aqua\/P1D\/2008\/11\/A.P1D.20081126T053000Z.aust.K_490.nc","A":"s3:\/\/imos-data\/IMOS\/SRS\/OC\/gridded\/aqua\/P1D\/2008\/11\/A.P1D.20081127T053000Z.aust.K_490.nc","B":"s3:\/\/imos-data\/IMOS\/SRS\/OC\/gridded\/aqua\/P1D\/2008\/11\/A.P1D.20081128T053000Z.aust.K_490.nc","C":"s3:\/\/imos-data\/IMOS\/SRS\/OC\/gridded\/aqua\/P1D\/2008\/11\/A.P1D.20081129T053000Z.aust.K_490.nc","D":"s3:\/\/imos-data\/IMOS\/SRS\/OC\/gridded\/aqua\/P1D\/2008\/11\/A.P1D.20081130T053000Z.aust.K_490.nc"},"refs":{".zgroup":"{\"zarr_format\":2}",".zattrs":"{\"Conventions\":\"CF-1.6\",\"_NCProperties\":\"version=1|netcdflibversion=4.6.1|hdf5libversion=1.10.4\",\"_nc3_strict\":1,\"history\":\"File initialised at 2020-08-06T03:47:43.408845\\nInitialised var K_490 at 2020-08-06T03:48:42.820178\\nAdd Granule A20081101_0315.20190919160201.L2OC_BASE.K_490.nc at 2020-08-06T03:48:43.874638\\nAdd Granule A20081101_0320.20190919162334.L2OC_BASE.K_490.nc at 2020-08-06T03:48:44.177300\\nAdd Granule A20081101_0325.20190919154725.L2OC_BASE.K_490.nc at 2020-08-06T03:48:44.415505\\nAdd Granule A20081101_0330.20190919164208.L2OC_BASE.K_490.nc at 2020-08-06T03:48:44.624362\\nAdd Granule A20081101_0335.20190919170157.L2OC_BASE.K_490.nc at 2020-08-06T03:48:44.789771\\nAdd Granule A20081101_0455.20190919163352.L2OC_BASE.K_490.nc at 2020-08-06T03:48:45.052687\\nAdd Granule A20081101_0500.20190919161848.L2OC_BASE.K_490.nc at 2020-08-06T03:48:45.271954\\nAdd Granule A20081101_0505.20190919162927.L2OC_BASE.K_490.nc at 2020-08-06T03:48:45.459139\\nAdd Granule A20081101_0510.20190919161215.L2OC_BASE.K_490.nc at 2020-08-06T03:48:45.659206\\nAdd Granule A20081101_0630.20190919163844.L2OC_BASE.K_490.nc at 2020-08-06T03:48:45.783963\\nAdd Granule A20081101_0635.20190919165534.L2OC_BASE.K_490.nc at 2020-08-06T03:48:46.090366\\nAdd Granule A20081101_0640.20190919155503.L2OC_BASE.K_490.nc at 2020-08-06T03:48:46.320163\\nAdd Granule A20081101_0645.20190919164830.L2OC_BASE.K_490.nc at 2020-08-06T03:48:46.538666\\nAdd Granule A20081101_0650.20190919160645.L2OC_BASE.K_490.nc at 2020-08-06T03:48:46.713413\",\"source_path\":\"imos-srs\\\/archive\\\/oc\\\/aqua\\\/1d\\\/v201909\\\/2008\\\/11\\\/A20081101.L2OC_BASE.aust.K_490.nc\"}","K_490\/.zarray":"{\"chunks\":[1,1401,2001],\"compressor\":{\"id\":\"zlib\",\"level\":4},\"dtype\":\"<f4\",\"fill_value\":-999.0,\"filters\":[{\"elementsize\":4,\"id\":\"shuffle\"}],\"order\":\"C\",\"shape\":[30,7001,10001],\"zarr_format\":2}","K_490\/.zattrs":"{\"_ARRAY_DIMENSIONS\":[\"time\",\"latitude\",\"longitude\"],\"flag_applied\":\"HISATZEN LAND CLDICE NAVFAIL\",\"long_name\":\"Diffuse attenuation coefficient at 490 nm (OBPG)\",\"units\":\"m^-1\"}","longitude\/.zarray":"{\n    \"chunks\": [\n        10001\n    ],\n    \"compressor\": null,\n    \"dtype\": \"<f8\",\n    \"fill_value\": 9.969209968386869e+36,\n    \"filters\": null,\n    \"order\": \"C\",\n    \"shape\": [\n        10001\n    ],\n    \"zarr_format\": 2\n}","longitude\/.zattrs":"{\n    \"NAME\": \"longitude\",\n    \"_ARRAY_DIMENSIONS\": [\n        \"longitude\"\n    ],\n    \"_Netcdf4Dimid\": 2,\n    \"axis\": \"X\",\n    \"long_name\": \"longitude\",\n    \"standard_name\": \"longitude\",\n    \"units\": \"degrees_east\"\n}","longitude\/0":["{{a}}",58400,80008],"latitude\/.zarray":"{\n    \"chunks\": [\n        7001\n    ],\n    \"compressor\": null,\n    \"dtype\": \"<f8\",\n    \"fill_value\": 9.969209968386869e+36,\n    \"filters\": null,\n    \"order\": \"C\",\n    \"shape\": [\n        7001\n    ],\n    \"zarr_format\": 2\n}","latitude\/.zattrs":"{\n    \"NAME\": \"latitude\",\n    \"_ARRAY_DIMENSIONS\": [\n        \"latitude\"\n    ],\n    \"_Netcdf4Dimid\": 1,\n    \"axis\": \"Y\",\n    \"long_name\": \"latitude\",\n    \"standard_name\": \"latitude\",\n    \"units\": \"degrees_north\"\n}","latitude\/0":["{{a}}",2392,56008],"time\/.zarray":"{\"chunks\":[30],\"compressor\":{\"blocksize\":0,\"clevel\":5,\"cname\":\"lz4\",\"id\":\"blosc\",\"shuffle\":1},\"dtype\":\"<M8[us]\",\"fill_value\":0,\"filters\":null,\"order\":\"C\",\"shape\":[30],\"zarr_format\":2}","time\/0":"base64:AgExCPAAAADwAAAArQAAABQAAACVAAAAHwABAAr6AQZmxiaG5kamBmbGJobmRqYQAPNWSyL50ah\/Vy4G3bSMYzoS6cGYb0ce9c2kfFMqAtmwAR88WniWtNLwDStJZ4WjwN78GjhWc5GvzesJJ0Rimq7C1ur+EiY6T2N3i5+zx9vvBBgsQFRofJCluc3hWlpaWlpaW1tbW1sFABdcAQAfBAEACg\/RAAZQAAAAAAA=","time\/.zattrs":"{\"NAME\":\"time\",\"_ARRAY_DIMENSIONS\":[\"time\"],\"_Netcdf4Dimid\":0,\"axis\":\"T\",\"long_name\":\"time\",\"standard_name\":\"time\"}","K_490\/0.0.0":["{{a}}",151229,309955],"K_490\/0.0.1":["{{a}}",461184,1143827],"K_490\/0.0.2":["{{a}}",1605011,917456],"K_490\/0.0.3":["{{a}}",2522467,2325232],"K_490\/0.0.4":["{{a}}",4847699,41041],"K_490\/0.1.0":["{{a}}",4888740,347932],"K_490\/0.1.1":["{{a}}",5236672,1416237],"K_490\/0.1.2":["{{a}}",6652909,2343823],"K_490\/0.1.3":["{{a}}",8996732,1452937],"K_490\/0.1.4":["{{a}}",10449669,252239],"K_490\/0.2.0":["{{a}}",10701908,360454],"K_490\/0.2.1":["{{a}}",11062362,3035892],"K_490\/0.2.2":["{{a}}",14098254,20393],"K_490\/0.2.3":["{{a}}",14118647,1354877],"K_490\/0.2.4":["{{a}}",15473524,992605],"K_490\/0.3.0":["{{a}}",16466129,36442],"K_490\/0.3.1":["{{a}}",16502571,1260024],"K_490\/0.3.2":["{{a}}",17762595,1212009],"K_490\/0.3.3":["{{a}}",18974604,1322034],"K_490\/0.3.4":["{{a}}",20296638,976662],"K_490\/0.4.0":["{{a}}",21273300,10921],"K_490\/0.4.1":["{{a}}",21284221,1935704],"K_490\/0.4.2":["{{a}}",23219925,1183551],"K_490\/0.4.3":["{{a}}",24403476,314699],"K_490\/0.4.4":["{{a}}",24718175,1387845],"K_490\/1.0.0":["{{b}}",151229,1430415],"K_490\/1.0.1":["{{b}}",1581644,1306755],"K_490\/1.0.2":["{{b}}",2888399,1031022],"K_490\/1.0.3":["{{b}}",3919421,1540871],"K_490\/1.0.4":["{{b}}",5460292,351247],"K_490\/1.1.0":["{{b}}",5811539,659551],"K_490\/1.1.1":["{{b}}",6471090,1126928],"K_490\/1.1.2":["{{b}}",7598018,1586103],"K_490\/1.1.3":["{{b}}",9184121,1882818],"K_490\/1.1.4":["{{b}}",11066939,1953633],"K_490\/1.2.0":["{{b}}",13020572,1833579],"K_490\/1.2.1":["{{b}}",14854151,1670965],"K_490\/1.2.2":["{{b}}",16525116,131471],"K_490\/1.2.3":["{{b}}",16656587,909352],"K_490\/1.2.4":["{{b}}",17565939,1697956],"K_490\/1.3.0":["{{b}}",19263895,1953804],"K_490\/1.3.1":["{{b}}",21217699,1431559],"K_490\/1.3.2":["{{b}}",22649258,2559046],"K_490\/1.3.3":["{{b}}",25208304,738272],"K_490\/1.3.4":["{{b}}",25946576,1615294],"K_490\/1.4.0":["{{b}}",27561870,712648],"K_490\/1.4.1":["{{b}}",28274518,2733355],"K_490\/1.4.2":["{{b}}",31007873,2312723],"K_490\/1.4.3":["{{b}}",33320596,1099445],"K_490\/1.4.4":["{{b}}",34420041,301751],"K_490\/2.0.0":["{{c}}",151229,397532],"K_490\/2.0.1":["{{c}}",548761,1557308],"K_490\/2.0.2":["{{c}}",2106069,2397747],"K_490\/2.0.3":["{{c}}",4503816,1056995],"K_490\/2.0.4":["{{c}}",5560811,341449],"K_490\/2.1.0":["{{c}}",5902260,18427],"K_490\/2.1.1":["{{c}}",5920687,804553],"K_490\/2.1.2":["{{c}}",6725240,2320266],"K_490\/2.1.3":["{{c}}",9045506,2067942],"K_490\/2.1.4":["{{c}}",11113448,954212],"K_490\/2.2.0":["{{c}}",12067660,26132],"K_490\/2.2.1":["{{c}}",12093792,2437431],"K_490\/2.2.2":["{{c}}",14531223,42229],"K_490\/2.2.3":["{{c}}",14573452,983418],"K_490\/2.2.4":["{{c}}",15556870,2028112],"K_490\/2.3.0":["{{c}}",17584982,10921],"K_490\/2.3.1":["{{c}}",17595903,1269309],"K_490\/2.3.2":["{{c}}",18865212,1569404],"K_490\/2.3.3":["{{c}}",20434616,1007758],"K_490\/2.3.4":["{{c}}",21442374,1224957],"K_490\/2.4.0":["{{c}}",22667331,1811431],"K_490\/2.4.1":["{{c}}",24478762,1349109],"K_490\/2.4.2":["{{c}}",25827871,1442066],"K_490\/2.4.3":["{{c}}",27269937,1680027],"K_490\/2.4.4":["{{c}}",28949964,944981],"K_490\/3.0.0":["{{d}}",151229,2798289],"K_490\/3.0.1":["{{d}}",2949518,577816],"K_490\/3.0.2":["{{d}}",3527334,871813],"K_490\/3.0.3":["{{d}}",4399147,997516],"K_490\/3.0.4":["{{d}}",5396663,2615817],"K_490\/3.1.0":["{{d}}",8012480,927895],"K_490\/3.1.1":["{{d}}",8940375,493159],"K_490\/3.1.2":["{{d}}",9433534,2522941],"K_490\/3.1.3":["{{d}}",11956475,2238282],"K_490\/3.1.4":["{{d}}",14194757,2213249],"K_490\/3.2.0":["{{d}}",16408006,1046329],"K_490\/3.2.1":["{{d}}",17454335,1056092],"K_490\/3.2.2":["{{d}}",18510427,48820],"K_490\/3.2.3":["{{d}}",18559247,1792835],"K_490\/3.2.4":["{{d}}",20352082,796107],"K_490\/3.3.0":["{{d}}",21148189,1360508],"K_490\/3.3.1":["{{d}}",22508697,1594984],"K_490\/3.3.2":["{{d}}",24103681,1356257],"K_490\/3.3.3":["{{d}}",25459938,1724317],"K_490\/3.3.4":["{{d}}",27184255,82056],"K_490\/3.4.0":["{{d}}",27266311,484963],"K_490\/3.4.1":["{{d}}",27751274,2251701],"K_490\/3.4.2":["{{d}}",30002975,873374],"K_490\/3.4.3":["{{d}}",30876349,1222474],"K_490\/3.4.4":["{{d}}",32098823,814407],"K_490\/4.0.0":["{{e}}",151229,73408],"K_490\/4.0.1":["{{e}}",224637,1304786],"K_490\/4.0.2":["{{e}}",1529423,996858],"K_490\/4.0.3":["{{e}}",2526281,1798664],"K_490\/4.0.4":["{{e}}",4324945,956970],"K_490\/4.1.0":["{{e}}",5281915,13341],"K_490\/4.1.1":["{{e}}",5295256,1671358],"K_490\/4.1.2":["{{e}}",6966614,1598519],"K_490\/4.1.3":["{{e}}",8565133,1396965],"K_490\/4.1.4":["{{e}}",9962098,1734901],"K_490\/4.2.0":["{{e}}",11696999,1532563],"K_490\/4.2.1":["{{e}}",13229562,1741978],"K_490\/4.2.2":["{{e}}",14971540,100703],"K_490\/4.2.3":["{{e}}",15072243,503639],"K_490\/4.2.4":["{{e}}",15575882,2911314],"K_490\/4.3.0":["{{e}}",18487196,1113236],"K_490\/4.3.1":["{{e}}",19600432,1469917],"K_490\/4.3.2":["{{e}}",21070349,2372931],"K_490\/4.3.3":["{{e}}",23443280,640006],"K_490\/4.3.4":["{{e}}",24083286,2988634],"K_490\/4.4.0":["{{e}}",27071920,50081],"K_490\/4.4.1":["{{e}}",27122001,1744308],"K_490\/4.4.2":["{{e}}",28866309,98751],"K_490\/4.4.3":["{{e}}",28965060,1644818],"K_490\/4.4.4":["{{e}}",30609878,1049906],"K_490\/5.0.0":["{{f}}",151229,128243],"K_490\/5.0.1":["{{f}}",279472,376057],"K_490\/5.0.2":["{{f}}",655529,1784222],"K_490\/5.0.3":["{{f}}",2439751,909548],"K_490\/5.0.4":["{{f}}",3349299,1791434],"K_490\/5.1.0":["{{f}}",5140733,421530],"K_490\/5.1.1":["{{f}}",5562263,432609],"K_490\/5.1.2":["{{f}}",5994872,2103008],"K_490\/5.1.3":["{{f}}",8097880,2674891],"K_490\/5.1.4":["{{f}}",10772771,1341666],"K_490\/5.2.0":["{{f}}",12114437,407823],"K_490\/5.2.1":["{{f}}",12522260,1338258],"K_490\/5.2.2":["{{f}}",13860518,20125],"K_490\/5.2.3":["{{f}}",13880643,1998816],"K_490\/5.2.4":["{{f}}",15879459,244322],"K_490\/5.3.0":["{{f}}",16123781,273335],"K_490\/5.3.1":["{{f}}",16397116,965600],"K_490\/5.3.2":["{{f}}",17362716,1695453],"K_490\/5.3.3":["{{f}}",19058169,1578840],"K_490\/5.3.4":["{{f}}",20637009,1425129],"K_490\/5.4.0":["{{f}}",22062138,10921],"K_490\/5.4.1":["{{f}}",22073059,455002],"K_490\/5.4.2":["{{f}}",22528061,639293],"K_490\/5.4.3":["{{f}}",23167354,889844],"K_490\/5.4.4":["{{f}}",24057198,678655],"K_490\/6.0.0":["{{g}}",151229,975717],"K_490\/6.0.1":["{{g}}",1126946,1523110],"K_490\/6.0.2":["{{g}}",2650056,591953],"K_490\/6.0.3":["{{g}}",3242009,450812],"K_490\/6.0.4":["{{g}}",3692821,815760],"K_490\/6.1.0":["{{g}}",4508581,885767],"K_490\/6.1.1":["{{g}}",5394348,1301223],"K_490\/6.1.2":["{{g}}",6695571,1577681],"K_490\/6.1.3":["{{g}}",8273252,1275429],"K_490\/6.1.4":["{{g}}",9548681,2407573],"K_490\/6.2.0":["{{g}}",11956254,1951607],"K_490\/6.2.1":["{{g}}",13907861,1207285],"K_490\/6.2.2":["{{g}}",15115146,90858],"K_490\/6.2.3":["{{g}}",15206004,879673],"K_490\/6.2.4":["{{g}}",16085677,1832465],"K_490\/6.3.0":["{{g}}",17918142,1651129],"K_490\/6.3.1":["{{g}}",19569271,988000],"K_490\/6.3.2":["{{g}}",20557271,940099],"K_490\/6.3.3":["{{g}}",21497370,708588],"K_490\/6.3.4":["{{g}}",22205958,3294698],"K_490\/6.4.0":["{{g}}",25500656,347401],"K_490\/6.4.1":["{{g}}",25848057,432296],"K_490\/6.4.2":["{{g}}",26280353,277296],"K_490\/6.4.3":["{{g}}",26557649,467476],"K_490\/6.4.4":["{{g}}",27025125,1418642],"K_490\/7.0.0":["{{h}}",151229,132895],"K_490\/7.0.1":["{{h}}",284124,609841],"K_490\/7.0.2":["{{h}}",893965,1027754],"K_490\/7.0.3":["{{h}}",1921719,1435490],"K_490\/7.0.4":["{{h}}",3357209,10921],"K_490\/7.1.0":["{{h}}",3368130,122588],"K_490\/7.1.1":["{{h}}",3490718,455341],"K_490\/7.1.2":["{{h}}",3946059,1533454],"K_490\/7.1.3":["{{h}}",5479513,1251140],"K_490\/7.1.4":["{{h}}",6730653,172666],"K_490\/7.2.0":["{{h}}",6903319,603715],"K_490\/7.2.1":["{{h}}",7507034,2897424],"K_490\/7.2.2":["{{h}}",10404458,55900],"K_490\/7.2.3":["{{h}}",10460358,1355883],"K_490\/7.2.4":["{{h}}",11816241,777940],"K_490\/7.3.0":["{{h}}",12594181,149827],"K_490\/7.3.1":["{{h}}",12744008,1367038],"K_490\/7.3.2":["{{h}}",14111046,1652077],"K_490\/7.3.3":["{{h}}",15763123,531205],"K_490\/7.3.4":["{{h}}",16294328,758689],"K_490\/7.4.0":["{{h}}",17053017,11138],"K_490\/7.4.1":["{{h}}",17064155,1140033],"K_490\/7.4.2":["{{h}}",18204188,1035899],"K_490\/7.4.3":["{{h}}",19240087,224015],"K_490\/7.4.4":["{{h}}",19464102,1064155],"K_490\/8.0.0":["{{i}}",151229,437926],"K_490\/8.0.1":["{{i}}",589155,734029],"K_490\/8.0.2":["{{i}}",1323184,588230],"K_490\/8.0.3":["{{i}}",1911414,724461],"K_490\/8.0.4":["{{i}}",2635875,1598291],"K_490\/8.1.0":["{{i}}",4234166,1025082],"K_490\/8.1.1":["{{i}}",5259248,1314073],"K_490\/8.1.2":["{{i}}",6573321,1115054],"K_490\/8.1.3":["{{i}}",7688375,639570],"K_490\/8.1.4":["{{i}}",8327945,2817266],"K_490\/8.2.0":["{{i}}",11145211,1933394],"K_490\/8.2.1":["{{i}}",13078605,1602982],"K_490\/8.2.2":["{{i}}",14681587,130632],"K_490\/8.2.3":["{{i}}",14812219,348108],"K_490\/8.2.4":["{{i}}",15160327,2292091],"K_490\/8.3.0":["{{i}}",17452418,304734],"K_490\/8.3.1":["{{i}}",17757152,1426975],"K_490\/8.3.2":["{{i}}",19184127,2438880],"K_490\/8.3.3":["{{i}}",21623007,2908468],"K_490\/8.3.4":["{{i}}",24531475,1481636],"K_490\/8.4.0":["{{i}}",26013111,265155],"K_490\/8.4.1":["{{i}}",26278266,539737],"K_490\/8.4.2":["{{i}}",26818003,2889085],"K_490\/8.4.3":["{{i}}",29707088,1448922],"K_490\/8.4.4":["{{i}}",31156010,77853],"K_490\/9.0.0":["{{j}}",151229,14392],"K_490\/9.0.1":["{{j}}",165621,361349],"K_490\/9.0.2":["{{j}}",526970,1446896],"K_490\/9.0.3":["{{j}}",1973866,1125621],"K_490\/9.0.4":["{{j}}",3099487,50957],"K_490\/9.1.0":["{{j}}",3150444,261941],"K_490\/9.1.1":["{{j}}",3412385,1119358],"K_490\/9.1.2":["{{j}}",4531743,715604],"K_490\/9.1.3":["{{j}}",5247347,1171680],"K_490\/9.1.4":["{{j}}",6419027,615744],"K_490\/9.2.0":["{{j}}",7034771,269160],"K_490\/9.2.1":["{{j}}",7303931,2250864],"K_490\/9.2.2":["{{j}}",9554795,17822],"K_490\/9.2.3":["{{j}}",9572617,555086],"K_490\/9.2.4":["{{j}}",10127703,1078747],"K_490\/9.3.0":["{{j}}",11206450,10921],"K_490\/9.3.1":["{{j}}",11217371,1363205],"K_490\/9.3.2":["{{j}}",12580576,2360263],"K_490\/9.3.3":["{{j}}",14940839,2750927],"K_490\/9.3.4":["{{j}}",17691766,2116827],"K_490\/9.4.0":["{{j}}",19808593,10921],"K_490\/9.4.1":["{{j}}",19819514,499307],"K_490\/9.4.2":["{{j}}",20318821,1690228],"K_490\/9.4.3":["{{j}}",22009049,3435100],"K_490\/9.4.4":["{{j}}",25444149,2940106],"K_490\/10.0.0":["{{k}}",151229,277912],"K_490\/10.0.1":["{{k}}",429141,630156],"K_490\/10.0.2":["{{k}}",1059297,1143215],"K_490\/10.0.3":["{{k}}",2202512,1526158],"K_490\/10.0.4":["{{k}}",3728670,1228879],"K_490\/10.1.0":["{{k}}",4957549,1182084],"K_490\/10.1.1":["{{k}}",6139633,1086764],"K_490\/10.1.2":["{{k}}",7226397,1454997],"K_490\/10.1.3":["{{k}}",8681394,838075],"K_490\/10.1.4":["{{k}}",9519469,2161317],"K_490\/10.2.0":["{{k}}",11680786,1549640],"K_490\/10.2.1":["{{k}}",13230426,1604270],"K_490\/10.2.2":["{{k}}",14834696,98202],"K_490\/10.2.3":["{{k}}",14932898,1022640],"K_490\/10.2.4":["{{k}}",15955538,1682477],"K_490\/10.3.0":["{{k}}",17638015,612063],"K_490\/10.3.1":["{{k}}",18250078,1349538],"K_490\/10.3.2":["{{k}}",19599616,1959301],"K_490\/10.3.3":["{{k}}",21558917,2674317],"K_490\/10.3.4":["{{k}}",24233234,2064181],"K_490\/10.4.0":["{{k}}",26297415,106533],"K_490\/10.4.1":["{{k}}",26403948,342539],"K_490\/10.4.2":["{{k}}",26746487,1665188],"K_490\/10.4.3":["{{k}}",28411675,1531390],"K_490\/10.4.4":["{{k}}",29943065,1466383],"K_490\/11.0.0":["{{l}}",151229,108941],"K_490\/11.0.1":["{{l}}",260170,84650],"K_490\/11.0.2":["{{l}}",344820,1927316],"K_490\/11.0.3":["{{l}}",2272136,2155513],"K_490\/11.0.4":["{{l}}",4427649,604609],"K_490\/11.1.0":["{{l}}",5032258,28075],"K_490\/11.1.1":["{{l}}",5060333,1212661],"K_490\/11.1.2":["{{l}}",6272994,1900425],"K_490\/11.1.3":["{{l}}",8173419,600949],"K_490\/11.1.4":["{{l}}",8774368,1018580],"K_490\/11.2.0":["{{l}}",9792948,10921],"K_490\/11.2.1":["{{l}}",9803869,2148977],"K_490\/11.2.2":["{{l}}",11952846,11657],"K_490\/11.2.3":["{{l}}",11964503,581139],"K_490\/11.2.4":["{{l}}",12545642,1219549],"K_490\/11.3.0":["{{l}}",13765191,94409],"K_490\/11.3.1":["{{l}}",13859600,1342059],"K_490\/11.3.2":["{{l}}",15201659,464952],"K_490\/11.3.3":["{{l}}",15666611,2241376],"K_490\/11.3.4":["{{l}}",17907987,1655888],"K_490\/11.4.0":["{{l}}",19563875,1130956],"K_490\/11.4.1":["{{l}}",20694831,1081187],"K_490\/11.4.2":["{{l}}",21776018,745961],"K_490\/11.4.3":["{{l}}",22521979,2270820],"K_490\/11.4.4":["{{l}}",24792799,1151049],"K_490\/12.0.0":["{{m}}",151229,10921],"K_490\/12.0.1":["{{m}}",162150,124516],"K_490\/12.0.2":["{{m}}",286666,882460],"K_490\/12.0.3":["{{m}}",1169126,2245616],"K_490\/12.0.4":["{{m}}",3414742,3160720],"K_490\/12.1.0":["{{m}}",6575462,298341],"K_490\/12.1.1":["{{m}}",6873803,616464],"K_490\/12.1.2":["{{m}}",7490267,1811778],"K_490\/12.1.3":["{{m}}",9302045,1206995],"K_490\/12.1.4":["{{m}}",10509040,1107649],"K_490\/12.2.0":["{{m}}",11616689,591217],"K_490\/12.2.1":["{{m}}",12207906,2117055],"K_490\/12.2.2":["{{m}}",14324961,11542],"K_490\/12.2.3":["{{m}}",14336503,1770648],"K_490\/12.2.4":["{{m}}",16107151,62513],"K_490\/12.3.0":["{{m}}",16169664,595709],"K_490\/12.3.1":["{{m}}",16765373,1398743],"K_490\/12.3.2":["{{m}}",18164116,1707659],"K_490\/12.3.3":["{{m}}",19871775,2361967],"K_490\/12.3.4":["{{m}}",22233742,760701],"K_490\/12.4.0":["{{m}}",22994443,34063],"K_490\/12.4.1":["{{m}}",23028506,1040698],"K_490\/12.4.2":["{{m}}",24069204,1595788],"K_490\/12.4.3":["{{m}}",25664992,615532],"K_490\/12.4.4":["{{m}}",26280524,1142567],"K_490\/13.0.0":["{{n}}",151229,248813],"K_490\/13.0.1":["{{n}}",400042,795519],"K_490\/13.0.2":["{{n}}",1195561,636179],"K_490\/13.0.3":["{{n}}",1831740,1219931],"K_490\/13.0.4":["{{n}}",3051671,1301171],"K_490\/13.1.0":["{{n}}",4352842,741213],"K_490\/13.1.1":["{{n}}",5094055,1134782],"K_490\/13.1.2":["{{n}}",6228837,1204449],"K_490\/13.1.3":["{{n}}",7433286,925251],"K_490\/13.1.4":["{{n}}",8358537,1101886],"K_490\/13.2.0":["{{n}}",9460423,2557897],"K_490\/13.2.1":["{{n}}",12018320,1864883],"K_490\/13.2.2":["{{n}}",13883203,64860],"K_490\/13.2.3":["{{n}}",13948063,839912],"K_490\/13.2.4":["{{n}}",14787975,1229475],"K_490\/13.3.0":["{{n}}",16017450,1553376],"K_490\/13.3.1":["{{n}}",17570826,785436],"K_490\/13.3.2":["{{n}}",18356262,2005446],"K_490\/13.3.3":["{{n}}",20361708,1472936],"K_490\/13.3.4":["{{n}}",21834644,2731720],"K_490\/13.4.0":["{{n}}",24566364,1745934],"K_490\/13.4.1":["{{n}}",26312298,533226],"K_490\/13.4.2":["{{n}}",26845524,1248832],"K_490\/13.4.3":["{{n}}",28094356,2395927],"K_490\/13.4.4":["{{n}}",30490283,614344],"K_490\/14.0.0":["{{o}}",151229,236214],"K_490\/14.0.1":["{{o}}",387443,156739],"K_490\/14.0.2":["{{o}}",544182,1337348],"K_490\/14.0.3":["{{o}}",1881530,2067233],"K_490\/14.0.4":["{{o}}",3948763,2714127],"K_490\/14.1.0":["{{o}}",6662890,64678],"K_490\/14.1.1":["{{o}}",6727568,1040189],"K_490\/14.1.2":["{{o}}",7767757,1616021],"K_490\/14.1.3":["{{o}}",9383778,2210999],"K_490\/14.1.4":["{{o}}",11594777,635427],"K_490\/14.2.0":["{{o}}",12230204,371392],"K_490\/14.2.1":["{{o}}",12601596,2767936],"K_490\/14.2.2":["{{o}}",15369532,22198],"K_490\/14.2.3":["{{o}}",15391730,2135883],"K_490\/14.2.4":["{{o}}",17527613,677367],"K_490\/14.3.0":["{{o}}",18204980,51781],"K_490\/14.3.1":["{{o}}",18256761,783726],"K_490\/14.3.2":["{{o}}",19040487,1626781],"K_490\/14.3.3":["{{o}}",20667268,1938527],"K_490\/14.3.4":["{{o}}",22605795,322980],"K_490\/14.4.0":["{{o}}",22928775,14929],"K_490\/14.4.1":["{{o}}",22943704,1881792],"K_490\/14.4.2":["{{o}}",24825496,377369],"K_490\/14.4.3":["{{o}}",25202865,2261264],"K_490\/14.4.4":["{{o}}",27464129,602727],"K_490\/15.0.0":["{{p}}",151229,427040],"K_490\/15.0.1":["{{p}}",578269,1026433],"K_490\/15.0.2":["{{p}}",1604702,1455155],"K_490\/15.0.3":["{{p}}",3059857,1793250],"K_490\/15.0.4":["{{p}}",4853107,2202399],"K_490\/15.1.0":["{{p}}",7055506,556259],"K_490\/15.1.1":["{{p}}",7611765,883617],"K_490\/15.1.2":["{{p}}",8495382,437308],"K_490\/15.1.3":["{{p}}",8932690,1399692],"K_490\/15.1.4":["{{p}}",10332382,1914307],"K_490\/15.2.0":["{{p}}",12246689,1635546],"K_490\/15.2.1":["{{p}}",13882235,1289675],"K_490\/15.2.2":["{{p}}",15171910,64205],"K_490\/15.2.3":["{{p}}",15236115,758979],"K_490\/15.2.4":["{{p}}",15995094,2285315],"K_490\/15.3.0":["{{p}}",18280409,2619496],"K_490\/15.3.1":["{{p}}",20899905,1612573],"K_490\/15.3.2":["{{p}}",22512478,1076733],"K_490\/15.3.3":["{{p}}",23589211,1825211],"K_490\/15.3.4":["{{p}}",25414422,2356859],"K_490\/15.4.0":["{{p}}",27771281,1182031],"K_490\/15.4.1":["{{p}}",28953312,1453754],"K_490\/15.4.2":["{{p}}",30407066,990270],"K_490\/15.4.3":["{{p}}",31397336,457267],"K_490\/15.4.4":["{{p}}",31854603,2174584],"K_490\/16.0.0":["{{q}}",151229,126542],"K_490\/16.0.1":["{{q}}",277771,250621],"K_490\/16.0.2":["{{q}}",528392,1302504],"K_490\/16.0.3":["{{q}}",1830896,1933223],"K_490\/16.0.4":["{{q}}",3764119,12693],"K_490\/16.1.0":["{{q}}",3776812,16400],"K_490\/16.1.1":["{{q}}",3793212,737485],"K_490\/16.1.2":["{{q}}",4530697,2230567],"K_490\/16.1.3":["{{q}}",6761264,1790266],"K_490\/16.1.4":["{{q}}",8551530,390218],"K_490\/16.2.0":["{{q}}",8941748,149310],"K_490\/16.2.1":["{{q}}",9091058,2621733],"K_490\/16.2.2":["{{q}}",11712791,47358],"K_490\/16.2.3":["{{q}}",11760149,992845],"K_490\/16.2.4":["{{q}}",12752994,618714],"K_490\/16.3.0":["{{q}}",13371708,50064],"K_490\/16.3.1":["{{q}}",13421772,2283002],"K_490\/16.3.2":["{{q}}",15704774,1088616],"K_490\/16.3.3":["{{q}}",16793390,2059112],"K_490\/16.3.4":["{{q}}",18852502,1906060],"K_490\/16.4.0":["{{q}}",20758562,10921],"K_490\/16.4.1":["{{q}}",20769483,1297981],"K_490\/16.4.2":["{{q}}",22067464,324126],"K_490\/16.4.3":["{{q}}",22391590,297718],"K_490\/16.4.4":["{{q}}",22689308,800576],"K_490\/17.0.0":["{{r}}",151229,613687],"K_490\/17.0.1":["{{r}}",764916,974186],"K_490\/17.0.2":["{{r}}",1739102,1417654],"K_490\/17.0.3":["{{r}}",3156756,1110000],"K_490\/17.0.4":["{{r}}",4266756,650160],"K_490\/17.1.0":["{{r}}",4916916,521357],"K_490\/17.1.1":["{{r}}",5438273,894295],"K_490\/17.1.2":["{{r}}",6332568,1213026],"K_490\/17.1.3":["{{r}}",7545594,1560411],"K_490\/17.1.4":["{{r}}",9106005,2308808],"K_490\/17.2.0":["{{r}}",11414813,1327842],"K_490\/17.2.1":["{{r}}",12742655,1436154],"K_490\/17.2.2":["{{r}}",14178809,99293],"K_490\/17.2.3":["{{r}}",14278102,625105],"K_490\/17.2.4":["{{r}}",14903207,2373195],"K_490\/17.3.0":["{{r}}",17276402,1070902],"K_490\/17.3.1":["{{r}}",18347304,1584597],"K_490\/17.3.2":["{{r}}",19931901,1316449],"K_490\/17.3.3":["{{r}}",21248350,1617570],"K_490\/17.3.4":["{{r}}",22865920,3581098],"K_490\/17.4.0":["{{r}}",26447018,671383],"K_490\/17.4.1":["{{r}}",27118401,1703814],"K_490\/17.4.2":["{{r}}",28822215,494325],"K_490\/17.4.3":["{{r}}",29316540,934422],"K_490\/17.4.4":["{{r}}",30250962,699866],"K_490\/18.0.0":["{{s}}",151229,37213],"K_490\/18.0.1":["{{s}}",188442,148338],"K_490\/18.0.2":["{{s}}",336780,2344911],"K_490\/18.0.3":["{{s}}",2681691,905252],"K_490\/18.0.4":["{{s}}",3586943,69577],"K_490\/18.1.0":["{{s}}",3656520,11081],"K_490\/18.1.1":["{{s}}",3667601,403308],"K_490\/18.1.2":["{{s}}",4070909,1910009],"K_490\/18.1.3":["{{s}}",5980918,1396719],"K_490\/18.1.4":["{{s}}",7377637,982682],"K_490\/18.2.0":["{{s}}",8360319,46934],"K_490\/18.2.1":["{{s}}",8407253,2092075],"K_490\/18.2.2":["{{s}}",10499328,30147],"K_490\/18.2.3":["{{s}}",10529475,475037],"K_490\/18.2.4":["{{s}}",11004512,644844],"K_490\/18.3.0":["{{s}}",11649356,10921],"K_490\/18.3.1":["{{s}}",11660277,1640967],"K_490\/18.3.2":["{{s}}",13301244,1593135],"K_490\/18.3.3":["{{s}}",14894379,624753],"K_490\/18.3.4":["{{s}}",15519132,1811494],"K_490\/18.4.0":["{{s}}",17330626,286959],"K_490\/18.4.1":["{{s}}",17617585,450465],"K_490\/18.4.2":["{{s}}",18068050,999460],"K_490\/18.4.3":["{{s}}",19067510,564442],"K_490\/18.4.4":["{{s}}",19631952,1693612],"K_490\/19.0.0":["{{t}}",151229,470353],"K_490\/19.0.1":["{{t}}",621582,33056],"K_490\/19.0.2":["{{t}}",654638,615929],"K_490\/19.0.3":["{{t}}",1270567,815569],"K_490\/19.0.4":["{{t}}",2086136,2246587],"K_490\/19.1.0":["{{t}}",4332723,492694],"K_490\/19.1.1":["{{t}}",4825417,270579],"K_490\/19.1.2":["{{t}}",5095996,1616158],"K_490\/19.1.3":["{{t}}",6712154,2377392],"K_490\/19.1.4":["{{t}}",9089546,2472262],"K_490\/19.2.0":["{{t}}",11561808,775433],"K_490\/19.2.1":["{{t}}",12337241,1542301],"K_490\/19.2.2":["{{t}}",13879542,12359],"K_490\/19.2.3":["{{t}}",13891901,1157372],"K_490\/19.2.4":["{{t}}",15049273,568307],"K_490\/19.3.0":["{{t}}",15617580,526866],"K_490\/19.3.1":["{{t}}",16144446,651026],"K_490\/19.3.2":["{{t}}",16795472,1599816],"K_490\/19.3.3":["{{t}}",18395288,512455],"K_490\/19.3.4":["{{t}}",18907743,809325],"K_490\/19.4.0":["{{t}}",19717068,135138],"K_490\/19.4.1":["{{t}}",19852206,397736],"K_490\/19.4.2":["{{t}}",20249942,1637800],"K_490\/19.4.3":["{{t}}",21887742,1012884],"K_490\/19.4.4":["{{t}}",22900626,749434],"K_490\/20.0.0":["{{u}}",151229,16192],"K_490\/20.0.1":["{{u}}",167421,243238],"K_490\/20.0.2":["{{u}}",410659,370551],"K_490\/20.0.3":["{{u}}",781210,1951958],"K_490\/20.0.4":["{{u}}",2733168,828504],"K_490\/20.1.0":["{{u}}",3561672,10921],"K_490\/20.1.1":["{{u}}",3572593,1111169],"K_490\/20.1.2":["{{u}}",4683762,1139804],"K_490\/20.1.3":["{{u}}",5823566,1375350],"K_490\/20.1.4":["{{u}}",7198916,1813959],"K_490\/20.2.0":["{{u}}",9012875,901397],"K_490\/20.2.1":["{{u}}",9914272,746218],"K_490\/20.2.2":["{{u}}",10660490,70567],"K_490\/20.2.3":["{{u}}",10731057,867766],"K_490\/20.2.4":["{{u}}",11598823,410294],"K_490\/20.3.0":["{{u}}",12009117,1011605],"K_490\/20.3.1":["{{u}}",13020722,774297],"K_490\/20.3.2":["{{u}}",13795019,1724976],"K_490\/20.3.3":["{{u}}",15519995,1192516],"K_490\/20.3.4":["{{u}}",16712511,1345399],"K_490\/20.4.0":["{{u}}",18057910,841854],"K_490\/20.4.1":["{{u}}",18899764,51730],"K_490\/20.4.2":["{{u}}",18951494,265069],"K_490\/20.4.3":["{{u}}",19216563,2255662],"K_490\/20.4.4":["{{u}}",21472225,267053],"K_490\/21.0.0":["{{v}}",151229,68772],"K_490\/21.0.1":["{{v}}",220001,57059],"K_490\/21.0.2":["{{v}}",277060,763466],"K_490\/21.0.3":["{{v}}",1040526,828206],"K_490\/21.0.4":["{{v}}",1868732,2898951],"K_490\/21.1.0":["{{v}}",4767683,461072],"K_490\/21.1.1":["{{v}}",5228755,900321],"K_490\/21.1.2":["{{v}}",6129076,343395],"K_490\/21.1.3":["{{v}}",6472471,2874137],"K_490\/21.1.4":["{{v}}",9346608,1023144],"K_490\/21.2.0":["{{v}}",10369752,412781],"K_490\/21.2.1":["{{v}}",10782533,2335770],"K_490\/21.2.2":["{{v}}",13118303,20648],"K_490\/21.2.3":["{{v}}",13138951,1111809],"K_490\/21.2.4":["{{v}}",14250760,19500],"K_490\/21.3.0":["{{v}}",14270260,452347],"K_490\/21.3.1":["{{v}}",14722607,852798],"K_490\/21.3.2":["{{v}}",15575405,865687],"K_490\/21.3.3":["{{v}}",16441092,662290],"K_490\/21.3.4":["{{v}}",17103382,19687],"K_490\/21.4.0":["{{v}}",17123069,10921],"K_490\/21.4.1":["{{v}}",17133990,873896],"K_490\/21.4.2":["{{v}}",18007886,964870],"K_490\/21.4.3":["{{v}}",18972756,1264349],"K_490\/21.4.4":["{{v}}",20237105,817210],"K_490\/22.0.0":["{{w}}",151229,202350],"K_490\/22.0.1":["{{w}}",353579,571499],"K_490\/22.0.2":["{{w}}",925078,753122],"K_490\/22.0.3":["{{w}}",1678200,1510096],"K_490\/22.0.4":["{{w}}",3188296,1724786],"K_490\/22.1.0":["{{w}}",4913082,1020932],"K_490\/22.1.1":["{{w}}",5934014,402698],"K_490\/22.1.2":["{{w}}",6336712,129249],"K_490\/22.1.3":["{{w}}",6465961,867865],"K_490\/22.1.4":["{{w}}",7333826,2484398],"K_490\/22.2.0":["{{w}}",9818224,1915127],"K_490\/22.2.1":["{{w}}",11733351,1064799],"K_490\/22.2.2":["{{w}}",12798150,66057],"K_490\/22.2.3":["{{w}}",12864207,323231],"K_490\/22.2.4":["{{w}}",13187438,314400],"K_490\/22.3.0":["{{w}}",13501838,1442086],"K_490\/22.3.1":["{{w}}",14943924,979569],"K_490\/22.3.2":["{{w}}",15923493,368017],"K_490\/22.3.3":["{{w}}",16291510,735507],"K_490\/22.3.4":["{{w}}",17027017,798439],"K_490\/22.4.0":["{{w}}",17825456,124083],"K_490\/22.4.1":["{{w}}",17949539,849439],"K_490\/22.4.2":["{{w}}",18798978,974385],"K_490\/22.4.3":["{{w}}",19773363,1073987],"K_490\/22.4.4":["{{w}}",20847350,1209221],"K_490\/23.0.0":["{{x}}",151229,19199],"K_490\/23.0.1":["{{x}}",170428,511333],"K_490\/23.0.2":["{{x}}",681761,450473],"K_490\/23.0.3":["{{x}}",1132234,2345947],"K_490\/23.0.4":["{{x}}",3478181,10921],"K_490\/23.1.0":["{{x}}",3489102,82318],"K_490\/23.1.1":["{{x}}",3571420,674462],"K_490\/23.1.2":["{{x}}",4245882,169184],"K_490\/23.1.3":["{{x}}",4415066,1555816],"K_490\/23.1.4":["{{x}}",5970882,92459],"K_490\/23.2.0":["{{x}}",6063341,488217],"K_490\/23.2.1":["{{x}}",6551558,2299762],"K_490\/23.2.2":["{{x}}",8851320,91739],"K_490\/23.2.3":["{{x}}",8943059,1643636],"K_490\/23.2.4":["{{x}}",10586695,919268],"K_490\/23.3.0":["{{x}}",11505963,148270],"K_490\/23.3.1":["{{x}}",11654233,1227275],"K_490\/23.3.2":["{{x}}",12881508,627530],"K_490\/23.3.3":["{{x}}",13509038,1330987],"K_490\/23.3.4":["{{x}}",14840025,802745],"K_490\/23.4.0":["{{x}}",15642770,12461],"K_490\/23.4.1":["{{x}}",15655231,1019398],"K_490\/23.4.2":["{{x}}",16674629,277232],"K_490\/23.4.3":["{{x}}",16951861,959697],"K_490\/23.4.4":["{{x}}",17911558,298605],"K_490\/24.0.0":["{{y}}",151229,717086],"K_490\/24.0.1":["{{y}}",868315,228955],"K_490\/24.0.2":["{{y}}",1097270,1573748],"K_490\/24.0.3":["{{y}}",2671018,1433490],"K_490\/24.0.4":["{{y}}",4104508,1872794],"K_490\/24.1.0":["{{y}}",5977302,1061137],"K_490\/24.1.1":["{{y}}",7038439,408784],"K_490\/24.1.2":["{{y}}",7447223,261308],"K_490\/24.1.3":["{{y}}",7708531,1302401],"K_490\/24.1.4":["{{y}}",9010932,1786249],"K_490\/24.2.0":["{{y}}",10797181,1703204],"K_490\/24.2.1":["{{y}}",12500385,1399004],"K_490\/24.2.2":["{{y}}",13899389,124222],"K_490\/24.2.3":["{{y}}",14023611,770951],"K_490\/24.2.4":["{{y}}",14794562,737455],"K_490\/24.3.0":["{{y}}",15532017,675310],"K_490\/24.3.1":["{{y}}",16207327,951675],"K_490\/24.3.2":["{{y}}",17159002,863355],"K_490\/24.3.3":["{{y}}",18022357,1518569],"K_490\/24.3.4":["{{y}}",19540926,2418349],"K_490\/24.4.0":["{{y}}",21959275,383766],"K_490\/24.4.1":["{{y}}",22343041,241441],"K_490\/24.4.2":["{{y}}",22584482,732855],"K_490\/24.4.3":["{{y}}",23317337,112193],"K_490\/24.4.4":["{{y}}",23429530,577824],"K_490\/25.0.0":["{{z}}",151229,14150],"K_490\/25.0.1":["{{z}}",165379,391161],"K_490\/25.0.2":["{{z}}",556540,1580834],"K_490\/25.0.3":["{{z}}",2137374,1362965],"K_490\/25.0.4":["{{z}}",3500339,187058],"K_490\/25.1.0":["{{z}}",3687397,162951],"K_490\/25.1.1":["{{z}}",3850348,529519],"K_490\/25.1.2":["{{z}}",4379867,177731],"K_490\/25.1.3":["{{z}}",4557598,2231301],"K_490\/25.1.4":["{{z}}",6788899,576897],"K_490\/25.2.0":["{{z}}",7365796,162632],"K_490\/25.2.1":["{{z}}",7528428,2604898],"K_490\/25.2.2":["{{z}}",10133326,18897],"K_490\/25.2.3":["{{z}}",10152223,869010],"K_490\/25.2.4":["{{z}}",11021233,588622],"K_490\/25.3.0":["{{z}}",11609855,10921],"K_490\/25.3.1":["{{z}}",11620776,1224874],"K_490\/25.3.2":["{{z}}",12845650,1112633],"K_490\/25.3.3":["{{z}}",13958283,1472290],"K_490\/25.3.4":["{{z}}",15430573,1574295],"K_490\/25.4.0":["{{z}}",17004868,10921],"K_490\/25.4.1":["{{z}}",17015789,590451],"K_490\/25.4.2":["{{z}}",17606240,348092],"K_490\/25.4.3":["{{z}}",17954332,234545],"K_490\/25.4.4":["{{z}}",18188877,1190547],"K_490\/26.0.0":["{{A}}",151229,1697745],"K_490\/26.0.1":["{{A}}",1848974,361929],"K_490\/26.0.2":["{{A}}",2210903,1054726],"K_490\/26.0.3":["{{A}}",3265629,2015921],"K_490\/26.0.4":["{{A}}",5281550,2249073],"K_490\/26.1.0":["{{A}}",7530623,1133571],"K_490\/26.1.1":["{{A}}",8664194,935697],"K_490\/26.1.2":["{{A}}",9599891,283706],"K_490\/26.1.3":["{{A}}",9883597,1509260],"K_490\/26.1.4":["{{A}}",11392857,1582020],"K_490\/26.2.0":["{{A}}",12974877,805129],"K_490\/26.2.1":["{{A}}",13780006,1383557],"K_490\/26.2.2":["{{A}}",15163563,65284],"K_490\/26.2.3":["{{A}}",15228847,677303],"K_490\/26.2.4":["{{A}}",15906150,711800],"K_490\/26.3.0":["{{A}}",16617950,404777],"K_490\/26.3.1":["{{A}}",17022727,1423239],"K_490\/26.3.2":["{{A}}",18445966,1847526],"K_490\/26.3.3":["{{A}}",20293492,1816292],"K_490\/26.3.4":["{{A}}",22109784,277116],"K_490\/26.4.0":["{{A}}",22386900,434343],"K_490\/26.4.1":["{{A}}",22821243,491993],"K_490\/26.4.2":["{{A}}",23313236,999099],"K_490\/26.4.3":["{{A}}",24312335,592962],"K_490\/26.4.4":["{{A}}",24905297,511449],"K_490\/27.0.0":["{{B}}",151229,97894],"K_490\/27.0.1":["{{B}}",249123,348925],"K_490\/27.0.2":["{{B}}",598048,1029466],"K_490\/27.0.3":["{{B}}",1627514,2042271],"K_490\/27.0.4":["{{B}}",3669785,520458],"K_490\/27.1.0":["{{B}}",4190243,65344],"K_490\/27.1.1":["{{B}}",4255587,1713102],"K_490\/27.1.2":["{{B}}",5968689,163710],"K_490\/27.1.3":["{{B}}",6132399,1542479],"K_490\/27.1.4":["{{B}}",7674878,1580670],"K_490\/27.2.0":["{{B}}",9255548,10921],"K_490\/27.2.1":["{{B}}",9266469,1855367],"K_490\/27.2.2":["{{B}}",11121836,27828],"K_490\/27.2.3":["{{B}}",11149664,453906],"K_490\/27.2.4":["{{B}}",11603570,2829129],"K_490\/27.3.0":["{{B}}",14432699,253248],"K_490\/27.3.1":["{{B}}",14685947,1200749],"K_490\/27.3.2":["{{B}}",15886696,2331548],"K_490\/27.3.3":["{{B}}",18218244,482961],"K_490\/27.3.4":["{{B}}",18701205,2558494],"K_490\/27.4.0":["{{B}}",21259699,1362972],"K_490\/27.4.1":["{{B}}",22622671,755194],"K_490\/27.4.2":["{{B}}",23377865,1156594],"K_490\/27.4.3":["{{B}}",24534459,1440925],"K_490\/27.4.4":["{{B}}",25975384,1147160],"K_490\/28.0.0":["{{C}}",151229,10951],"K_490\/28.0.1":["{{C}}",162180,197544],"K_490\/28.0.2":["{{C}}",359724,353039],"K_490\/28.0.3":["{{C}}",712763,578680],"K_490\/28.0.4":["{{C}}",1291443,3476198],"K_490\/28.1.0":["{{C}}",4767641,691324],"K_490\/28.1.1":["{{C}}",5458965,1425315],"K_490\/28.1.2":["{{C}}",6884280,1019154],"K_490\/28.1.3":["{{C}}",7903434,1388628],"K_490\/28.1.4":["{{C}}",9292062,1952568],"K_490\/28.2.0":["{{C}}",11244630,619837],"K_490\/28.2.1":["{{C}}",11864467,1440496],"K_490\/28.2.2":["{{C}}",13304963,48547],"K_490\/28.2.3":["{{C}}",13353510,606834],"K_490\/28.2.4":["{{C}}",13960344,214613],"K_490\/28.3.0":["{{C}}",14174957,181361],"K_490\/28.3.1":["{{C}}",14356318,2617423],"K_490\/28.3.2":["{{C}}",16973741,2344911],"K_490\/28.3.3":["{{C}}",19318652,656516],"K_490\/28.3.4":["{{C}}",19975168,16608],"K_490\/28.4.0":["{{C}}",19991776,81003],"K_490\/28.4.1":["{{C}}",20072779,2236726],"K_490\/28.4.2":["{{C}}",22309505,836246],"K_490\/28.4.3":["{{C}}",23145751,814018],"K_490\/28.4.4":["{{C}}",23959769,672393],"K_490\/29.0.0":["{{D}}",151229,712890],"K_490\/29.0.1":["{{D}}",864119,959951],"K_490\/29.0.2":["{{D}}",1824070,1226378],"K_490\/29.0.3":["{{D}}",3050448,484837],"K_490\/29.0.4":["{{D}}",3535285,253351],"K_490\/29.1.0":["{{D}}",3788636,2131358],"K_490\/29.1.1":["{{D}}",5919994,2003964],"K_490\/29.1.2":["{{D}}",7923958,304397],"K_490\/29.1.3":["{{D}}",8228355,1265319],"K_490\/29.1.4":["{{D}}",9493674,2493786],"K_490\/29.2.0":["{{D}}",11987460,1745366],"K_490\/29.2.1":["{{D}}",13732826,1141542],"K_490\/29.2.2":["{{D}}",14874368,40594],"K_490\/29.2.3":["{{D}}",14914962,701724],"K_490\/29.2.4":["{{D}}",15616686,1763459],"K_490\/29.3.0":["{{D}}",17380145,736709],"K_490\/29.3.1":["{{D}}",18116854,1245748],"K_490\/29.3.2":["{{D}}",19362602,2691941],"K_490\/29.3.3":["{{D}}",22054543,1295567],"K_490\/29.3.4":["{{D}}",23350110,592333],"K_490\/29.4.0":["{{D}}",23942443,220207],"K_490\/29.4.1":["{{D}}",24162650,748695],"K_490\/29.4.2":["{{D}}",24911345,3027051],"K_490\/29.4.3":["{{D}}",27938396,615583],"K_490\/29.4.4":["{{D}}",28553979,989898]}}