{"version":1,"templates":{"a":"s3:\/\/imos-data\/IMOS\/SRS\/OC\/gridded\/aqua\/P1D\/2010\/05\/A.P1D.20100501T053000Z.aust.chl_gsm.nc","b":"s3:\/\/imos-data\/IMOS\/SRS\/OC\/gridded\/aqua\/P1D\/2010\/05\/A.P1D.20100502T053000Z.aust.chl_gsm.nc","c":"s3:\/\/imos-data\/IMOS\/SRS\/OC\/gridded\/aqua\/P1D\/2010\/05\/A.P1D.20100503T053000Z.aust.chl_gsm.nc","d":"s3:\/\/imos-data\/IMOS\/SRS\/OC\/gridded\/aqua\/P1D\/2010\/05\/A.P1D.20100504T053000Z.aust.chl_gsm.nc","e":"s3:\/\/imos-data\/IMOS\/SRS\/OC\/gridded\/aqua\/P1D\/2010\/05\/A.P1D.20100505T053000Z.aust.chl_gsm.nc","f":"s3:\/\/imos-data\/IMOS\/SRS\/OC\/gridded\/aqua\/P1D\/2010\/05\/A.P1D.20100506T053000Z.aust.chl_gsm.nc","g":"s3:\/\/imos-data\/IMOS\/SRS\/OC\/gridded\/aqua\/P1D\/2010\/05\/A.P1D.20100507T053000Z.aust.chl_gsm.nc","h":"s3:\/\/imos-data\/IMOS\/SRS\/OC\/gridded\/aqua\/P1D\/2010\/05\/A.P1D.20100508T053000Z.aust.chl_gsm.nc","i":"s3:\/\/imos-data\/IMOS\/SRS\/OC\/gridded\/aqua\/P1D\/2010\/05\/A.P1D.20100509T053000Z.aust.chl_gsm.nc","j":"s3:\/\/imos-data\/IMOS\/SRS\/OC\/gridded\/aqua\/P1D\/2010\/05\/A.P1D.20100510T053000Z.aust.chl_gsm.nc","k":"s3:\/\/imos-data\/IMOS\/SRS\/OC\/gridded\/aqua\/P1D\/2010\/05\/A.P1D.20100511T053000Z.aust.chl_gsm.nc","l":"s3:\/\/imos-data\/IMOS\/SRS\/OC\/gridded\/aqua\/P1D\/2010\/05\/A.P1D.20100512T053000Z.aust.chl_gsm.nc","m":"s3:\/\/imos-data\/IMOS\/SRS\/OC\/gridded\/aqua\/P1D\/2010\/05\/A.P1D.20100513T053000Z.aust.chl_gsm.nc","n":"s3:\/\/imos-data\/IMOS\/SRS\/OC\/gridded\/aqua\/P1D\/2010\/05\/A.P1D.20100514T053000Z.aust.chl_gsm.nc","o":"s3:\/\/imos-data\/IMOS\/SRS\/OC\/gridded\/aqua\/P1D\/2010\/05\/A.P1D.20100515T053000Z.aust.chl_gsm.nc","p":"s3:\/\/imos-data\/IMOS\/SRS\/OC\/gridded\/aqua\/P1D\/2010\/05\/A.P1D.20100516T053000Z.aust.chl_gsm.nc","q":"s3:\/\/imos-data\/IMOS\/SRS\/OC\/gridded\/aqua\/P1D\/2010\/05\/A.P1D.20100517T053000Z.aust.chl_gsm.nc","r":"s3:\/\/imos-data\/IMOS\/SRS\/OC\/gridded\/aqua\/P1D\/2010\/05\/A.P1D.20100518T053000Z.aust.chl_gsm.nc","s":"s3:\/\/imos-data\/IMOS\/SRS\/OC\/gridded\/aqua\/P1D\/2010\/05\/A.P1D.20100519T053000Z.aust.chl_gsm.nc","t":"s3:\/\/imos-data\/IMOS\/SRS\/OC\/gridded\/aqua\/P1D\/2010\/05\/A.P1D.20100520T053000Z.aust.chl_gsm.nc","u":"s3:\/\/imos-data\/IMOS\/SRS\/OC\/gridded\/aqua\/P1D\/2010\/05\/A.P1D.20100521T053000Z.aust.chl_gsm.nc","v":"s3:\/\/imos-data\/IMOS\/SRS\/OC\/gridded\/aqua\/P1D\/2010\/05\/A.P1D.20100522T053000Z.aust.chl_gsm.nc","w":"s3:\/\/imos-data\/IMOS\/SRS\/OC\/gridded\/aqua\/P1D\/2010\/05\/A.P1D.20100523T053000Z.aust.chl_gsm.nc","x":"s3:\/\/imos-data\/IMOS\/SRS\/OC\/gridded\/aqua\/P1D\/2010\/05\/A.P1D.20100524T053000Z.aust.chl_gsm.nc","y":"s3:\/\/imos-data\/IMOS\/SRS\/OC\/gridded\/aqua\/P1D\/2010\/05\/A.P1D.20100525T053000Z.aust.chl_gsm.nc","z":"s3:\/\/imos-data\/IMOS\/SRS\/OC\/gridded\/aqua\/P1D\/2010\/05\/A.P1D.20100526T053000Z.aust.chl_gsm.nc","A":"s3:\/\/imos-data\/IMOS\/SRS\/OC\/gridded\/aqua\/P1D\/2010\/05\/A.P1D.20100527T053000Z.aust.chl_gsm.nc","B":"s3:\/\/imos-data\/IMOS\/SRS\/OC\/gridded\/aqua\/P1D\/2010\/05\/A.P1D.20100528T053000Z.aust.chl_gsm.nc","C":"s3:\/\/imos-data\/IMOS\/SRS\/OC\/gridded\/aqua\/P1D\/2010\/05\/A.P1D.20100529T053000Z.aust.chl_gsm.nc","D":"s3:\/\/imos-data\/IMOS\/SRS\/OC\/gridded\/aqua\/P1D\/2010\/05\/A.P1D.20100530T053000Z.aust.chl_gsm.nc","E":"s3:\/\/imos-data\/IMOS\/SRS\/OC\/gridded\/aqua\/P1D\/2010\/05\/A.P1D.20100531T053000Z.aust.chl_gsm.nc"},"refs":{".zgroup":"{\"zarr_format\":2}",".zattrs":"{\"Conventions\":\"CF-1.6\",\"_NCProperties\":\"version=1|netcdflibversion=4.6.1|hdf5libversion=1.10.4\",\"_nc3_strict\":1,\"history\":\"File initialised at 2020-08-06T06:11:14.208043\\nInitialised var chl_gsm at 2020-08-06T06:11:53.544881\\nAdd Granule A20100501_0300.20190919201729.L2OC_BASE.chl_gsm.nc at 2020-08-06T06:11:57.465288\\nAdd Granule A20100501_0305.20190919213252.L2OC_BASE.chl_gsm.nc at 2020-08-06T06:11:57.710116\\nAdd Granule A20100501_0310.20190919211143.L2OC_BASE.chl_gsm.nc at 2020-08-06T06:11:57.937101\\nAdd Granule A20100501_0315.20190919203810.L2OC_BASE.chl_gsm.nc at 2020-08-06T06:11:58.125873\\nAdd Granule A20100501_0320.20190919202842.L2OC_BASE.chl_gsm.nc at 2020-08-06T06:11:58.283410\\nAdd Granule A20100501_0440.20190919201327.L2OC_BASE.chl_gsm.nc at 2020-08-06T06:11:58.451048\\nAdd Granule A20100501_0445.20190919205345.L2OC_BASE.chl_gsm.nc at 2020-08-06T06:11:58.693015\\nAdd Granule A20100501_0450.20190919203418.L2OC_BASE.chl_gsm.nc at 2020-08-06T06:11:58.873280\\nAdd Granule A20100501_0455.20190919202143.L2OC_BASE.chl_gsm.nc at 2020-08-06T06:11:59.055597\\nAdd Granule A20100501_0500.20190919204550.L2OC_BASE.chl_gsm.nc at 2020-08-06T06:11:59.204846\\nAdd Granule A20100501_0620.20190919212113.L2OC_BASE.chl_gsm.nc at 2020-08-06T06:11:59.432318\\nAdd Granule A20100501_0625.20190919212556.L2OC_BASE.chl_gsm.nc at 2020-08-06T06:11:59.672562\\nAdd Granule A20100501_0630.20190919200302.L2OC_BASE.chl_gsm.nc at 2020-08-06T06:11:59.888547\\nAdd Granule A20100501_0635.20190919210443.L2OC_BASE.chl_gsm.nc at 2020-08-06T06:12:00.071952\\nAdd Granule A20100501_0640.20190919195819.L2OC_BASE.chl_gsm.nc at 2020-08-06T06:12:00.191581\\nAdd Granule A20100501_0800.20190919205938.L2OC_BASE.chl_gsm.nc at 2020-08-06T06:12:00.450537\",\"source_path\":\"imos-srs\\\/archive\\\/oc\\\/aqua\\\/1d\\\/v201909\\\/2010\\\/05\\\/A20100501.L2OC_BASE.aust.chl_gsm.nc\"}","latitude\/.zarray":"{\n    \"chunks\": [\n        7001\n    ],\n    \"compressor\": null,\n    \"dtype\": \"<f8\",\n    \"fill_value\": 9.969209968386869e+36,\n    \"filters\": null,\n    \"order\": \"C\",\n    \"shape\": [\n        7001\n    ],\n    \"zarr_format\": 2\n}","latitude\/.zattrs":"{\n    \"NAME\": \"latitude\",\n    \"_ARRAY_DIMENSIONS\": [\n        \"latitude\"\n    ],\n    \"_Netcdf4Dimid\": 1,\n    \"axis\": \"Y\",\n    \"long_name\": \"latitude\",\n    \"standard_name\": \"latitude\",\n    \"units\": \"degrees_north\"\n}","latitude\/0":["{{a}}",2392,56008],"chl_gsm\/.zarray":"{\"chunks\":[1,1401,2001],\"compressor\":{\"id\":\"zlib\",\"level\":4},\"dtype\":\"<f4\",\"fill_value\":-999.0,\"filters\":[{\"elementsize\":4,\"id\":\"shuffle\"}],\"order\":\"C\",\"shape\":[31,7001,10001],\"zarr_format\":2}","chl_gsm\/.zattrs":"{\"_ARRAY_DIMENSIONS\":[\"time\",\"latitude\",\"longitude\"],\"flag_applied\":\"HISATZEN LAND CLDICE NAVFAIL\",\"long_name\":\"Chlorophyll Concentration, GSM model\",\"units\":\"mg\\\/m^3\"}","longitude\/.zarray":"{\n    \"chunks\": [\n        10001\n    ],\n    \"compressor\": null,\n    \"dtype\": \"<f8\",\n    \"fill_value\": 9.969209968386869e+36,\n    \"filters\": null,\n    \"order\": \"C\",\n    \"shape\": [\n        10001\n    ],\n    \"zarr_format\": 2\n}","longitude\/.zattrs":"{\n    \"NAME\": \"longitude\",\n    \"_ARRAY_DIMENSIONS\": [\n        \"longitude\"\n    ],\n    \"_Netcdf4Dimid\": 2,\n    \"axis\": \"X\",\n    \"long_name\": \"longitude\",\n    \"standard_name\": \"longitude\",\n    \"units\": \"degrees_east\"\n}","longitude\/0":["{{a}}",58400,80008],"time\/.zarray":"{\"chunks\":[31],\"compressor\":{\"blocksize\":0,\"clevel\":5,\"cname\":\"lz4\",\"id\":\"blosc\",\"shuffle\":1},\"dtype\":\"<M8[us]\",\"fill_value\":0,\"filters\":null,\"order\":\"C\",\"shape\":[31],\"zarr_format\":2}","time\/0":"base64:AgExCPgAAAD4AAAAsQAAABQAAACZAAAAHwABAAv7AcYmhuZGpgZmxiaG5kamBmYQAPRapX1UKwPasolgOA\/mvpVtRBvzyqF5UCj\/1q6FXDQL46bE4gAeO1l3lbPR7gwqSGaEob\/d+xk3VHKQrszqCCWBlam+0ub6DiI2Sl5zh5uvw9fr\/xMoPFBkeIygtMndhYWFhYWFhYaGhoaGBQAWhwEAHwQBAAsP2AAHUAAAAAAA","time\/.zattrs":"{\"NAME\":\"time\",\"_ARRAY_DIMENSIONS\":[\"time\"],\"_Netcdf4Dimid\":0,\"axis\":\"T\",\"long_name\":\"time\",\"standard_name\":\"time\"}","chl_gsm\/0.0.0":["{{a}}",151217,58106],"chl_gsm\/0.0.1":["{{a}}",209323,1845774],"chl_gsm\/0.0.2":["{{a}}",2055097,2464560],"chl_gsm\/0.0.3":["{{a}}",4519657,605157],"chl_gsm\/0.0.4":["{{a}}",5124814,138105],"chl_gsm\/0.1.0":["{{a}}",5262919,214316],"chl_gsm\/0.1.1":["{{a}}",5477235,3484176],"chl_gsm\/0.1.2":["{{a}}",8961411,2360363],"chl_gsm\/0.1.3":["{{a}}",11321774,1723351],"chl_gsm\/0.1.4":["{{a}}",13045125,838464],"chl_gsm\/0.2.0":["{{a}}",13883589,58457],"chl_gsm\/0.2.1":["{{a}}",13942046,4213448],"chl_gsm\/0.2.2":["{{a}}",18155494,56339],"chl_gsm\/0.2.3":["{{a}}",18211833,2384298],"chl_gsm\/0.2.4":["{{a}}",20596131,2545048],"chl_gsm\/0.3.0":["{{a}}",23141179,11492],"chl_gsm\/0.3.1":["{{a}}",23152671,2519536],"chl_gsm\/0.3.2":["{{a}}",25672207,2149168],"chl_gsm\/0.3.3":["{{a}}",27821375,2405987],"chl_gsm\/0.3.4":["{{a}}",30227362,2459773],"chl_gsm\/0.4.0":["{{a}}",32687135,826259],"chl_gsm\/0.4.1":["{{a}}",33513394,1214565],"chl_gsm\/0.4.2":["{{a}}",34727959,583559],"chl_gsm\/0.4.3":["{{a}}",35311518,98168],"chl_gsm\/0.4.4":["{{a}}",35409686,952566],"chl_gsm\/1.0.0":["{{b}}",151217,3410486],"chl_gsm\/1.0.1":["{{b}}",3561703,436147],"chl_gsm\/1.0.2":["{{b}}",3997850,1623655],"chl_gsm\/1.0.3":["{{b}}",5621505,764113],"chl_gsm\/1.0.4":["{{b}}",6385618,2243279],"chl_gsm\/1.1.0":["{{b}}",8628897,864895],"chl_gsm\/1.1.1":["{{b}}",9493792,1700450],"chl_gsm\/1.1.2":["{{b}}",11194242,2255611],"chl_gsm\/1.1.3":["{{b}}",13449853,1297350],"chl_gsm\/1.1.4":["{{b}}",14747203,2776305],"chl_gsm\/1.2.0":["{{b}}",17523508,2217838],"chl_gsm\/1.2.1":["{{b}}",19741346,2392196],"chl_gsm\/1.2.2":["{{b}}",22133542,145465],"chl_gsm\/1.2.3":["{{b}}",22279007,1759339],"chl_gsm\/1.2.4":["{{b}}",24038346,2904028],"chl_gsm\/1.3.0":["{{b}}",26942374,963153],"chl_gsm\/1.3.1":["{{b}}",27905527,2091321],"chl_gsm\/1.3.2":["{{b}}",29996848,3319077],"chl_gsm\/1.3.3":["{{b}}",33315925,2331110],"chl_gsm\/1.3.4":["{{b}}",35647035,1890442],"chl_gsm\/1.4.0":["{{b}}",37537477,225350],"chl_gsm\/1.4.1":["{{b}}",37762827,531447],"chl_gsm\/1.4.2":["{{b}}",38294274,1102419],"chl_gsm\/1.4.3":["{{b}}",39396693,539171],"chl_gsm\/1.4.4":["{{b}}",39935864,98195],"chl_gsm\/2.0.0":["{{c}}",151217,200846],"chl_gsm\/2.0.1":["{{c}}",352063,1797549],"chl_gsm\/2.0.2":["{{c}}",2149612,3273047],"chl_gsm\/2.0.3":["{{c}}",5422659,1063038],"chl_gsm\/2.0.4":["{{c}}",6485697,603111],"chl_gsm\/2.1.0":["{{c}}",7088808,12534],"chl_gsm\/2.1.1":["{{c}}",7101342,1815271],"chl_gsm\/2.1.2":["{{c}}",8916613,1374841],"chl_gsm\/2.1.3":["{{c}}",10291454,683149],"chl_gsm\/2.1.4":["{{c}}",10974603,372750],"chl_gsm\/2.2.0":["{{c}}",11347353,4373249],"chl_gsm\/2.2.1":["{{c}}",15720602,1730385],"chl_gsm\/2.2.2":["{{c}}",17450987,114551],"chl_gsm\/2.2.3":["{{c}}",17565538,1577292],"chl_gsm\/2.2.4":["{{c}}",19142830,2155183],"chl_gsm\/2.3.0":["{{c}}",21298013,1668095],"chl_gsm\/2.3.1":["{{c}}",22966108,957863],"chl_gsm\/2.3.2":["{{c}}",23923971,1213676],"chl_gsm\/2.3.3":["{{c}}",25137647,1960080],"chl_gsm\/2.3.4":["{{c}}",27097727,2863740],"chl_gsm\/2.4.0":["{{c}}",29961467,11454],"chl_gsm\/2.4.1":["{{c}}",29972921,282156],"chl_gsm\/2.4.2":["{{c}}",30255077,588742],"chl_gsm\/2.4.3":["{{c}}",30843819,620231],"chl_gsm\/2.4.4":["{{c}}",31464050,1020281],"chl_gsm\/3.0.0":["{{d}}",151217,942545],"chl_gsm\/3.0.1":["{{d}}",1093762,1153550],"chl_gsm\/3.0.2":["{{d}}",2247312,1524968],"chl_gsm\/3.0.3":["{{d}}",3772280,1565132],"chl_gsm\/3.0.4":["{{d}}",5337412,819905],"chl_gsm\/3.1.0":["{{d}}",6157317,609689],"chl_gsm\/3.1.1":["{{d}}",6767006,1346634],"chl_gsm\/3.1.2":["{{d}}",8113640,1272822],"chl_gsm\/3.1.3":["{{d}}",9386462,1218750],"chl_gsm\/3.1.4":["{{d}}",10605212,1345652],"chl_gsm\/3.2.0":["{{d}}",11950864,1435740],"chl_gsm\/3.2.1":["{{d}}",13386604,2399824],"chl_gsm\/3.2.2":["{{d}}",15786428,64375],"chl_gsm\/3.2.3":["{{d}}",15850803,1748141],"chl_gsm\/3.2.4":["{{d}}",17598944,275987],"chl_gsm\/3.3.0":["{{d}}",17874931,666400],"chl_gsm\/3.3.1":["{{d}}",18541331,1076101],"chl_gsm\/3.3.2":["{{d}}",19617432,1746935],"chl_gsm\/3.3.3":["{{d}}",21364367,1450159],"chl_gsm\/3.3.4":["{{d}}",22814526,1437850],"chl_gsm\/3.4.0":["{{d}}",24252376,330082],"chl_gsm\/3.4.1":["{{d}}",24582458,682933],"chl_gsm\/3.4.2":["{{d}}",25265391,781655],"chl_gsm\/3.4.3":["{{d}}",26047046,376910],"chl_gsm\/3.4.4":["{{d}}",26423956,999805],"chl_gsm\/4.0.0":["{{e}}",151217,1641069],"chl_gsm\/4.0.1":["{{e}}",1792286,2537516],"chl_gsm\/4.0.2":["{{e}}",4329802,2162014],"chl_gsm\/4.0.3":["{{e}}",6491816,1395623],"chl_gsm\/4.0.4":["{{e}}",7887439,1561550],"chl_gsm\/4.1.0":["{{e}}",9448989,1643922],"chl_gsm\/4.1.1":["{{e}}",11092911,1957601],"chl_gsm\/4.1.2":["{{e}}",13050512,1522482],"chl_gsm\/4.1.3":["{{e}}",14572994,775151],"chl_gsm\/4.1.4":["{{e}}",15348145,1288941],"chl_gsm\/4.2.0":["{{e}}",16637086,4103676],"chl_gsm\/4.2.1":["{{e}}",20740762,1463508],"chl_gsm\/4.2.2":["{{e}}",22204270,59927],"chl_gsm\/4.2.3":["{{e}}",22264197,169077],"chl_gsm\/4.2.4":["{{e}}",22433274,1980408],"chl_gsm\/4.3.0":["{{e}}",24413682,2130520],"chl_gsm\/4.3.1":["{{e}}",26544202,1013289],"chl_gsm\/4.3.2":["{{e}}",27557491,1076020],"chl_gsm\/4.3.3":["{{e}}",28633511,1148248],"chl_gsm\/4.3.4":["{{e}}",29781759,2794870],"chl_gsm\/4.4.0":["{{e}}",32576629,497340],"chl_gsm\/4.4.1":["{{e}}",33073969,464632],"chl_gsm\/4.4.2":["{{e}}",33538601,701223],"chl_gsm\/4.4.3":["{{e}}",34239824,1798323],"chl_gsm\/4.4.4":["{{e}}",36038147,543055],"chl_gsm\/5.0.0":["{{f}}",151217,1317663],"chl_gsm\/5.0.1":["{{f}}",1468880,1908700],"chl_gsm\/5.0.2":["{{f}}",3377580,1791447],"chl_gsm\/5.0.3":["{{f}}",5169027,1192190],"chl_gsm\/5.0.4":["{{f}}",6361217,10921],"chl_gsm\/5.1.0":["{{f}}",6372138,590866],"chl_gsm\/5.1.1":["{{f}}",6963004,1447235],"chl_gsm\/5.1.2":["{{f}}",8410239,1936451],"chl_gsm\/5.1.3":["{{f}}",10346690,668464],"chl_gsm\/5.1.4":["{{f}}",11015154,22123],"chl_gsm\/5.2.0":["{{f}}",11037277,262560],"chl_gsm\/5.2.1":["{{f}}",11299837,2685484],"chl_gsm\/5.2.2":["{{f}}",13985321,125775],"chl_gsm\/5.2.3":["{{f}}",14111096,2284762],"chl_gsm\/5.2.4":["{{f}}",16395858,107193],"chl_gsm\/5.3.0":["{{f}}",16503051,155854],"chl_gsm\/5.3.1":["{{f}}",16658905,1364745],"chl_gsm\/5.3.2":["{{f}}",18023650,997747],"chl_gsm\/5.3.3":["{{f}}",19021397,1989182],"chl_gsm\/5.3.4":["{{f}}",21010579,421993],"chl_gsm\/5.4.0":["{{f}}",21432572,10950],"chl_gsm\/5.4.1":["{{f}}",21443522,641964],"chl_gsm\/5.4.2":["{{f}}",22085486,346433],"chl_gsm\/5.4.3":["{{f}}",22431919,1068630],"chl_gsm\/5.4.4":["{{f}}",23500549,37398],"chl_gsm\/6.0.0":["{{g}}",151217,1331885],"chl_gsm\/6.0.1":["{{g}}",1483102,1929435],"chl_gsm\/6.0.2":["{{g}}",3412537,1205640],"chl_gsm\/6.0.3":["{{g}}",4618177,806349],"chl_gsm\/6.0.4":["{{g}}",5424526,1099318],"chl_gsm\/6.1.0":["{{g}}",6523844,1298370],"chl_gsm\/6.1.1":["{{g}}",7822214,1926395],"chl_gsm\/6.1.2":["{{g}}",9748609,1129154],"chl_gsm\/6.1.3":["{{g}}",10877763,390498],"chl_gsm\/6.1.4":["{{g}}",11268261,809450],"chl_gsm\/6.2.0":["{{g}}",12077711,2888456],"chl_gsm\/6.2.1":["{{g}}",14966167,2137909],"chl_gsm\/6.2.2":["{{g}}",17104076,142953],"chl_gsm\/6.2.3":["{{g}}",17247029,787318],"chl_gsm\/6.2.4":["{{g}}",18034347,1055398],"chl_gsm\/6.3.0":["{{g}}",19089745,1281005],"chl_gsm\/6.3.1":["{{g}}",20370750,998435],"chl_gsm\/6.3.2":["{{g}}",21369185,945493],"chl_gsm\/6.3.3":["{{g}}",22314678,1465791],"chl_gsm\/6.3.4":["{{g}}",23780469,1123279],"chl_gsm\/6.4.0":["{{g}}",24903748,377364],"chl_gsm\/6.4.1":["{{g}}",25281112,695978],"chl_gsm\/6.4.2":["{{g}}",25977090,1244646],"chl_gsm\/6.4.3":["{{g}}",27221736,425200],"chl_gsm\/6.4.4":["{{g}}",27646936,529696],"chl_gsm\/7.0.0":["{{h}}",151217,633682],"chl_gsm\/7.0.1":["{{h}}",784899,2174874],"chl_gsm\/7.0.2":["{{h}}",2959773,1357783],"chl_gsm\/7.0.3":["{{h}}",4317556,1545519],"chl_gsm\/7.0.4":["{{h}}",5863075,135703],"chl_gsm\/7.1.0":["{{h}}",5998778,171932],"chl_gsm\/7.1.1":["{{h}}",6170710,1132345],"chl_gsm\/7.1.2":["{{h}}",7303055,1893712],"chl_gsm\/7.1.3":["{{h}}",9196767,992853],"chl_gsm\/7.1.4":["{{h}}",10189620,394141],"chl_gsm\/7.2.0":["{{h}}",10583761,34747],"chl_gsm\/7.2.1":["{{h}}",10618508,3264988],"chl_gsm\/7.2.2":["{{h}}",13883496,57364],"chl_gsm\/7.2.3":["{{h}}",13940860,1721327],"chl_gsm\/7.2.4":["{{h}}",15662187,1444789],"chl_gsm\/7.3.0":["{{h}}",17106976,11840],"chl_gsm\/7.3.1":["{{h}}",17118816,2597338],"chl_gsm\/7.3.2":["{{h}}",19716154,1866811],"chl_gsm\/7.3.3":["{{h}}",21582965,1790704],"chl_gsm\/7.3.4":["{{h}}",23373669,1322837],"chl_gsm\/7.4.0":["{{h}}",24696506,10921],"chl_gsm\/7.4.1":["{{h}}",24707427,621244],"chl_gsm\/7.4.2":["{{h}}",25328671,272668],"chl_gsm\/7.4.3":["{{h}}",25601339,457192],"chl_gsm\/7.4.4":["{{h}}",26058531,1632093],"chl_gsm\/8.0.0":["{{i}}",151217,997018],"chl_gsm\/8.0.1":["{{i}}",1148235,1096572],"chl_gsm\/8.0.2":["{{i}}",2244807,1410305],"chl_gsm\/8.0.3":["{{i}}",3655112,927461],"chl_gsm\/8.0.4":["{{i}}",4582573,3440126],"chl_gsm\/8.1.0":["{{i}}",8022699,1318782],"chl_gsm\/8.1.1":["{{i}}",9341481,1250919],"chl_gsm\/8.1.2":["{{i}}",10592400,1548529],"chl_gsm\/8.1.3":["{{i}}",12140929,1039818],"chl_gsm\/8.1.4":["{{i}}",13180747,2430551],"chl_gsm\/8.2.0":["{{i}}",15611298,2371035],"chl_gsm\/8.2.1":["{{i}}",17982333,1905115],"chl_gsm\/8.2.2":["{{i}}",19887448,91930],"chl_gsm\/8.2.3":["{{i}}",19979378,1350626],"chl_gsm\/8.2.4":["{{i}}",21330004,2231490],"chl_gsm\/8.3.0":["{{i}}",23561494,560965],"chl_gsm\/8.3.1":["{{i}}",24122459,1724967],"chl_gsm\/8.3.2":["{{i}}",25847426,1704917],"chl_gsm\/8.3.3":["{{i}}",27552343,2065608],"chl_gsm\/8.3.4":["{{i}}",29617951,1745253],"chl_gsm\/8.4.0":["{{i}}",31363204,204328],"chl_gsm\/8.4.1":["{{i}}",31567532,1838873],"chl_gsm\/8.4.2":["{{i}}",33406405,754050],"chl_gsm\/8.4.3":["{{i}}",34160455,724603],"chl_gsm\/8.4.4":["{{i}}",34885058,163347],"chl_gsm\/9.0.0":["{{j}}",151217,203632],"chl_gsm\/9.0.1":["{{j}}",354849,1253369],"chl_gsm\/9.0.2":["{{j}}",1608218,1061466],"chl_gsm\/9.0.3":["{{j}}",2669684,2594609],"chl_gsm\/9.0.4":["{{j}}",5264293,922288],"chl_gsm\/9.1.0":["{{j}}",6186581,29296],"chl_gsm\/9.1.1":["{{j}}",6215877,1985274],"chl_gsm\/9.1.2":["{{j}}",8201151,1643513],"chl_gsm\/9.1.3":["{{j}}",9844664,1732204],"chl_gsm\/9.1.4":["{{j}}",11576868,1377562],"chl_gsm\/9.2.0":["{{j}}",12954430,10921],"chl_gsm\/9.2.1":["{{j}}",12965351,3394989],"chl_gsm\/9.2.2":["{{j}}",16360340,15028],"chl_gsm\/9.2.3":["{{j}}",16375368,2103251],"chl_gsm\/9.2.4":["{{j}}",18478619,2652521],"chl_gsm\/9.3.0":["{{j}}",21131140,48199],"chl_gsm\/9.3.1":["{{j}}",21179339,647957],"chl_gsm\/9.3.2":["{{j}}",21827296,1150782],"chl_gsm\/9.3.3":["{{j}}",22978078,2163594],"chl_gsm\/9.3.4":["{{j}}",25141672,2941025],"chl_gsm\/9.4.0":["{{j}}",28082697,42777],"chl_gsm\/9.4.1":["{{j}}",28125474,124875],"chl_gsm\/9.4.2":["{{j}}",28250349,1260893],"chl_gsm\/9.4.3":["{{j}}",29511242,433952],"chl_gsm\/9.4.4":["{{j}}",29945194,1422059],"chl_gsm\/10.0.0":["{{k}}",151217,872022],"chl_gsm\/10.0.1":["{{k}}",1023239,678238],"chl_gsm\/10.0.2":["{{k}}",1701477,707480],"chl_gsm\/10.0.3":["{{k}}",2408957,1013421],"chl_gsm\/10.0.4":["{{k}}",3422378,3754509],"chl_gsm\/10.1.0":["{{k}}",7176887,876145],"chl_gsm\/10.1.1":["{{k}}",8053032,1928167],"chl_gsm\/10.1.2":["{{k}}",9981199,1687270],"chl_gsm\/10.1.3":["{{k}}",11668469,2027540],"chl_gsm\/10.1.4":["{{k}}",13696009,3900857],"chl_gsm\/10.2.0":["{{k}}",17596866,2299258],"chl_gsm\/10.2.1":["{{k}}",19896124,3283172],"chl_gsm\/10.2.2":["{{k}}",23179296,82786],"chl_gsm\/10.2.3":["{{k}}",23262082,2376245],"chl_gsm\/10.2.4":["{{k}}",25638327,233235],"chl_gsm\/10.3.0":["{{k}}",25871562,410333],"chl_gsm\/10.3.1":["{{k}}",26281895,992911],"chl_gsm\/10.3.2":["{{k}}",27274806,1809650],"chl_gsm\/10.3.3":["{{k}}",29084456,2048562],"chl_gsm\/10.3.4":["{{k}}",31133018,892225],"chl_gsm\/10.4.0":["{{k}}",32025243,27336],"chl_gsm\/10.4.1":["{{k}}",32052579,209890],"chl_gsm\/10.4.2":["{{k}}",32262469,1675537],"chl_gsm\/10.4.3":["{{k}}",33938006,316845],"chl_gsm\/10.4.4":["{{k}}",34254851,694294],"chl_gsm\/11.0.0":["{{l}}",151217,223525],"chl_gsm\/11.0.1":["{{l}}",374742,1748662],"chl_gsm\/11.0.2":["{{l}}",2123404,155467],"chl_gsm\/11.0.3":["{{l}}",2278871,1636298],"chl_gsm\/11.0.4":["{{l}}",3915169,1691326],"chl_gsm\/11.1.0":["{{l}}",5606495,1304786],"chl_gsm\/11.1.1":["{{l}}",6911281,1372359],"chl_gsm\/11.1.2":["{{l}}",8283640,991047],"chl_gsm\/11.1.3":["{{l}}",9274687,1904277],"chl_gsm\/11.1.4":["{{l}}",11178964,1823174],"chl_gsm\/11.2.0":["{{l}}",13002138,2762061],"chl_gsm\/11.2.1":["{{l}}",15764199,3060770],"chl_gsm\/11.2.2":["{{l}}",18824969,87315],"chl_gsm\/11.2.3":["{{l}}",18912284,1287027],"chl_gsm\/11.2.4":["{{l}}",20199311,3569224],"chl_gsm\/11.3.0":["{{l}}",23768535,953052],"chl_gsm\/11.3.1":["{{l}}",24721587,2007375],"chl_gsm\/11.3.2":["{{l}}",26728962,2208467],"chl_gsm\/11.3.3":["{{l}}",28937429,1170345],"chl_gsm\/11.3.4":["{{l}}",30107774,1615891],"chl_gsm\/11.4.0":["{{l}}",31723665,22876],"chl_gsm\/11.4.1":["{{l}}",31746541,475156],"chl_gsm\/11.4.2":["{{l}}",32221697,154026],"chl_gsm\/11.4.3":["{{l}}",32375723,1168984],"chl_gsm\/11.4.4":["{{l}}",33544707,709670],"chl_gsm\/12.0.0":["{{m}}",151217,243888],"chl_gsm\/12.0.1":["{{m}}",395105,306268],"chl_gsm\/12.0.2":["{{m}}",701373,1321641],"chl_gsm\/12.0.3":["{{m}}",2023014,2155076],"chl_gsm\/12.0.4":["{{m}}",4178090,2989747],"chl_gsm\/12.1.0":["{{m}}",7167837,411946],"chl_gsm\/12.1.1":["{{m}}",7579783,1027226],"chl_gsm\/12.1.2":["{{m}}",8607009,1129170],"chl_gsm\/12.1.3":["{{m}}",9736179,2160048],"chl_gsm\/12.1.4":["{{m}}",11896227,786037],"chl_gsm\/12.2.0":["{{m}}",12682264,662659],"chl_gsm\/12.2.1":["{{m}}",13344923,2760613],"chl_gsm\/12.2.2":["{{m}}",16105536,73154],"chl_gsm\/12.2.3":["{{m}}",16178690,3092019],"chl_gsm\/12.2.4":["{{m}}",19270709,891256],"chl_gsm\/12.3.0":["{{m}}",20161965,162279],"chl_gsm\/12.3.1":["{{m}}",20324244,1690784],"chl_gsm\/12.3.2":["{{m}}",22015028,2855722],"chl_gsm\/12.3.3":["{{m}}",24870750,1556652],"chl_gsm\/12.3.4":["{{m}}",26427402,845825],"chl_gsm\/12.4.0":["{{m}}",27273227,10921],"chl_gsm\/12.4.1":["{{m}}",27284148,109677],"chl_gsm\/12.4.2":["{{m}}",27393825,687735],"chl_gsm\/12.4.3":["{{m}}",28081560,920293],"chl_gsm\/12.4.4":["{{m}}",29001853,161792],"chl_gsm\/13.0.0":["{{n}}",151217,329489],"chl_gsm\/13.0.1":["{{n}}",480706,1429585],"chl_gsm\/13.0.2":["{{n}}",1910291,1880626],"chl_gsm\/13.0.3":["{{n}}",3790917,2300937],"chl_gsm\/13.0.4":["{{n}}",6091854,1083757],"chl_gsm\/13.1.0":["{{n}}",7175611,1091670],"chl_gsm\/13.1.1":["{{n}}",8267281,928107],"chl_gsm\/13.1.2":["{{n}}",9195388,1180824],"chl_gsm\/13.1.3":["{{n}}",10376212,1456307],"chl_gsm\/13.1.4":["{{n}}",11832519,2467726],"chl_gsm\/13.2.0":["{{n}}",14300245,2468888],"chl_gsm\/13.2.1":["{{n}}",16769133,2101191],"chl_gsm\/13.2.2":["{{n}}",18870324,11036],"chl_gsm\/13.2.3":["{{n}}",18881360,1228421],"chl_gsm\/13.2.4":["{{n}}",20109781,3769682],"chl_gsm\/13.3.0":["{{n}}",23879463,1365792],"chl_gsm\/13.3.1":["{{n}}",25245255,1087394],"chl_gsm\/13.3.2":["{{n}}",26332649,1795536],"chl_gsm\/13.3.3":["{{n}}",28128185,1067135],"chl_gsm\/13.3.4":["{{n}}",29195320,2475056],"chl_gsm\/13.4.0":["{{n}}",31670376,153230],"chl_gsm\/13.4.1":["{{n}}",31823606,310544],"chl_gsm\/13.4.2":["{{n}}",32134150,651595],"chl_gsm\/13.4.3":["{{n}}",32785745,532191],"chl_gsm\/13.4.4":["{{n}}",33317936,26274],"chl_gsm\/14.0.0":["{{o}}",151217,95466],"chl_gsm\/14.0.1":["{{o}}",246683,601032],"chl_gsm\/14.0.2":["{{o}}",847715,1714783],"chl_gsm\/14.0.3":["{{o}}",2562498,3643204],"chl_gsm\/14.0.4":["{{o}}",6205702,35277],"chl_gsm\/14.1.0":["{{o}}",6240979,284437],"chl_gsm\/14.1.1":["{{o}}",6525416,901316],"chl_gsm\/14.1.2":["{{o}}",7426732,2138996],"chl_gsm\/14.1.3":["{{o}}",9565728,3644817],"chl_gsm\/14.1.4":["{{o}}",13210545,356454],"chl_gsm\/14.2.0":["{{o}}",13566999,464083],"chl_gsm\/14.2.1":["{{o}}",14031082,2869302],"chl_gsm\/14.2.2":["{{o}}",16900384,23948],"chl_gsm\/14.2.3":["{{o}}",16924332,2707903],"chl_gsm\/14.2.4":["{{o}}",19632235,1808756],"chl_gsm\/14.3.0":["{{o}}",21440991,11018],"chl_gsm\/14.3.1":["{{o}}",21452009,2262704],"chl_gsm\/14.3.2":["{{o}}",23714713,2292824],"chl_gsm\/14.3.3":["{{o}}",26007537,1735832],"chl_gsm\/14.3.4":["{{o}}",27743369,1642456],"chl_gsm\/14.4.0":["{{o}}",29385825,10921],"chl_gsm\/14.4.1":["{{o}}",29396746,1135891],"chl_gsm\/14.4.2":["{{o}}",30532637,122214],"chl_gsm\/14.4.3":["{{o}}",30654851,87417],"chl_gsm\/14.4.4":["{{o}}",30742268,161838],"chl_gsm\/15.0.0":["{{p}}",151217,1326926],"chl_gsm\/15.0.1":["{{p}}",1478143,439369],"chl_gsm\/15.0.2":["{{p}}",1917512,2331198],"chl_gsm\/15.0.3":["{{p}}",4248710,2086389],"chl_gsm\/15.0.4":["{{p}}",6335099,2714595],"chl_gsm\/15.1.0":["{{p}}",9049694,1925093],"chl_gsm\/15.1.1":["{{p}}",10974787,716782],"chl_gsm\/15.1.2":["{{p}}",11691569,1562426],"chl_gsm\/15.1.3":["{{p}}",13253995,1488622],"chl_gsm\/15.1.4":["{{p}}",14742617,4046133],"chl_gsm\/15.2.0":["{{p}}",18788750,3149195],"chl_gsm\/15.2.1":["{{p}}",21937945,2305979],"chl_gsm\/15.2.2":["{{p}}",24243924,126662],"chl_gsm\/15.2.3":["{{p}}",24370586,267042],"chl_gsm\/15.2.4":["{{p}}",24637628,2886330],"chl_gsm\/15.3.0":["{{p}}",27523958,1053703],"chl_gsm\/15.3.1":["{{p}}",28577661,1611055],"chl_gsm\/15.3.2":["{{p}}",30188716,3637953],"chl_gsm\/15.3.3":["{{p}}",33826669,2791790],"chl_gsm\/15.3.4":["{{p}}",36618459,2712605],"chl_gsm\/15.4.0":["{{p}}",39331064,199484],"chl_gsm\/15.4.1":["{{p}}",39530548,1196931],"chl_gsm\/15.4.2":["{{p}}",40727479,1258556],"chl_gsm\/15.4.3":["{{p}}",41986035,259672],"chl_gsm\/15.4.4":["{{p}}",42245707,33732],"chl_gsm\/16.0.0":["{{q}}",151217,277112],"chl_gsm\/16.0.1":["{{q}}",428329,833376],"chl_gsm\/16.0.2":["{{q}}",1261705,1447136],"chl_gsm\/16.0.3":["{{q}}",2708841,2302691],"chl_gsm\/16.0.4":["{{q}}",5011532,396183],"chl_gsm\/16.1.0":["{{q}}",5407715,115325],"chl_gsm\/16.1.1":["{{q}}",5523040,1464050],"chl_gsm\/16.1.2":["{{q}}",6987090,1713551],"chl_gsm\/16.1.3":["{{q}}",8700641,1183638],"chl_gsm\/16.1.4":["{{q}}",9884279,803674],"chl_gsm\/16.2.0":["{{q}}",10687953,82598],"chl_gsm\/16.2.1":["{{q}}",10770551,2486346],"chl_gsm\/16.2.2":["{{q}}",13256897,52434],"chl_gsm\/16.2.3":["{{q}}",13309331,487459],"chl_gsm\/16.2.4":["{{q}}",13796790,1612707],"chl_gsm\/16.3.0":["{{q}}",15409497,21083],"chl_gsm\/16.3.1":["{{q}}",15430580,1560498],"chl_gsm\/16.3.2":["{{q}}",16991078,2796820],"chl_gsm\/16.3.3":["{{q}}",19787898,1989287],"chl_gsm\/16.3.4":["{{q}}",21777185,1975545],"chl_gsm\/16.4.0":["{{q}}",23752730,731546],"chl_gsm\/16.4.1":["{{q}}",24484276,423603],"chl_gsm\/16.4.2":["{{q}}",24907879,923407],"chl_gsm\/16.4.3":["{{q}}",25831286,824491],"chl_gsm\/16.4.4":["{{q}}",26655777,1074399],"chl_gsm\/17.0.0":["{{r}}",151217,1975318],"chl_gsm\/17.0.1":["{{r}}",2126535,574836],"chl_gsm\/17.0.2":["{{r}}",2701371,1781003],"chl_gsm\/17.0.3":["{{r}}",4482374,745821],"chl_gsm\/17.0.4":["{{r}}",5228195,2346979],"chl_gsm\/17.1.0":["{{r}}",7575174,2809857],"chl_gsm\/17.1.1":["{{r}}",10385031,2453340],"chl_gsm\/17.1.2":["{{r}}",12838371,1973519],"chl_gsm\/17.1.3":["{{r}}",14811890,1827186],"chl_gsm\/17.1.4":["{{r}}",16639076,4344803],"chl_gsm\/17.2.0":["{{r}}",20983879,2457540],"chl_gsm\/17.2.1":["{{r}}",23441419,3083086],"chl_gsm\/17.2.2":["{{r}}",26524505,60205],"chl_gsm\/17.2.3":["{{r}}",26584710,840468],"chl_gsm\/17.2.4":["{{r}}",27425178,2827422],"chl_gsm\/17.3.0":["{{r}}",30252600,305999],"chl_gsm\/17.3.1":["{{r}}",30558599,2010320],"chl_gsm\/17.3.2":["{{r}}",32568919,1737447],"chl_gsm\/17.3.3":["{{r}}",34306366,1960805],"chl_gsm\/17.3.4":["{{r}}",36267171,2063051],"chl_gsm\/17.4.0":["{{r}}",38330222,10978],"chl_gsm\/17.4.1":["{{r}}",38341200,843310],"chl_gsm\/17.4.2":["{{r}}",39184510,1501542],"chl_gsm\/17.4.3":["{{r}}",40686052,1404585],"chl_gsm\/17.4.4":["{{r}}",42090637,136134],"chl_gsm\/18.0.0":["{{s}}",151217,152486],"chl_gsm\/18.0.1":["{{s}}",303703,1038273],"chl_gsm\/18.0.2":["{{s}}",1341976,1825984],"chl_gsm\/18.0.3":["{{s}}",3167960,1319639],"chl_gsm\/18.0.4":["{{s}}",4487599,721723],"chl_gsm\/18.1.0":["{{s}}",5209322,26661],"chl_gsm\/18.1.1":["{{s}}",5235983,4349109],"chl_gsm\/18.1.2":["{{s}}",9585092,1445873],"chl_gsm\/18.1.3":["{{s}}",11030965,731279],"chl_gsm\/18.1.4":["{{s}}",11762244,509676],"chl_gsm\/18.2.0":["{{s}}",12271920,3935047],"chl_gsm\/18.2.1":["{{s}}",16206967,4149300],"chl_gsm\/18.2.2":["{{s}}",20356267,54223],"chl_gsm\/18.2.3":["{{s}}",20410490,1796242],"chl_gsm\/18.2.4":["{{s}}",22206732,949686],"chl_gsm\/18.3.0":["{{s}}",23156418,2129746],"chl_gsm\/18.3.1":["{{s}}",25286164,2458897],"chl_gsm\/18.3.2":["{{s}}",27745061,2232090],"chl_gsm\/18.3.3":["{{s}}",29977151,1897536],"chl_gsm\/18.3.4":["{{s}}",31874687,3167215],"chl_gsm\/18.4.0":["{{s}}",35041902,1939786],"chl_gsm\/18.4.1":["{{s}}",36981688,697638],"chl_gsm\/18.4.2":["{{s}}",37679326,1084984],"chl_gsm\/18.4.3":["{{s}}",38764310,1517475],"chl_gsm\/18.4.4":["{{s}}",40281785,1216843],"chl_gsm\/19.0.0":["{{t}}",151217,1262580],"chl_gsm\/19.0.1":["{{t}}",1413797,1238271],"chl_gsm\/19.0.2":["{{t}}",2652068,2606350],"chl_gsm\/19.0.3":["{{t}}",5258418,2887408],"chl_gsm\/19.0.4":["{{t}}",8145826,2283884],"chl_gsm\/19.1.0":["{{t}}",10429710,2393673],"chl_gsm\/19.1.1":["{{t}}",12823383,3686944],"chl_gsm\/19.1.2":["{{t}}",16510327,2172138],"chl_gsm\/19.1.3":["{{t}}",18682465,372614],"chl_gsm\/19.1.4":["{{t}}",19055079,13428],"chl_gsm\/19.2.0":["{{t}}",19068507,1202740],"chl_gsm\/19.2.1":["{{t}}",20271247,3809548],"chl_gsm\/19.2.2":["{{t}}",24080795,101761],"chl_gsm\/19.2.3":["{{t}}",24182556,1460706],"chl_gsm\/19.2.4":["{{t}}",25643262,310037],"chl_gsm\/19.3.0":["{{t}}",25953299,272964],"chl_gsm\/19.3.1":["{{t}}",26226263,2204604],"chl_gsm\/19.3.2":["{{t}}",28430867,3718748],"chl_gsm\/19.3.3":["{{t}}",32149615,2686430],"chl_gsm\/19.3.4":["{{t}}",34836045,1224457],"chl_gsm\/19.4.0":["{{t}}",36060502,54488],"chl_gsm\/19.4.1":["{{t}}",36114990,2154236],"chl_gsm\/19.4.2":["{{t}}",38269226,66270],"chl_gsm\/19.4.3":["{{t}}",38335496,514112],"chl_gsm\/19.4.4":["{{t}}",38849608,683564],"chl_gsm\/20.0.0":["{{u}}",151217,1987856],"chl_gsm\/20.0.1":["{{u}}",2139073,2148537],"chl_gsm\/20.0.2":["{{u}}",4287610,2423362],"chl_gsm\/20.0.3":["{{u}}",6710972,2065680],"chl_gsm\/20.0.4":["{{u}}",8776652,2041488],"chl_gsm\/20.1.0":["{{u}}",10818140,3498926],"chl_gsm\/20.1.1":["{{u}}",14317066,3940864],"chl_gsm\/20.1.2":["{{u}}",18257930,2559001],"chl_gsm\/20.1.3":["{{u}}",20816931,732969],"chl_gsm\/20.1.4":["{{u}}",21549900,219342],"chl_gsm\/20.2.0":["{{u}}",21769242,2382030],"chl_gsm\/20.2.1":["{{u}}",24151272,2268595],"chl_gsm\/20.2.2":["{{u}}",26419867,81550],"chl_gsm\/20.2.3":["{{u}}",26501417,39338],"chl_gsm\/20.2.4":["{{u}}",26540755,2163562],"chl_gsm\/20.3.0":["{{u}}",28704317,722477],"chl_gsm\/20.3.1":["{{u}}",29426794,1024699],"chl_gsm\/20.3.2":["{{u}}",30451493,2777263],"chl_gsm\/20.3.3":["{{u}}",33228756,2077178],"chl_gsm\/20.3.4":["{{u}}",35305934,3585293],"chl_gsm\/20.4.0":["{{u}}",38891227,424105],"chl_gsm\/20.4.1":["{{u}}",39315332,403743],"chl_gsm\/20.4.2":["{{u}}",39719075,898716],"chl_gsm\/20.4.3":["{{u}}",40617791,554177],"chl_gsm\/20.4.4":["{{u}}",41171968,1464144],"chl_gsm\/21.0.0":["{{v}}",151217,931691],"chl_gsm\/21.0.1":["{{v}}",1082908,738826],"chl_gsm\/21.0.2":["{{v}}",1821734,1082237],"chl_gsm\/21.0.3":["{{v}}",2903971,4006224],"chl_gsm\/21.0.4":["{{v}}",6910195,10921],"chl_gsm\/21.1.0":["{{v}}",6921116,1245695],"chl_gsm\/21.1.1":["{{v}}",8166811,2973841],"chl_gsm\/21.1.2":["{{v}}",11140652,3136253],"chl_gsm\/21.1.3":["{{v}}",14276905,2995677],"chl_gsm\/21.1.4":["{{v}}",17272582,20561],"chl_gsm\/21.2.0":["{{v}}",17293143,760585],"chl_gsm\/21.2.1":["{{v}}",18053728,3227757],"chl_gsm\/21.2.2":["{{v}}",21281485,94041],"chl_gsm\/21.2.3":["{{v}}",21375526,1923687],"chl_gsm\/21.2.4":["{{v}}",23299213,115082],"chl_gsm\/21.3.0":["{{v}}",23414295,111381],"chl_gsm\/21.3.1":["{{v}}",23525676,1318018],"chl_gsm\/21.3.2":["{{v}}",24843694,1838788],"chl_gsm\/21.3.3":["{{v}}",26682482,1866704],"chl_gsm\/21.3.4":["{{v}}",28549186,851767],"chl_gsm\/21.4.0":["{{v}}",29400953,10921],"chl_gsm\/21.4.1":["{{v}}",29411874,741277],"chl_gsm\/21.4.2":["{{v}}",30153151,558061],"chl_gsm\/21.4.3":["{{v}}",30711212,520165],"chl_gsm\/21.4.4":["{{v}}",31231377,477154],"chl_gsm\/22.0.0":["{{w}}",151217,3490692],"chl_gsm\/22.0.1":["{{w}}",3641909,1987260],"chl_gsm\/22.0.2":["{{w}}",5629169,1344332],"chl_gsm\/22.0.3":["{{w}}",6973501,3196223],"chl_gsm\/22.0.4":["{{w}}",10169724,3444154],"chl_gsm\/22.1.0":["{{w}}",13613878,3124977],"chl_gsm\/22.1.1":["{{w}}",16738855,2476186],"chl_gsm\/22.1.2":["{{w}}",19215041,2109348],"chl_gsm\/22.1.3":["{{w}}",21324389,2159696],"chl_gsm\/22.1.4":["{{w}}",23484085,3672087],"chl_gsm\/22.2.0":["{{w}}",27156172,3660624],"chl_gsm\/22.2.1":["{{w}}",30816796,1832517],"chl_gsm\/22.2.2":["{{w}}",32649313,91118],"chl_gsm\/22.2.3":["{{w}}",32740431,795920],"chl_gsm\/22.2.4":["{{w}}",33536351,684594],"chl_gsm\/22.3.0":["{{w}}",34220945,1822630],"chl_gsm\/22.3.1":["{{w}}",36043575,216317],"chl_gsm\/22.3.2":["{{w}}",36259892,883405],"chl_gsm\/22.3.3":["{{w}}",37143297,2382100],"chl_gsm\/22.3.4":["{{w}}",39525397,620533],"chl_gsm\/22.4.0":["{{w}}",40145930,779665],"chl_gsm\/22.4.1":["{{w}}",40925595,1322084],"chl_gsm\/22.4.2":["{{w}}",42247679,79878],"chl_gsm\/22.4.3":["{{w}}",42327557,762817],"chl_gsm\/22.4.4":["{{w}}",43090374,523323],"chl_gsm\/23.0.0":["{{x}}",151217,939963],"chl_gsm\/23.0.1":["{{x}}",1091180,2029404],"chl_gsm\/23.0.2":["{{x}}",3120584,1290312],"chl_gsm\/23.0.3":["{{x}}",4410896,3205939],"chl_gsm\/23.0.4":["{{x}}",7616835,283843],"chl_gsm\/23.1.0":["{{x}}",7900678,580974],"chl_gsm\/23.1.1":["{{x}}",8481652,2182555],"chl_gsm\/23.1.2":["{{x}}",10664207,2245463],"chl_gsm\/23.1.3":["{{x}}",12909670,3037259],"chl_gsm\/23.1.4":["{{x}}",15946929,1085589],"chl_gsm\/23.2.0":["{{x}}",17032518,267193],"chl_gsm\/23.2.1":["{{x}}",17299711,2980823],"chl_gsm\/23.2.2":["{{x}}",20280534,31564],"chl_gsm\/23.2.3":["{{x}}",20312098,2617360],"chl_gsm\/23.2.4":["{{x}}",22929458,2080109],"chl_gsm\/23.3.0":["{{x}}",25009567,11866],"chl_gsm\/23.3.1":["{{x}}",25021433,1190798],"chl_gsm\/23.3.2":["{{x}}",26212231,1461969],"chl_gsm\/23.3.3":["{{x}}",27674200,1628256],"chl_gsm\/23.3.4":["{{x}}",29302456,1585937],"chl_gsm\/23.4.0":["{{x}}",30888393,10921],"chl_gsm\/23.4.1":["{{x}}",30899314,1712893],"chl_gsm\/23.4.2":["{{x}}",32612207,579682],"chl_gsm\/23.4.3":["{{x}}",33191889,923838],"chl_gsm\/23.4.4":["{{x}}",34115727,498238],"chl_gsm\/24.0.0":["{{y}}",151217,2010453],"chl_gsm\/24.0.1":["{{y}}",2161670,1087132],"chl_gsm\/24.0.2":["{{y}}",3248802,2490040],"chl_gsm\/24.0.3":["{{y}}",5738842,2350290],"chl_gsm\/24.0.4":["{{y}}",8089132,3365948],"chl_gsm\/24.1.0":["{{y}}",11455080,2039108],"chl_gsm\/24.1.1":["{{y}}",13494188,2649098],"chl_gsm\/24.1.2":["{{y}}",16143286,1515383],"chl_gsm\/24.1.3":["{{y}}",17658669,2397428],"chl_gsm\/24.1.4":["{{y}}",20056097,5114065],"chl_gsm\/24.2.0":["{{y}}",25170162,3538232],"chl_gsm\/24.2.1":["{{y}}",28708394,3015185],"chl_gsm\/24.2.2":["{{y}}",31723579,124759],"chl_gsm\/24.2.3":["{{y}}",31848338,1243258],"chl_gsm\/24.2.4":["{{y}}",33091596,4482654],"chl_gsm\/24.3.0":["{{y}}",37574250,889538],"chl_gsm\/24.3.1":["{{y}}",38463788,1243479],"chl_gsm\/24.3.2":["{{y}}",39707267,1457253],"chl_gsm\/24.3.3":["{{y}}",41164520,1871788],"chl_gsm\/24.3.4":["{{y}}",43036308,1869888],"chl_gsm\/24.4.0":["{{y}}",44906196,429303],"chl_gsm\/24.4.1":["{{y}}",45335499,951687],"chl_gsm\/24.4.2":["{{y}}",46287186,654824],"chl_gsm\/24.4.3":["{{y}}",46942010,523015],"chl_gsm\/24.4.4":["{{y}}",47465025,54213],"chl_gsm\/25.0.0":["{{z}}",151217,159077],"chl_gsm\/25.0.1":["{{z}}",310294,823297],"chl_gsm\/25.0.2":["{{z}}",1133591,2736899],"chl_gsm\/25.0.3":["{{z}}",3870490,2951057],"chl_gsm\/25.0.4":["{{z}}",6821547,600931],"chl_gsm\/25.1.0":["{{z}}",7422478,37070],"chl_gsm\/25.1.1":["{{z}}",7459548,2686459],"chl_gsm\/25.1.2":["{{z}}",10146007,3026458],"chl_gsm\/25.1.3":["{{z}}",13172465,3437408],"chl_gsm\/25.1.4":["{{z}}",16609873,1998344],"chl_gsm\/25.2.0":["{{z}}",18608217,10921],"chl_gsm\/25.2.1":["{{z}}",18619138,3200080],"chl_gsm\/25.2.2":["{{z}}",21819218,19753],"chl_gsm\/25.2.3":["{{z}}",21838971,1491963],"chl_gsm\/25.2.4":["{{z}}",23330934,1040327],"chl_gsm\/25.3.0":["{{z}}",24371261,60601],"chl_gsm\/25.3.1":["{{z}}",24431862,1340853],"chl_gsm\/25.3.2":["{{z}}",25772715,1647951],"chl_gsm\/25.3.3":["{{z}}",27420666,856596],"chl_gsm\/25.3.4":["{{z}}",28277262,2073631],"chl_gsm\/25.4.0":["{{z}}",30350893,624292],"chl_gsm\/25.4.1":["{{z}}",30975185,200432],"chl_gsm\/25.4.2":["{{z}}",31175617,169255],"chl_gsm\/25.4.3":["{{z}}",31344872,210744],"chl_gsm\/25.4.4":["{{z}}",31555616,389633],"chl_gsm\/26.0.0":["{{A}}",151217,1317539],"chl_gsm\/26.0.1":["{{A}}",1468756,767438],"chl_gsm\/26.0.2":["{{A}}",2236194,2380894],"chl_gsm\/26.0.3":["{{A}}",4617088,2936782],"chl_gsm\/26.0.4":["{{A}}",7553870,3053065],"chl_gsm\/26.1.0":["{{A}}",10606935,890021],"chl_gsm\/26.1.1":["{{A}}",11496956,1640365],"chl_gsm\/26.1.2":["{{A}}",13137321,2225543],"chl_gsm\/26.1.3":["{{A}}",15362864,3375853],"chl_gsm\/26.1.4":["{{A}}",18738717,4329117],"chl_gsm\/26.2.0":["{{A}}",23067834,1204039],"chl_gsm\/26.2.1":["{{A}}",24271873,1378589],"chl_gsm\/26.2.2":["{{A}}",25650462,127153],"chl_gsm\/26.2.3":["{{A}}",25777615,2362084],"chl_gsm\/26.2.4":["{{A}}",28139699,114925],"chl_gsm\/26.3.0":["{{A}}",28254624,632868],"chl_gsm\/26.3.1":["{{A}}",28887492,2926712],"chl_gsm\/26.3.2":["{{A}}",31814204,1811213],"chl_gsm\/26.3.3":["{{A}}",33625417,1476464],"chl_gsm\/26.3.4":["{{A}}",35101881,549494],"chl_gsm\/26.4.0":["{{A}}",35651375,21297],"chl_gsm\/26.4.1":["{{A}}",35672672,1504798],"chl_gsm\/26.4.2":["{{A}}",37177470,130205],"chl_gsm\/26.4.3":["{{A}}",37307675,388562],"chl_gsm\/26.4.4":["{{A}}",37696237,329955],"chl_gsm\/27.0.0":["{{B}}",151217,1012675],"chl_gsm\/27.0.1":["{{B}}",1163892,1920135],"chl_gsm\/27.0.2":["{{B}}",3084027,3253001],"chl_gsm\/27.0.3":["{{B}}",6337028,2850678],"chl_gsm\/27.0.4":["{{B}}",9187706,1049690],"chl_gsm\/27.1.0":["{{B}}",10237396,1536042],"chl_gsm\/27.1.1":["{{B}}",11773438,2530830],"chl_gsm\/27.1.2":["{{B}}",14304268,2227241],"chl_gsm\/27.1.3":["{{B}}",16531509,2311895],"chl_gsm\/27.1.4":["{{B}}",18843404,2386849],"chl_gsm\/27.2.0":["{{B}}",21230253,4380728],"chl_gsm\/27.2.1":["{{B}}",25610981,2174268],"chl_gsm\/27.2.2":["{{B}}",27785249,109073],"chl_gsm\/27.2.3":["{{B}}",27894322,1497082],"chl_gsm\/27.2.4":["{{B}}",29391404,3598415],"chl_gsm\/27.3.0":["{{B}}",32989819,1556189],"chl_gsm\/27.3.1":["{{B}}",34546008,2004132],"chl_gsm\/27.3.2":["{{B}}",36550140,1974029],"chl_gsm\/27.3.3":["{{B}}",38524169,770795],"chl_gsm\/27.3.4":["{{B}}",39294964,1431866],"chl_gsm\/27.4.0":["{{B}}",40726830,377569],"chl_gsm\/27.4.1":["{{B}}",41104399,367743],"chl_gsm\/27.4.2":["{{B}}",41472142,1281375],"chl_gsm\/27.4.3":["{{B}}",42753517,1088733],"chl_gsm\/27.4.4":["{{B}}",43842250,179389],"chl_gsm\/28.0.0":["{{C}}",151217,1046729],"chl_gsm\/28.0.1":["{{C}}",1197946,1164857],"chl_gsm\/28.0.2":["{{C}}",2362803,2171135],"chl_gsm\/28.0.3":["{{C}}",4533938,3427066],"chl_gsm\/28.0.4":["{{C}}",7961004,4699054],"chl_gsm\/28.1.0":["{{C}}",12660058,1317493],"chl_gsm\/28.1.1":["{{C}}",13977551,2500821],"chl_gsm\/28.1.2":["{{C}}",16478372,2668210],"chl_gsm\/28.1.3":["{{C}}",19146582,3448825],"chl_gsm\/28.1.4":["{{C}}",22595407,826019],"chl_gsm\/28.2.0":["{{C}}",23421426,1413077],"chl_gsm\/28.2.1":["{{C}}",24834503,4334935],"chl_gsm\/28.2.2":["{{C}}",29169438,96833],"chl_gsm\/28.2.3":["{{C}}",29266271,654931],"chl_gsm\/28.2.4":["{{C}}",29921202,250565],"chl_gsm\/28.3.0":["{{C}}",30171767,51954],"chl_gsm\/28.3.1":["{{C}}",30223721,1688010],"chl_gsm\/28.3.2":["{{C}}",31911731,3050322],"chl_gsm\/28.3.3":["{{C}}",34962053,418001],"chl_gsm\/28.3.4":["{{C}}",35380054,798707],"chl_gsm\/28.4.0":["{{C}}",36178761,10921],"chl_gsm\/28.4.1":["{{C}}",36189682,522059],"chl_gsm\/28.4.2":["{{C}}",36711741,677554],"chl_gsm\/28.4.3":["{{C}}",37389295,412565],"chl_gsm\/28.4.4":["{{C}}",37801860,674135],"chl_gsm\/29.0.0":["{{D}}",151217,1854643],"chl_gsm\/29.0.1":["{{D}}",2005860,2037312],"chl_gsm\/29.0.2":["{{D}}",4043172,2696096],"chl_gsm\/29.0.3":["{{D}}",6739268,2632539],"chl_gsm\/29.0.4":["{{D}}",9371807,2338522],"chl_gsm\/29.1.0":["{{D}}",11710329,2143143],"chl_gsm\/29.1.1":["{{D}}",13853472,3504059],"chl_gsm\/29.1.2":["{{D}}",17357531,1776076],"chl_gsm\/29.1.3":["{{D}}",19133607,1956386],"chl_gsm\/29.1.4":["{{D}}",21089993,1411779],"chl_gsm\/29.2.0":["{{D}}",22501772,1851927],"chl_gsm\/29.2.1":["{{D}}",24353699,2928049],"chl_gsm\/29.2.2":["{{D}}",27281748,112023],"chl_gsm\/29.2.3":["{{D}}",27393771,1058075],"chl_gsm\/29.2.4":["{{D}}",28451846,3062096],"chl_gsm\/29.3.0":["{{D}}",31513942,863658],"chl_gsm\/29.3.1":["{{D}}",32377600,787281],"chl_gsm\/29.3.2":["{{D}}",33164881,701639],"chl_gsm\/29.3.3":["{{D}}",33866520,602889],"chl_gsm\/29.3.4":["{{D}}",34469409,2856504],"chl_gsm\/29.4.0":["{{D}}",37325913,83296],"chl_gsm\/29.4.1":["{{D}}",37409209,326277],"chl_gsm\/29.4.2":["{{D}}",37735486,526275],"chl_gsm\/29.4.3":["{{D}}",38261761,296798],"chl_gsm\/29.4.4":["{{D}}",38558559,671373],"chl_gsm\/30.0.0":["{{E}}",151217,934007],"chl_gsm\/30.0.1":["{{E}}",1085224,1666342],"chl_gsm\/30.0.2":["{{E}}",2751566,3286826],"chl_gsm\/30.0.3":["{{E}}",6038392,2085744],"chl_gsm\/30.0.4":["{{E}}",8124136,22641],"chl_gsm\/30.1.0":["{{E}}",8146777,438717],"chl_gsm\/30.1.1":["{{E}}",8585494,2506685],"chl_gsm\/30.1.2":["{{E}}",11092179,1686080],"chl_gsm\/30.1.3":["{{E}}",12778259,897113],"chl_gsm\/30.1.4":["{{E}}",13675372,112940],"chl_gsm\/30.2.0":["{{E}}",13788312,123176],"chl_gsm\/30.2.1":["{{E}}",13911488,2956940],"chl_gsm\/30.2.2":["{{E}}",16868428,69089],"chl_gsm\/30.2.3":["{{E}}",16937517,2631306],"chl_gsm\/30.2.4":["{{E}}",19568823,514959],"chl_gsm\/30.3.0":["{{E}}",20083782,38986],"chl_gsm\/30.3.1":["{{E}}",20122768,2490677],"chl_gsm\/30.3.2":["{{E}}",22613445,784419],"chl_gsm\/30.3.3":["{{E}}",23397864,1116070],"chl_gsm\/30.3.4":["{{E}}",24513934,1547079],"chl_gsm\/30.4.0":["{{E}}",26061013,10921],"chl_gsm\/30.4.1":["{{E}}",26071934,11394],"chl_gsm\/30.4.2":["{{E}}",26083328,327343],"chl_gsm\/30.4.3":["{{E}}",26410671,321658],"chl_gsm\/30.4.4":["{{E}}",26732329,257023]}}