{"version":1,"templates":{"a":"s3:\/\/imos-data\/IMOS\/SRS\/OC\/gridded\/aqua\/P1D\/2011\/09\/A.P1D.20110901T053000Z.aust.K_490.nc","b":"s3:\/\/imos-data\/IMOS\/SRS\/OC\/gridded\/aqua\/P1D\/2011\/09\/A.P1D.20110902T053000Z.aust.K_490.nc","c":"s3:\/\/imos-data\/IMOS\/SRS\/OC\/gridded\/aqua\/P1D\/2011\/09\/A.P1D.20110903T053000Z.aust.K_490.nc","d":"s3:\/\/imos-data\/IMOS\/SRS\/OC\/gridded\/aqua\/P1D\/2011\/09\/A.P1D.20110904T053000Z.aust.K_490.nc","e":"s3:\/\/imos-data\/IMOS\/SRS\/OC\/gridded\/aqua\/P1D\/2011\/09\/A.P1D.20110905T053000Z.aust.K_490.nc","f":"s3:\/\/imos-data\/IMOS\/SRS\/OC\/gridded\/aqua\/P1D\/2011\/09\/A.P1D.20110906T053000Z.aust.K_490.nc","g":"s3:\/\/imos-data\/IMOS\/SRS\/OC\/gridded\/aqua\/P1D\/2011\/09\/A.P1D.20110907T053000Z.aust.K_490.nc","h":"s3:\/\/imos-data\/IMOS\/SRS\/OC\/gridded\/aqua\/P1D\/2011\/09\/A.P1D.20110908T053000Z.aust.K_490.nc","i":"s3:\/\/imos-data\/IMOS\/SRS\/OC\/gridded\/aqua\/P1D\/2011\/09\/A.P1D.20110909T053000Z.aust.K_490.nc","j":"s3:\/\/imos-data\/IMOS\/SRS\/OC\/gridded\/aqua\/P1D\/2011\/09\/A.P1D.20110910T053000Z.aust.K_490.nc","k":"s3:\/\/imos-data\/IMOS\/SRS\/OC\/gridded\/aqua\/P1D\/2011\/09\/A.P1D.20110911T053000Z.aust.K_490.nc","l":"s3:\/\/imos-data\/IMOS\/SRS\/OC\/gridded\/aqua\/P1D\/2011\/09\/A.P1D.20110912T053000Z.aust.K_490.nc","m":"s3:\/\/imos-data\/IMOS\/SRS\/OC\/gridded\/aqua\/P1D\/2011\/09\/A.P1D.20110913T053000Z.aust.K_490.nc","n":"s3:\/\/imos-data\/IMOS\/SRS\/OC\/gridded\/aqua\/P1D\/2011\/09\/A.P1D.20110914T053000Z.aust.K_490.nc","o":"s3:\/\/imos-data\/IMOS\/SRS\/OC\/gridded\/aqua\/P1D\/2011\/09\/A.P1D.20110915T053000Z.aust.K_490.nc","p":"s3:\/\/imos-data\/IMOS\/SRS\/OC\/gridded\/aqua\/P1D\/2011\/09\/A.P1D.20110916T053000Z.aust.K_490.nc","q":"s3:\/\/imos-data\/IMOS\/SRS\/OC\/gridded\/aqua\/P1D\/2011\/09\/A.P1D.20110917T053000Z.aust.K_490.nc","r":"s3:\/\/imos-data\/IMOS\/SRS\/OC\/gridded\/aqua\/P1D\/2011\/09\/A.P1D.20110918T053000Z.aust.K_490.nc","s":"s3:\/\/imos-data\/IMOS\/SRS\/OC\/gridded\/aqua\/P1D\/2011\/09\/A.P1D.20110919T053000Z.aust.K_490.nc","t":"s3:\/\/imos-data\/IMOS\/SRS\/OC\/gridded\/aqua\/P1D\/2011\/09\/A.P1D.20110920T053000Z.aust.K_490.nc","u":"s3:\/\/imos-data\/IMOS\/SRS\/OC\/gridded\/aqua\/P1D\/2011\/09\/A.P1D.20110921T053000Z.aust.K_490.nc","v":"s3:\/\/imos-data\/IMOS\/SRS\/OC\/gridded\/aqua\/P1D\/2011\/09\/A.P1D.20110922T053000Z.aust.K_490.nc","w":"s3:\/\/imos-data\/IMOS\/SRS\/OC\/gridded\/aqua\/P1D\/2011\/09\/A.P1D.20110923T053000Z.aust.K_490.nc","x":"s3:\/\/imos-data\/IMOS\/SRS\/OC\/gridded\/aqua\/P1D\/2011\/09\/A.P1D.20110924T053000Z.aust.K_490.nc","y":"s3:\/\/imos-data\/IMOS\/SRS\/OC\/gridded\/aqua\/P1D\/2011\/09\/A.P1D.20110925T053000Z.aust.K_490.nc","z":"s3:\/\/imos-data\/IMOS\/SRS\/OC\/gridded\/aqua\/P1D\/2011\/09\/A.P1D.20110926T053000Z.aust.K_490.nc","A":"s3:\/\/imos-data\/IMOS\/SRS\/OC\/gridded\/aqua\/P1D\/2011\/09\/A.P1D.20110927T053000Z.aust.K_490.nc","B":"s3:\/\/imos-data\/IMOS\/SRS\/OC\/gridded\/aqua\/P1D\/2011\/09\/A.P1D.20110928T053000Z.aust.K_490.nc","C":"s3:\/\/imos-data\/IMOS\/SRS\/OC\/gridded\/aqua\/P1D\/2011\/09\/A.P1D.20110929T053000Z.aust.K_490.nc","D":"s3:\/\/imos-data\/IMOS\/SRS\/OC\/gridded\/aqua\/P1D\/2011\/09\/A.P1D.20110930T053000Z.aust.K_490.nc"},"refs":{".zgroup":"{\"zarr_format\":2}",".zattrs":"{\"Conventions\":\"CF-1.6\",\"_NCProperties\":\"version=1|netcdflibversion=4.6.1|hdf5libversion=1.10.4\",\"_nc3_strict\":1,\"history\":\"File initialised at 2020-08-06T06:56:15.959639\\nInitialised var K_490 at 2020-08-06T06:57:09.242464\\nAdd Granule A20110901_0220.20190919080012.L2OC_BASE.K_490.nc at 2020-08-06T06:57:10.066136\\nAdd Granule A20110901_0225.20190919072036.L2OC_BASE.K_490.nc at 2020-08-06T06:57:10.277582\\nAdd Granule A20110901_0230.20190919083410.L2OC_BASE.K_490.nc at 2020-08-06T06:57:10.380170\\nAdd Granule A20110901_0350.20190919073042.L2OC_BASE.K_490.nc at 2020-08-06T06:57:10.602581\\nAdd Granule A20110901_0355.20190919082207.L2OC_BASE.K_490.nc at 2020-08-06T06:57:10.859219\\nAdd Granule A20110901_0400.20190919073607.L2OC_BASE.K_490.nc at 2020-08-06T06:57:11.037548\\nAdd Granule A20110901_0405.20190919082856.L2OC_BASE.K_490.nc at 2020-08-06T06:57:11.229472\\nAdd Granule A20110901_0530.20190919081356.L2OC_BASE.K_490.nc at 2020-08-06T06:57:11.466441\\nAdd Granule A20110901_0535.20190919080835.L2OC_BASE.K_490.nc at 2020-08-06T06:57:11.655461\\nAdd Granule A20110901_0540.20190919074230.L2OC_BASE.K_490.nc at 2020-08-06T06:57:11.852483\\nAdd Granule A20110901_0545.20190919084038.L2OC_BASE.K_490.nc at 2020-08-06T06:57:12.019033\\nAdd Granule A20110901_0705.20190919081826.L2OC_BASE.K_490.nc at 2020-08-06T06:57:12.169324\\nAdd Granule A20110901_0710.20190919070443.L2OC_BASE.K_490.nc at 2020-08-06T06:57:12.407175\\nAdd Granule A20110901_0715.20190919075142.L2OC_BASE.K_490.nc at 2020-08-06T06:57:12.620554\\nAdd Granule A20110901_0725.20190919071101.L2OC_BASE.K_490.nc at 2020-08-06T06:57:12.784508\",\"source_path\":\"imos-srs\\\/archive\\\/oc\\\/aqua\\\/1d\\\/v201909\\\/2011\\\/09\\\/A20110901.L2OC_BASE.aust.K_490.nc\"}","K_490\/.zarray":"{\"chunks\":[1,1401,2001],\"compressor\":{\"id\":\"zlib\",\"level\":4},\"dtype\":\"<f4\",\"fill_value\":-999.0,\"filters\":[{\"elementsize\":4,\"id\":\"shuffle\"}],\"order\":\"C\",\"shape\":[30,7001,10001],\"zarr_format\":2}","K_490\/.zattrs":"{\"_ARRAY_DIMENSIONS\":[\"time\",\"latitude\",\"longitude\"],\"flag_applied\":\"HISATZEN LAND CLDICE NAVFAIL\",\"long_name\":\"Diffuse attenuation coefficient at 490 nm (OBPG)\",\"units\":\"m^-1\"}","longitude\/.zarray":"{\n    \"chunks\": [\n        10001\n    ],\n    \"compressor\": null,\n    \"dtype\": \"<f8\",\n    \"fill_value\": 9.969209968386869e+36,\n    \"filters\": null,\n    \"order\": \"C\",\n    \"shape\": [\n        10001\n    ],\n    \"zarr_format\": 2\n}","longitude\/.zattrs":"{\n    \"NAME\": \"longitude\",\n    \"_ARRAY_DIMENSIONS\": [\n        \"longitude\"\n    ],\n    \"_Netcdf4Dimid\": 2,\n    \"axis\": \"X\",\n    \"long_name\": \"longitude\",\n    \"standard_name\": \"longitude\",\n    \"units\": \"degrees_east\"\n}","longitude\/0":["{{a}}",58400,80008],"latitude\/.zarray":"{\n    \"chunks\": [\n        7001\n    ],\n    \"compressor\": null,\n    \"dtype\": \"<f8\",\n    \"fill_value\": 9.969209968386869e+36,\n    \"filters\": null,\n    \"order\": \"C\",\n    \"shape\": [\n        7001\n    ],\n    \"zarr_format\": 2\n}","latitude\/.zattrs":"{\n    \"NAME\": \"latitude\",\n    \"_ARRAY_DIMENSIONS\": [\n        \"latitude\"\n    ],\n    \"_Netcdf4Dimid\": 1,\n    \"axis\": \"Y\",\n    \"long_name\": \"latitude\",\n    \"standard_name\": \"latitude\",\n    \"units\": \"degrees_north\"\n}","latitude\/0":["{{a}}",2392,56008],"time\/.zarray":"{\"chunks\":[30],\"compressor\":{\"blocksize\":0,\"clevel\":5,\"cname\":\"lz4\",\"id\":\"blosc\",\"shuffle\":1},\"dtype\":\"<M8[us]\",\"fill_value\":0,\"filters\":null,\"order\":\"C\",\"shape\":[30],\"zarr_format\":2}","time\/0":"base64:AgExCPAAAADwAAAArwAAABQAAACXAAAAHwABAAr6AcYmhuZGpgZmxiaG5kamBmYQAPRSNAzjupJpQRjvx551TST806qCWTAI37eOZT0U68OaiafE4gAePFp3lbPR7w0qSGaEosDe+xk3VXORrszq2u4CFis\/U2d7j6O3y+D0CBwwRFhsgJWpvdHl+Q0hq6usrKysrAUAGK0BAH+urgQEBAQEBQAGD9EABlAAAAAAAA==","time\/.zattrs":"{\"NAME\":\"time\",\"_ARRAY_DIMENSIONS\":[\"time\"],\"_Netcdf4Dimid\":0,\"axis\":\"T\",\"long_name\":\"time\",\"standard_name\":\"time\"}","K_490\/0.0.0":["{{a}}",151229,1507238],"K_490\/0.0.1":["{{a}}",1658467,240801],"K_490\/0.0.2":["{{a}}",1899268,392372],"K_490\/0.0.3":["{{a}}",2291640,824225],"K_490\/0.0.4":["{{a}}",3115865,2617021],"K_490\/0.1.0":["{{a}}",5732886,14004],"K_490\/0.1.1":["{{a}}",5746890,2130295],"K_490\/0.1.2":["{{a}}",7877185,2606601],"K_490\/0.1.3":["{{a}}",10483786,1523809],"K_490\/0.1.4":["{{a}}",12007595,3027075],"K_490\/0.2.0":["{{a}}",15034670,1477169],"K_490\/0.2.1":["{{a}}",16511839,2053759],"K_490\/0.2.2":["{{a}}",18565598,105715],"K_490\/0.2.3":["{{a}}",18671313,1456825],"K_490\/0.2.4":["{{a}}",20128138,3225197],"K_490\/0.3.0":["{{a}}",23353335,1265201],"K_490\/0.3.1":["{{a}}",24618536,1601802],"K_490\/0.3.2":["{{a}}",26220338,1815910],"K_490\/0.3.3":["{{a}}",28036248,2485858],"K_490\/0.3.4":["{{a}}",30522106,695991],"K_490\/0.4.0":["{{a}}",31218097,545430],"K_490\/0.4.1":["{{a}}",31763527,819223],"K_490\/0.4.2":["{{a}}",32582750,184922],"K_490\/0.4.3":["{{a}}",32767672,1308378],"K_490\/0.4.4":["{{a}}",34076050,683636],"K_490\/1.0.0":["{{b}}",151229,40589],"K_490\/1.0.1":["{{b}}",191818,926357],"K_490\/1.0.2":["{{b}}",1118175,1158881],"K_490\/1.0.3":["{{b}}",2277056,2251970],"K_490\/1.0.4":["{{b}}",4529026,795315],"K_490\/1.1.0":["{{b}}",5324341,127286],"K_490\/1.1.1":["{{b}}",5451627,4839243],"K_490\/1.1.2":["{{b}}",10290870,2079219],"K_490\/1.1.3":["{{b}}",12370089,1185080],"K_490\/1.1.4":["{{b}}",13555169,716155],"K_490\/1.2.0":["{{b}}",14271324,11235],"K_490\/1.2.1":["{{b}}",14282559,2583926],"K_490\/1.2.2":["{{b}}",16866485,13967],"K_490\/1.2.3":["{{b}}",16880452,1555370],"K_490\/1.2.4":["{{b}}",18435822,2338973],"K_490\/1.3.0":["{{b}}",20774795,784380],"K_490\/1.3.1":["{{b}}",21559175,1584564],"K_490\/1.3.2":["{{b}}",23143739,834443],"K_490\/1.3.3":["{{b}}",23978182,2120941],"K_490\/1.3.4":["{{b}}",26099123,3143725],"K_490\/1.4.0":["{{b}}",29242848,160263],"K_490\/1.4.1":["{{b}}",29403111,1352517],"K_490\/1.4.2":["{{b}}",30755628,16750],"K_490\/1.4.3":["{{b}}",30772378,168482],"K_490\/1.4.4":["{{b}}",30940860,447026],"K_490\/2.0.0":["{{c}}",151229,948799],"K_490\/2.0.1":["{{c}}",1100028,594217],"K_490\/2.0.2":["{{c}}",1694245,1307011],"K_490\/2.0.3":["{{c}}",3001256,1650120],"K_490\/2.0.4":["{{c}}",4651376,808551],"K_490\/2.1.0":["{{c}}",5459927,2639253],"K_490\/2.1.1":["{{c}}",8099180,2964461],"K_490\/2.1.2":["{{c}}",11063641,2567992],"K_490\/2.1.3":["{{c}}",13631633,1230228],"K_490\/2.1.4":["{{c}}",14861861,2673765],"K_490\/2.2.0":["{{c}}",17535626,1320644],"K_490\/2.2.1":["{{c}}",18856270,1583403],"K_490\/2.2.2":["{{c}}",20439673,141628],"K_490\/2.2.3":["{{c}}",20581301,1610290],"K_490\/2.2.4":["{{c}}",22191591,206899],"K_490\/2.3.0":["{{c}}",22398490,531318],"K_490\/2.3.1":["{{c}}",22929808,1703174],"K_490\/2.3.2":["{{c}}",24632982,2370200],"K_490\/2.3.3":["{{c}}",27003182,2125518],"K_490\/2.3.4":["{{c}}",29128700,282013],"K_490\/2.4.0":["{{c}}",29410713,26814],"K_490\/2.4.1":["{{c}}",29437527,538664],"K_490\/2.4.2":["{{c}}",29976191,783791],"K_490\/2.4.3":["{{c}}",30759982,59047],"K_490\/2.4.4":["{{c}}",30819029,574974],"K_490\/3.0.0":["{{d}}",151229,932541],"K_490\/3.0.1":["{{d}}",1083770,828201],"K_490\/3.0.2":["{{d}}",1911971,1496896],"K_490\/3.0.3":["{{d}}",3408867,282196],"K_490\/3.0.4":["{{d}}",3691063,484983],"K_490\/3.1.0":["{{d}}",4176046,3622814],"K_490\/3.1.1":["{{d}}",7798860,4061932],"K_490\/3.1.2":["{{d}}",11860792,2322086],"K_490\/3.1.3":["{{d}}",14182878,1150531],"K_490\/3.1.4":["{{d}}",15333409,848331],"K_490\/3.2.0":["{{d}}",16181740,3722092],"K_490\/3.2.1":["{{d}}",19903832,2752491],"K_490\/3.2.2":["{{d}}",22656323,109830],"K_490\/3.2.3":["{{d}}",22766153,1279371],"K_490\/3.2.4":["{{d}}",24045524,2613173],"K_490\/3.3.0":["{{d}}",26658697,1659131],"K_490\/3.3.1":["{{d}}",28317828,1223127],"K_490\/3.3.2":["{{d}}",29540955,2721992],"K_490\/3.3.3":["{{d}}",32262947,1773532],"K_490\/3.3.4":["{{d}}",34036479,1843701],"K_490\/3.4.0":["{{d}}",35880180,393784],"K_490\/3.4.1":["{{d}}",36273964,1370071],"K_490\/3.4.2":["{{d}}",37644035,1306410],"K_490\/3.4.3":["{{d}}",38950445,1079900],"K_490\/3.4.4":["{{d}}",40030345,139079],"K_490\/4.0.0":["{{e}}",151229,580417],"K_490\/4.0.1":["{{e}}",731646,416496],"K_490\/4.0.2":["{{e}}",1148142,1692773],"K_490\/4.0.3":["{{e}}",2840915,314760],"K_490\/4.0.4":["{{e}}",3155675,2403925],"K_490\/4.1.0":["{{e}}",5559600,1594248],"K_490\/4.1.1":["{{e}}",7153848,2617294],"K_490\/4.1.2":["{{e}}",9771142,2792441],"K_490\/4.1.3":["{{e}}",12563583,1213883],"K_490\/4.1.4":["{{e}}",13777466,2341432],"K_490\/4.2.0":["{{e}}",16118898,766163],"K_490\/4.2.1":["{{e}}",16885061,3080559],"K_490\/4.2.2":["{{e}}",19965620,134608],"K_490\/4.2.3":["{{e}}",20100228,2267028],"K_490\/4.2.4":["{{e}}",22367256,578400],"K_490\/4.3.0":["{{e}}",22945656,124081],"K_490\/4.3.1":["{{e}}",23069737,1439831],"K_490\/4.3.2":["{{e}}",24509568,1829844],"K_490\/4.3.3":["{{e}}",26339412,1940274],"K_490\/4.3.4":["{{e}}",28279686,1528456],"K_490\/4.4.0":["{{e}}",29808142,10921],"K_490\/4.4.1":["{{e}}",29819063,199524],"K_490\/4.4.2":["{{e}}",30018587,724631],"K_490\/4.4.3":["{{e}}",30743218,988050],"K_490\/4.4.4":["{{e}}",31731268,734072],"K_490\/5.0.0":["{{f}}",151229,567820],"K_490\/5.0.1":["{{f}}",719049,1389798],"K_490\/5.0.2":["{{f}}",2108847,488070],"K_490\/5.0.3":["{{f}}",2596917,529966],"K_490\/5.0.4":["{{f}}",3126883,1642369],"K_490\/5.1.0":["{{f}}",4769252,2627344],"K_490\/5.1.1":["{{f}}",7396596,3945794],"K_490\/5.1.2":["{{f}}",11342390,2277154],"K_490\/5.1.3":["{{f}}",13619544,676789],"K_490\/5.1.4":["{{f}}",14296333,1136700],"K_490\/5.2.0":["{{f}}",15433033,2246478],"K_490\/5.2.1":["{{f}}",17679511,2016748],"K_490\/5.2.2":["{{f}}",19696259,112433],"K_490\/5.2.3":["{{f}}",19808692,701412],"K_490\/5.2.4":["{{f}}",20510104,2589501],"K_490\/5.3.0":["{{f}}",23099605,416587],"K_490\/5.3.1":["{{f}}",23516192,1214646],"K_490\/5.3.2":["{{f}}",24730838,1250549],"K_490\/5.3.3":["{{f}}",25981387,995010],"K_490\/5.3.4":["{{f}}",26976397,3931967],"K_490\/5.4.0":["{{f}}",30908364,11152],"K_490\/5.4.1":["{{f}}",30919516,146145],"K_490\/5.4.2":["{{f}}",31065661,541288],"K_490\/5.4.3":["{{f}}",31606949,535670],"K_490\/5.4.4":["{{f}}",32142619,99332],"K_490\/6.0.0":["{{g}}",151229,189083],"K_490\/6.0.1":["{{g}}",340312,786483],"K_490\/6.0.2":["{{g}}",1126795,398505],"K_490\/6.0.3":["{{g}}",1525300,1959620],"K_490\/6.0.4":["{{g}}",3484920,19175],"K_490\/6.1.0":["{{g}}",3504095,744301],"K_490\/6.1.1":["{{g}}",4248396,4083732],"K_490\/6.1.2":["{{g}}",8332128,2363105],"K_490\/6.1.3":["{{g}}",10695233,1901823],"K_490\/6.1.4":["{{g}}",12597056,291480],"K_490\/6.2.0":["{{g}}",12888536,86944],"K_490\/6.2.1":["{{g}}",12975480,3297488],"K_490\/6.2.2":["{{g}}",16272968,58904],"K_490\/6.2.3":["{{g}}",16331872,2348166],"K_490\/6.2.4":["{{g}}",18680038,974969],"K_490\/6.3.0":["{{g}}",19655007,19903],"K_490\/6.3.1":["{{g}}",19674910,1386548],"K_490\/6.3.2":["{{g}}",21061458,2190142],"K_490\/6.3.3":["{{g}}",23251600,2601666],"K_490\/6.3.4":["{{g}}",25853266,2186081],"K_490\/6.4.0":["{{g}}",28039347,10921],"K_490\/6.4.1":["{{g}}",28050268,160649],"K_490\/6.4.2":["{{g}}",28210917,209310],"K_490\/6.4.3":["{{g}}",28420227,860605],"K_490\/6.4.4":["{{g}}",29280832,70606],"K_490\/7.0.0":["{{h}}",151229,1314333],"K_490\/7.0.1":["{{h}}",1465562,310127],"K_490\/7.0.2":["{{h}}",1775689,413571],"K_490\/7.0.3":["{{h}}",2189260,1737882],"K_490\/7.0.4":["{{h}}",3927142,1891537],"K_490\/7.1.0":["{{h}}",5818679,2456149],"K_490\/7.1.1":["{{h}}",8274828,3312121],"K_490\/7.1.2":["{{h}}",11586949,2047157],"K_490\/7.1.3":["{{h}}",13634106,1114178],"K_490\/7.1.4":["{{h}}",14748284,3565326],"K_490\/7.2.0":["{{h}}",18313610,2079034],"K_490\/7.2.1":["{{h}}",20392644,1814828],"K_490\/7.2.2":["{{h}}",22207472,100715],"K_490\/7.2.3":["{{h}}",22308187,1063710],"K_490\/7.2.4":["{{h}}",23371897,2968117],"K_490\/7.3.0":["{{h}}",26340014,963123],"K_490\/7.3.1":["{{h}}",27303137,693484],"K_490\/7.3.2":["{{h}}",27996621,2149125],"K_490\/7.3.3":["{{h}}",30145746,2185268],"K_490\/7.3.4":["{{h}}",32331014,2453211],"K_490\/7.4.0":["{{h}}",34784225,10921],"K_490\/7.4.1":["{{h}}",34795146,330753],"K_490\/7.4.2":["{{h}}",35125899,1185363],"K_490\/7.4.3":["{{h}}",36311262,607370],"K_490\/7.4.4":["{{h}}",36918632,646535],"K_490\/8.0.0":["{{i}}",151229,261971],"K_490\/8.0.1":["{{i}}",413200,157497],"K_490\/8.0.2":["{{i}}",570697,1359500],"K_490\/8.0.3":["{{i}}",1930197,454723],"K_490\/8.0.4":["{{i}}",2384920,208756],"K_490\/8.1.0":["{{i}}",2593676,81418],"K_490\/8.1.1":["{{i}}",2675094,2835432],"K_490\/8.1.2":["{{i}}",5510526,2256869],"K_490\/8.1.3":["{{i}}",7767395,2237450],"K_490\/8.1.4":["{{i}}",10004845,1141771],"K_490\/8.2.0":["{{i}}",11146616,23141],"K_490\/8.2.1":["{{i}}",11169757,3967648],"K_490\/8.2.2":["{{i}}",15137405,39760],"K_490\/8.2.3":["{{i}}",15177165,1399839],"K_490\/8.2.4":["{{i}}",16577004,2647150],"K_490\/8.3.0":["{{i}}",19224154,10921],"K_490\/8.3.1":["{{i}}",19235075,989121],"K_490\/8.3.2":["{{i}}",20224196,1583497],"K_490\/8.3.3":["{{i}}",21807693,842044],"K_490\/8.3.4":["{{i}}",22649737,2539373],"K_490\/8.4.0":["{{i}}",25189110,136426],"K_490\/8.4.1":["{{i}}",25325536,735782],"K_490\/8.4.2":["{{i}}",26061318,137021],"K_490\/8.4.3":["{{i}}",26198339,723670],"K_490\/8.4.4":["{{i}}",26922009,1280613],"K_490\/9.0.0":["{{j}}",151229,168694],"K_490\/9.0.1":["{{j}}",319923,139857],"K_490\/9.0.2":["{{j}}",459780,1858672],"K_490\/9.0.3":["{{j}}",2318452,830448],"K_490\/9.0.4":["{{j}}",3148900,1003757],"K_490\/9.1.0":["{{j}}",4152657,2333594],"K_490\/9.1.1":["{{j}}",6486251,2007173],"K_490\/9.1.2":["{{j}}",8493424,1614784],"K_490\/9.1.3":["{{j}}",10108208,846637],"K_490\/9.1.4":["{{j}}",10954845,4314242],"K_490\/9.2.0":["{{j}}",15269087,1825349],"K_490\/9.2.1":["{{j}}",17094436,2829441],"K_490\/9.2.2":["{{j}}",19923877,113527],"K_490\/9.2.3":["{{j}}",20037404,1600735],"K_490\/9.2.4":["{{j}}",21638139,2782846],"K_490\/9.3.0":["{{j}}",24420985,284085],"K_490\/9.3.1":["{{j}}",24705070,460900],"K_490\/9.3.2":["{{j}}",25165970,1121357],"K_490\/9.3.3":["{{j}}",26287327,1373842],"K_490\/9.3.4":["{{j}}",27661169,68310],"K_490\/9.4.0":["{{j}}",27729479,455326],"K_490\/9.4.1":["{{j}}",28184805,723430],"K_490\/9.4.2":["{{j}}",28908235,849496],"K_490\/9.4.3":["{{j}}",29757731,731001],"K_490\/9.4.4":["{{j}}",30488732,732806],"K_490\/10.0.0":["{{k}}",151229,12715],"K_490\/10.0.1":["{{k}}",163944,666711],"K_490\/10.0.2":["{{k}}",830655,1536670],"K_490\/10.0.3":["{{k}}",2367325,906602],"K_490\/10.0.4":["{{k}}",3273927,215858],"K_490\/10.1.0":["{{k}}",3489785,1422947],"K_490\/10.1.1":["{{k}}",4912732,2822857],"K_490\/10.1.2":["{{k}}",7735589,1858819],"K_490\/10.1.3":["{{k}}",9594408,1052999],"K_490\/10.1.4":["{{k}}",10647407,1652490],"K_490\/10.2.0":["{{k}}",12299897,3000832],"K_490\/10.2.1":["{{k}}",15300729,3995597],"K_490\/10.2.2":["{{k}}",19296326,86617],"K_490\/10.2.3":["{{k}}",19382943,1886493],"K_490\/10.2.4":["{{k}}",21269436,2395540],"K_490\/10.3.0":["{{k}}",23664976,2500641],"K_490\/10.3.1":["{{k}}",26165617,1174560],"K_490\/10.3.2":["{{k}}",27340177,909217],"K_490\/10.3.3":["{{k}}",28249394,1078047],"K_490\/10.3.4":["{{k}}",29327441,1683528],"K_490\/10.4.0":["{{k}}",31010969,904395],"K_490\/10.4.1":["{{k}}",31915364,17835],"K_490\/10.4.2":["{{k}}",31933199,584948],"K_490\/10.4.3":["{{k}}",32518147,410182],"K_490\/10.4.4":["{{k}}",32928329,179128],"K_490\/11.0.0":["{{l}}",151229,97889],"K_490\/11.0.1":["{{l}}",249118,67706],"K_490\/11.0.2":["{{l}}",316824,1788538],"K_490\/11.0.3":["{{l}}",2105362,1748100],"K_490\/11.0.4":["{{l}}",3853462,149594],"K_490\/11.1.0":["{{l}}",4003056,801893],"K_490\/11.1.1":["{{l}}",4804949,864445],"K_490\/11.1.2":["{{l}}",5669394,1939233],"K_490\/11.1.3":["{{l}}",7608627,685337],"K_490\/11.1.4":["{{l}}",8293964,2765265],"K_490\/11.2.0":["{{l}}",11059229,980923],"K_490\/11.2.1":["{{l}}",12040152,3610985],"K_490\/11.2.2":["{{l}}",15651137,138887],"K_490\/11.2.3":["{{l}}",15790024,1607414],"K_490\/11.2.4":["{{l}}",17397438,877736],"K_490\/11.3.0":["{{l}}",18275174,720014],"K_490\/11.3.1":["{{l}}",18995188,3139565],"K_490\/11.3.2":["{{l}}",22134753,1713847],"K_490\/11.3.3":["{{l}}",23848600,1841486],"K_490\/11.3.4":["{{l}}",25690086,631304],"K_490\/11.4.0":["{{l}}",26321390,11737],"K_490\/11.4.1":["{{l}}",26333127,662784],"K_490\/11.4.2":["{{l}}",26995911,51021],"K_490\/11.4.3":["{{l}}",27046932,1055426],"K_490\/11.4.4":["{{l}}",28102358,340546],"K_490\/12.0.0":["{{m}}",151229,317154],"K_490\/12.0.1":["{{m}}",468383,806190],"K_490\/12.0.2":["{{m}}",1274573,1531276],"K_490\/12.0.3":["{{m}}",2805849,927583],"K_490\/12.0.4":["{{m}}",3733432,198821],"K_490\/12.1.0":["{{m}}",3932253,1806077],"K_490\/12.1.1":["{{m}}",5738330,2944267],"K_490\/12.1.2":["{{m}}",8682597,1990137],"K_490\/12.1.3":["{{m}}",10672734,866507],"K_490\/12.1.4":["{{m}}",11539241,738138],"K_490\/12.2.0":["{{m}}",12277379,2329134],"K_490\/12.2.1":["{{m}}",14606513,2987161],"K_490\/12.2.2":["{{m}}",17593674,101971],"K_490\/12.2.3":["{{m}}",17695645,582079],"K_490\/12.2.4":["{{m}}",18277724,2250113],"K_490\/12.3.0":["{{m}}",20527837,1438563],"K_490\/12.3.1":["{{m}}",21966400,2237182],"K_490\/12.3.2":["{{m}}",24203582,2937452],"K_490\/12.3.3":["{{m}}",27141034,1507134],"K_490\/12.3.4":["{{m}}",28648168,2939527],"K_490\/12.4.0":["{{m}}",31587695,476097],"K_490\/12.4.1":["{{m}}",32063792,456162],"K_490\/12.4.2":["{{m}}",32519954,1217715],"K_490\/12.4.3":["{{m}}",33737669,839637],"K_490\/12.4.4":["{{m}}",34577306,1157919],"K_490\/13.0.0":["{{n}}",151229,27413],"K_490\/13.0.1":["{{n}}",178642,682525],"K_490\/13.0.2":["{{n}}",861167,2091338],"K_490\/13.0.3":["{{n}}",2952505,2533057],"K_490\/13.0.4":["{{n}}",5485562,10921],"K_490\/13.1.0":["{{n}}",5496483,676585],"K_490\/13.1.1":["{{n}}",6173068,2797429],"K_490\/13.1.2":["{{n}}",8970497,2670214],"K_490\/13.1.3":["{{n}}",11640711,2065552],"K_490\/13.1.4":["{{n}}",13706263,32348],"K_490\/13.2.0":["{{n}}",13738611,277498],"K_490\/13.2.1":["{{n}}",14016109,3067095],"K_490\/13.2.2":["{{n}}",17083204,128156],"K_490\/13.2.3":["{{n}}",17211360,2558064],"K_490\/13.2.4":["{{n}}",19769424,996799],"K_490\/13.3.0":["{{n}}",20766223,259676],"K_490\/13.3.1":["{{n}}",21025899,2105426],"K_490\/13.3.2":["{{n}}",23131325,3311333],"K_490\/13.3.3":["{{n}}",26442658,2847335],"K_490\/13.3.4":["{{n}}",29289993,1396017],"K_490\/13.4.0":["{{n}}",30686010,14074],"K_490\/13.4.1":["{{n}}",30700084,577709],"K_490\/13.4.2":["{{n}}",31277793,815295],"K_490\/13.4.3":["{{n}}",32093088,2501052],"K_490\/13.4.4":["{{n}}",34594140,825114],"K_490\/14.0.0":["{{o}}",151229,1208786],"K_490\/14.0.1":["{{o}}",1360015,604479],"K_490\/14.0.2":["{{o}}",1964494,798888],"K_490\/14.0.3":["{{o}}",2763382,1557494],"K_490\/14.0.4":["{{o}}",4320876,2344297],"K_490\/14.1.0":["{{o}}",6665173,2035542],"K_490\/14.1.1":["{{o}}",8700715,2915264],"K_490\/14.1.2":["{{o}}",11615979,2219878],"K_490\/14.1.3":["{{o}}",13835857,1328777],"K_490\/14.1.4":["{{o}}",15164634,2015468],"K_490\/14.2.0":["{{o}}",17180102,2164547],"K_490\/14.2.1":["{{o}}",19344649,2303908],"K_490\/14.2.2":["{{o}}",21648557,134135],"K_490\/14.2.3":["{{o}}",21782692,1192143],"K_490\/14.2.4":["{{o}}",22974835,4147699],"K_490\/14.3.0":["{{o}}",27122534,1167482],"K_490\/14.3.1":["{{o}}",28290016,1858829],"K_490\/14.3.2":["{{o}}",30148845,2236555],"K_490\/14.3.3":["{{o}}",32385400,2635867],"K_490\/14.3.4":["{{o}}",35021267,2445755],"K_490\/14.4.0":["{{o}}",37467022,782872],"K_490\/14.4.1":["{{o}}",38249894,946873],"K_490\/14.4.2":["{{o}}",39196767,1161453],"K_490\/14.4.3":["{{o}}",40358220,2524622],"K_490\/14.4.4":["{{o}}",42882842,664549],"K_490\/15.0.0":["{{p}}",151229,35968],"K_490\/15.0.1":["{{p}}",187197,176430],"K_490\/15.0.2":["{{p}}",363627,168005],"K_490\/15.0.3":["{{p}}",531632,1948269],"K_490\/15.0.4":["{{p}}",2479901,183785],"K_490\/15.1.0":["{{p}}",2663686,475165],"K_490\/15.1.1":["{{p}}",3138851,3007215],"K_490\/15.1.2":["{{p}}",6146066,2456177],"K_490\/15.1.3":["{{p}}",8602243,1678506],"K_490\/15.1.4":["{{p}}",10280749,452797],"K_490\/15.2.0":["{{p}}",10733546,223118],"K_490\/15.2.1":["{{p}}",10956664,3971096],"K_490\/15.2.2":["{{p}}",14927760,33241],"K_490\/15.2.3":["{{p}}",14961001,3031416],"K_490\/15.2.4":["{{p}}",17992417,1906028],"K_490\/15.3.0":["{{p}}",19898445,13288],"K_490\/15.3.1":["{{p}}",19911733,3003137],"K_490\/15.3.2":["{{p}}",22914870,2285451],"K_490\/15.3.3":["{{p}}",25200321,1765639],"K_490\/15.3.4":["{{p}}",26965960,3187679],"K_490\/15.4.0":["{{p}}",30153639,10921],"K_490\/15.4.1":["{{p}}",30164560,567171],"K_490\/15.4.2":["{{p}}",30731731,948432],"K_490\/15.4.3":["{{p}}",31680163,994108],"K_490\/15.4.4":["{{p}}",32674271,3071198],"K_490\/16.0.0":["{{q}}",151229,1237084],"K_490\/16.0.1":["{{q}}",1388313,410254],"K_490\/16.0.2":["{{q}}",1798567,436294],"K_490\/16.0.3":["{{q}}",2234861,602373],"K_490\/16.0.4":["{{q}}",2837234,1857015],"K_490\/16.1.0":["{{q}}",4694249,10921],"K_490\/16.1.1":["{{q}}",4705170,1762936],"K_490\/16.1.2":["{{q}}",6468106,2166780],"K_490\/16.1.3":["{{q}}",8634886,1314539],"K_490\/16.1.4":["{{q}}",9949425,2600073],"K_490\/16.2.0":["{{q}}",12549498,1193314],"K_490\/16.2.1":["{{q}}",13742812,1824123],"K_490\/16.2.2":["{{q}}",15566935,129419],"K_490\/16.2.3":["{{q}}",15696354,2082111],"K_490\/16.2.4":["{{q}}",17778465,4039182],"K_490\/16.3.0":["{{q}}",21817647,986731],"K_490\/16.3.1":["{{q}}",22804378,1590609],"K_490\/16.3.2":["{{q}}",24394987,4539609],"K_490\/16.3.3":["{{q}}",28934596,2916669],"K_490\/16.3.4":["{{q}}",31851265,1097349],"K_490\/16.4.0":["{{q}}",32948614,21041],"K_490\/16.4.1":["{{q}}",32969655,1102048],"K_490\/16.4.2":["{{q}}",34071703,1766450],"K_490\/16.4.3":["{{q}}",35838153,934406],"K_490\/16.4.4":["{{q}}",36772559,764989],"K_490\/17.0.0":["{{r}}",151229,63962],"K_490\/17.0.1":["{{r}}",215191,653881],"K_490\/17.0.2":["{{r}}",869072,389081],"K_490\/17.0.3":["{{r}}",1258153,232024],"K_490\/17.0.4":["{{r}}",1490177,72739],"K_490\/17.1.0":["{{r}}",1562916,26045],"K_490\/17.1.1":["{{r}}",1588961,3128423],"K_490\/17.1.2":["{{r}}",4717384,1738906],"K_490\/17.1.3":["{{r}}",6456290,1003492],"K_490\/17.1.4":["{{r}}",7459782,294934],"K_490\/17.2.0":["{{r}}",7754716,11108],"K_490\/17.2.1":["{{r}}",7765824,3580508],"K_490\/17.2.2":["{{r}}",11346332,33942],"K_490\/17.2.3":["{{r}}",11380274,2507093],"K_490\/17.2.4":["{{r}}",13887367,3372971],"K_490\/17.3.0":["{{r}}",17260338,553269],"K_490\/17.3.1":["{{r}}",17813607,2065147],"K_490\/17.3.2":["{{r}}",19878754,1619564],"K_490\/17.3.3":["{{r}}",21498318,3173289],"K_490\/17.3.4":["{{r}}",24671607,2400823],"K_490\/17.4.0":["{{r}}",27072430,578967],"K_490\/17.4.1":["{{r}}",27651397,1038790],"K_490\/17.4.2":["{{r}}",28690187,897452],"K_490\/17.4.3":["{{r}}",29587639,1627698],"K_490\/17.4.4":["{{r}}",31215337,1326671],"K_490\/18.0.0":["{{s}}",151229,239020],"K_490\/18.0.1":["{{s}}",390249,378348],"K_490\/18.0.2":["{{s}}",768597,441686],"K_490\/18.0.3":["{{s}}",1210283,280270],"K_490\/18.0.4":["{{s}}",1490553,1618616],"K_490\/18.1.0":["{{s}}",3109169,1449926],"K_490\/18.1.1":["{{s}}",4559095,2114660],"K_490\/18.1.2":["{{s}}",6673755,2399840],"K_490\/18.1.3":["{{s}}",9073595,1116525],"K_490\/18.1.4":["{{s}}",10190120,1296077],"K_490\/18.2.0":["{{s}}",11486197,1087258],"K_490\/18.2.1":["{{s}}",12573455,885750],"K_490\/18.2.2":["{{s}}",13459205,138338],"K_490\/18.2.3":["{{s}}",13597543,2349086],"K_490\/18.2.4":["{{s}}",15946629,2102621],"K_490\/18.3.0":["{{s}}",18049250,56474],"K_490\/18.3.1":["{{s}}",18105724,220427],"K_490\/18.3.2":["{{s}}",18326151,2840526],"K_490\/18.3.3":["{{s}}",21166677,2226147],"K_490\/18.3.4":["{{s}}",23392824,457436],"K_490\/18.4.0":["{{s}}",23850260,112557],"K_490\/18.4.1":["{{s}}",23962817,210120],"K_490\/18.4.2":["{{s}}",24172937,1212423],"K_490\/18.4.3":["{{s}}",25385360,577314],"K_490\/18.4.4":["{{s}}",25962674,420568],"K_490\/19.0.0":["{{t}}",151229,891148],"K_490\/19.0.1":["{{t}}",1042377,273545],"K_490\/19.0.2":["{{t}}",1315922,771159],"K_490\/19.0.3":["{{t}}",2087081,243610],"K_490\/19.0.4":["{{t}}",2330691,667171],"K_490\/19.1.0":["{{t}}",2997862,1885451],"K_490\/19.1.1":["{{t}}",4883313,3856659],"K_490\/19.1.2":["{{t}}",8739972,1155677],"K_490\/19.1.3":["{{t}}",9895649,496732],"K_490\/19.1.4":["{{t}}",10392381,1044440],"K_490\/19.2.0":["{{t}}",11436821,3774634],"K_490\/19.2.1":["{{t}}",15211455,2496517],"K_490\/19.2.2":["{{t}}",17707972,101478],"K_490\/19.2.3":["{{t}}",17809450,1320499],"K_490\/19.2.4":["{{t}}",19129949,3426918],"K_490\/19.3.0":["{{t}}",22556867,2213968],"K_490\/19.3.1":["{{t}}",24770835,1577277],"K_490\/19.3.2":["{{t}}",26348112,1419381],"K_490\/19.3.3":["{{t}}",27767493,1623858],"K_490\/19.3.4":["{{t}}",29391351,1868999],"K_490\/19.4.0":["{{t}}",31260350,456603],"K_490\/19.4.1":["{{t}}",31716953,1215548],"K_490\/19.4.2":["{{t}}",32932501,380668],"K_490\/19.4.3":["{{t}}",33313169,1826815],"K_490\/19.4.4":["{{t}}",35139984,740973],"K_490\/20.0.0":["{{u}}",151229,267471],"K_490\/20.0.1":["{{u}}",418700,271408],"K_490\/20.0.2":["{{u}}",690108,991349],"K_490\/20.0.3":["{{u}}",1681457,432497],"K_490\/20.0.4":["{{u}}",2113954,1014790],"K_490\/20.1.0":["{{u}}",3128744,688641],"K_490\/20.1.1":["{{u}}",3817385,1773579],"K_490\/20.1.2":["{{u}}",5590964,2012995],"K_490\/20.1.3":["{{u}}",7603959,1260858],"K_490\/20.1.4":["{{u}}",8864817,2046892],"K_490\/20.2.0":["{{u}}",10911709,856069],"K_490\/20.2.1":["{{u}}",11767778,3001744],"K_490\/20.2.2":["{{u}}",14769522,122573],"K_490\/20.2.3":["{{u}}",14892095,1335262],"K_490\/20.2.4":["{{u}}",16227357,508500],"K_490\/20.3.0":["{{u}}",16735857,11714],"K_490\/20.3.1":["{{u}}",16747571,2079474],"K_490\/20.3.2":["{{u}}",18827045,2886235],"K_490\/20.3.3":["{{u}}",21713280,2927244],"K_490\/20.3.4":["{{u}}",24640524,572141],"K_490\/20.4.0":["{{u}}",25212665,10921],"K_490\/20.4.1":["{{u}}",25223586,1797155],"K_490\/20.4.2":["{{u}}",27020741,1438733],"K_490\/20.4.3":["{{u}}",28459474,838729],"K_490\/20.4.4":["{{u}}",29298203,112252],"K_490\/21.0.0":["{{v}}",151229,1375572],"K_490\/21.0.1":["{{v}}",1526801,251102],"K_490\/21.0.2":["{{v}}",1777903,345143],"K_490\/21.0.3":["{{v}}",2123046,446189],"K_490\/21.0.4":["{{v}}",2569235,541851],"K_490\/21.1.0":["{{v}}",3111086,1776846],"K_490\/21.1.1":["{{v}}",4887932,3162809],"K_490\/21.1.2":["{{v}}",8050741,1340987],"K_490\/21.1.3":["{{v}}",9391728,763820],"K_490\/21.1.4":["{{v}}",10155548,1565803],"K_490\/21.2.0":["{{v}}",11721351,1958525],"K_490\/21.2.1":["{{v}}",13679876,1924785],"K_490\/21.2.2":["{{v}}",15604661,105033],"K_490\/21.2.3":["{{v}}",15709694,632732],"K_490\/21.2.4":["{{v}}",16342426,3063228],"K_490\/21.3.0":["{{v}}",19405654,1713984],"K_490\/21.3.1":["{{v}}",21119638,1276492],"K_490\/21.3.2":["{{v}}",22396130,1831100],"K_490\/21.3.3":["{{v}}",24227230,3707617],"K_490\/21.3.4":["{{v}}",27934847,2785771],"K_490\/21.4.0":["{{v}}",30720618,311355],"K_490\/21.4.1":["{{v}}",31031973,126608],"K_490\/21.4.2":["{{v}}",31158581,1489976],"K_490\/21.4.3":["{{v}}",32648557,841080],"K_490\/21.4.4":["{{v}}",33489637,562642],"K_490\/22.0.0":["{{w}}",151229,314209],"K_490\/22.0.1":["{{w}}",465438,519614],"K_490\/22.0.2":["{{w}}",985052,631037],"K_490\/22.0.3":["{{w}}",1616089,1774885],"K_490\/22.0.4":["{{w}}",3390974,20033],"K_490\/22.1.0":["{{w}}",3411007,841551],"K_490\/22.1.1":["{{w}}",4252558,2864545],"K_490\/22.1.2":["{{w}}",7117103,1069876],"K_490\/22.1.3":["{{w}}",8186979,1614300],"K_490\/22.1.4":["{{w}}",9801279,174805],"K_490\/22.2.0":["{{w}}",9976084,348692],"K_490\/22.2.1":["{{w}}",10324776,3557470],"K_490\/22.2.2":["{{w}}",13882246,51630],"K_490\/22.2.3":["{{w}}",13933876,2869987],"K_490\/22.2.4":["{{w}}",16803863,1589536],"K_490\/22.3.0":["{{w}}",18393399,15472],"K_490\/22.3.1":["{{w}}",18408871,1798603],"K_490\/22.3.2":["{{w}}",20207474,2268831],"K_490\/22.3.3":["{{w}}",22476305,1901639],"K_490\/22.3.4":["{{w}}",24377944,1890463],"K_490\/22.4.0":["{{w}}",26268407,10921],"K_490\/22.4.1":["{{w}}",26279328,924492],"K_490\/22.4.2":["{{w}}",27203820,906358],"K_490\/22.4.3":["{{w}}",28110178,1072444],"K_490\/22.4.4":["{{w}}",29182622,471868],"K_490\/23.0.0":["{{x}}",151229,1072403],"K_490\/23.0.1":["{{x}}",1223632,420395],"K_490\/23.0.2":["{{x}}",1644027,198631],"K_490\/23.0.3":["{{x}}",1842658,788916],"K_490\/23.0.4":["{{x}}",2631574,1385896],"K_490\/23.1.0":["{{x}}",4017470,2936204],"K_490\/23.1.1":["{{x}}",6953674,2082505],"K_490\/23.1.2":["{{x}}",9036179,1489608],"K_490\/23.1.3":["{{x}}",10525787,895439],"K_490\/23.1.4":["{{x}}",11421226,2663933],"K_490\/23.2.0":["{{x}}",14085159,2742680],"K_490\/23.2.1":["{{x}}",16827839,2584634],"K_490\/23.2.2":["{{x}}",19412473,131110],"K_490\/23.2.3":["{{x}}",19543583,1232717],"K_490\/23.2.4":["{{x}}",20776300,5000152],"K_490\/23.3.0":["{{x}}",25776452,1730158],"K_490\/23.3.1":["{{x}}",27506610,2052429],"K_490\/23.3.2":["{{x}}",29559039,2831417],"K_490\/23.3.3":["{{x}}",32390456,2603292],"K_490\/23.3.4":["{{x}}",34993748,1811377],"K_490\/23.4.0":["{{x}}",36805125,471288],"K_490\/23.4.1":["{{x}}",37276413,1350148],"K_490\/23.4.2":["{{x}}",38626561,1622183],"K_490\/23.4.3":["{{x}}",40248744,885516],"K_490\/23.4.4":["{{x}}",41134260,409430],"K_490\/24.0.0":["{{y}}",151229,52905],"K_490\/24.0.1":["{{y}}",204134,577324],"K_490\/24.0.2":["{{y}}",781458,300557],"K_490\/24.0.3":["{{y}}",1082015,580483],"K_490\/24.0.4":["{{y}}",1662498,91177],"K_490\/24.1.0":["{{y}}",1753675,334946],"K_490\/24.1.1":["{{y}}",2088621,2770797],"K_490\/24.1.2":["{{y}}",4859418,655014],"K_490\/24.1.3":["{{y}}",5514432,1087393],"K_490\/24.1.4":["{{y}}",6601825,310668],"K_490\/24.2.0":["{{y}}",6912493,50286],"K_490\/24.2.1":["{{y}}",6962779,3554219],"K_490\/24.2.2":["{{y}}",10516998,11955],"K_490\/24.2.3":["{{y}}",10528953,2061671],"K_490\/24.2.4":["{{y}}",12590624,2440718],"K_490\/24.3.0":["{{y}}",15031342,10921],"K_490\/24.3.1":["{{y}}",15042263,2275691],"K_490\/24.3.2":["{{y}}",17317954,1337927],"K_490\/24.3.3":["{{y}}",18655881,1805636],"K_490\/24.3.4":["{{y}}",20461517,1939507],"K_490\/24.4.0":["{{y}}",22401024,11892],"K_490\/24.4.1":["{{y}}",22412916,1659021],"K_490\/24.4.2":["{{y}}",24071937,1582689],"K_490\/24.4.3":["{{y}}",25654626,784278],"K_490\/24.4.4":["{{y}}",26438904,946179],"K_490\/25.0.0":["{{z}}",151229,397068],"K_490\/25.0.1":["{{z}}",548297,99544],"K_490\/25.0.2":["{{z}}",647841,339720],"K_490\/25.0.3":["{{z}}",987561,168928],"K_490\/25.0.4":["{{z}}",1156489,822733],"K_490\/25.1.0":["{{z}}",1979222,2049225],"K_490\/25.1.1":["{{z}}",4028447,1620953],"K_490\/25.1.2":["{{z}}",5649400,2367646],"K_490\/25.1.3":["{{z}}",8017046,1043165],"K_490\/25.1.4":["{{z}}",9060211,2383359],"K_490\/25.2.0":["{{z}}",11443570,2100877],"K_490\/25.2.1":["{{z}}",13544447,1966427],"K_490\/25.2.2":["{{z}}",15510874,139748],"K_490\/25.2.3":["{{z}}",15650622,1461303],"K_490\/25.2.4":["{{z}}",17111925,2248459],"K_490\/25.3.0":["{{z}}",19360384,910866],"K_490\/25.3.1":["{{z}}",20271250,1666410],"K_490\/25.3.2":["{{z}}",21937660,2410530],"K_490\/25.3.3":["{{z}}",24348190,2552143],"K_490\/25.3.4":["{{z}}",26900333,708166],"K_490\/25.4.0":["{{z}}",27608499,12296],"K_490\/25.4.1":["{{z}}",27620795,226717],"K_490\/25.4.2":["{{z}}",27847512,666448],"K_490\/25.4.3":["{{z}}",28513960,406866],"K_490\/25.4.4":["{{z}}",28920826,113751],"K_490\/26.0.0":["{{A}}",151229,12839],"K_490\/26.0.1":["{{A}}",164068,191865],"K_490\/26.0.2":["{{A}}",355933,871676],"K_490\/26.0.3":["{{A}}",1227609,257460],"K_490\/26.0.4":["{{A}}",1485069,160301],"K_490\/26.1.0":["{{A}}",1645370,1239876],"K_490\/26.1.1":["{{A}}",2885246,2783072],"K_490\/26.1.2":["{{A}}",5668318,1740868],"K_490\/26.1.3":["{{A}}",7409186,1161678],"K_490\/26.1.4":["{{A}}",8570864,1585262],"K_490\/26.2.0":["{{A}}",10156126,3145191],"K_490\/26.2.1":["{{A}}",13301317,2660665],"K_490\/26.2.2":["{{A}}",15961982,44252],"K_490\/26.2.3":["{{A}}",16006234,1712902],"K_490\/26.2.4":["{{A}}",17719136,2390911],"K_490\/26.3.0":["{{A}}",20110047,750880],"K_490\/26.3.1":["{{A}}",20860927,1522170],"K_490\/26.3.2":["{{A}}",22383097,2081464],"K_490\/26.3.3":["{{A}}",24464561,2423943],"K_490\/26.3.4":["{{A}}",26888504,2959093],"K_490\/26.4.0":["{{A}}",29847597,1187313],"K_490\/26.4.1":["{{A}}",31034910,193421],"K_490\/26.4.2":["{{A}}",31228331,763872],"K_490\/26.4.3":["{{A}}",31992203,1047606],"K_490\/26.4.4":["{{A}}",33039809,541276],"K_490\/27.0.0":["{{B}}",151229,350523],"K_490\/27.0.1":["{{B}}",501752,99866],"K_490\/27.0.2":["{{B}}",601618,789573],"K_490\/27.0.3":["{{B}}",1391191,480912],"K_490\/27.0.4":["{{B}}",1872103,2130553],"K_490\/27.1.0":["{{B}}",4002656,1232360],"K_490\/27.1.1":["{{B}}",5235016,1462996],"K_490\/27.1.2":["{{B}}",6698012,1587718],"K_490\/27.1.3":["{{B}}",8285730,1096695],"K_490\/27.1.4":["{{B}}",9382425,1992061],"K_490\/27.2.0":["{{B}}",11374486,1005489],"K_490\/27.2.1":["{{B}}",12379975,2492224],"K_490\/27.2.2":["{{B}}",14872199,66302],"K_490\/27.2.3":["{{B}}",14938501,2263815],"K_490\/27.2.4":["{{B}}",17202316,569840],"K_490\/27.3.0":["{{B}}",17772156,431942],"K_490\/27.3.1":["{{B}}",18204098,855961],"K_490\/27.3.2":["{{B}}",19060059,2086029],"K_490\/27.3.3":["{{B}}",21146088,2073066],"K_490\/27.3.4":["{{B}}",23219154,1458444],"K_490\/27.4.0":["{{B}}",24677598,66396],"K_490\/27.4.1":["{{B}}",24743994,1714154],"K_490\/27.4.2":["{{B}}",26458148,271562],"K_490\/27.4.3":["{{B}}",26729710,842508],"K_490\/27.4.4":["{{B}}",27572218,632621],"K_490\/28.0.0":["{{C}}",151229,394155],"K_490\/28.0.1":["{{C}}",545384,150519],"K_490\/28.0.2":["{{C}}",695903,408237],"K_490\/28.0.3":["{{C}}",1104140,850640],"K_490\/28.0.4":["{{C}}",1954780,803370],"K_490\/28.1.0":["{{C}}",2758150,2014686],"K_490\/28.1.1":["{{C}}",4772836,1545672],"K_490\/28.1.2":["{{C}}",6318508,1397754],"K_490\/28.1.3":["{{C}}",7716262,830304],"K_490\/28.1.4":["{{C}}",8546566,1904800],"K_490\/28.2.0":["{{C}}",10451366,1626777],"K_490\/28.2.1":["{{C}}",12078143,2202697],"K_490\/28.2.2":["{{C}}",14280840,66986],"K_490\/28.2.3":["{{C}}",14347826,296303],"K_490\/28.2.4":["{{C}}",14644129,2776632],"K_490\/28.3.0":["{{C}}",17420761,713246],"K_490\/28.3.1":["{{C}}",18134007,2781872],"K_490\/28.3.2":["{{C}}",20915879,1834903],"K_490\/28.3.3":["{{C}}",22750782,394453],"K_490\/28.3.4":["{{C}}",23145235,3492317],"K_490\/28.4.0":["{{C}}",26637552,33783],"K_490\/28.4.1":["{{C}}",26671335,151163],"K_490\/28.4.2":["{{C}}",26822498,1679137],"K_490\/28.4.3":["{{C}}",28501635,402834],"K_490\/28.4.4":["{{C}}",28904469,545082],"K_490\/29.0.0":["{{D}}",151229,79423],"K_490\/29.0.1":["{{D}}",230652,254334],"K_490\/29.0.2":["{{D}}",484986,545463],"K_490\/29.0.3":["{{D}}",1030449,1322035],"K_490\/29.0.4":["{{D}}",2352484,10921],"K_490\/29.1.0":["{{D}}",2363405,373027],"K_490\/29.1.1":["{{D}}",2736432,2172110],"K_490\/29.1.2":["{{D}}",4908542,2128871],"K_490\/29.1.3":["{{D}}",7037413,1924635],"K_490\/29.1.4":["{{D}}",8962048,160214],"K_490\/29.2.0":["{{D}}",9122262,723389],"K_490\/29.2.1":["{{D}}",9845651,3375582],"K_490\/29.2.2":["{{D}}",13221233,52113],"K_490\/29.2.3":["{{D}}",13273346,1927992],"K_490\/29.2.4":["{{D}}",15201338,937300],"K_490\/29.3.0":["{{D}}",16138638,58786],"K_490\/29.3.1":["{{D}}",16197424,1952302],"K_490\/29.3.2":["{{D}}",18149726,3180948],"K_490\/29.3.3":["{{D}}",21330674,1414826],"K_490\/29.3.4":["{{D}}",22745500,1029781],"K_490\/29.4.0":["{{D}}",23775281,41205],"K_490\/29.4.1":["{{D}}",23816486,347731],"K_490\/29.4.2":["{{D}}",24164217,1190158],"K_490\/29.4.3":["{{D}}",25354375,1968920],"K_490\/29.4.4":["{{D}}",27323295,886185]}}