{"version":1,"templates":{"a":"s3:\/\/imos-data\/IMOS\/SRS\/OC\/gridded\/aqua\/P1D\/2011\/07\/A.P1D.20110701T053000Z.aust.chl_gsm.nc","b":"s3:\/\/imos-data\/IMOS\/SRS\/OC\/gridded\/aqua\/P1D\/2011\/07\/A.P1D.20110702T053000Z.aust.chl_gsm.nc","c":"s3:\/\/imos-data\/IMOS\/SRS\/OC\/gridded\/aqua\/P1D\/2011\/07\/A.P1D.20110703T053000Z.aust.chl_gsm.nc","d":"s3:\/\/imos-data\/IMOS\/SRS\/OC\/gridded\/aqua\/P1D\/2011\/07\/A.P1D.20110704T053000Z.aust.chl_gsm.nc","e":"s3:\/\/imos-data\/IMOS\/SRS\/OC\/gridded\/aqua\/P1D\/2011\/07\/A.P1D.20110705T053000Z.aust.chl_gsm.nc","f":"s3:\/\/imos-data\/IMOS\/SRS\/OC\/gridded\/aqua\/P1D\/2011\/07\/A.P1D.20110706T053000Z.aust.chl_gsm.nc","g":"s3:\/\/imos-data\/IMOS\/SRS\/OC\/gridded\/aqua\/P1D\/2011\/07\/A.P1D.20110707T053000Z.aust.chl_gsm.nc","h":"s3:\/\/imos-data\/IMOS\/SRS\/OC\/gridded\/aqua\/P1D\/2011\/07\/A.P1D.20110708T053000Z.aust.chl_gsm.nc","i":"s3:\/\/imos-data\/IMOS\/SRS\/OC\/gridded\/aqua\/P1D\/2011\/07\/A.P1D.20110709T053000Z.aust.chl_gsm.nc","j":"s3:\/\/imos-data\/IMOS\/SRS\/OC\/gridded\/aqua\/P1D\/2011\/07\/A.P1D.20110710T053000Z.aust.chl_gsm.nc","k":"s3:\/\/imos-data\/IMOS\/SRS\/OC\/gridded\/aqua\/P1D\/2011\/07\/A.P1D.20110711T053000Z.aust.chl_gsm.nc","l":"s3:\/\/imos-data\/IMOS\/SRS\/OC\/gridded\/aqua\/P1D\/2011\/07\/A.P1D.20110712T053000Z.aust.chl_gsm.nc","m":"s3:\/\/imos-data\/IMOS\/SRS\/OC\/gridded\/aqua\/P1D\/2011\/07\/A.P1D.20110713T053000Z.aust.chl_gsm.nc","n":"s3:\/\/imos-data\/IMOS\/SRS\/OC\/gridded\/aqua\/P1D\/2011\/07\/A.P1D.20110714T053000Z.aust.chl_gsm.nc","o":"s3:\/\/imos-data\/IMOS\/SRS\/OC\/gridded\/aqua\/P1D\/2011\/07\/A.P1D.20110715T053000Z.aust.chl_gsm.nc","p":"s3:\/\/imos-data\/IMOS\/SRS\/OC\/gridded\/aqua\/P1D\/2011\/07\/A.P1D.20110716T053000Z.aust.chl_gsm.nc","q":"s3:\/\/imos-data\/IMOS\/SRS\/OC\/gridded\/aqua\/P1D\/2011\/07\/A.P1D.20110717T053000Z.aust.chl_gsm.nc","r":"s3:\/\/imos-data\/IMOS\/SRS\/OC\/gridded\/aqua\/P1D\/2011\/07\/A.P1D.20110718T053000Z.aust.chl_gsm.nc","s":"s3:\/\/imos-data\/IMOS\/SRS\/OC\/gridded\/aqua\/P1D\/2011\/07\/A.P1D.20110719T053000Z.aust.chl_gsm.nc","t":"s3:\/\/imos-data\/IMOS\/SRS\/OC\/gridded\/aqua\/P1D\/2011\/07\/A.P1D.20110720T053000Z.aust.chl_gsm.nc","u":"s3:\/\/imos-data\/IMOS\/SRS\/OC\/gridded\/aqua\/P1D\/2011\/07\/A.P1D.20110721T053000Z.aust.chl_gsm.nc","v":"s3:\/\/imos-data\/IMOS\/SRS\/OC\/gridded\/aqua\/P1D\/2011\/07\/A.P1D.20110722T053000Z.aust.chl_gsm.nc","w":"s3:\/\/imos-data\/IMOS\/SRS\/OC\/gridded\/aqua\/P1D\/2011\/07\/A.P1D.20110723T053000Z.aust.chl_gsm.nc","x":"s3:\/\/imos-data\/IMOS\/SRS\/OC\/gridded\/aqua\/P1D\/2011\/07\/A.P1D.20110724T053000Z.aust.chl_gsm.nc","y":"s3:\/\/imos-data\/IMOS\/SRS\/OC\/gridded\/aqua\/P1D\/2011\/07\/A.P1D.20110725T053000Z.aust.chl_gsm.nc","z":"s3:\/\/imos-data\/IMOS\/SRS\/OC\/gridded\/aqua\/P1D\/2011\/07\/A.P1D.20110726T053000Z.aust.chl_gsm.nc","A":"s3:\/\/imos-data\/IMOS\/SRS\/OC\/gridded\/aqua\/P1D\/2011\/07\/A.P1D.20110727T053000Z.aust.chl_gsm.nc","B":"s3:\/\/imos-data\/IMOS\/SRS\/OC\/gridded\/aqua\/P1D\/2011\/07\/A.P1D.20110728T053000Z.aust.chl_gsm.nc","C":"s3:\/\/imos-data\/IMOS\/SRS\/OC\/gridded\/aqua\/P1D\/2011\/07\/A.P1D.20110729T053000Z.aust.chl_gsm.nc","D":"s3:\/\/imos-data\/IMOS\/SRS\/OC\/gridded\/aqua\/P1D\/2011\/07\/A.P1D.20110730T053000Z.aust.chl_gsm.nc","E":"s3:\/\/imos-data\/IMOS\/SRS\/OC\/gridded\/aqua\/P1D\/2011\/07\/A.P1D.20110731T053000Z.aust.chl_gsm.nc"},"refs":{".zgroup":"{\"zarr_format\":2}",".zattrs":"{\"Conventions\":\"CF-1.6\",\"_NCProperties\":\"version=1|netcdflibversion=4.6.1|hdf5libversion=1.10.4\",\"_nc3_strict\":1,\"history\":\"File initialised at 2020-08-06T06:48:02.108528\\nInitialised var chl_gsm at 2020-08-06T06:48:21.514680\\nAdd Granule A20110701_0210.20190920204942.L2OC_BASE.chl_gsm.nc at 2020-08-06T06:48:22.381866\\nAdd Granule A20110701_0215.20190920195943.L2OC_BASE.chl_gsm.nc at 2020-08-06T06:48:22.559663\\nAdd Granule A20110701_0340.20190920205418.L2OC_BASE.chl_gsm.nc at 2020-08-06T06:48:22.855286\\nAdd Granule A20110701_0345.20190920201708.L2OC_BASE.chl_gsm.nc at 2020-08-06T06:48:23.049414\\nAdd Granule A20110701_0350.20190920194438.L2OC_BASE.chl_gsm.nc at 2020-08-06T06:48:23.226000\\nAdd Granule A20110701_0355.20190920193438.L2OC_BASE.chl_gsm.nc at 2020-08-06T06:48:23.384256\\nAdd Granule A20110701_0515.20190920201310.L2OC_BASE.chl_gsm.nc at 2020-08-06T06:48:23.554860\\nAdd Granule A20110701_0520.20190920203202.L2OC_BASE.chl_gsm.nc at 2020-08-06T06:48:23.774285\\nAdd Granule A20110701_0525.20190920194036.L2OC_BASE.chl_gsm.nc at 2020-08-06T06:48:23.953816\\nAdd Granule A20110701_0530.20190920195041.L2OC_BASE.chl_gsm.nc at 2020-08-06T06:48:24.170186\\nAdd Granule A20110701_0535.20190920203735.L2OC_BASE.chl_gsm.nc at 2020-08-06T06:48:24.293978\\nAdd Granule A20110701_0655.20190920200901.L2OC_BASE.chl_gsm.nc at 2020-08-06T06:48:24.522388\\nAdd Granule A20110701_0700.20190920204349.L2OC_BASE.chl_gsm.nc at 2020-08-06T06:48:24.756968\\nAdd Granule A20110701_0705.20190920205932.L2OC_BASE.chl_gsm.nc at 2020-08-06T06:48:24.978842\\nAdd Granule A20110701_0710.20190920202254.L2OC_BASE.chl_gsm.nc at 2020-08-06T06:48:25.144742\\nAdd Granule A20110701_0715.20190920202829.L2OC_BASE.chl_gsm.nc at 2020-08-06T06:48:25.247552\",\"source_path\":\"imos-srs\\\/archive\\\/oc\\\/aqua\\\/1d\\\/v201909\\\/2011\\\/07\\\/A20110701.L2OC_BASE.aust.chl_gsm.nc\"}","latitude\/.zarray":"{\n    \"chunks\": [\n        7001\n    ],\n    \"compressor\": null,\n    \"dtype\": \"<f8\",\n    \"fill_value\": 9.969209968386869e+36,\n    \"filters\": null,\n    \"order\": \"C\",\n    \"shape\": [\n        7001\n    ],\n    \"zarr_format\": 2\n}","latitude\/.zattrs":"{\n    \"NAME\": \"latitude\",\n    \"_ARRAY_DIMENSIONS\": [\n        \"latitude\"\n    ],\n    \"_Netcdf4Dimid\": 1,\n    \"axis\": \"Y\",\n    \"long_name\": \"latitude\",\n    \"standard_name\": \"latitude\",\n    \"units\": \"degrees_north\"\n}","latitude\/0":["{{a}}",2392,56008],"longitude\/.zarray":"{\n    \"chunks\": [\n        10001\n    ],\n    \"compressor\": null,\n    \"dtype\": \"<f8\",\n    \"fill_value\": 9.969209968386869e+36,\n    \"filters\": null,\n    \"order\": \"C\",\n    \"shape\": [\n        10001\n    ],\n    \"zarr_format\": 2\n}","longitude\/.zattrs":"{\n    \"NAME\": \"longitude\",\n    \"_ARRAY_DIMENSIONS\": [\n        \"longitude\"\n    ],\n    \"_Netcdf4Dimid\": 2,\n    \"axis\": \"X\",\n    \"long_name\": \"longitude\",\n    \"standard_name\": \"longitude\",\n    \"units\": \"degrees_east\"\n}","longitude\/0":["{{a}}",58400,80008],"chl_gsm\/.zarray":"{\"chunks\":[1,1401,2001],\"compressor\":{\"id\":\"zlib\",\"level\":4},\"dtype\":\"<f4\",\"fill_value\":-999.0,\"filters\":[{\"elementsize\":4,\"id\":\"shuffle\"}],\"order\":\"C\",\"shape\":[31,7001,10001],\"zarr_format\":2}","chl_gsm\/.zattrs":"{\"_ARRAY_DIMENSIONS\":[\"time\",\"latitude\",\"longitude\"],\"flag_applied\":\"HISATZEN LAND CLDICE NAVFAIL\",\"long_name\":\"Chlorophyll Concentration, GSM model\",\"units\":\"mg\\\/m^3\"}","time\/.zarray":"{\"chunks\":[31],\"compressor\":{\"blocksize\":0,\"clevel\":5,\"cname\":\"lz4\",\"id\":\"blosc\",\"shuffle\":1},\"dtype\":\"<M8[us]\",\"fill_value\":0,\"filters\":null,\"order\":\"C\",\"shape\":[31],\"zarr_format\":2}","time\/0":"base64:AgExCPgAAAD4AAAArwAAABQAAACXAAAAHwABAAv7AYbmRqYGZsYmhuZGpgZmxiYQAPNUC+K6kWlAF+\/GnXVMJPvSqoFYMAffto1lPBPrwppxSE9siqjG5AIfPVt5l7XS8A4sSmiGo8Hf\/Rs5VnSSsM77DyM3S190iJywxNjsABQpPVFleY2htcne8gYaLkJWpqenp6enBQAYqAEAEKkBAB8EAQALD9gAB1AAAAAAAA==","time\/.zattrs":"{\"NAME\":\"time\",\"_ARRAY_DIMENSIONS\":[\"time\"],\"_Netcdf4Dimid\":0,\"axis\":\"T\",\"long_name\":\"time\",\"standard_name\":\"time\"}","chl_gsm\/0.0.0":["{{a}}",151217,289199],"chl_gsm\/0.0.1":["{{a}}",440416,601706],"chl_gsm\/0.0.2":["{{a}}",1042122,1218464],"chl_gsm\/0.0.3":["{{a}}",2260586,602618],"chl_gsm\/0.0.4":["{{a}}",2863204,4485442],"chl_gsm\/0.1.0":["{{a}}",7348646,873672],"chl_gsm\/0.1.1":["{{a}}",8222318,3039641],"chl_gsm\/0.1.2":["{{a}}",11261959,2410707],"chl_gsm\/0.1.3":["{{a}}",13672666,1585906],"chl_gsm\/0.1.4":["{{a}}",15258572,1208295],"chl_gsm\/0.2.0":["{{a}}",16466867,1469579],"chl_gsm\/0.2.1":["{{a}}",17936446,2512185],"chl_gsm\/0.2.2":["{{a}}",20448631,103756],"chl_gsm\/0.2.3":["{{a}}",20552387,2101041],"chl_gsm\/0.2.4":["{{a}}",22653428,213581],"chl_gsm\/0.3.0":["{{a}}",22867009,706788],"chl_gsm\/0.3.1":["{{a}}",23573797,1688382],"chl_gsm\/0.3.2":["{{a}}",25262179,2030487],"chl_gsm\/0.3.3":["{{a}}",27292666,2181784],"chl_gsm\/0.3.4":["{{a}}",29474450,437511],"chl_gsm\/0.4.0":["{{a}}",29911961,108195],"chl_gsm\/0.4.1":["{{a}}",30020156,168705],"chl_gsm\/0.4.2":["{{a}}",30188861,214998],"chl_gsm\/0.4.3":["{{a}}",30403859,75103],"chl_gsm\/0.4.4":["{{a}}",30478962,253504],"chl_gsm\/1.0.0":["{{b}}",151217,398415],"chl_gsm\/1.0.1":["{{b}}",549632,1856886],"chl_gsm\/1.0.2":["{{b}}",2406518,405878],"chl_gsm\/1.0.3":["{{b}}",2812396,1160653],"chl_gsm\/1.0.4":["{{b}}",3973049,1619731],"chl_gsm\/1.1.0":["{{b}}",5592780,377515],"chl_gsm\/1.1.1":["{{b}}",5970295,4079039],"chl_gsm\/1.1.2":["{{b}}",10049334,2050535],"chl_gsm\/1.1.3":["{{b}}",12099869,1108514],"chl_gsm\/1.1.4":["{{b}}",13208383,1764913],"chl_gsm\/1.2.0":["{{b}}",14973296,4631340],"chl_gsm\/1.2.1":["{{b}}",19604636,2461254],"chl_gsm\/1.2.2":["{{b}}",22065890,118200],"chl_gsm\/1.2.3":["{{b}}",22184090,1462446],"chl_gsm\/1.2.4":["{{b}}",23646536,2743466],"chl_gsm\/1.3.0":["{{b}}",26390002,1537299],"chl_gsm\/1.3.1":["{{b}}",27927301,592816],"chl_gsm\/1.3.2":["{{b}}",28520117,1861324],"chl_gsm\/1.3.3":["{{b}}",30381441,1080276],"chl_gsm\/1.3.4":["{{b}}",31461717,2249667],"chl_gsm\/1.4.0":["{{b}}",33711384,119191],"chl_gsm\/1.4.1":["{{b}}",33830575,65530],"chl_gsm\/1.4.2":["{{b}}",33896105,420659],"chl_gsm\/1.4.3":["{{b}}",34316764,374909],"chl_gsm\/1.4.4":["{{b}}",34691673,220857],"chl_gsm\/2.0.0":["{{c}}",151217,221338],"chl_gsm\/2.0.1":["{{c}}",372555,715413],"chl_gsm\/2.0.2":["{{c}}",1087968,828575],"chl_gsm\/2.0.3":["{{c}}",1916543,710613],"chl_gsm\/2.0.4":["{{c}}",2627156,2533625],"chl_gsm\/2.1.0":["{{c}}",5160781,408916],"chl_gsm\/2.1.1":["{{c}}",5569697,1816461],"chl_gsm\/2.1.2":["{{c}}",7386158,3080370],"chl_gsm\/2.1.3":["{{c}}",10466528,2033569],"chl_gsm\/2.1.4":["{{c}}",12500097,3189399],"chl_gsm\/2.2.0":["{{c}}",15689496,1172968],"chl_gsm\/2.2.1":["{{c}}",16862464,2690729],"chl_gsm\/2.2.2":["{{c}}",19553193,145957],"chl_gsm\/2.2.3":["{{c}}",19699150,2267481],"chl_gsm\/2.2.4":["{{c}}",21966631,935927],"chl_gsm\/2.3.0":["{{c}}",22902558,291159],"chl_gsm\/2.3.1":["{{c}}",23193717,519243],"chl_gsm\/2.3.2":["{{c}}",23712960,1482143],"chl_gsm\/2.3.3":["{{c}}",25195103,2284595],"chl_gsm\/2.3.4":["{{c}}",27479698,1119983],"chl_gsm\/2.4.0":["{{c}}",28599681,44173],"chl_gsm\/2.4.1":["{{c}}",28643854,40514],"chl_gsm\/2.4.2":["{{c}}",28684368,209678],"chl_gsm\/2.4.3":["{{c}}",28894046,40079],"chl_gsm\/2.4.4":["{{c}}",28934125,73863],"chl_gsm\/3.0.0":["{{d}}",151217,1235598],"chl_gsm\/3.0.1":["{{d}}",1386815,733935],"chl_gsm\/3.0.2":["{{d}}",2120750,569263],"chl_gsm\/3.0.3":["{{d}}",2690013,818785],"chl_gsm\/3.0.4":["{{d}}",3508798,1373035],"chl_gsm\/3.1.0":["{{d}}",4881833,2060468],"chl_gsm\/3.1.1":["{{d}}",6942301,3244346],"chl_gsm\/3.1.2":["{{d}}",10186647,1793919],"chl_gsm\/3.1.3":["{{d}}",11980566,828293],"chl_gsm\/3.1.4":["{{d}}",12808859,3441633],"chl_gsm\/3.2.0":["{{d}}",16250492,3748580],"chl_gsm\/3.2.1":["{{d}}",19999072,1001054],"chl_gsm\/3.2.2":["{{d}}",21000126,44999],"chl_gsm\/3.2.3":["{{d}}",21045125,922256],"chl_gsm\/3.2.4":["{{d}}",21967381,4639913],"chl_gsm\/3.3.0":["{{d}}",26607294,403893],"chl_gsm\/3.3.1":["{{d}}",27011187,603237],"chl_gsm\/3.3.2":["{{d}}",27614424,502164],"chl_gsm\/3.3.3":["{{d}}",28116588,1612404],"chl_gsm\/3.3.4":["{{d}}",29728992,2856985],"chl_gsm\/3.4.0":["{{d}}",32585977,566544],"chl_gsm\/3.4.1":["{{d}}",33152521,48922],"chl_gsm\/3.4.2":["{{d}}",33201443,70777],"chl_gsm\/3.4.3":["{{d}}",33272220,277382],"chl_gsm\/3.4.4":["{{d}}",33549602,25247],"chl_gsm\/4.0.0":["{{e}}",151217,916563],"chl_gsm\/4.0.1":["{{e}}",1067780,770454],"chl_gsm\/4.0.2":["{{e}}",1838234,518316],"chl_gsm\/4.0.3":["{{e}}",2356550,531242],"chl_gsm\/4.0.4":["{{e}}",2887792,18517],"chl_gsm\/4.1.0":["{{e}}",2906309,832579],"chl_gsm\/4.1.1":["{{e}}",3738888,2595076],"chl_gsm\/4.1.2":["{{e}}",6333964,2390097],"chl_gsm\/4.1.3":["{{e}}",8724061,687813],"chl_gsm\/4.1.4":["{{e}}",9411874,278988],"chl_gsm\/4.2.0":["{{e}}",9690862,384134],"chl_gsm\/4.2.1":["{{e}}",10074996,3910166],"chl_gsm\/4.2.2":["{{e}}",13985162,77279],"chl_gsm\/4.2.3":["{{e}}",14062441,3035239],"chl_gsm\/4.2.4":["{{e}}",17097680,1643276],"chl_gsm\/4.3.0":["{{e}}",18740956,29270],"chl_gsm\/4.3.1":["{{e}}",18770226,1924265],"chl_gsm\/4.3.2":["{{e}}",20694491,1072270],"chl_gsm\/4.3.3":["{{e}}",21766761,1031516],"chl_gsm\/4.3.4":["{{e}}",22798277,1010292],"chl_gsm\/4.4.0":["{{e}}",23808569,10921],"chl_gsm\/4.4.1":["{{e}}",23819490,767883],"chl_gsm\/4.4.2":["{{e}}",24587373,146894],"chl_gsm\/4.4.3":["{{e}}",24734267,449172],"chl_gsm\/4.4.4":["{{e}}",25183439,106579],"chl_gsm\/5.0.0":["{{f}}",151217,3414073],"chl_gsm\/5.0.1":["{{f}}",3565290,977859],"chl_gsm\/5.0.2":["{{f}}",4543149,560097],"chl_gsm\/5.0.3":["{{f}}",5103246,653251],"chl_gsm\/5.0.4":["{{f}}",5756497,1527251],"chl_gsm\/5.1.0":["{{f}}",7283748,572658],"chl_gsm\/5.1.1":["{{f}}",7856406,2978698],"chl_gsm\/5.1.2":["{{f}}",10835104,2105107],"chl_gsm\/5.1.3":["{{f}}",12940211,621214],"chl_gsm\/5.1.4":["{{f}}",13561425,2545011],"chl_gsm\/5.2.0":["{{f}}",16106436,1237744],"chl_gsm\/5.2.1":["{{f}}",17344180,1460388],"chl_gsm\/5.2.2":["{{f}}",18804568,96340],"chl_gsm\/5.2.3":["{{f}}",18900908,1313874],"chl_gsm\/5.2.4":["{{f}}",20214782,5003292],"chl_gsm\/5.3.0":["{{f}}",25218074,389223],"chl_gsm\/5.3.1":["{{f}}",25607297,1576377],"chl_gsm\/5.3.2":["{{f}}",27183674,1183191],"chl_gsm\/5.3.3":["{{f}}",28366865,826273],"chl_gsm\/5.3.4":["{{f}}",29193138,828984],"chl_gsm\/5.4.0":["{{f}}",30022122,29786],"chl_gsm\/5.4.1":["{{f}}",30051908,471893],"chl_gsm\/5.4.2":["{{f}}",30523801,627275],"chl_gsm\/5.4.3":["{{f}}",31151076,628756],"chl_gsm\/5.4.4":["{{f}}",31779832,63362],"chl_gsm\/6.0.0":["{{g}}",151217,138360],"chl_gsm\/6.0.1":["{{g}}",289577,662279],"chl_gsm\/6.0.2":["{{g}}",951856,1470758],"chl_gsm\/6.0.3":["{{g}}",2422614,688388],"chl_gsm\/6.0.4":["{{g}}",3111002,273970],"chl_gsm\/6.1.0":["{{g}}",3384972,146159],"chl_gsm\/6.1.1":["{{g}}",3531131,3035955],"chl_gsm\/6.1.2":["{{g}}",6567086,2029457],"chl_gsm\/6.1.3":["{{g}}",8596543,722247],"chl_gsm\/6.1.4":["{{g}}",9318790,811459],"chl_gsm\/6.2.0":["{{g}}",10130249,30222],"chl_gsm\/6.2.1":["{{g}}",10160471,3299372],"chl_gsm\/6.2.2":["{{g}}",13459843,30023],"chl_gsm\/6.2.3":["{{g}}",13489866,2933176],"chl_gsm\/6.2.4":["{{g}}",16423042,2572653],"chl_gsm\/6.3.0":["{{g}}",18995695,10921],"chl_gsm\/6.3.1":["{{g}}",19006616,2109485],"chl_gsm\/6.3.2":["{{g}}",21116101,943736],"chl_gsm\/6.3.3":["{{g}}",22059837,542737],"chl_gsm\/6.3.4":["{{g}}",22602574,783530],"chl_gsm\/6.4.0":["{{g}}",23386104,10921],"chl_gsm\/6.4.1":["{{g}}",23397025,328773],"chl_gsm\/6.4.2":["{{g}}",23725798,105842],"chl_gsm\/6.4.3":["{{g}}",23831640,127931],"chl_gsm\/6.4.4":["{{g}}",23959571,668125],"chl_gsm\/7.0.0":["{{h}}",151217,3391298],"chl_gsm\/7.0.1":["{{h}}",3542515,785179],"chl_gsm\/7.0.2":["{{h}}",4327694,699120],"chl_gsm\/7.0.3":["{{h}}",5026814,450948],"chl_gsm\/7.0.4":["{{h}}",5477762,2945534],"chl_gsm\/7.1.0":["{{h}}",8423296,2391232],"chl_gsm\/7.1.1":["{{h}}",10814528,2393667],"chl_gsm\/7.1.2":["{{h}}",13208195,2292793],"chl_gsm\/7.1.3":["{{h}}",15500988,1059667],"chl_gsm\/7.1.4":["{{h}}",16560655,3967462],"chl_gsm\/7.2.0":["{{h}}",20528117,2871657],"chl_gsm\/7.2.1":["{{h}}",23399774,2678869],"chl_gsm\/7.2.2":["{{h}}",26078643,132272],"chl_gsm\/7.2.3":["{{h}}",26210915,1914222],"chl_gsm\/7.2.4":["{{h}}",28125137,3637084],"chl_gsm\/7.3.0":["{{h}}",31762221,458334],"chl_gsm\/7.3.1":["{{h}}",32220555,2055544],"chl_gsm\/7.3.2":["{{h}}",34276099,2922948],"chl_gsm\/7.3.3":["{{h}}",37199047,1495129],"chl_gsm\/7.3.4":["{{h}}",38694176,138067],"chl_gsm\/7.4.0":["{{h}}",38832243,83688],"chl_gsm\/7.4.1":["{{h}}",38915931,198715],"chl_gsm\/7.4.2":["{{h}}",39114646,446048],"chl_gsm\/7.4.3":["{{h}}",39560694,697808],"chl_gsm\/7.4.4":["{{h}}",40258502,284457],"chl_gsm\/8.0.0":["{{i}}",151217,139408],"chl_gsm\/8.0.1":["{{i}}",290625,1716276],"chl_gsm\/8.0.2":["{{i}}",2006901,798163],"chl_gsm\/8.0.3":["{{i}}",2805064,2121505],"chl_gsm\/8.0.4":["{{i}}",4926569,1398511],"chl_gsm\/8.1.0":["{{i}}",6325080,1990168],"chl_gsm\/8.1.1":["{{i}}",8315248,3546228],"chl_gsm\/8.1.2":["{{i}}",11861476,2174913],"chl_gsm\/8.1.3":["{{i}}",14036389,1560939],"chl_gsm\/8.1.4":["{{i}}",15597328,1373737],"chl_gsm\/8.2.0":["{{i}}",16971065,4911829],"chl_gsm\/8.2.1":["{{i}}",21882894,1884145],"chl_gsm\/8.2.2":["{{i}}",23767039,45655],"chl_gsm\/8.2.3":["{{i}}",23812694,2082889],"chl_gsm\/8.2.4":["{{i}}",25895583,3406452],"chl_gsm\/8.3.0":["{{i}}",29302035,1052930],"chl_gsm\/8.3.1":["{{i}}",30354965,2249622],"chl_gsm\/8.3.2":["{{i}}",32604587,1708676],"chl_gsm\/8.3.3":["{{i}}",34313263,731542],"chl_gsm\/8.3.4":["{{i}}",35044805,1687316],"chl_gsm\/8.4.0":["{{i}}",36732121,55594],"chl_gsm\/8.4.1":["{{i}}",36787715,183682],"chl_gsm\/8.4.2":["{{i}}",36971397,70095],"chl_gsm\/8.4.3":["{{i}}",37041492,423140],"chl_gsm\/8.4.4":["{{i}}",37464632,623806],"chl_gsm\/9.0.0":["{{j}}",151217,538520],"chl_gsm\/9.0.1":["{{j}}",689737,609818],"chl_gsm\/9.0.2":["{{j}}",1299555,1568648],"chl_gsm\/9.0.3":["{{j}}",2868203,2769155],"chl_gsm\/9.0.4":["{{j}}",5637358,3105888],"chl_gsm\/9.1.0":["{{j}}",8743246,1631445],"chl_gsm\/9.1.1":["{{j}}",10374691,2362243],"chl_gsm\/9.1.2":["{{j}}",12736934,2465307],"chl_gsm\/9.1.3":["{{j}}",15202241,2222760],"chl_gsm\/9.1.4":["{{j}}",17425001,4182827],"chl_gsm\/9.2.0":["{{j}}",21607828,2210510],"chl_gsm\/9.2.1":["{{j}}",23818338,3009973],"chl_gsm\/9.2.2":["{{j}}",26828311,90492],"chl_gsm\/9.2.3":["{{j}}",26918803,3066815],"chl_gsm\/9.2.4":["{{j}}",29985618,1649378],"chl_gsm\/9.3.0":["{{j}}",31634996,395613],"chl_gsm\/9.3.1":["{{j}}",32030609,2317185],"chl_gsm\/9.3.2":["{{j}}",34347794,1660202],"chl_gsm\/9.3.3":["{{j}}",36007996,1227436],"chl_gsm\/9.3.4":["{{j}}",37235432,410552],"chl_gsm\/9.4.0":["{{j}}",37645984,10962],"chl_gsm\/9.4.1":["{{j}}",37656946,118666],"chl_gsm\/9.4.2":["{{j}}",37775612,247886],"chl_gsm\/9.4.3":["{{j}}",38023498,313911],"chl_gsm\/9.4.4":["{{j}}",38337409,269447],"chl_gsm\/10.0.0":["{{k}}",151217,69438],"chl_gsm\/10.0.1":["{{k}}",220655,1530858],"chl_gsm\/10.0.2":["{{k}}",1751513,2214467],"chl_gsm\/10.0.3":["{{k}}",3965980,2906866],"chl_gsm\/10.0.4":["{{k}}",6872846,2305127],"chl_gsm\/10.1.0":["{{k}}",9177973,2632824],"chl_gsm\/10.1.1":["{{k}}",11810797,3183038],"chl_gsm\/10.1.2":["{{k}}",14993835,2001498],"chl_gsm\/10.1.3":["{{k}}",16995333,1820013],"chl_gsm\/10.1.4":["{{k}}",18815346,3406651],"chl_gsm\/10.2.0":["{{k}}",22221997,4115428],"chl_gsm\/10.2.1":["{{k}}",26337425,1762739],"chl_gsm\/10.2.2":["{{k}}",28100164,56047],"chl_gsm\/10.2.3":["{{k}}",28156211,827259],"chl_gsm\/10.2.4":["{{k}}",28983470,3575554],"chl_gsm\/10.3.0":["{{k}}",32559024,330250],"chl_gsm\/10.3.1":["{{k}}",32889274,1341772],"chl_gsm\/10.3.2":["{{k}}",34231046,698935],"chl_gsm\/10.3.3":["{{k}}",34929981,406810],"chl_gsm\/10.3.4":["{{k}}",35336791,1778083],"chl_gsm\/10.4.0":["{{k}}",37114874,152707],"chl_gsm\/10.4.1":["{{k}}",37267581,1083239],"chl_gsm\/10.4.2":["{{k}}",38350820,120820],"chl_gsm\/10.4.3":["{{k}}",38471640,380082],"chl_gsm\/10.4.4":["{{k}}",38851722,760200],"chl_gsm\/11.0.0":["{{l}}",151217,169483],"chl_gsm\/11.0.1":["{{l}}",320700,1045682],"chl_gsm\/11.0.2":["{{l}}",1366382,3073350],"chl_gsm\/11.0.3":["{{l}}",4439732,4836437],"chl_gsm\/11.0.4":["{{l}}",9276169,10921],"chl_gsm\/11.1.0":["{{l}}",9287090,759751],"chl_gsm\/11.1.1":["{{l}}",10046841,2473439],"chl_gsm\/11.1.2":["{{l}}",12520280,2610006],"chl_gsm\/11.1.3":["{{l}}",15130286,2984309],"chl_gsm\/11.1.4":["{{l}}",18114595,69432],"chl_gsm\/11.2.0":["{{l}}",18184027,888403],"chl_gsm\/11.2.1":["{{l}}",19072430,4239643],"chl_gsm\/11.2.2":["{{l}}",23312073,10921],"chl_gsm\/11.2.3":["{{l}}",23322994,2576925],"chl_gsm\/11.2.4":["{{l}}",25899919,1428599],"chl_gsm\/11.3.0":["{{l}}",27328518,150900],"chl_gsm\/11.3.1":["{{l}}",27479418,874653],"chl_gsm\/11.3.2":["{{l}}",28354071,600405],"chl_gsm\/11.3.3":["{{l}}",28954476,1304778],"chl_gsm\/11.3.4":["{{l}}",30259254,1176768],"chl_gsm\/11.4.0":["{{l}}",31436022,10921],"chl_gsm\/11.4.1":["{{l}}",31446943,10921],"chl_gsm\/11.4.2":["{{l}}",31457864,592706],"chl_gsm\/11.4.3":["{{l}}",32050570,510971],"chl_gsm\/11.4.4":["{{l}}",32561541,526123],"chl_gsm\/12.0.0":["{{m}}",151217,457961],"chl_gsm\/12.0.1":["{{m}}",609178,1040509],"chl_gsm\/12.0.2":["{{m}}",1649687,2701801],"chl_gsm\/12.0.3":["{{m}}",4351488,3197014],"chl_gsm\/12.0.4":["{{m}}",7548502,2719697],"chl_gsm\/12.1.0":["{{m}}",10268199,2338529],"chl_gsm\/12.1.1":["{{m}}",12606728,3697530],"chl_gsm\/12.1.2":["{{m}}",16304258,1783878],"chl_gsm\/12.1.3":["{{m}}",18088136,1646931],"chl_gsm\/12.1.4":["{{m}}",19735067,2861046],"chl_gsm\/12.2.0":["{{m}}",22596113,4024718],"chl_gsm\/12.2.1":["{{m}}",26620831,3015150],"chl_gsm\/12.2.2":["{{m}}",29635981,72255],"chl_gsm\/12.2.3":["{{m}}",29708236,595079],"chl_gsm\/12.2.4":["{{m}}",30303315,5437438],"chl_gsm\/12.3.0":["{{m}}",35740753,919772],"chl_gsm\/12.3.1":["{{m}}",36660525,1537182],"chl_gsm\/12.3.2":["{{m}}",38197707,1206889],"chl_gsm\/12.3.3":["{{m}}",39404596,1010989],"chl_gsm\/12.3.4":["{{m}}",40415585,1642479],"chl_gsm\/12.4.0":["{{m}}",42058064,31917],"chl_gsm\/12.4.1":["{{m}}",42089981,115732],"chl_gsm\/12.4.2":["{{m}}",42205713,69697],"chl_gsm\/12.4.3":["{{m}}",42275410,462685],"chl_gsm\/12.4.4":["{{m}}",42738095,46552],"chl_gsm\/13.0.0":["{{n}}",151217,335091],"chl_gsm\/13.0.1":["{{n}}",486308,707487],"chl_gsm\/13.0.2":["{{n}}",1193795,3130241],"chl_gsm\/13.0.3":["{{n}}",4324036,1660541],"chl_gsm\/13.0.4":["{{n}}",5984577,50580],"chl_gsm\/13.1.0":["{{n}}",6035157,509754],"chl_gsm\/13.1.1":["{{n}}",6544911,3854312],"chl_gsm\/13.1.2":["{{n}}",10399223,3047363],"chl_gsm\/13.1.3":["{{n}}",13446586,1588705],"chl_gsm\/13.1.4":["{{n}}",15035291,291520],"chl_gsm\/13.2.0":["{{n}}",15326811,204974],"chl_gsm\/13.2.1":["{{n}}",15531785,3777740],"chl_gsm\/13.2.2":["{{n}}",19309525,36904],"chl_gsm\/13.2.3":["{{n}}",19346429,1633557],"chl_gsm\/13.2.4":["{{n}}",20979986,1891432],"chl_gsm\/13.3.0":["{{n}}",22871418,10921],"chl_gsm\/13.3.1":["{{n}}",22882339,1389201],"chl_gsm\/13.3.2":["{{n}}",24271540,1795534],"chl_gsm\/13.3.3":["{{n}}",26067074,1658055],"chl_gsm\/13.3.4":["{{n}}",27725129,1789928],"chl_gsm\/13.4.0":["{{n}}",29515057,10921],"chl_gsm\/13.4.1":["{{n}}",29525978,499605],"chl_gsm\/13.4.2":["{{n}}",30025583,39860],"chl_gsm\/13.4.3":["{{n}}",30065443,63353],"chl_gsm\/13.4.4":["{{n}}",30128796,654055],"chl_gsm\/14.0.0":["{{o}}",151217,774543],"chl_gsm\/14.0.1":["{{o}}",925760,1156399],"chl_gsm\/14.0.2":["{{o}}",2082159,2043324],"chl_gsm\/14.0.3":["{{o}}",4125483,733620],"chl_gsm\/14.0.4":["{{o}}",4859103,2329148],"chl_gsm\/14.1.0":["{{o}}",7188251,142597],"chl_gsm\/14.1.1":["{{o}}",7330848,2713824],"chl_gsm\/14.1.2":["{{o}}",10044672,2758965],"chl_gsm\/14.1.3":["{{o}}",12803637,332149],"chl_gsm\/14.1.4":["{{o}}",13135786,3144199],"chl_gsm\/14.2.0":["{{o}}",16279985,1823435],"chl_gsm\/14.2.1":["{{o}}",18103420,2186891],"chl_gsm\/14.2.2":["{{o}}",20290311,109699],"chl_gsm\/14.2.3":["{{o}}",20400010,296153],"chl_gsm\/14.2.4":["{{o}}",20696163,3785324],"chl_gsm\/14.3.0":["{{o}}",24481487,1013863],"chl_gsm\/14.3.1":["{{o}}",25495350,2386309],"chl_gsm\/14.3.2":["{{o}}",27881659,2159172],"chl_gsm\/14.3.3":["{{o}}",30040831,1687881],"chl_gsm\/14.3.4":["{{o}}",31728712,709188],"chl_gsm\/14.4.0":["{{o}}",32437900,13241],"chl_gsm\/14.4.1":["{{o}}",32451141,1144971],"chl_gsm\/14.4.2":["{{o}}",33596112,159061],"chl_gsm\/14.4.3":["{{o}}",33755173,95572],"chl_gsm\/14.4.4":["{{o}}",33850745,24516],"chl_gsm\/15.0.0":["{{p}}",151217,12236],"chl_gsm\/15.0.1":["{{p}}",163453,1082373],"chl_gsm\/15.0.2":["{{p}}",1245826,1240371],"chl_gsm\/15.0.3":["{{p}}",2486197,1066866],"chl_gsm\/15.0.4":["{{p}}",3553063,418732],"chl_gsm\/15.1.0":["{{p}}",3971795,67909],"chl_gsm\/15.1.1":["{{p}}",4039704,5118061],"chl_gsm\/15.1.2":["{{p}}",9157765,2378402],"chl_gsm\/15.1.3":["{{p}}",11536167,1322546],"chl_gsm\/15.1.4":["{{p}}",12858713,387448],"chl_gsm\/15.2.0":["{{p}}",13246161,10921],"chl_gsm\/15.2.1":["{{p}}",13257082,3037351],"chl_gsm\/15.2.2":["{{p}}",16294433,36760],"chl_gsm\/15.2.3":["{{p}}",16331193,348413],"chl_gsm\/15.2.4":["{{p}}",16679606,311303],"chl_gsm\/15.3.0":["{{p}}",16990909,2218627],"chl_gsm\/15.3.1":["{{p}}",19209536,3121203],"chl_gsm\/15.3.2":["{{p}}",22330739,1769388],"chl_gsm\/15.3.3":["{{p}}",24100127,1221257],"chl_gsm\/15.3.4":["{{p}}",25321384,1566207],"chl_gsm\/15.4.0":["{{p}}",26887591,519425],"chl_gsm\/15.4.1":["{{p}}",27407016,233830],"chl_gsm\/15.4.2":["{{p}}",27640846,195927],"chl_gsm\/15.4.3":["{{p}}",27836773,66819],"chl_gsm\/15.4.4":["{{p}}",27903592,54278],"chl_gsm\/16.0.0":["{{q}}",151217,4159587],"chl_gsm\/16.0.1":["{{q}}",4310804,1075628],"chl_gsm\/16.0.2":["{{q}}",5386432,873105],"chl_gsm\/16.0.3":["{{q}}",6259537,941838],"chl_gsm\/16.0.4":["{{q}}",7201375,1549554],"chl_gsm\/16.1.0":["{{q}}",8750929,1991406],"chl_gsm\/16.1.1":["{{q}}",10742335,3373851],"chl_gsm\/16.1.2":["{{q}}",14116186,2797419],"chl_gsm\/16.1.3":["{{q}}",16913605,1499801],"chl_gsm\/16.1.4":["{{q}}",18413406,1360017],"chl_gsm\/16.2.0":["{{q}}",19773423,2277155],"chl_gsm\/16.2.1":["{{q}}",22050578,3128132],"chl_gsm\/16.2.2":["{{q}}",25178710,145430],"chl_gsm\/16.2.3":["{{q}}",25324140,1326095],"chl_gsm\/16.2.4":["{{q}}",26650235,604171],"chl_gsm\/16.3.0":["{{q}}",27254406,836961],"chl_gsm\/16.3.1":["{{q}}",28091367,3175410],"chl_gsm\/16.3.2":["{{q}}",31266777,3900270],"chl_gsm\/16.3.3":["{{q}}",35167047,1239348],"chl_gsm\/16.3.4":["{{q}}",36406395,368468],"chl_gsm\/16.4.0":["{{q}}",36774863,13244],"chl_gsm\/16.4.1":["{{q}}",36788107,1266327],"chl_gsm\/16.4.2":["{{q}}",38054434,782688],"chl_gsm\/16.4.3":["{{q}}",38837122,317788],"chl_gsm\/16.4.4":["{{q}}",39154910,112173],"chl_gsm\/17.0.0":["{{r}}",151217,2876570],"chl_gsm\/17.0.1":["{{r}}",3027787,1789511],"chl_gsm\/17.0.2":["{{r}}",4817298,199668],"chl_gsm\/17.0.3":["{{r}}",5016966,1015630],"chl_gsm\/17.0.4":["{{r}}",6032596,263034],"chl_gsm\/17.1.0":["{{r}}",6295630,2073266],"chl_gsm\/17.1.1":["{{r}}",8368896,4284546],"chl_gsm\/17.1.2":["{{r}}",12653442,2173071],"chl_gsm\/17.1.3":["{{r}}",14826513,1129538],"chl_gsm\/17.1.4":["{{r}}",15956051,1862781],"chl_gsm\/17.2.0":["{{r}}",17818832,4933137],"chl_gsm\/17.2.1":["{{r}}",22751969,3520648],"chl_gsm\/17.2.2":["{{r}}",26272617,103001],"chl_gsm\/17.2.3":["{{r}}",26375618,848853],"chl_gsm\/17.2.4":["{{r}}",27224471,3027876],"chl_gsm\/17.3.0":["{{r}}",30252347,1945271],"chl_gsm\/17.3.1":["{{r}}",32197618,2546914],"chl_gsm\/17.3.2":["{{r}}",34744532,2873119],"chl_gsm\/17.3.3":["{{r}}",37617651,724936],"chl_gsm\/17.3.4":["{{r}}",38342587,2690489],"chl_gsm\/17.4.0":["{{r}}",41033076,285474],"chl_gsm\/17.4.1":["{{r}}",41318550,212523],"chl_gsm\/17.4.2":["{{r}}",41531073,2283785],"chl_gsm\/17.4.3":["{{r}}",43814858,386547],"chl_gsm\/17.4.4":["{{r}}",44201405,654413],"chl_gsm\/18.0.0":["{{s}}",151217,1709550],"chl_gsm\/18.0.1":["{{s}}",1860767,1029340],"chl_gsm\/18.0.2":["{{s}}",2890107,206833],"chl_gsm\/18.0.3":["{{s}}",3096940,548121],"chl_gsm\/18.0.4":["{{s}}",3645061,802280],"chl_gsm\/18.1.0":["{{s}}",4447341,2247991],"chl_gsm\/18.1.1":["{{s}}",6695332,2523285],"chl_gsm\/18.1.2":["{{s}}",9218617,1417022],"chl_gsm\/18.1.3":["{{s}}",10635639,2371564],"chl_gsm\/18.1.4":["{{s}}",13007203,3616600],"chl_gsm\/18.2.0":["{{s}}",16623803,1226882],"chl_gsm\/18.2.1":["{{s}}",17850685,3858253],"chl_gsm\/18.2.2":["{{s}}",21708938,102547],"chl_gsm\/18.2.3":["{{s}}",21811485,3140958],"chl_gsm\/18.2.4":["{{s}}",24952443,146125],"chl_gsm\/18.3.0":["{{s}}",25098568,204625],"chl_gsm\/18.3.1":["{{s}}",25303193,2700083],"chl_gsm\/18.3.2":["{{s}}",28003276,1961832],"chl_gsm\/18.3.3":["{{s}}",29965108,807552],"chl_gsm\/18.3.4":["{{s}}",30772660,462985],"chl_gsm\/18.4.0":["{{s}}",31235645,10921],"chl_gsm\/18.4.1":["{{s}}",31246566,391983],"chl_gsm\/18.4.2":["{{s}}",31638549,961803],"chl_gsm\/18.4.3":["{{s}}",32600352,950504],"chl_gsm\/18.4.4":["{{s}}",33550856,83502],"chl_gsm\/19.0.0":["{{t}}",151217,2341338],"chl_gsm\/19.0.1":["{{t}}",2492555,2306284],"chl_gsm\/19.0.2":["{{t}}",4798839,392040],"chl_gsm\/19.0.3":["{{t}}",5190879,217849],"chl_gsm\/19.0.4":["{{t}}",5408728,316584],"chl_gsm\/19.1.0":["{{t}}",5725312,3928955],"chl_gsm\/19.1.1":["{{t}}",9654267,3939135],"chl_gsm\/19.1.2":["{{t}}",13593402,2054735],"chl_gsm\/19.1.3":["{{t}}",15648137,1131825],"chl_gsm\/19.1.4":["{{t}}",16779962,3141172],"chl_gsm\/19.2.0":["{{t}}",19921134,4142701],"chl_gsm\/19.2.1":["{{t}}",24063835,2543529],"chl_gsm\/19.2.2":["{{t}}",26607364,121617],"chl_gsm\/19.2.3":["{{t}}",26728981,912327],"chl_gsm\/19.2.4":["{{t}}",27641308,3401887],"chl_gsm\/19.3.0":["{{t}}",31043195,887652],"chl_gsm\/19.3.1":["{{t}}",31930847,2400215],"chl_gsm\/19.3.2":["{{t}}",34331062,1337763],"chl_gsm\/19.3.3":["{{t}}",35668825,855177],"chl_gsm\/19.3.4":["{{t}}",36524002,1190067],"chl_gsm\/19.4.0":["{{t}}",37714069,125996],"chl_gsm\/19.4.1":["{{t}}",37840065,375225],"chl_gsm\/19.4.2":["{{t}}",38215290,151675],"chl_gsm\/19.4.3":["{{t}}",38366965,1357299],"chl_gsm\/19.4.4":["{{t}}",39724264,64934],"chl_gsm\/20.0.0":["{{u}}",151217,1089402],"chl_gsm\/20.0.1":["{{u}}",1240619,1359652],"chl_gsm\/20.0.2":["{{u}}",2600271,309329],"chl_gsm\/20.0.3":["{{u}}",2909600,245879],"chl_gsm\/20.0.4":["{{u}}",3155479,10921],"chl_gsm\/20.1.0":["{{u}}",3166400,1289017],"chl_gsm\/20.1.1":["{{u}}",4455417,2606721],"chl_gsm\/20.1.2":["{{u}}",7062138,3141867],"chl_gsm\/20.1.3":["{{u}}",10204005,1531502],"chl_gsm\/20.1.4":["{{u}}",11735507,109676],"chl_gsm\/20.2.0":["{{u}}",11845183,605144],"chl_gsm\/20.2.1":["{{u}}",12450327,3229683],"chl_gsm\/20.2.2":["{{u}}",15680010,58189],"chl_gsm\/20.2.3":["{{u}}",15738199,2766827],"chl_gsm\/20.2.4":["{{u}}",18505026,1420091],"chl_gsm\/20.3.0":["{{u}}",19925117,57541],"chl_gsm\/20.3.1":["{{u}}",19982658,3357607],"chl_gsm\/20.3.2":["{{u}}",23340265,1613410],"chl_gsm\/20.3.3":["{{u}}",24953675,1026675],"chl_gsm\/20.3.4":["{{u}}",25980350,998523],"chl_gsm\/20.4.0":["{{u}}",26978873,10921],"chl_gsm\/20.4.1":["{{u}}",26989794,362260],"chl_gsm\/20.4.2":["{{u}}",27352054,779664],"chl_gsm\/20.4.3":["{{u}}",28131718,171256],"chl_gsm\/20.4.4":["{{u}}",28302974,625628],"chl_gsm\/21.0.0":["{{v}}",151217,1850885],"chl_gsm\/21.0.1":["{{v}}",2002102,448622],"chl_gsm\/21.0.2":["{{v}}",2450724,201913],"chl_gsm\/21.0.3":["{{v}}",2652637,315056],"chl_gsm\/21.0.4":["{{v}}",2967693,567564],"chl_gsm\/21.1.0":["{{v}}",3535257,1608491],"chl_gsm\/21.1.1":["{{v}}",5143748,3280762],"chl_gsm\/21.1.2":["{{v}}",8424510,2413530],"chl_gsm\/21.1.3":["{{v}}",10838040,1707687],"chl_gsm\/21.1.4":["{{v}}",12545727,2740786],"chl_gsm\/21.2.0":["{{v}}",15286513,612981],"chl_gsm\/21.2.1":["{{v}}",15899494,1137816],"chl_gsm\/21.2.2":["{{v}}",17037310,125278],"chl_gsm\/21.2.3":["{{v}}",17162588,1213373],"chl_gsm\/21.2.4":["{{v}}",18375961,2747948],"chl_gsm\/21.3.0":["{{v}}",21123909,547293],"chl_gsm\/21.3.1":["{{v}}",21671202,2226740],"chl_gsm\/21.3.2":["{{v}}",23897942,1250942],"chl_gsm\/21.3.3":["{{v}}",25148884,814672],"chl_gsm\/21.3.4":["{{v}}",25963556,385769],"chl_gsm\/21.4.0":["{{v}}",26349325,417358],"chl_gsm\/21.4.1":["{{v}}",26766683,874214],"chl_gsm\/21.4.2":["{{v}}",27640897,763418],"chl_gsm\/21.4.3":["{{v}}",28404315,248499],"chl_gsm\/21.4.4":["{{v}}",28652814,155071],"chl_gsm\/22.0.0":["{{w}}",151217,469853],"chl_gsm\/22.0.1":["{{w}}",621070,728153],"chl_gsm\/22.0.2":["{{w}}",1349223,1010063],"chl_gsm\/22.0.3":["{{w}}",2359286,668193],"chl_gsm\/22.0.4":["{{w}}",3027479,325812],"chl_gsm\/22.1.0":["{{w}}",3353291,714996],"chl_gsm\/22.1.1":["{{w}}",4068287,4567499],"chl_gsm\/22.1.2":["{{w}}",8635786,2198468],"chl_gsm\/22.1.3":["{{w}}",10834254,2446195],"chl_gsm\/22.1.4":["{{w}}",13280449,909158],"chl_gsm\/22.2.0":["{{w}}",14189607,15704],"chl_gsm\/22.2.1":["{{w}}",14205311,1676515],"chl_gsm\/22.2.2":["{{w}}",15881826,21629],"chl_gsm\/22.2.3":["{{w}}",15903455,2088954],"chl_gsm\/22.2.4":["{{w}}",17992409,2597272],"chl_gsm\/22.3.0":["{{w}}",20589681,10921],"chl_gsm\/22.3.1":["{{w}}",20600602,1812964],"chl_gsm\/22.3.2":["{{w}}",22413566,1552929],"chl_gsm\/22.3.3":["{{w}}",23966495,1105166],"chl_gsm\/22.3.4":["{{w}}",25071661,609563],"chl_gsm\/22.4.0":["{{w}}",25681224,90654],"chl_gsm\/22.4.1":["{{w}}",25771878,549213],"chl_gsm\/22.4.2":["{{w}}",26321091,871961],"chl_gsm\/22.4.3":["{{w}}",27193052,995357],"chl_gsm\/22.4.4":["{{w}}",28188409,876223],"chl_gsm\/23.0.0":["{{x}}",151217,1239517],"chl_gsm\/23.0.1":["{{x}}",1390734,516022],"chl_gsm\/23.0.2":["{{x}}",1906756,395296],"chl_gsm\/23.0.3":["{{x}}",2302052,59984],"chl_gsm\/23.0.4":["{{x}}",2362036,3019925],"chl_gsm\/23.1.0":["{{x}}",5381961,3713967],"chl_gsm\/23.1.1":["{{x}}",9095928,3545099],"chl_gsm\/23.1.2":["{{x}}",12641027,2586049],"chl_gsm\/23.1.3":["{{x}}",15227076,2626747],"chl_gsm\/23.1.4":["{{x}}",17853823,3890907],"chl_gsm\/23.2.0":["{{x}}",21744730,2482653],"chl_gsm\/23.2.1":["{{x}}",24227383,2262434],"chl_gsm\/23.2.2":["{{x}}",26489817,137554],"chl_gsm\/23.2.3":["{{x}}",26627371,2059798],"chl_gsm\/23.2.4":["{{x}}",28687169,3559115],"chl_gsm\/23.3.0":["{{x}}",32246284,826627],"chl_gsm\/23.3.1":["{{x}}",33072911,2228051],"chl_gsm\/23.3.2":["{{x}}",35300962,2560202],"chl_gsm\/23.3.3":["{{x}}",37861164,1524697],"chl_gsm\/23.3.4":["{{x}}",39385861,209304],"chl_gsm\/23.4.0":["{{x}}",39595165,254208],"chl_gsm\/23.4.1":["{{x}}",39849373,1384023],"chl_gsm\/23.4.2":["{{x}}",41233396,644504],"chl_gsm\/23.4.3":["{{x}}",41877900,664664],"chl_gsm\/23.4.4":["{{x}}",42542564,241614],"chl_gsm\/24.0.0":["{{y}}",151217,43438],"chl_gsm\/24.0.1":["{{y}}",194655,1093819],"chl_gsm\/24.0.2":["{{y}}",1288474,1571342],"chl_gsm\/24.0.3":["{{y}}",2859816,550582],"chl_gsm\/24.0.4":["{{y}}",3410398,679346],"chl_gsm\/24.1.0":["{{y}}",4089744,2054493],"chl_gsm\/24.1.1":["{{y}}",6144237,5096706],"chl_gsm\/24.1.2":["{{y}}",11240943,2791691],"chl_gsm\/24.1.3":["{{y}}",14032634,1709974],"chl_gsm\/24.1.4":["{{y}}",15742608,1296732],"chl_gsm\/24.2.0":["{{y}}",17039340,4455625],"chl_gsm\/24.2.1":["{{y}}",21494965,3198860],"chl_gsm\/24.2.2":["{{y}}",24693825,82062],"chl_gsm\/24.2.3":["{{y}}",24775887,2173105],"chl_gsm\/24.2.4":["{{y}}",26948992,3858040],"chl_gsm\/24.3.0":["{{y}}",30807032,2088547],"chl_gsm\/24.3.1":["{{y}}",32895579,2166190],"chl_gsm\/24.3.2":["{{y}}",35061769,2283285],"chl_gsm\/24.3.3":["{{y}}",37345054,1636519],"chl_gsm\/24.3.4":["{{y}}",38981573,3011290],"chl_gsm\/24.4.0":["{{y}}",41992863,1138015],"chl_gsm\/24.4.1":["{{y}}",43130878,1005775],"chl_gsm\/24.4.2":["{{y}}",44136653,195560],"chl_gsm\/24.4.3":["{{y}}",44332213,445126],"chl_gsm\/24.4.4":["{{y}}",44777339,891169],"chl_gsm\/25.0.0":["{{z}}",151217,1002499],"chl_gsm\/25.0.1":["{{z}}",1153716,430670],"chl_gsm\/25.0.2":["{{z}}",1584386,1653265],"chl_gsm\/25.0.3":["{{z}}",3237651,355496],"chl_gsm\/25.0.4":["{{z}}",3593147,585362],"chl_gsm\/25.1.0":["{{z}}",4178509,2391046],"chl_gsm\/25.1.1":["{{z}}",6569555,3721191],"chl_gsm\/25.1.2":["{{z}}",10290746,2645070],"chl_gsm\/25.1.3":["{{z}}",12935816,2000431],"chl_gsm\/25.1.4":["{{z}}",14936247,1751270],"chl_gsm\/25.2.0":["{{z}}",16687517,1305594],"chl_gsm\/25.2.1":["{{z}}",17993111,3976661],"chl_gsm\/25.2.2":["{{z}}",21969772,83141],"chl_gsm\/25.2.3":["{{z}}",22052913,2885629],"chl_gsm\/25.2.4":["{{z}}",24938542,1271118],"chl_gsm\/25.3.0":["{{z}}",26209660,139234],"chl_gsm\/25.3.1":["{{z}}",26348894,2107519],"chl_gsm\/25.3.2":["{{z}}",28456413,1334348],"chl_gsm\/25.3.3":["{{z}}",29790761,2370035],"chl_gsm\/25.3.4":["{{z}}",32160796,912898],"chl_gsm\/25.4.0":["{{z}}",33073694,62359],"chl_gsm\/25.4.1":["{{z}}",33136053,631773],"chl_gsm\/25.4.2":["{{z}}",33767826,149212],"chl_gsm\/25.4.3":["{{z}}",33917038,495374],"chl_gsm\/25.4.4":["{{z}}",34412412,480431],"chl_gsm\/26.0.0":["{{A}}",151217,855451],"chl_gsm\/26.0.1":["{{A}}",1006668,975279],"chl_gsm\/26.0.2":["{{A}}",1981947,877244],"chl_gsm\/26.0.3":["{{A}}",2859191,832154],"chl_gsm\/26.0.4":["{{A}}",3691345,877437],"chl_gsm\/26.1.0":["{{A}}",4568782,3661879],"chl_gsm\/26.1.1":["{{A}}",8230661,4671436],"chl_gsm\/26.1.2":["{{A}}",12902097,2192114],"chl_gsm\/26.1.3":["{{A}}",15094211,941482],"chl_gsm\/26.1.4":["{{A}}",16035693,1010086],"chl_gsm\/26.2.0":["{{A}}",17045779,4137053],"chl_gsm\/26.2.1":["{{A}}",21182832,2293860],"chl_gsm\/26.2.2":["{{A}}",23476692,106375],"chl_gsm\/26.2.3":["{{A}}",23583067,753763],"chl_gsm\/26.2.4":["{{A}}",24336830,1440470],"chl_gsm\/26.3.0":["{{A}}",25777300,1105010],"chl_gsm\/26.3.1":["{{A}}",26882310,818121],"chl_gsm\/26.3.2":["{{A}}",27700431,1203934],"chl_gsm\/26.3.3":["{{A}}",28904365,1483535],"chl_gsm\/26.3.4":["{{A}}",30387900,3624948],"chl_gsm\/26.4.0":["{{A}}",34012848,331961],"chl_gsm\/26.4.1":["{{A}}",34344809,1146295],"chl_gsm\/26.4.2":["{{A}}",35491104,383439],"chl_gsm\/26.4.3":["{{A}}",35874543,289628],"chl_gsm\/26.4.4":["{{A}}",36164171,298345],"chl_gsm\/27.0.0":["{{B}}",151217,384110],"chl_gsm\/27.0.1":["{{B}}",535327,714949],"chl_gsm\/27.0.2":["{{B}}",1250276,1402168],"chl_gsm\/27.0.3":["{{B}}",2652444,3866085],"chl_gsm\/27.0.4":["{{B}}",6518529,10921],"chl_gsm\/27.1.0":["{{B}}",6529450,1117703],"chl_gsm\/27.1.1":["{{B}}",7647153,3580806],"chl_gsm\/27.1.2":["{{B}}",11227959,3297596],"chl_gsm\/27.1.3":["{{B}}",14525555,1979900],"chl_gsm\/27.1.4":["{{B}}",16505455,74423],"chl_gsm\/27.2.0":["{{B}}",16579878,1132050],"chl_gsm\/27.2.1":["{{B}}",17711928,4165327],"chl_gsm\/27.2.2":["{{B}}",21877255,120176],"chl_gsm\/27.2.3":["{{B}}",21997431,2478887],"chl_gsm\/27.2.4":["{{B}}",24476318,686677],"chl_gsm\/27.3.0":["{{B}}",25162995,61526],"chl_gsm\/27.3.1":["{{B}}",25224521,1006927],"chl_gsm\/27.3.2":["{{B}}",26231448,682401],"chl_gsm\/27.3.3":["{{B}}",26913849,1582454],"chl_gsm\/27.3.4":["{{B}}",28496303,888408],"chl_gsm\/27.4.0":["{{B}}",29384711,10921],"chl_gsm\/27.4.1":["{{B}}",29395632,650199],"chl_gsm\/27.4.2":["{{B}}",30045831,1053237],"chl_gsm\/27.4.3":["{{B}}",31099068,456394],"chl_gsm\/27.4.4":["{{B}}",31555462,550425],"chl_gsm\/28.0.0":["{{C}}",151217,1752632],"chl_gsm\/28.0.1":["{{C}}",1903849,974354],"chl_gsm\/28.0.2":["{{C}}",2878203,1257226],"chl_gsm\/28.0.3":["{{C}}",4135429,2524289],"chl_gsm\/28.0.4":["{{C}}",6659718,2172725],"chl_gsm\/28.1.0":["{{C}}",8832443,2926728],"chl_gsm\/28.1.1":["{{C}}",11759171,4190800],"chl_gsm\/28.1.2":["{{C}}",15949971,2459651],"chl_gsm\/28.1.3":["{{C}}",18409622,1179386],"chl_gsm\/28.1.4":["{{C}}",19589008,3026985],"chl_gsm\/28.2.0":["{{C}}",22615993,3623884],"chl_gsm\/28.2.1":["{{C}}",26239877,2843205],"chl_gsm\/28.2.2":["{{C}}",29083082,131402],"chl_gsm\/28.2.3":["{{C}}",29214484,867988],"chl_gsm\/28.2.4":["{{C}}",30082472,1163871],"chl_gsm\/28.3.0":["{{C}}",31246343,1362402],"chl_gsm\/28.3.1":["{{C}}",32608745,1786571],"chl_gsm\/28.3.2":["{{C}}",34395316,1292768],"chl_gsm\/28.3.3":["{{C}}",35688084,3017746],"chl_gsm\/28.3.4":["{{C}}",38705830,2286036],"chl_gsm\/28.4.0":["{{C}}",40991866,125346],"chl_gsm\/28.4.1":["{{C}}",41117212,448086],"chl_gsm\/28.4.2":["{{C}}",41565298,27583],"chl_gsm\/28.4.3":["{{C}}",41592881,959323],"chl_gsm\/28.4.4":["{{C}}",42552204,208588],"chl_gsm\/29.0.0":["{{D}}",151217,212692],"chl_gsm\/29.0.1":["{{D}}",363909,776652],"chl_gsm\/29.0.2":["{{D}}",1140561,1539652],"chl_gsm\/29.0.3":["{{D}}",2680213,3703078],"chl_gsm\/29.0.4":["{{D}}",6383291,198673],"chl_gsm\/29.1.0":["{{D}}",6581964,366621],"chl_gsm\/29.1.1":["{{D}}",6948585,3780297],"chl_gsm\/29.1.2":["{{D}}",10728882,3030820],"chl_gsm\/29.1.3":["{{D}}",13759702,1634808],"chl_gsm\/29.1.4":["{{D}}",15394510,591135],"chl_gsm\/29.2.0":["{{D}}",15985645,265036],"chl_gsm\/29.2.1":["{{D}}",16250681,4355120],"chl_gsm\/29.2.2":["{{D}}",20605801,57629],"chl_gsm\/29.2.3":["{{D}}",20663430,2349590],"chl_gsm\/29.2.4":["{{D}}",23013020,1723656],"chl_gsm\/29.3.0":["{{D}}",24736676,10921],"chl_gsm\/29.3.1":["{{D}}",24747597,1841761],"chl_gsm\/29.3.2":["{{D}}",26589358,2618996],"chl_gsm\/29.3.3":["{{D}}",29208354,2258554],"chl_gsm\/29.3.4":["{{D}}",31466908,1769012],"chl_gsm\/29.4.0":["{{D}}",33235920,10921],"chl_gsm\/29.4.1":["{{D}}",33246841,210188],"chl_gsm\/29.4.2":["{{D}}",33457029,31882],"chl_gsm\/29.4.3":["{{D}}",33488911,147208],"chl_gsm\/29.4.4":["{{D}}",33636119,717344],"chl_gsm\/30.0.0":["{{E}}",151217,657254],"chl_gsm\/30.0.1":["{{E}}",808471,943524],"chl_gsm\/30.0.2":["{{E}}",1751995,965625],"chl_gsm\/30.0.3":["{{E}}",2717620,1648345],"chl_gsm\/30.0.4":["{{E}}",4365965,1597831],"chl_gsm\/30.1.0":["{{E}}",5963796,67833],"chl_gsm\/30.1.1":["{{E}}",6031629,2674981],"chl_gsm\/30.1.2":["{{E}}",8706610,2913983],"chl_gsm\/30.1.3":["{{E}}",11620593,1744535],"chl_gsm\/30.1.4":["{{E}}",13365128,3258769],"chl_gsm\/30.2.0":["{{E}}",16623897,1697258],"chl_gsm\/30.2.1":["{{E}}",18321155,2178053],"chl_gsm\/30.2.2":["{{E}}",20499208,141516],"chl_gsm\/30.2.3":["{{E}}",20640724,1370023],"chl_gsm\/30.2.4":["{{E}}",22010747,3098575],"chl_gsm\/30.3.0":["{{E}}",25109322,351239],"chl_gsm\/30.3.1":["{{E}}",25460561,678848],"chl_gsm\/30.3.2":["{{E}}",26139409,2293266],"chl_gsm\/30.3.3":["{{E}}",28432675,1585836],"chl_gsm\/30.3.4":["{{E}}",30018511,835993],"chl_gsm\/30.4.0":["{{E}}",30854504,96335],"chl_gsm\/30.4.1":["{{E}}",30950839,386014],"chl_gsm\/30.4.2":["{{E}}",31336853,806138],"chl_gsm\/30.4.3":["{{E}}",32142991,276245],"chl_gsm\/30.4.4":["{{E}}",32419236,21988]}}