{"version":1,"templates":{"a":"s3:\/\/imos-data\/IMOS\/SRS\/OC\/gridded\/aqua\/P1D\/2012\/01\/A.P1D.20120101T053000Z.aust.K_490.nc","b":"s3:\/\/imos-data\/IMOS\/SRS\/OC\/gridded\/aqua\/P1D\/2012\/01\/A.P1D.20120102T053000Z.aust.K_490.nc","c":"s3:\/\/imos-data\/IMOS\/SRS\/OC\/gridded\/aqua\/P1D\/2012\/01\/A.P1D.20120103T053000Z.aust.K_490.nc","d":"s3:\/\/imos-data\/IMOS\/SRS\/OC\/gridded\/aqua\/P1D\/2012\/01\/A.P1D.20120104T053000Z.aust.K_490.nc","e":"s3:\/\/imos-data\/IMOS\/SRS\/OC\/gridded\/aqua\/P1D\/2012\/01\/A.P1D.20120105T053000Z.aust.K_490.nc","f":"s3:\/\/imos-data\/IMOS\/SRS\/OC\/gridded\/aqua\/P1D\/2012\/01\/A.P1D.20120106T053000Z.aust.K_490.nc","g":"s3:\/\/imos-data\/IMOS\/SRS\/OC\/gridded\/aqua\/P1D\/2012\/01\/A.P1D.20120107T053000Z.aust.K_490.nc","h":"s3:\/\/imos-data\/IMOS\/SRS\/OC\/gridded\/aqua\/P1D\/2012\/01\/A.P1D.20120108T053000Z.aust.K_490.nc","i":"s3:\/\/imos-data\/IMOS\/SRS\/OC\/gridded\/aqua\/P1D\/2012\/01\/A.P1D.20120109T053000Z.aust.K_490.nc","j":"s3:\/\/imos-data\/IMOS\/SRS\/OC\/gridded\/aqua\/P1D\/2012\/01\/A.P1D.20120110T053000Z.aust.K_490.nc","k":"s3:\/\/imos-data\/IMOS\/SRS\/OC\/gridded\/aqua\/P1D\/2012\/01\/A.P1D.20120111T053000Z.aust.K_490.nc","l":"s3:\/\/imos-data\/IMOS\/SRS\/OC\/gridded\/aqua\/P1D\/2012\/01\/A.P1D.20120112T053000Z.aust.K_490.nc","m":"s3:\/\/imos-data\/IMOS\/SRS\/OC\/gridded\/aqua\/P1D\/2012\/01\/A.P1D.20120113T053000Z.aust.K_490.nc","n":"s3:\/\/imos-data\/IMOS\/SRS\/OC\/gridded\/aqua\/P1D\/2012\/01\/A.P1D.20120114T053000Z.aust.K_490.nc","o":"s3:\/\/imos-data\/IMOS\/SRS\/OC\/gridded\/aqua\/P1D\/2012\/01\/A.P1D.20120115T053000Z.aust.K_490.nc","p":"s3:\/\/imos-data\/IMOS\/SRS\/OC\/gridded\/aqua\/P1D\/2012\/01\/A.P1D.20120116T053000Z.aust.K_490.nc","q":"s3:\/\/imos-data\/IMOS\/SRS\/OC\/gridded\/aqua\/P1D\/2012\/01\/A.P1D.20120117T053000Z.aust.K_490.nc","r":"s3:\/\/imos-data\/IMOS\/SRS\/OC\/gridded\/aqua\/P1D\/2012\/01\/A.P1D.20120118T053000Z.aust.K_490.nc","s":"s3:\/\/imos-data\/IMOS\/SRS\/OC\/gridded\/aqua\/P1D\/2012\/01\/A.P1D.20120119T053000Z.aust.K_490.nc","t":"s3:\/\/imos-data\/IMOS\/SRS\/OC\/gridded\/aqua\/P1D\/2012\/01\/A.P1D.20120120T053000Z.aust.K_490.nc","u":"s3:\/\/imos-data\/IMOS\/SRS\/OC\/gridded\/aqua\/P1D\/2012\/01\/A.P1D.20120121T053000Z.aust.K_490.nc","v":"s3:\/\/imos-data\/IMOS\/SRS\/OC\/gridded\/aqua\/P1D\/2012\/01\/A.P1D.20120122T053000Z.aust.K_490.nc","w":"s3:\/\/imos-data\/IMOS\/SRS\/OC\/gridded\/aqua\/P1D\/2012\/01\/A.P1D.20120123T053000Z.aust.K_490.nc","x":"s3:\/\/imos-data\/IMOS\/SRS\/OC\/gridded\/aqua\/P1D\/2012\/01\/A.P1D.20120124T053000Z.aust.K_490.nc","y":"s3:\/\/imos-data\/IMOS\/SRS\/OC\/gridded\/aqua\/P1D\/2012\/01\/A.P1D.20120125T053000Z.aust.K_490.nc","z":"s3:\/\/imos-data\/IMOS\/SRS\/OC\/gridded\/aqua\/P1D\/2012\/01\/A.P1D.20120126T053000Z.aust.K_490.nc","A":"s3:\/\/imos-data\/IMOS\/SRS\/OC\/gridded\/aqua\/P1D\/2012\/01\/A.P1D.20120127T053000Z.aust.K_490.nc","B":"s3:\/\/imos-data\/IMOS\/SRS\/OC\/gridded\/aqua\/P1D\/2012\/01\/A.P1D.20120128T053000Z.aust.K_490.nc","C":"s3:\/\/imos-data\/IMOS\/SRS\/OC\/gridded\/aqua\/P1D\/2012\/01\/A.P1D.20120129T053000Z.aust.K_490.nc","D":"s3:\/\/imos-data\/IMOS\/SRS\/OC\/gridded\/aqua\/P1D\/2012\/01\/A.P1D.20120130T053000Z.aust.K_490.nc","E":"s3:\/\/imos-data\/IMOS\/SRS\/OC\/gridded\/aqua\/P1D\/2012\/01\/A.P1D.20120131T053000Z.aust.K_490.nc"},"refs":{".zgroup":"{\"zarr_format\":2}",".zattrs":"{\"Conventions\":\"CF-1.6\",\"_NCProperties\":\"version=1|netcdflibversion=4.6.1|hdf5libversion=1.10.4\",\"_nc3_strict\":1,\"history\":\"File initialised at 2020-08-06T06:12:18.932337\\nInitialised var K_490 at 2020-08-06T06:13:26.592278\\nAdd Granule A20120101_0250.20190919081045.L2OC_BASE.K_490.nc at 2020-08-06T06:13:27.988082\\nAdd Granule A20120101_0255.20190919071021.L2OC_BASE.K_490.nc at 2020-08-06T06:13:28.174748\\nAdd Granule A20120101_0300.20190919070017.L2OC_BASE.K_490.nc at 2020-08-06T06:13:28.360184\\nAdd Granule A20120101_0305.20190919071719.L2OC_BASE.K_490.nc at 2020-08-06T06:13:28.553496\\nAdd Granule A20120101_0425.20190919074414.L2OC_BASE.K_490.nc at 2020-08-06T06:13:28.706100\\nAdd Granule A20120101_0430.20190919080450.L2OC_BASE.K_490.nc at 2020-08-06T06:13:28.945541\\nAdd Granule A20120101_0435.20190919064402.L2OC_BASE.K_490.nc at 2020-08-06T06:13:29.125468\\nAdd Granule A20120101_0440.20190919070547.L2OC_BASE.K_490.nc at 2020-08-06T06:13:29.281629\\nAdd Granule A20120101_0445.20190919073243.L2OC_BASE.K_490.nc at 2020-08-06T06:13:29.422860\\nAdd Granule A20120101_0605.20190919081652.L2OC_BASE.K_490.nc at 2020-08-06T06:13:29.621102\\nAdd Granule A20120101_0610.20190919082314.L2OC_BASE.K_490.nc at 2020-08-06T06:13:29.867190\\nAdd Granule A20120101_0615.20190919075849.L2OC_BASE.K_490.nc at 2020-08-06T06:13:30.052845\\nAdd Granule A20120101_0620.20190919075311.L2OC_BASE.K_490.nc at 2020-08-06T06:13:30.230766\\nAdd Granule A20120101_0625.20190919073903.L2OC_BASE.K_490.nc at 2020-08-06T06:13:30.341311\\nAdd Granule A20120101_0745.20190919064735.L2OC_BASE.K_490.nc at 2020-08-06T06:13:30.602579\\nAdd Granule A20120101_0750.20190919065316.L2OC_BASE.K_490.nc at 2020-08-06T06:13:30.834588\\nAdd Granule A20120101_0755.20190919072544.L2OC_BASE.K_490.nc at 2020-08-06T06:13:31.014275\",\"source_path\":\"imos-srs\\\/archive\\\/oc\\\/aqua\\\/1d\\\/v201909\\\/2012\\\/01\\\/A20120101.L2OC_BASE.aust.K_490.nc\"}","latitude\/.zarray":"{\n    \"chunks\": [\n        7001\n    ],\n    \"compressor\": null,\n    \"dtype\": \"<f8\",\n    \"fill_value\": 9.969209968386869e+36,\n    \"filters\": null,\n    \"order\": \"C\",\n    \"shape\": [\n        7001\n    ],\n    \"zarr_format\": 2\n}","latitude\/.zattrs":"{\n    \"NAME\": \"latitude\",\n    \"_ARRAY_DIMENSIONS\": [\n        \"latitude\"\n    ],\n    \"_Netcdf4Dimid\": 1,\n    \"axis\": \"Y\",\n    \"long_name\": \"latitude\",\n    \"standard_name\": \"latitude\",\n    \"units\": \"degrees_north\"\n}","latitude\/0":["{{a}}",2392,56008],"K_490\/.zarray":"{\"chunks\":[1,1401,2001],\"compressor\":{\"id\":\"zlib\",\"level\":4},\"dtype\":\"<f4\",\"fill_value\":-999.0,\"filters\":[{\"elementsize\":4,\"id\":\"shuffle\"}],\"order\":\"C\",\"shape\":[31,7001,10001],\"zarr_format\":2}","K_490\/.zattrs":"{\"_ARRAY_DIMENSIONS\":[\"time\",\"latitude\",\"longitude\"],\"flag_applied\":\"HISATZEN LAND CLDICE NAVFAIL\",\"long_name\":\"Diffuse attenuation coefficient at 490 nm (OBPG)\",\"units\":\"m^-1\"}","longitude\/.zarray":"{\n    \"chunks\": [\n        10001\n    ],\n    \"compressor\": null,\n    \"dtype\": \"<f8\",\n    \"fill_value\": 9.969209968386869e+36,\n    \"filters\": null,\n    \"order\": \"C\",\n    \"shape\": [\n        10001\n    ],\n    \"zarr_format\": 2\n}","longitude\/.zattrs":"{\n    \"NAME\": \"longitude\",\n    \"_ARRAY_DIMENSIONS\": [\n        \"longitude\"\n    ],\n    \"_Netcdf4Dimid\": 2,\n    \"axis\": \"X\",\n    \"long_name\": \"longitude\",\n    \"standard_name\": \"longitude\",\n    \"units\": \"degrees_east\"\n}","longitude\/0":["{{a}}",58400,80008],"time\/.zarray":"{\"chunks\":[31],\"compressor\":{\"blocksize\":0,\"clevel\":5,\"cname\":\"lz4\",\"id\":\"blosc\",\"shuffle\":1},\"dtype\":\"<M8[us]\",\"fill_value\":0,\"filters\":null,\"order\":\"C\",\"shape\":[31],\"zarr_format\":2}","time\/0":"base64:AgExCPgAAAD4AAAAsgAAABQAAACaAAAAHwABAAv7AYbmRqYGZsYmhuZGpgZmxiYQAPNb2K+HXjYN5LyTakIZ8cifd04l\/dSsg1oyCeC4j2c+FcHf\/Rs5V3SSsM7sCidFY4Gfvdr4FjRScI6ryecFI0FwhJitwdXp\/RElOU5idoqessba7gMXKz9TZ3uPpLjMtbW1tbW1tbW2tra2tgUAFrcBAB8EAQALD9gAB1AAAAAAAA==","time\/.zattrs":"{\"NAME\":\"time\",\"_ARRAY_DIMENSIONS\":[\"time\"],\"_Netcdf4Dimid\":0,\"axis\":\"T\",\"long_name\":\"time\",\"standard_name\":\"time\"}","K_490\/0.0.0":["{{a}}",151229,79822],"K_490\/0.0.1":["{{a}}",231051,1084248],"K_490\/0.0.2":["{{a}}",1315299,219025],"K_490\/0.0.3":["{{a}}",1534324,1603314],"K_490\/0.0.4":["{{a}}",3137638,1054101],"K_490\/0.1.0":["{{a}}",4191739,820630],"K_490\/0.1.1":["{{a}}",5012369,1453251],"K_490\/0.1.2":["{{a}}",6465620,553327],"K_490\/0.1.3":["{{a}}",7018947,431956],"K_490\/0.1.4":["{{a}}",7450903,657866],"K_490\/0.2.0":["{{a}}",8108769,1588941],"K_490\/0.2.1":["{{a}}",9697710,1355779],"K_490\/0.2.2":["{{a}}",11053489,68569],"K_490\/0.2.3":["{{a}}",11122058,734475],"K_490\/0.2.4":["{{a}}",11856533,921673],"K_490\/0.3.0":["{{a}}",12778206,1322690],"K_490\/0.3.1":["{{a}}",14100896,1364836],"K_490\/0.3.2":["{{a}}",15465732,754244],"K_490\/0.3.3":["{{a}}",16219976,2167746],"K_490\/0.3.4":["{{a}}",18387722,1493865],"K_490\/0.4.0":["{{a}}",19881587,1420967],"K_490\/0.4.1":["{{a}}",21302554,1367726],"K_490\/0.4.2":["{{a}}",22670280,2556287],"K_490\/0.4.3":["{{a}}",25226567,342123],"K_490\/0.4.4":["{{a}}",25568690,1417514],"K_490\/1.0.0":["{{b}}",151229,1118662],"K_490\/1.0.1":["{{b}}",1269891,421744],"K_490\/1.0.2":["{{b}}",1691635,702644],"K_490\/1.0.3":["{{b}}",2394279,515096],"K_490\/1.0.4":["{{b}}",2909375,3532573],"K_490\/1.1.0":["{{b}}",6441948,364867],"K_490\/1.1.1":["{{b}}",6806815,1747206],"K_490\/1.1.2":["{{b}}",8554021,391590],"K_490\/1.1.3":["{{b}}",8945611,403775],"K_490\/1.1.4":["{{b}}",9349386,1151792],"K_490\/1.2.0":["{{b}}",10501178,525912],"K_490\/1.2.1":["{{b}}",11027090,1895860],"K_490\/1.2.2":["{{b}}",12922950,52553],"K_490\/1.2.3":["{{b}}",12975503,1714935],"K_490\/1.2.4":["{{b}}",14690438,506154],"K_490\/1.3.0":["{{b}}",15196592,457296],"K_490\/1.3.1":["{{b}}",15653888,1962230],"K_490\/1.3.2":["{{b}}",17616118,641673],"K_490\/1.3.3":["{{b}}",18257791,1837352],"K_490\/1.3.4":["{{b}}",20095143,885719],"K_490\/1.4.0":["{{b}}",20980862,56374],"K_490\/1.4.1":["{{b}}",21037236,1120939],"K_490\/1.4.2":["{{b}}",22158175,2283355],"K_490\/1.4.3":["{{b}}",24441530,481541],"K_490\/1.4.4":["{{b}}",24923071,490600],"K_490\/2.0.0":["{{c}}",151229,2952861],"K_490\/2.0.1":["{{c}}",3104090,1076695],"K_490\/2.0.2":["{{c}}",4180785,94798],"K_490\/2.0.3":["{{c}}",4275583,626349],"K_490\/2.0.4":["{{c}}",4901932,241137],"K_490\/2.1.0":["{{c}}",5143069,1334341],"K_490\/2.1.1":["{{c}}",6477410,886505],"K_490\/2.1.2":["{{c}}",7363915,1053145],"K_490\/2.1.3":["{{c}}",8417060,1027768],"K_490\/2.1.4":["{{c}}",9444828,247427],"K_490\/2.2.0":["{{c}}",9692255,1600088],"K_490\/2.2.1":["{{c}}",11292343,1137156],"K_490\/2.2.2":["{{c}}",12429499,81816],"K_490\/2.2.3":["{{c}}",12511315,896838],"K_490\/2.2.4":["{{c}}",13408153,922824],"K_490\/2.3.0":["{{c}}",14330977,729128],"K_490\/2.3.1":["{{c}}",15060105,1859568],"K_490\/2.3.2":["{{c}}",16919673,2252440],"K_490\/2.3.3":["{{c}}",19172113,1383300],"K_490\/2.3.4":["{{c}}",20555413,1958829],"K_490\/2.4.0":["{{c}}",22514242,501070],"K_490\/2.4.1":["{{c}}",23015312,205704],"K_490\/2.4.2":["{{c}}",23221016,1486701],"K_490\/2.4.3":["{{c}}",24707717,1098900],"K_490\/2.4.4":["{{c}}",25806617,262192],"K_490\/3.0.0":["{{d}}",151229,2089131],"K_490\/3.0.1":["{{d}}",2240360,718098],"K_490\/3.0.2":["{{d}}",2958458,569141],"K_490\/3.0.3":["{{d}}",3527599,1069835],"K_490\/3.0.4":["{{d}}",4597434,10921],"K_490\/3.1.0":["{{d}}",4608355,612714],"K_490\/3.1.1":["{{d}}",5221069,1913179],"K_490\/3.1.2":["{{d}}",7134248,566310],"K_490\/3.1.3":["{{d}}",7700558,1458910],"K_490\/3.1.4":["{{d}}",9159468,103882],"K_490\/3.2.0":["{{d}}",9263350,507090],"K_490\/3.2.1":["{{d}}",9770440,2108362],"K_490\/3.2.2":["{{d}}",11878802,56513],"K_490\/3.2.3":["{{d}}",11935315,1534841],"K_490\/3.2.4":["{{d}}",13470156,598643],"K_490\/3.3.0":["{{d}}",14068799,289301],"K_490\/3.3.1":["{{d}}",14358100,1250563],"K_490\/3.3.2":["{{d}}",15608663,1789069],"K_490\/3.3.3":["{{d}}",17397732,1538572],"K_490\/3.3.4":["{{d}}",18936304,852264],"K_490\/3.4.0":["{{d}}",19788568,11452],"K_490\/3.4.1":["{{d}}",19800020,532760],"K_490\/3.4.2":["{{d}}",20332780,1095559],"K_490\/3.4.3":["{{d}}",21428339,1777686],"K_490\/3.4.4":["{{d}}",23206025,800920],"K_490\/4.0.0":["{{e}}",151229,3119790],"K_490\/4.0.1":["{{e}}",3271019,601657],"K_490\/4.0.2":["{{e}}",3872676,1065305],"K_490\/4.0.3":["{{e}}",4937981,788924],"K_490\/4.0.4":["{{e}}",5726905,2533589],"K_490\/4.1.0":["{{e}}",8260494,1936932],"K_490\/4.1.1":["{{e}}",10197426,690632],"K_490\/4.1.2":["{{e}}",10888058,535953],"K_490\/4.1.3":["{{e}}",11424011,935828],"K_490\/4.1.4":["{{e}}",12359839,422871],"K_490\/4.2.0":["{{e}}",12782710,1492327],"K_490\/4.2.1":["{{e}}",14275037,1481509],"K_490\/4.2.2":["{{e}}",15756546,91504],"K_490\/4.2.3":["{{e}}",15848050,960855],"K_490\/4.2.4":["{{e}}",16808905,1311630],"K_490\/4.3.0":["{{e}}",18120535,218913],"K_490\/4.3.1":["{{e}}",18339448,1067062],"K_490\/4.3.2":["{{e}}",19406510,2876049],"K_490\/4.3.3":["{{e}}",22282559,1710023],"K_490\/4.3.4":["{{e}}",23992582,2616478],"K_490\/4.4.0":["{{e}}",26609060,23687],"K_490\/4.4.1":["{{e}}",26632747,115478],"K_490\/4.4.2":["{{e}}",26748225,623597],"K_490\/4.4.3":["{{e}}",27371822,2673089],"K_490\/4.4.4":["{{e}}",30044911,862061],"K_490\/5.0.0":["{{f}}",151229,524963],"K_490\/5.0.1":["{{f}}",676192,357825],"K_490\/5.0.2":["{{f}}",1034017,1611857],"K_490\/5.0.3":["{{f}}",2645874,632564],"K_490\/5.0.4":["{{f}}",3278438,17805],"K_490\/5.1.0":["{{f}}",3296243,568578],"K_490\/5.1.1":["{{f}}",3864821,798875],"K_490\/5.1.2":["{{f}}",4663696,1111459],"K_490\/5.1.3":["{{f}}",5775155,1195228],"K_490\/5.1.4":["{{f}}",6970383,266887],"K_490\/5.2.0":["{{f}}",7237270,228986],"K_490\/5.2.1":["{{f}}",7466256,2103152],"K_490\/5.2.2":["{{f}}",9569408,10947],"K_490\/5.2.3":["{{f}}",9580355,1304404],"K_490\/5.2.4":["{{f}}",10884759,1546783],"K_490\/5.3.0":["{{f}}",12431542,10921],"K_490\/5.3.1":["{{f}}",12442463,855883],"K_490\/5.3.2":["{{f}}",13298346,501380],"K_490\/5.3.3":["{{f}}",13799726,2075991],"K_490\/5.3.4":["{{f}}",15875717,1207576],"K_490\/5.4.0":["{{f}}",17083293,10921],"K_490\/5.4.1":["{{f}}",17094214,195078],"K_490\/5.4.2":["{{f}}",17289292,1044915],"K_490\/5.4.3":["{{f}}",18334207,1228613],"K_490\/5.4.4":["{{f}}",19562820,3354883],"K_490\/6.0.0":["{{g}}",151229,2244284],"K_490\/6.0.1":["{{g}}",2395513,253855],"K_490\/6.0.2":["{{g}}",2649368,174635],"K_490\/6.0.3":["{{g}}",2824003,543818],"K_490\/6.0.4":["{{g}}",3367821,1789879],"K_490\/6.1.0":["{{g}}",5157700,129194],"K_490\/6.1.1":["{{g}}",5286894,114600],"K_490\/6.1.2":["{{g}}",5401494,881841],"K_490\/6.1.3":["{{g}}",6283335,1618908],"K_490\/6.1.4":["{{g}}",7902243,1249853],"K_490\/6.2.0":["{{g}}",9152096,428818],"K_490\/6.2.1":["{{g}}",9580914,935074],"K_490\/6.2.2":["{{g}}",10515988,29372],"K_490\/6.2.3":["{{g}}",10545360,1655953],"K_490\/6.2.4":["{{g}}",12201313,2606894],"K_490\/6.3.0":["{{g}}",14808207,504223],"K_490\/6.3.1":["{{g}}",15312430,1049264],"K_490\/6.3.2":["{{g}}",16361694,2025305],"K_490\/6.3.3":["{{g}}",18386999,1907093],"K_490\/6.3.4":["{{g}}",20294092,1033740],"K_490\/6.4.0":["{{g}}",21327832,75025],"K_490\/6.4.1":["{{g}}",21402857,395971],"K_490\/6.4.2":["{{g}}",21798828,545494],"K_490\/6.4.3":["{{g}}",22344322,1881677],"K_490\/6.4.4":["{{g}}",24225999,968859],"K_490\/7.0.0":["{{h}}",151229,296221],"K_490\/7.0.1":["{{h}}",447450,302840],"K_490\/7.0.2":["{{h}}",750290,502717],"K_490\/7.0.3":["{{h}}",1253007,1800305],"K_490\/7.0.4":["{{h}}",3053312,318341],"K_490\/7.1.0":["{{h}}",3371653,15426],"K_490\/7.1.1":["{{h}}",3387079,616800],"K_490\/7.1.2":["{{h}}",4003879,1708307],"K_490\/7.1.3":["{{h}}",5712186,1242396],"K_490\/7.1.4":["{{h}}",6954582,740949],"K_490\/7.2.0":["{{h}}",7695531,10921],"K_490\/7.2.1":["{{h}}",7706452,1879986],"K_490\/7.2.2":["{{h}}",9586438,12947],"K_490\/7.2.3":["{{h}}",9599385,1228335],"K_490\/7.2.4":["{{h}}",10827720,2541532],"K_490\/7.3.0":["{{h}}",13369252,1165111],"K_490\/7.3.1":["{{h}}",14534363,701475],"K_490\/7.3.2":["{{h}}",15235838,1323922],"K_490\/7.3.3":["{{h}}",16559760,636640],"K_490\/7.3.4":["{{h}}",17196400,1972255],"K_490\/7.4.0":["{{h}}",19168655,298918],"K_490\/7.4.1":["{{h}}",19467573,1182728],"K_490\/7.4.2":["{{h}}",20650301,277354],"K_490\/7.4.3":["{{h}}",20927655,238714],"K_490\/7.4.4":["{{h}}",21166369,2623295],"K_490\/8.0.0":["{{i}}",151229,2608279],"K_490\/8.0.1":["{{i}}",2759508,579074],"K_490\/8.0.2":["{{i}}",3338582,1479544],"K_490\/8.0.3":["{{i}}",4818126,1370487],"K_490\/8.0.4":["{{i}}",6188613,2952463],"K_490\/8.1.0":["{{i}}",9141076,448695],"K_490\/8.1.1":["{{i}}",9589771,413732],"K_490\/8.1.2":["{{i}}",10003503,622593],"K_490\/8.1.3":["{{i}}",10626096,2307575],"K_490\/8.1.4":["{{i}}",12933671,1646899],"K_490\/8.2.0":["{{i}}",14580570,489409],"K_490\/8.2.1":["{{i}}",15069979,1077874],"K_490\/8.2.2":["{{i}}",16147853,10921],"K_490\/8.2.3":["{{i}}",16158774,1572696],"K_490\/8.2.4":["{{i}}",17731470,1816423],"K_490\/8.3.0":["{{i}}",19547893,489871],"K_490\/8.3.1":["{{i}}",20037764,2416044],"K_490\/8.3.2":["{{i}}",22453808,1787776],"K_490\/8.3.3":["{{i}}",24241584,2643213],"K_490\/8.3.4":["{{i}}",26884797,46721],"K_490\/8.4.0":["{{i}}",26931518,217187],"K_490\/8.4.1":["{{i}}",27148705,500224],"K_490\/8.4.2":["{{i}}",27648929,1637887],"K_490\/8.4.3":["{{i}}",29286816,1074938],"K_490\/8.4.4":["{{i}}",30361754,159545],"K_490\/9.0.0":["{{j}}",151229,1817156],"K_490\/9.0.1":["{{j}}",1968385,179961],"K_490\/9.0.2":["{{j}}",2148346,2582533],"K_490\/9.0.3":["{{j}}",4730879,1279587],"K_490\/9.0.4":["{{j}}",6010466,1102213],"K_490\/9.1.0":["{{j}}",7112679,1613333],"K_490\/9.1.1":["{{j}}",8726012,420786],"K_490\/9.1.2":["{{j}}",9146798,1456442],"K_490\/9.1.3":["{{j}}",10603240,1583504],"K_490\/9.1.4":["{{j}}",12186744,914633],"K_490\/9.2.0":["{{j}}",13101377,2103887],"K_490\/9.2.1":["{{j}}",15205264,695489],"K_490\/9.2.2":["{{j}}",15900753,10921],"K_490\/9.2.3":["{{j}}",15911674,795580],"K_490\/9.2.4":["{{j}}",16707254,2589880],"K_490\/9.3.0":["{{j}}",19297134,2665789],"K_490\/9.3.1":["{{j}}",21962923,2087324],"K_490\/9.3.2":["{{j}}",24050247,1198778],"K_490\/9.3.3":["{{j}}",25249025,1251368],"K_490\/9.3.4":["{{j}}",26500393,2000724],"K_490\/9.4.0":["{{j}}",28501117,806126],"K_490\/9.4.1":["{{j}}",29307243,276568],"K_490\/9.4.2":["{{j}}",29583811,578901],"K_490\/9.4.3":["{{j}}",30162712,1290178],"K_490\/9.4.4":["{{j}}",31452890,233436],"K_490\/10.0.0":["{{k}}",151229,1093134],"K_490\/10.0.1":["{{k}}",1244363,228383],"K_490\/10.0.2":["{{k}}",1472746,1884205],"K_490\/10.0.3":["{{k}}",3356951,1787749],"K_490\/10.0.4":["{{k}}",5144700,3575595],"K_490\/10.1.0":["{{k}}",8720295,413333],"K_490\/10.1.1":["{{k}}",9133628,980076],"K_490\/10.1.2":["{{k}}",10113704,919589],"K_490\/10.1.3":["{{k}}",11033293,1690826],"K_490\/10.1.4":["{{k}}",12724119,1146188],"K_490\/10.2.0":["{{k}}",13870307,845892],"K_490\/10.2.1":["{{k}}",14716199,2477645],"K_490\/10.2.2":["{{k}}",17193844,25751],"K_490\/10.2.3":["{{k}}",17219595,1480658],"K_490\/10.2.4":["{{k}}",18700253,528965],"K_490\/10.3.0":["{{k}}",19229218,449179],"K_490\/10.3.1":["{{k}}",19678397,2030539],"K_490\/10.3.2":["{{k}}",21708936,1340439],"K_490\/10.3.3":["{{k}}",23049375,1396557],"K_490\/10.3.4":["{{k}}",24445932,220452],"K_490\/10.4.0":["{{k}}",24666384,165339],"K_490\/10.4.1":["{{k}}",24831723,1701651],"K_490\/10.4.2":["{{k}}",26533374,497745],"K_490\/10.4.3":["{{k}}",27031119,1369852],"K_490\/10.4.4":["{{k}}",28400971,1770489],"K_490\/11.0.0":["{{l}}",151229,2146624],"K_490\/11.0.1":["{{l}}",2297853,751526],"K_490\/11.0.2":["{{l}}",3049379,1192984],"K_490\/11.0.3":["{{l}}",4242363,1232662],"K_490\/11.0.4":["{{l}}",5475025,1821441],"K_490\/11.1.0":["{{l}}",7296466,1589540],"K_490\/11.1.1":["{{l}}",8886006,441513],"K_490\/11.1.2":["{{l}}",9327519,247952],"K_490\/11.1.3":["{{l}}",9575471,1435784],"K_490\/11.1.4":["{{l}}",11011255,1070573],"K_490\/11.2.0":["{{l}}",12081828,1739797],"K_490\/11.2.1":["{{l}}",13821625,1690322],"K_490\/11.2.2":["{{l}}",15511947,15173],"K_490\/11.2.3":["{{l}}",15527120,703432],"K_490\/11.2.4":["{{l}}",16230552,2825343],"K_490\/11.3.0":["{{l}}",19055895,756375],"K_490\/11.3.1":["{{l}}",19812270,2660629],"K_490\/11.3.2":["{{l}}",22472899,1712490],"K_490\/11.3.3":["{{l}}",24185389,1270664],"K_490\/11.3.4":["{{l}}",25456053,1021193],"K_490\/11.4.0":["{{l}}",26477246,240754],"K_490\/11.4.1":["{{l}}",26718000,994790],"K_490\/11.4.2":["{{l}}",27712790,1219926],"K_490\/11.4.3":["{{l}}",28932716,1142848],"K_490\/11.4.4":["{{l}}",30075564,1294071],"K_490\/12.0.0":["{{m}}",151229,327431],"K_490\/12.0.1":["{{m}}",478660,113377],"K_490\/12.0.2":["{{m}}",592037,589878],"K_490\/12.0.3":["{{m}}",1181915,2789816],"K_490\/12.0.4":["{{m}}",3971731,37200],"K_490\/12.1.0":["{{m}}",4008931,468278],"K_490\/12.1.1":["{{m}}",4477209,880058],"K_490\/12.1.2":["{{m}}",5357267,271113],"K_490\/12.1.3":["{{m}}",5628380,2057255],"K_490\/12.1.4":["{{m}}",7685635,601493],"K_490\/12.2.0":["{{m}}",8287128,340066],"K_490\/12.2.1":["{{m}}",8627194,2646846],"K_490\/12.2.2":["{{m}}",11274040,17278],"K_490\/12.2.3":["{{m}}",11291318,924259],"K_490\/12.2.4":["{{m}}",12215577,836604],"K_490\/12.3.0":["{{m}}",13052181,61610],"K_490\/12.3.1":["{{m}}",13113791,1972210],"K_490\/12.3.2":["{{m}}",15086001,1608978],"K_490\/12.3.3":["{{m}}",16694979,1266314],"K_490\/12.3.4":["{{m}}",17961293,1426223],"K_490\/12.4.0":["{{m}}",19387516,10921],"K_490\/12.4.1":["{{m}}",19398437,534035],"K_490\/12.4.2":["{{m}}",19932472,888389],"K_490\/12.4.3":["{{m}}",20820861,1024867],"K_490\/12.4.4":["{{m}}",21845728,548154],"K_490\/13.0.0":["{{n}}",151229,686504],"K_490\/13.0.1":["{{n}}",837733,74110],"K_490\/13.0.2":["{{n}}",911843,691294],"K_490\/13.0.3":["{{n}}",1603137,2132377],"K_490\/13.0.4":["{{n}}",3735514,3169047],"K_490\/13.1.0":["{{n}}",6904561,345580],"K_490\/13.1.1":["{{n}}",7250141,478358],"K_490\/13.1.2":["{{n}}",7728499,1050146],"K_490\/13.1.3":["{{n}}",8778645,1561506],"K_490\/13.1.4":["{{n}}",10340151,1870702],"K_490\/13.2.0":["{{n}}",12210853,546704],"K_490\/13.2.1":["{{n}}",12757557,1403012],"K_490\/13.2.2":["{{n}}",14160569,74799],"K_490\/13.2.3":["{{n}}",14235368,251198],"K_490\/13.2.4":["{{n}}",14486566,2450477],"K_490\/13.3.0":["{{n}}",16937043,1420490],"K_490\/13.3.1":["{{n}}",18357533,1354712],"K_490\/13.3.2":["{{n}}",19712245,1170819],"K_490\/13.3.3":["{{n}}",20883064,1566685],"K_490\/13.3.4":["{{n}}",22449749,1389702],"K_490\/13.4.0":["{{n}}",23839451,666709],"K_490\/13.4.1":["{{n}}",24506160,2118199],"K_490\/13.4.2":["{{n}}",26624359,218220],"K_490\/13.4.3":["{{n}}",26842579,1749849],"K_490\/13.4.4":["{{n}}",28592428,417077],"K_490\/14.0.0":["{{o}}",151229,125326],"K_490\/14.0.1":["{{o}}",276555,642184],"K_490\/14.0.2":["{{o}}",918739,536417],"K_490\/14.0.3":["{{o}}",1455156,1032842],"K_490\/14.0.4":["{{o}}",2487998,309231],"K_490\/14.1.0":["{{o}}",2797229,354653],"K_490\/14.1.1":["{{o}}",3151882,1152099],"K_490\/14.1.2":["{{o}}",4303981,871540],"K_490\/14.1.3":["{{o}}",5175521,1238294],"K_490\/14.1.4":["{{o}}",6413815,673329],"K_490\/14.2.0":["{{o}}",7087144,27194],"K_490\/14.2.1":["{{o}}",7114338,1949739],"K_490\/14.2.2":["{{o}}",9064077,53239],"K_490\/14.2.3":["{{o}}",9117316,227385],"K_490\/14.2.4":["{{o}}",9344701,852111],"K_490\/14.3.0":["{{o}}",10196812,10921],"K_490\/14.3.1":["{{o}}",10207733,1315033],"K_490\/14.3.2":["{{o}}",11522766,953070],"K_490\/14.3.3":["{{o}}",12475836,2192025],"K_490\/14.3.4":["{{o}}",14667861,2725675],"K_490\/14.4.0":["{{o}}",17393536,10921],"K_490\/14.4.1":["{{o}}",17404457,1384524],"K_490\/14.4.2":["{{o}}",18788981,641798],"K_490\/14.4.3":["{{o}}",19430779,952147],"K_490\/14.4.4":["{{o}}",20382926,1751953],"K_490\/15.0.0":["{{p}}",151229,590263],"K_490\/15.0.1":["{{p}}",741492,1154642],"K_490\/15.0.2":["{{p}}",1896134,1145386],"K_490\/15.0.3":["{{p}}",3041520,1505101],"K_490\/15.0.4":["{{p}}",4546621,2530328],"K_490\/15.1.0":["{{p}}",7076949,1331258],"K_490\/15.1.1":["{{p}}",8408207,1217972],"K_490\/15.1.2":["{{p}}",9626179,688690],"K_490\/15.1.3":["{{p}}",10314869,1126991],"K_490\/15.1.4":["{{p}}",11441860,2318465],"K_490\/15.2.0":["{{p}}",13760325,925014],"K_490\/15.2.1":["{{p}}",14685339,1396190],"K_490\/15.2.2":["{{p}}",16081529,36693],"K_490\/15.2.3":["{{p}}",16118222,141159],"K_490\/15.2.4":["{{p}}",16259381,1280204],"K_490\/15.3.0":["{{p}}",17539585,220789],"K_490\/15.3.1":["{{p}}",17760374,1873652],"K_490\/15.3.2":["{{p}}",19634026,1782332],"K_490\/15.3.3":["{{p}}",21416358,2951988],"K_490\/15.3.4":["{{p}}",24368346,931386],"K_490\/15.4.0":["{{p}}",25299732,179262],"K_490\/15.4.1":["{{p}}",25478994,347355],"K_490\/15.4.2":["{{p}}",25826349,1528144],"K_490\/15.4.3":["{{p}}",27354493,771419],"K_490\/15.4.4":["{{p}}",28125912,639693],"K_490\/16.0.0":["{{q}}",151229,130939],"K_490\/16.0.1":["{{q}}",282168,1463935],"K_490\/16.0.2":["{{q}}",1746103,1227026],"K_490\/16.0.3":["{{q}}",2973129,2456798],"K_490\/16.0.4":["{{q}}",5429927,1274160],"K_490\/16.1.0":["{{q}}",6704087,542720],"K_490\/16.1.1":["{{q}}",7246807,1985482],"K_490\/16.1.2":["{{q}}",9232289,602761],"K_490\/16.1.3":["{{q}}",9835050,591581],"K_490\/16.1.4":["{{q}}",10426631,1981725],"K_490\/16.2.0":["{{q}}",12408356,1795852],"K_490\/16.2.1":["{{q}}",14204208,1641067],"K_490\/16.2.2":["{{q}}",15845275,43680],"K_490\/16.2.3":["{{q}}",15888955,117686],"K_490\/16.2.4":["{{q}}",16006641,1443301],"K_490\/16.3.0":["{{q}}",17449942,1395873],"K_490\/16.3.1":["{{q}}",18845815,1909708],"K_490\/16.3.2":["{{q}}",20755523,2648613],"K_490\/16.3.3":["{{q}}",23404136,1424186],"K_490\/16.3.4":["{{q}}",24828322,2740042],"K_490\/16.4.0":["{{q}}",27568364,748512],"K_490\/16.4.1":["{{q}}",28316876,581046],"K_490\/16.4.2":["{{q}}",28897922,934340],"K_490\/16.4.3":["{{q}}",29832262,868846],"K_490\/16.4.4":["{{q}}",30701108,788608],"K_490\/17.0.0":["{{r}}",151229,658141],"K_490\/17.0.1":["{{r}}",809370,1044787],"K_490\/17.0.2":["{{r}}",1854157,1818954],"K_490\/17.0.3":["{{r}}",3673111,838074],"K_490\/17.0.4":["{{r}}",4511185,4165967],"K_490\/17.1.0":["{{r}}",8677152,289900],"K_490\/17.1.1":["{{r}}",8967052,1366586],"K_490\/17.1.2":["{{r}}",10333638,463612],"K_490\/17.1.3":["{{r}}",10797250,857883],"K_490\/17.1.4":["{{r}}",11655133,1109245],"K_490\/17.2.0":["{{r}}",12764378,639806],"K_490\/17.2.1":["{{r}}",13404184,1520025],"K_490\/17.2.2":["{{r}}",14924209,76788],"K_490\/17.2.3":["{{r}}",15000997,562652],"K_490\/17.2.4":["{{r}}",15563649,384802],"K_490\/17.3.0":["{{r}}",15948451,694568],"K_490\/17.3.1":["{{r}}",16643019,2201433],"K_490\/17.3.2":["{{r}}",18844452,3638716],"K_490\/17.3.3":["{{r}}",22483168,1714703],"K_490\/17.3.4":["{{r}}",24197871,755583],"K_490\/17.4.0":["{{r}}",24953454,45962],"K_490\/17.4.1":["{{r}}",24999416,2088896],"K_490\/17.4.2":["{{r}}",27088312,1866400],"K_490\/17.4.3":["{{r}}",28954712,1031252],"K_490\/17.4.4":["{{r}}",29985964,240256],"K_490\/18.0.0":["{{s}}",151229,2931283],"K_490\/18.0.1":["{{s}}",3082512,1490854],"K_490\/18.0.2":["{{s}}",4573366,987970],"K_490\/18.0.3":["{{s}}",5561336,1663892],"K_490\/18.0.4":["{{s}}",7225228,2335648],"K_490\/18.1.0":["{{s}}",9560876,1852495],"K_490\/18.1.1":["{{s}}",11413371,1508124],"K_490\/18.1.2":["{{s}}",12921495,242370],"K_490\/18.1.3":["{{s}}",13163865,401219],"K_490\/18.1.4":["{{s}}",13565084,715073],"K_490\/18.2.0":["{{s}}",14280157,2328339],"K_490\/18.2.1":["{{s}}",16608496,1258839],"K_490\/18.2.2":["{{s}}",17867335,82903],"K_490\/18.2.3":["{{s}}",17950238,495800],"K_490\/18.2.4":["{{s}}",18446038,1686428],"K_490\/18.3.0":["{{s}}",20132466,2017613],"K_490\/18.3.1":["{{s}}",22150079,2742271],"K_490\/18.3.2":["{{s}}",24892350,2122358],"K_490\/18.3.3":["{{s}}",27014708,2815415],"K_490\/18.3.4":["{{s}}",29830123,1382718],"K_490\/18.4.0":["{{s}}",31212841,416610],"K_490\/18.4.1":["{{s}}",31629451,1713203],"K_490\/18.4.2":["{{s}}",33342654,1970500],"K_490\/18.4.3":["{{s}}",35313154,742172],"K_490\/18.4.4":["{{s}}",36055326,622487],"K_490\/19.0.0":["{{t}}",151229,302157],"K_490\/19.0.1":["{{t}}",453386,1067499],"K_490\/19.0.2":["{{t}}",1520885,1243273],"K_490\/19.0.3":["{{t}}",2764158,1336043],"K_490\/19.0.4":["{{t}}",4100201,10921],"K_490\/19.1.0":["{{t}}",4111122,364402],"K_490\/19.1.1":["{{t}}",4475524,1088095],"K_490\/19.1.2":["{{t}}",5563619,582971],"K_490\/19.1.3":["{{t}}",6146590,733229],"K_490\/19.1.4":["{{t}}",6879819,177747],"K_490\/19.2.0":["{{t}}",7057566,530894],"K_490\/19.2.1":["{{t}}",7588460,2108967],"K_490\/19.2.2":["{{t}}",9697427,21160],"K_490\/19.2.3":["{{t}}",9718587,1015753],"K_490\/19.2.4":["{{t}}",10734340,583262],"K_490\/19.3.0":["{{t}}",11317602,46508],"K_490\/19.3.1":["{{t}}",11364110,2239197],"K_490\/19.3.2":["{{t}}",13603307,1945120],"K_490\/19.3.3":["{{t}}",15548427,2108114],"K_490\/19.3.4":["{{t}}",17656541,1123126],"K_490\/19.4.0":["{{t}}",18779667,12034],"K_490\/19.4.1":["{{t}}",18791701,421334],"K_490\/19.4.2":["{{t}}",19213035,3146523],"K_490\/19.4.3":["{{t}}",22359558,810369],"K_490\/19.4.4":["{{t}}",23169927,1011385],"K_490\/20.0.0":["{{u}}",151229,1189025],"K_490\/20.0.1":["{{u}}",1340254,677125],"K_490\/20.0.2":["{{u}}",2017379,916364],"K_490\/20.0.3":["{{u}}",2933743,2427926],"K_490\/20.0.4":["{{u}}",5361669,2678469],"K_490\/20.1.0":["{{u}}",8040138,1242467],"K_490\/20.1.1":["{{u}}",9282605,348608],"K_490\/20.1.2":["{{u}}",9631213,54957],"K_490\/20.1.3":["{{u}}",9686170,515056],"K_490\/20.1.4":["{{u}}",10201226,951566],"K_490\/20.2.0":["{{u}}",11152792,1386748],"K_490\/20.2.1":["{{u}}",12539540,1341974],"K_490\/20.2.2":["{{u}}",13881514,19066],"K_490\/20.2.3":["{{u}}",13900580,586104],"K_490\/20.2.4":["{{u}}",14486684,1708023],"K_490\/20.3.0":["{{u}}",16194707,1342174],"K_490\/20.3.1":["{{u}}",17536881,1929889],"K_490\/20.3.2":["{{u}}",19466770,1800911],"K_490\/20.3.3":["{{u}}",21267681,2294658],"K_490\/20.3.4":["{{u}}",23562339,1773851],"K_490\/20.4.0":["{{u}}",25336190,645165],"K_490\/20.4.1":["{{u}}",25981355,1863736],"K_490\/20.4.2":["{{u}}",27845091,924989],"K_490\/20.4.3":["{{u}}",28770080,1828859],"K_490\/20.4.4":["{{u}}",30598939,529234],"K_490\/21.0.0":["{{v}}",151229,90964],"K_490\/21.0.1":["{{v}}",242193,560130],"K_490\/21.0.2":["{{v}}",802323,628434],"K_490\/21.0.3":["{{v}}",1430757,1907186],"K_490\/21.0.4":["{{v}}",3337943,124187],"K_490\/21.1.0":["{{v}}",3462130,75359],"K_490\/21.1.1":["{{v}}",3537489,129134],"K_490\/21.1.2":["{{v}}",3666623,47218],"K_490\/21.1.3":["{{v}}",3713841,1049205],"K_490\/21.1.4":["{{v}}",4763046,205383],"K_490\/21.2.0":["{{v}}",4968429,200093],"K_490\/21.2.1":["{{v}}",5168522,1927525],"K_490\/21.2.2":["{{v}}",7096047,35723],"K_490\/21.2.3":["{{v}}",7131770,850884],"K_490\/21.2.4":["{{v}}",7982654,1254187],"K_490\/21.3.0":["{{v}}",9236841,12985],"K_490\/21.3.1":["{{v}}",9249826,3305477],"K_490\/21.3.2":["{{v}}",12555303,2096044],"K_490\/21.3.3":["{{v}}",14651347,2927736],"K_490\/21.3.4":["{{v}}",17579083,1824277],"K_490\/21.4.0":["{{v}}",19403360,10921],"K_490\/21.4.1":["{{v}}",19414281,931269],"K_490\/21.4.2":["{{v}}",20345550,529325],"K_490\/21.4.3":["{{v}}",20874875,1686526],"K_490\/21.4.4":["{{v}}",22561401,1898044],"K_490\/22.0.0":["{{w}}",151229,395037],"K_490\/22.0.1":["{{w}}",546266,309062],"K_490\/22.0.2":["{{w}}",855328,207726],"K_490\/22.0.3":["{{w}}",1063054,1754821],"K_490\/22.0.4":["{{w}}",2817875,2402669],"K_490\/22.1.0":["{{w}}",5220544,14271],"K_490\/22.1.1":["{{w}}",5234815,48827],"K_490\/22.1.2":["{{w}}",5283642,212418],"K_490\/22.1.3":["{{w}}",5496060,749690],"K_490\/22.1.4":["{{w}}",6245750,1224568],"K_490\/22.2.0":["{{w}}",7470318,816793],"K_490\/22.2.1":["{{w}}",8287111,900633],"K_490\/22.2.2":["{{w}}",9187744,48975],"K_490\/22.2.3":["{{w}}",9236719,83364],"K_490\/22.2.4":["{{w}}",9320083,1544337],"K_490\/22.3.0":["{{w}}",10864420,1303889],"K_490\/22.3.1":["{{w}}",12168309,3798185],"K_490\/22.3.2":["{{w}}",15966494,3377042],"K_490\/22.3.3":["{{w}}",19343536,3119713],"K_490\/22.3.4":["{{w}}",22463249,776934],"K_490\/22.4.0":["{{w}}",23240183,145366],"K_490\/22.4.1":["{{w}}",23385549,2021788],"K_490\/22.4.2":["{{w}}",25407337,1582343],"K_490\/22.4.3":["{{w}}",26989680,1189947],"K_490\/22.4.4":["{{w}}",28179627,164459],"K_490\/23.0.0":["{{x}}",151229,321488],"K_490\/23.0.1":["{{x}}",472717,366571],"K_490\/23.0.2":["{{x}}",839288,748142],"K_490\/23.0.3":["{{x}}",1587430,2855040],"K_490\/23.0.4":["{{x}}",4442470,402318],"K_490\/23.1.0":["{{x}}",4844788,10921],"K_490\/23.1.1":["{{x}}",4855709,122407],"K_490\/23.1.2":["{{x}}",4978116,76907],"K_490\/23.1.3":["{{x}}",5055023,570472],"K_490\/23.1.4":["{{x}}",5625495,315540],"K_490\/23.2.0":["{{x}}",5941035,10921],"K_490\/23.2.1":["{{x}}",5951956,1161955],"K_490\/23.2.2":["{{x}}",7113911,15064],"K_490\/23.2.3":["{{x}}",7128975,27954],"K_490\/23.2.4":["{{x}}",7156929,1153253],"K_490\/23.3.0":["{{x}}",8310182,1511621],"K_490\/23.3.1":["{{x}}",9821803,3046484],"K_490\/23.3.2":["{{x}}",12868287,2725657],"K_490\/23.3.3":["{{x}}",15593944,1973740],"K_490\/23.3.4":["{{x}}",17567684,2292847],"K_490\/23.4.0":["{{x}}",19860531,1464143],"K_490\/23.4.1":["{{x}}",21324674,1099743],"K_490\/23.4.2":["{{x}}",22424417,1064079],"K_490\/23.4.3":["{{x}}",23488496,1605124],"K_490\/23.4.4":["{{x}}",25093620,300256],"K_490\/24.0.0":["{{y}}",151229,584324],"K_490\/24.0.1":["{{y}}",735553,71641],"K_490\/24.0.2":["{{y}}",807194,585969],"K_490\/24.0.3":["{{y}}",1393163,3044071],"K_490\/24.0.4":["{{y}}",4437234,2921106],"K_490\/24.1.0":["{{y}}",7358340,366789],"K_490\/24.1.1":["{{y}}",7725129,160225],"K_490\/24.1.2":["{{y}}",7885354,117851],"K_490\/24.1.3":["{{y}}",8003205,1001798],"K_490\/24.1.4":["{{y}}",9005003,1508566],"K_490\/24.2.0":["{{y}}",10513569,963864],"K_490\/24.2.1":["{{y}}",11477433,999444],"K_490\/24.2.2":["{{y}}",12476877,10921],"K_490\/24.2.3":["{{y}}",12487798,141260],"K_490\/24.2.4":["{{y}}",12629058,345431],"K_490\/24.3.0":["{{y}}",12974489,745129],"K_490\/24.3.1":["{{y}}",13719618,1631652],"K_490\/24.3.2":["{{y}}",15351270,3397664],"K_490\/24.3.3":["{{y}}",18748934,1728179],"K_490\/24.3.4":["{{y}}",20477113,837002],"K_490\/24.4.0":["{{y}}",21314115,61762],"K_490\/24.4.1":["{{y}}",21375877,1289350],"K_490\/24.4.2":["{{y}}",22665227,2472467],"K_490\/24.4.3":["{{y}}",25137694,1002046],"K_490\/24.4.4":["{{y}}",26139740,1406812],"K_490\/25.0.0":["{{z}}",151229,422632],"K_490\/25.0.1":["{{z}}",573861,135000],"K_490\/25.0.2":["{{z}}",708861,2341624],"K_490\/25.0.3":["{{z}}",3050485,1854058],"K_490\/25.0.4":["{{z}}",4904543,1216132],"K_490\/25.1.0":["{{z}}",6120675,811225],"K_490\/25.1.1":["{{z}}",6931900,441256],"K_490\/25.1.2":["{{z}}",7373156,76489],"K_490\/25.1.3":["{{z}}",7449645,385241],"K_490\/25.1.4":["{{z}}",7834886,1307546],"K_490\/25.2.0":["{{z}}",9142432,1583447],"K_490\/25.2.1":["{{z}}",10725879,768014],"K_490\/25.2.2":["{{z}}",11493893,23558],"K_490\/25.2.3":["{{z}}",11517451,22903],"K_490\/25.2.4":["{{z}}",11540354,291493],"K_490\/25.3.0":["{{z}}",11831847,2550240],"K_490\/25.3.1":["{{z}}",14382087,1371338],"K_490\/25.3.2":["{{z}}",15753425,2225085],"K_490\/25.3.3":["{{z}}",17978510,1672191],"K_490\/25.3.4":["{{z}}",19650701,1871924],"K_490\/25.4.0":["{{z}}",21522625,1496339],"K_490\/25.4.1":["{{z}}",23018964,1158813],"K_490\/25.4.2":["{{z}}",24177777,245476],"K_490\/25.4.3":["{{z}}",24423253,2652350],"K_490\/25.4.4":["{{z}}",27075603,932017],"K_490\/26.0.0":["{{A}}",151229,731630],"K_490\/26.0.1":["{{A}}",882859,276844],"K_490\/26.0.2":["{{A}}",1159703,1835964],"K_490\/26.0.3":["{{A}}",2995667,1286439],"K_490\/26.0.4":["{{A}}",4282106,2568708],"K_490\/26.1.0":["{{A}}",6850814,107327],"K_490\/26.1.1":["{{A}}",6958141,33223],"K_490\/26.1.2":["{{A}}",6991364,125687],"K_490\/26.1.3":["{{A}}",7117051,956570],"K_490\/26.1.4":["{{A}}",8073621,1644447],"K_490\/26.2.0":["{{A}}",9718068,506213],"K_490\/26.2.1":["{{A}}",10224281,1287511],"K_490\/26.2.2":["{{A}}",11511792,32636],"K_490\/26.2.3":["{{A}}",11544428,551744],"K_490\/26.2.4":["{{A}}",12096172,308199],"K_490\/26.3.0":["{{A}}",12404371,455091],"K_490\/26.3.1":["{{A}}",12859462,1421778],"K_490\/26.3.2":["{{A}}",14281240,1077655],"K_490\/26.3.3":["{{A}}",15358895,3019780],"K_490\/26.3.4":["{{A}}",18378675,1416161],"K_490\/26.4.0":["{{A}}",19794836,114509],"K_490\/26.4.1":["{{A}}",19909345,2793214],"K_490\/26.4.2":["{{A}}",22702559,927808],"K_490\/26.4.3":["{{A}}",23630367,82975],"K_490\/26.4.4":["{{A}}",23713342,738922],"K_490\/27.0.0":["{{B}}",151229,709633],"K_490\/27.0.1":["{{B}}",860862,519129],"K_490\/27.0.2":["{{B}}",1379991,1965312],"K_490\/27.0.3":["{{B}}",3345303,719516],"K_490\/27.0.4":["{{B}}",4064819,1352537],"K_490\/27.1.0":["{{B}}",5417356,982126],"K_490\/27.1.1":["{{B}}",6399482,299723],"K_490\/27.1.2":["{{B}}",6699205,355151],"K_490\/27.1.3":["{{B}}",7054356,165157],"K_490\/27.1.4":["{{B}}",7219513,280383],"K_490\/27.2.0":["{{B}}",7499896,1813473],"K_490\/27.2.1":["{{B}}",9313369,690507],"K_490\/27.2.2":["{{B}}",10003876,11348],"K_490\/27.2.3":["{{B}}",10015224,154509],"K_490\/27.2.4":["{{B}}",10169733,1782299],"K_490\/27.3.0":["{{B}}",11952032,1656811],"K_490\/27.3.1":["{{B}}",13608843,1820837],"K_490\/27.3.2":["{{B}}",15429680,1160744],"K_490\/27.3.3":["{{B}}",16590424,2261712],"K_490\/27.3.4":["{{B}}",18852136,2166892],"K_490\/27.4.0":["{{B}}",21019028,151084],"K_490\/27.4.1":["{{B}}",21170112,2663660],"K_490\/27.4.2":["{{B}}",23833772,2233721],"K_490\/27.4.3":["{{B}}",26067493,1413510],"K_490\/27.4.4":["{{B}}",27481003,185129],"K_490\/28.0.0":["{{C}}",151229,346616],"K_490\/28.0.1":["{{C}}",497845,594123],"K_490\/28.0.2":["{{C}}",1091968,1960667],"K_490\/28.0.3":["{{C}}",3052635,2191875],"K_490\/28.0.4":["{{C}}",5244510,10921],"K_490\/28.1.0":["{{C}}",5255431,70426],"K_490\/28.1.1":["{{C}}",5325857,85460],"K_490\/28.1.2":["{{C}}",5411317,651354],"K_490\/28.1.3":["{{C}}",6062671,31018],"K_490\/28.1.4":["{{C}}",6093689,10921],"K_490\/28.2.0":["{{C}}",6104610,65007],"K_490\/28.2.1":["{{C}}",6169617,527035],"K_490\/28.2.2":["{{C}}",6696652,16978],"K_490\/28.2.3":["{{C}}",6713630,239900],"K_490\/28.2.4":["{{C}}",6953530,435562],"K_490\/28.3.0":["{{C}}",7389092,11131],"K_490\/28.3.1":["{{C}}",7400223,1747197],"K_490\/28.3.2":["{{C}}",9147420,1309302],"K_490\/28.3.3":["{{C}}",10456722,2343351],"K_490\/28.3.4":["{{C}}",12800073,1491848],"K_490\/28.4.0":["{{C}}",14291921,10921],"K_490\/28.4.1":["{{C}}",14302842,640075],"K_490\/28.4.2":["{{C}}",14942917,2142255],"K_490\/28.4.3":["{{C}}",17085172,1014715],"K_490\/28.4.4":["{{C}}",18099887,1951880],"K_490\/29.0.0":["{{D}}",151229,343745],"K_490\/29.0.1":["{{D}}",494974,388069],"K_490\/29.0.2":["{{D}}",883043,1868304],"K_490\/29.0.3":["{{D}}",2751347,531897],"K_490\/29.0.4":["{{D}}",3283244,1377278],"K_490\/29.1.0":["{{D}}",4660522,38140],"K_490\/29.1.1":["{{D}}",4698662,228809],"K_490\/29.1.2":["{{D}}",4927471,153093],"K_490\/29.1.3":["{{D}}",5080564,101668],"K_490\/29.1.4":["{{D}}",5182232,146742],"K_490\/29.2.0":["{{D}}",5328974,434056],"K_490\/29.2.1":["{{D}}",5763030,513632],"K_490\/29.2.2":["{{D}}",6276662,15769],"K_490\/29.2.3":["{{D}}",6292431,500923],"K_490\/29.2.4":["{{D}}",6793354,1861365],"K_490\/29.3.0":["{{D}}",8654719,1537715],"K_490\/29.3.1":["{{D}}",10192434,1388035],"K_490\/29.3.2":["{{D}}",11580469,894809],"K_490\/29.3.3":["{{D}}",12475278,699722],"K_490\/29.3.4":["{{D}}",13175000,1707292],"K_490\/29.4.0":["{{D}}",14882292,62024],"K_490\/29.4.1":["{{D}}",14944316,150370],"K_490\/29.4.2":["{{D}}",15094686,414227],"K_490\/29.4.3":["{{D}}",15508913,1864943],"K_490\/29.4.4":["{{D}}",17373856,399623],"K_490\/30.0.0":["{{E}}",151229,273871],"K_490\/30.0.1":["{{E}}",425100,396489],"K_490\/30.0.2":["{{E}}",821589,1582591],"K_490\/30.0.3":["{{E}}",2404180,514069],"K_490\/30.0.4":["{{E}}",2918249,88938],"K_490\/30.1.0":["{{E}}",3007187,46318],"K_490\/30.1.1":["{{E}}",3053505,814435],"K_490\/30.1.2":["{{E}}",3867940,220139],"K_490\/30.1.3":["{{E}}",4088079,111038],"K_490\/30.1.4":["{{E}}",4199117,62468],"K_490\/30.2.0":["{{E}}",4261585,18134],"K_490\/30.2.1":["{{E}}",4279719,1244555],"K_490\/30.2.2":["{{E}}",5524274,29692],"K_490\/30.2.3":["{{E}}",5553966,962153],"K_490\/30.2.4":["{{E}}",6516119,1890962],"K_490\/30.3.0":["{{E}}",8407081,10921],"K_490\/30.3.1":["{{E}}",8418002,2155396],"K_490\/30.3.2":["{{E}}",10573398,1338468],"K_490\/30.3.3":["{{E}}",11911866,386384],"K_490\/30.3.4":["{{E}}",12298250,1414729],"K_490\/30.4.0":["{{E}}",13712979,75510],"K_490\/30.4.1":["{{E}}",13788489,778672],"K_490\/30.4.2":["{{E}}",14567161,399047],"K_490\/30.4.3":["{{E}}",14966208,860256],"K_490\/30.4.4":["{{E}}",15826464,1307364]}}