{"version":1,"templates":{"a":"s3:\/\/imos-data\/IMOS\/SRS\/OC\/gridded\/aqua\/P1D\/2013\/08\/A.P1D.20130801T053000Z.aust.K_490.nc","b":"s3:\/\/imos-data\/IMOS\/SRS\/OC\/gridded\/aqua\/P1D\/2013\/08\/A.P1D.20130802T053000Z.aust.K_490.nc","c":"s3:\/\/imos-data\/IMOS\/SRS\/OC\/gridded\/aqua\/P1D\/2013\/08\/A.P1D.20130803T053000Z.aust.K_490.nc","d":"s3:\/\/imos-data\/IMOS\/SRS\/OC\/gridded\/aqua\/P1D\/2013\/08\/A.P1D.20130804T053000Z.aust.K_490.nc","e":"s3:\/\/imos-data\/IMOS\/SRS\/OC\/gridded\/aqua\/P1D\/2013\/08\/A.P1D.20130805T053000Z.aust.K_490.nc","f":"s3:\/\/imos-data\/IMOS\/SRS\/OC\/gridded\/aqua\/P1D\/2013\/08\/A.P1D.20130806T053000Z.aust.K_490.nc","g":"s3:\/\/imos-data\/IMOS\/SRS\/OC\/gridded\/aqua\/P1D\/2013\/08\/A.P1D.20130807T053000Z.aust.K_490.nc","h":"s3:\/\/imos-data\/IMOS\/SRS\/OC\/gridded\/aqua\/P1D\/2013\/08\/A.P1D.20130808T053000Z.aust.K_490.nc","i":"s3:\/\/imos-data\/IMOS\/SRS\/OC\/gridded\/aqua\/P1D\/2013\/08\/A.P1D.20130809T053000Z.aust.K_490.nc","j":"s3:\/\/imos-data\/IMOS\/SRS\/OC\/gridded\/aqua\/P1D\/2013\/08\/A.P1D.20130810T053000Z.aust.K_490.nc","k":"s3:\/\/imos-data\/IMOS\/SRS\/OC\/gridded\/aqua\/P1D\/2013\/08\/A.P1D.20130811T053000Z.aust.K_490.nc","l":"s3:\/\/imos-data\/IMOS\/SRS\/OC\/gridded\/aqua\/P1D\/2013\/08\/A.P1D.20130812T053000Z.aust.K_490.nc","m":"s3:\/\/imos-data\/IMOS\/SRS\/OC\/gridded\/aqua\/P1D\/2013\/08\/A.P1D.20130813T053000Z.aust.K_490.nc","n":"s3:\/\/imos-data\/IMOS\/SRS\/OC\/gridded\/aqua\/P1D\/2013\/08\/A.P1D.20130814T053000Z.aust.K_490.nc","o":"s3:\/\/imos-data\/IMOS\/SRS\/OC\/gridded\/aqua\/P1D\/2013\/08\/A.P1D.20130815T053000Z.aust.K_490.nc","p":"s3:\/\/imos-data\/IMOS\/SRS\/OC\/gridded\/aqua\/P1D\/2013\/08\/A.P1D.20130816T053000Z.aust.K_490.nc","q":"s3:\/\/imos-data\/IMOS\/SRS\/OC\/gridded\/aqua\/P1D\/2013\/08\/A.P1D.20130817T053000Z.aust.K_490.nc","r":"s3:\/\/imos-data\/IMOS\/SRS\/OC\/gridded\/aqua\/P1D\/2013\/08\/A.P1D.20130818T053000Z.aust.K_490.nc","s":"s3:\/\/imos-data\/IMOS\/SRS\/OC\/gridded\/aqua\/P1D\/2013\/08\/A.P1D.20130819T053000Z.aust.K_490.nc","t":"s3:\/\/imos-data\/IMOS\/SRS\/OC\/gridded\/aqua\/P1D\/2013\/08\/A.P1D.20130820T053000Z.aust.K_490.nc","u":"s3:\/\/imos-data\/IMOS\/SRS\/OC\/gridded\/aqua\/P1D\/2013\/08\/A.P1D.20130821T053000Z.aust.K_490.nc","v":"s3:\/\/imos-data\/IMOS\/SRS\/OC\/gridded\/aqua\/P1D\/2013\/08\/A.P1D.20130822T053000Z.aust.K_490.nc","w":"s3:\/\/imos-data\/IMOS\/SRS\/OC\/gridded\/aqua\/P1D\/2013\/08\/A.P1D.20130823T053000Z.aust.K_490.nc","x":"s3:\/\/imos-data\/IMOS\/SRS\/OC\/gridded\/aqua\/P1D\/2013\/08\/A.P1D.20130824T053000Z.aust.K_490.nc","y":"s3:\/\/imos-data\/IMOS\/SRS\/OC\/gridded\/aqua\/P1D\/2013\/08\/A.P1D.20130825T053000Z.aust.K_490.nc","z":"s3:\/\/imos-data\/IMOS\/SRS\/OC\/gridded\/aqua\/P1D\/2013\/08\/A.P1D.20130826T053000Z.aust.K_490.nc","A":"s3:\/\/imos-data\/IMOS\/SRS\/OC\/gridded\/aqua\/P1D\/2013\/08\/A.P1D.20130827T053000Z.aust.K_490.nc","B":"s3:\/\/imos-data\/IMOS\/SRS\/OC\/gridded\/aqua\/P1D\/2013\/08\/A.P1D.20130828T053000Z.aust.K_490.nc","C":"s3:\/\/imos-data\/IMOS\/SRS\/OC\/gridded\/aqua\/P1D\/2013\/08\/A.P1D.20130829T053000Z.aust.K_490.nc","D":"s3:\/\/imos-data\/IMOS\/SRS\/OC\/gridded\/aqua\/P1D\/2013\/08\/A.P1D.20130830T053000Z.aust.K_490.nc","E":"s3:\/\/imos-data\/IMOS\/SRS\/OC\/gridded\/aqua\/P1D\/2013\/08\/A.P1D.20130831T053000Z.aust.K_490.nc"},"refs":{".zgroup":"{\"zarr_format\":2}",".zattrs":"{\"Conventions\":\"CF-1.6\",\"_NCProperties\":\"version=1|netcdflibversion=4.6.1|hdf5libversion=1.10.4\",\"_nc3_strict\":1,\"history\":\"File initialised at 2020-08-06T06:11:17.693911\\nInitialised var K_490 at 2020-08-06T06:12:39.044791\\nAdd Granule A20130801_0240.20190925095238.L2OC_BASE.K_490.nc at 2020-08-06T06:12:42.119109\\nAdd Granule A20130801_0245.20190925092514.L2OC_BASE.K_490.nc at 2020-08-06T06:12:42.517967\\nAdd Granule A20130801_0250.20190925084033.L2OC_BASE.K_490.nc at 2020-08-06T06:12:42.834716\\nAdd Granule A20130801_0255.20190925095831.L2OC_BASE.K_490.nc at 2020-08-06T06:12:42.992287\\nAdd Granule A20130801_0415.20190925093349.L2OC_BASE.K_490.nc at 2020-08-06T06:12:43.222103\\nAdd Granule A20130801_0420.20190925085006.L2OC_BASE.K_490.nc at 2020-08-06T06:12:43.462193\\nAdd Granule A20130801_0425.20190925100538.L2OC_BASE.K_490.nc at 2020-08-06T06:12:43.645943\\nAdd Granule A20130801_0430.20190925091926.L2OC_BASE.K_490.nc at 2020-08-06T06:12:43.817523\\nAdd Granule A20130801_0555.20190925091341.L2OC_BASE.K_490.nc at 2020-08-06T06:12:44.081976\\nAdd Granule A20130801_0600.20190925090723.L2OC_BASE.K_490.nc at 2020-08-06T06:12:44.312349\\nAdd Granule A20130801_0605.20190925094219.L2OC_BASE.K_490.nc at 2020-08-06T06:12:44.557205\\nAdd Granule A20130801_0610.20190925085612.L2OC_BASE.K_490.nc at 2020-08-06T06:12:44.721635\\nAdd Granule A20130801_0730.20190925093843.L2OC_BASE.K_490.nc at 2020-08-06T06:12:44.834222\\nAdd Granule A20130801_0735.20190925090232.L2OC_BASE.K_490.nc at 2020-08-06T06:12:45.061466\\nAdd Granule A20130801_0740.20190925101003.L2OC_BASE.K_490.nc at 2020-08-06T06:12:45.237240\",\"source_path\":\"imos-srs\\\/archive\\\/oc\\\/aqua\\\/1d\\\/v201909\\\/2013\\\/08\\\/A20130801.L2OC_BASE.aust.K_490.nc\"}","K_490\/.zarray":"{\"chunks\":[1,1401,2001],\"compressor\":{\"id\":\"zlib\",\"level\":4},\"dtype\":\"<f4\",\"fill_value\":-999.0,\"filters\":[{\"elementsize\":4,\"id\":\"shuffle\"}],\"order\":\"C\",\"shape\":[31,7001,10001],\"zarr_format\":2}","K_490\/.zattrs":"{\"_ARRAY_DIMENSIONS\":[\"time\",\"latitude\",\"longitude\"],\"flag_applied\":\"HISATZEN LAND CLDICE NAVFAIL\",\"long_name\":\"Diffuse attenuation coefficient at 490 nm (OBPG)\",\"units\":\"m^-1\"}","longitude\/.zarray":"{\n    \"chunks\": [\n        10001\n    ],\n    \"compressor\": null,\n    \"dtype\": \"<f8\",\n    \"fill_value\": 9.969209968386869e+36,\n    \"filters\": null,\n    \"order\": \"C\",\n    \"shape\": [\n        10001\n    ],\n    \"zarr_format\": 2\n}","longitude\/.zattrs":"{\n    \"NAME\": \"longitude\",\n    \"_ARRAY_DIMENSIONS\": [\n        \"longitude\"\n    ],\n    \"_Netcdf4Dimid\": 2,\n    \"axis\": \"X\",\n    \"long_name\": \"longitude\",\n    \"standard_name\": \"longitude\",\n    \"units\": \"degrees_east\"\n}","longitude\/0":["{{a}}",58400,80008],"latitude\/.zarray":"{\n    \"chunks\": [\n        7001\n    ],\n    \"compressor\": null,\n    \"dtype\": \"<f8\",\n    \"fill_value\": 9.969209968386869e+36,\n    \"filters\": null,\n    \"order\": \"C\",\n    \"shape\": [\n        7001\n    ],\n    \"zarr_format\": 2\n}","latitude\/.zattrs":"{\n    \"NAME\": \"latitude\",\n    \"_ARRAY_DIMENSIONS\": [\n        \"latitude\"\n    ],\n    \"_Netcdf4Dimid\": 1,\n    \"axis\": \"Y\",\n    \"long_name\": \"latitude\",\n    \"standard_name\": \"latitude\",\n    \"units\": \"degrees_north\"\n}","latitude\/0":["{{a}}",2392,56008],"time\/.zarray":"{\"chunks\":[31],\"compressor\":{\"blocksize\":0,\"clevel\":5,\"cname\":\"lz4\",\"id\":\"blosc\",\"shuffle\":1},\"dtype\":\"<M8[us]\",\"fill_value\":0,\"filters\":null,\"order\":\"C\",\"shape\":[31],\"zarr_format\":2}","time\/0":"base64:AgExCPgAAAD4AAAAswAAABQAAACbAAAAHwABAAv7AUamBmbGJobmRqYGZsYmhuYQAPRVH\/bOpXxUKwLasYlgNw\/mvZVsRBvyyqF4UCf\/1q2FXCI\/XXuZt9XzEC5Maoimw+H\/HTtZdpSy0O4MKUdlg6Hc8AQYLEBUaH2RpbnN4fUJHTJGWm6Clqq+0+f7DyM34uLj4+Pj4wUAGOQBAI\/l5eUEBAQEBAUABw\/YAAdQAAAAAAA=","time\/.zattrs":"{\"NAME\":\"time\",\"_ARRAY_DIMENSIONS\":[\"time\"],\"_Netcdf4Dimid\":0,\"axis\":\"T\",\"long_name\":\"time\",\"standard_name\":\"time\"}","K_490\/0.0.0":["{{a}}",151229,10921],"K_490\/0.0.1":["{{a}}",162150,683199],"K_490\/0.0.2":["{{a}}",845349,130844],"K_490\/0.0.3":["{{a}}",976193,1796884],"K_490\/0.0.4":["{{a}}",2773077,1789317],"K_490\/0.1.0":["{{a}}",4562394,10921],"K_490\/0.1.1":["{{a}}",4573315,4167434],"K_490\/0.1.2":["{{a}}",8740749,2363194],"K_490\/0.1.3":["{{a}}",11103943,1512637],"K_490\/0.1.4":["{{a}}",12616580,2126609],"K_490\/0.2.0":["{{a}}",14743189,982930],"K_490\/0.2.1":["{{a}}",15726119,2362606],"K_490\/0.2.2":["{{a}}",18088725,99887],"K_490\/0.2.3":["{{a}}",18188612,998140],"K_490\/0.2.4":["{{a}}",19186752,3025505],"K_490\/0.3.0":["{{a}}",22212257,1083728],"K_490\/0.3.1":["{{a}}",23295985,973622],"K_490\/0.3.2":["{{a}}",24269607,1951555],"K_490\/0.3.3":["{{a}}",26221162,2086400],"K_490\/0.3.4":["{{a}}",28307562,447299],"K_490\/0.4.0":["{{a}}",28754861,210711],"K_490\/0.4.1":["{{a}}",28965572,397335],"K_490\/0.4.2":["{{a}}",29362907,1728797],"K_490\/0.4.3":["{{a}}",31091704,1130817],"K_490\/0.4.4":["{{a}}",32222521,1583223],"K_490\/1.0.0":["{{b}}",151229,178812],"K_490\/1.0.1":["{{b}}",330041,282030],"K_490\/1.0.2":["{{b}}",612071,831380],"K_490\/1.0.3":["{{b}}",1443451,1221711],"K_490\/1.0.4":["{{b}}",2665162,10921],"K_490\/1.1.0":["{{b}}",2676083,1313905],"K_490\/1.1.1":["{{b}}",3989988,2507439],"K_490\/1.1.2":["{{b}}",6497427,2966206],"K_490\/1.1.3":["{{b}}",9463633,2616050],"K_490\/1.1.4":["{{b}}",12079683,164859],"K_490\/1.2.0":["{{b}}",12244542,496141],"K_490\/1.2.1":["{{b}}",12740683,3942970],"K_490\/1.2.2":["{{b}}",16683653,112187],"K_490\/1.2.3":["{{b}}",16795840,2703429],"K_490\/1.2.4":["{{b}}",19499269,1194586],"K_490\/1.3.0":["{{b}}",20693855,28256],"K_490\/1.3.1":["{{b}}",20722111,1037291],"K_490\/1.3.2":["{{b}}",21759402,1929480],"K_490\/1.3.3":["{{b}}",23688882,2591081],"K_490\/1.3.4":["{{b}}",26279963,601199],"K_490\/1.4.0":["{{b}}",26881162,10921],"K_490\/1.4.1":["{{b}}",26892083,376362],"K_490\/1.4.2":["{{b}}",27268445,1581474],"K_490\/1.4.3":["{{b}}",28849919,506257],"K_490\/1.4.4":["{{b}}",29356176,811241],"K_490\/2.0.0":["{{c}}",151229,10921],"K_490\/2.0.1":["{{c}}",162150,483918],"K_490\/2.0.2":["{{c}}",646068,841867],"K_490\/2.0.3":["{{c}}",1487935,1281385],"K_490\/2.0.4":["{{c}}",2769320,1130014],"K_490\/2.1.0":["{{c}}",3899334,768552],"K_490\/2.1.1":["{{c}}",4667886,3257611],"K_490\/2.1.2":["{{c}}",7925497,2850473],"K_490\/2.1.3":["{{c}}",10775970,1490237],"K_490\/2.1.4":["{{c}}",12266207,3068474],"K_490\/2.2.0":["{{c}}",15334681,3145726],"K_490\/2.2.1":["{{c}}",18480407,2937869],"K_490\/2.2.2":["{{c}}",21418276,122367],"K_490\/2.2.3":["{{c}}",21540643,1009840],"K_490\/2.2.4":["{{c}}",22550483,3931834],"K_490\/2.3.0":["{{c}}",26482317,1099622],"K_490\/2.3.1":["{{c}}",27581939,967145],"K_490\/2.3.2":["{{c}}",28549084,1529315],"K_490\/2.3.3":["{{c}}",30078399,2171909],"K_490\/2.3.4":["{{c}}",32250308,2003064],"K_490\/2.4.0":["{{c}}",34253372,96095],"K_490\/2.4.1":["{{c}}",34349467,403419],"K_490\/2.4.2":["{{c}}",34752886,1193176],"K_490\/2.4.3":["{{c}}",35946062,1668384],"K_490\/2.4.4":["{{c}}",37614446,677773],"K_490\/3.0.0":["{{d}}",151229,433414],"K_490\/3.0.1":["{{d}}",584643,667709],"K_490\/3.0.2":["{{d}}",1252352,212759],"K_490\/3.0.3":["{{d}}",1465111,1397714],"K_490\/3.0.4":["{{d}}",2862825,10921],"K_490\/3.1.0":["{{d}}",2873746,295256],"K_490\/3.1.1":["{{d}}",3169002,3389558],"K_490\/3.1.2":["{{d}}",6558560,3518473],"K_490\/3.1.3":["{{d}}",10077033,1962953],"K_490\/3.1.4":["{{d}}",12039986,187334],"K_490\/3.2.0":["{{d}}",12227320,259996],"K_490\/3.2.1":["{{d}}",12487316,4776090],"K_490\/3.2.2":["{{d}}",17263406,52038],"K_490\/3.2.3":["{{d}}",17315444,2828623],"K_490\/3.2.4":["{{d}}",20144067,1704587],"K_490\/3.3.0":["{{d}}",21848654,10921],"K_490\/3.3.1":["{{d}}",21859575,2349001],"K_490\/3.3.2":["{{d}}",24208576,1541618],"K_490\/3.3.3":["{{d}}",25750194,1277457],"K_490\/3.3.4":["{{d}}",27027651,2803951],"K_490\/3.4.0":["{{d}}",29831602,10921],"K_490\/3.4.1":["{{d}}",29842523,176499],"K_490\/3.4.2":["{{d}}",30019022,564777],"K_490\/3.4.3":["{{d}}",30583799,2342863],"K_490\/3.4.4":["{{d}}",32926662,1615953],"K_490\/4.0.0":["{{e}}",151229,10921],"K_490\/4.0.1":["{{e}}",162150,669915],"K_490\/4.0.2":["{{e}}",832065,648919],"K_490\/4.0.3":["{{e}}",1480984,1401729],"K_490\/4.0.4":["{{e}}",2882713,1316084],"K_490\/4.1.0":["{{e}}",4198797,1814199],"K_490\/4.1.1":["{{e}}",6012996,3183517],"K_490\/4.1.2":["{{e}}",9196513,2890364],"K_490\/4.1.3":["{{e}}",12086877,1871645],"K_490\/4.1.4":["{{e}}",13958522,784560],"K_490\/4.2.0":["{{e}}",14743082,2145000],"K_490\/4.2.1":["{{e}}",16888082,2602641],"K_490\/4.2.2":["{{e}}",19490723,141365],"K_490\/4.2.3":["{{e}}",19632088,2065288],"K_490\/4.2.4":["{{e}}",21697376,1878401],"K_490\/4.3.0":["{{e}}",23575777,2019432],"K_490\/4.3.1":["{{e}}",25595209,2907390],"K_490\/4.3.2":["{{e}}",28502599,2619829],"K_490\/4.3.3":["{{e}}",31122428,2583400],"K_490\/4.3.4":["{{e}}",33705828,2102897],"K_490\/4.4.0":["{{e}}",35808725,350081],"K_490\/4.4.1":["{{e}}",36158806,1106810],"K_490\/4.4.2":["{{e}}",37265616,689885],"K_490\/4.4.3":["{{e}}",37955501,2436661],"K_490\/4.4.4":["{{e}}",40392162,179704],"K_490\/5.0.0":["{{f}}",151229,24071],"K_490\/5.0.1":["{{f}}",175300,366024],"K_490\/5.0.2":["{{f}}",541324,1509200],"K_490\/5.0.3":["{{f}}",2050524,1971721],"K_490\/5.0.4":["{{f}}",4022245,279617],"K_490\/5.1.0":["{{f}}",4301862,27687],"K_490\/5.1.1":["{{f}}",4329549,3921530],"K_490\/5.1.2":["{{f}}",8251079,2467823],"K_490\/5.1.3":["{{f}}",10718902,1726019],"K_490\/5.1.4":["{{f}}",12444921,96532],"K_490\/5.2.0":["{{f}}",12541453,10921],"K_490\/5.2.1":["{{f}}",12552374,3749144],"K_490\/5.2.2":["{{f}}",16301518,49911],"K_490\/5.2.3":["{{f}}",16351429,2695500],"K_490\/5.2.4":["{{f}}",19046929,2102532],"K_490\/5.3.0":["{{f}}",21149461,10921],"K_490\/5.3.1":["{{f}}",21160382,2482231],"K_490\/5.3.2":["{{f}}",23642613,2289394],"K_490\/5.3.3":["{{f}}",25932007,1985028],"K_490\/5.3.4":["{{f}}",27917035,3877156],"K_490\/5.4.0":["{{f}}",31794191,202357],"K_490\/5.4.1":["{{f}}",31996548,1521601],"K_490\/5.4.2":["{{f}}",33518149,1267444],"K_490\/5.4.3":["{{f}}",34785593,806559],"K_490\/5.4.4":["{{f}}",35592152,1498149],"K_490\/6.0.0":["{{g}}",151229,60839],"K_490\/6.0.1":["{{g}}",212068,623538],"K_490\/6.0.2":["{{g}}",835606,585685],"K_490\/6.0.3":["{{g}}",1421291,1169451],"K_490\/6.0.4":["{{g}}",2590742,3147946],"K_490\/6.1.0":["{{g}}",5738688,703982],"K_490\/6.1.1":["{{g}}",6442670,3122698],"K_490\/6.1.2":["{{g}}",9565368,2849985],"K_490\/6.1.3":["{{g}}",12415353,2339725],"K_490\/6.1.4":["{{g}}",14755078,2434102],"K_490\/6.2.0":["{{g}}",17189180,1015260],"K_490\/6.2.1":["{{g}}",18204440,2381718],"K_490\/6.2.2":["{{g}}",20586158,130271],"K_490\/6.2.3":["{{g}}",20716429,2703558],"K_490\/6.2.4":["{{g}}",23419987,2751753],"K_490\/6.3.0":["{{g}}",26171740,698633],"K_490\/6.3.1":["{{g}}",26870373,2074893],"K_490\/6.3.2":["{{g}}",28945266,3112473],"K_490\/6.3.3":["{{g}}",32057739,2524820],"K_490\/6.3.4":["{{g}}",34582559,1182801],"K_490\/6.4.0":["{{g}}",35765360,11098],"K_490\/6.4.1":["{{g}}",35776458,664879],"K_490\/6.4.2":["{{g}}",36441337,1838474],"K_490\/6.4.3":["{{g}}",38279811,1023817],"K_490\/6.4.4":["{{g}}",39303628,590450],"K_490\/7.0.0":["{{h}}",151229,10921],"K_490\/7.0.1":["{{h}}",162150,261020],"K_490\/7.0.2":["{{h}}",423170,274272],"K_490\/7.0.3":["{{h}}",697442,1255544],"K_490\/7.0.4":["{{h}}",1952986,896106],"K_490\/7.1.0":["{{h}}",2849092,485710],"K_490\/7.1.1":["{{h}}",3334802,4006166],"K_490\/7.1.2":["{{h}}",7340968,2892095],"K_490\/7.1.3":["{{h}}",10233063,1984171],"K_490\/7.1.4":["{{h}}",12217234,1888001],"K_490\/7.2.0":["{{h}}",14105235,2393014],"K_490\/7.2.1":["{{h}}",16498249,2248382],"K_490\/7.2.2":["{{h}}",18746631,110059],"K_490\/7.2.3":["{{h}}",18856690,1488622],"K_490\/7.2.4":["{{h}}",20345312,1880643],"K_490\/7.3.0":["{{h}}",22225955,1900874],"K_490\/7.3.1":["{{h}}",24126829,1730971],"K_490\/7.3.2":["{{h}}",25857800,1395304],"K_490\/7.3.3":["{{h}}",27253104,1842763],"K_490\/7.3.4":["{{h}}",29095867,3057463],"K_490\/7.4.0":["{{h}}",32153330,662445],"K_490\/7.4.1":["{{h}}",32815775,871522],"K_490\/7.4.2":["{{h}}",33687297,671898],"K_490\/7.4.3":["{{h}}",34359195,1339331],"K_490\/7.4.4":["{{h}}",35698526,2432512],"K_490\/8.0.0":["{{i}}",151229,382979],"K_490\/8.0.1":["{{i}}",534208,247457],"K_490\/8.0.2":["{{i}}",781665,1074344],"K_490\/8.0.3":["{{i}}",1856009,809476],"K_490\/8.0.4":["{{i}}",2665485,10921],"K_490\/8.1.0":["{{i}}",2676406,925557],"K_490\/8.1.1":["{{i}}",3601963,3134129],"K_490\/8.1.2":["{{i}}",6736092,3362449],"K_490\/8.1.3":["{{i}}",10098541,2945854],"K_490\/8.1.4":["{{i}}",13044395,75077],"K_490\/8.2.0":["{{i}}",13119472,678791],"K_490\/8.2.1":["{{i}}",13798263,2546667],"K_490\/8.2.2":["{{i}}",16344930,112800],"K_490\/8.2.3":["{{i}}",16457730,2769470],"K_490\/8.2.4":["{{i}}",19227200,609267],"K_490\/8.3.0":["{{i}}",19836467,235058],"K_490\/8.3.1":["{{i}}",20071525,1463402],"K_490\/8.3.2":["{{i}}",21534927,3258859],"K_490\/8.3.3":["{{i}}",24793786,1880411],"K_490\/8.3.4":["{{i}}",26674197,945814],"K_490\/8.4.0":["{{i}}",27620011,56470],"K_490\/8.4.1":["{{i}}",27676481,1537787],"K_490\/8.4.2":["{{i}}",29214268,896841],"K_490\/8.4.3":["{{i}}",30111109,624462],"K_490\/8.4.4":["{{i}}",30735571,1481867],"K_490\/9.0.0":["{{j}}",151229,10921],"K_490\/9.0.1":["{{j}}",162150,540263],"K_490\/9.0.2":["{{j}}",702413,578346],"K_490\/9.0.3":["{{j}}",1280759,543975],"K_490\/9.0.4":["{{j}}",1824734,1697602],"K_490\/9.1.0":["{{j}}",3522336,10921],"K_490\/9.1.1":["{{j}}",3533257,3880439],"K_490\/9.1.2":["{{j}}",7413696,1670053],"K_490\/9.1.3":["{{j}}",9083749,990601],"K_490\/9.1.4":["{{j}}",10074350,3184338],"K_490\/9.2.0":["{{j}}",13258688,10921],"K_490\/9.2.1":["{{j}}",13269609,1831070],"K_490\/9.2.2":["{{j}}",15100679,118519],"K_490\/9.2.3":["{{j}}",15219198,1046653],"K_490\/9.2.4":["{{j}}",16265851,4076406],"K_490\/9.3.0":["{{j}}",20342257,905187],"K_490\/9.3.1":["{{j}}",21247444,1568312],"K_490\/9.3.2":["{{j}}",22815756,2226695],"K_490\/9.3.3":["{{j}}",25042451,2049028],"K_490\/9.3.4":["{{j}}",27091479,1588002],"K_490\/9.4.0":["{{j}}",28679481,1425393],"K_490\/9.4.1":["{{j}}",30104874,1269884],"K_490\/9.4.2":["{{j}}",31374758,935416],"K_490\/9.4.3":["{{j}}",32310174,978551],"K_490\/9.4.4":["{{j}}",33288725,1084666],"K_490\/10.0.0":["{{k}}",151229,53838],"K_490\/10.0.1":["{{k}}",205067,459277],"K_490\/10.0.2":["{{k}}",664344,929672],"K_490\/10.0.3":["{{k}}",1594016,2106099],"K_490\/10.0.4":["{{k}}",3700115,13207],"K_490\/10.1.0":["{{k}}",3713322,412444],"K_490\/10.1.1":["{{k}}",4125766,3160077],"K_490\/10.1.2":["{{k}}",7285843,2257211],"K_490\/10.1.3":["{{k}}",9543054,1611296],"K_490\/10.1.4":["{{k}}",11154350,275734],"K_490\/10.2.0":["{{k}}",11430084,353970],"K_490\/10.2.1":["{{k}}",11784054,3387471],"K_490\/10.2.2":["{{k}}",15171525,81156],"K_490\/10.2.3":["{{k}}",15252681,2846843],"K_490\/10.2.4":["{{k}}",18099524,1732878],"K_490\/10.3.0":["{{k}}",19832402,34320],"K_490\/10.3.1":["{{k}}",19866722,2107162],"K_490\/10.3.2":["{{k}}",21973884,2063280],"K_490\/10.3.3":["{{k}}",24037164,2977473],"K_490\/10.3.4":["{{k}}",27014637,1987874],"K_490\/10.4.0":["{{k}}",29002511,10921],"K_490\/10.4.1":["{{k}}",29013432,843380],"K_490\/10.4.2":["{{k}}",29856812,888596],"K_490\/10.4.3":["{{k}}",30745408,994303],"K_490\/10.4.4":["{{k}}",31739711,160339],"K_490\/11.0.0":["{{l}}",151229,10921],"K_490\/11.0.1":["{{l}}",162150,370142],"K_490\/11.0.2":["{{l}}",532292,1058277],"K_490\/11.0.3":["{{l}}",1590569,1813354],"K_490\/11.0.4":["{{l}}",3403923,1811655],"K_490\/11.1.0":["{{l}}",5215578,210292],"K_490\/11.1.1":["{{l}}",5425870,2979857],"K_490\/11.1.2":["{{l}}",8405727,2119678],"K_490\/11.1.3":["{{l}}",10525405,1684839],"K_490\/11.1.4":["{{l}}",12210244,3497010],"K_490\/11.2.0":["{{l}}",15707254,1845271],"K_490\/11.2.1":["{{l}}",17552525,1759953],"K_490\/11.2.2":["{{l}}",19312478,140661],"K_490\/11.2.3":["{{l}}",19453139,1219960],"K_490\/11.2.4":["{{l}}",20673099,5390828],"K_490\/11.3.0":["{{l}}",26063927,1607993],"K_490\/11.3.1":["{{l}}",27671920,1435045],"K_490\/11.3.2":["{{l}}",29106965,2667931],"K_490\/11.3.3":["{{l}}",31774896,911908],"K_490\/11.3.4":["{{l}}",32686804,2614612],"K_490\/11.4.0":["{{l}}",35301416,264719],"K_490\/11.4.1":["{{l}}",35566135,802934],"K_490\/11.4.2":["{{l}}",36369069,1149950],"K_490\/11.4.3":["{{l}}",37519019,896804],"K_490\/11.4.4":["{{l}}",38415823,88441],"K_490\/12.0.0":["{{m}}",151229,77926],"K_490\/12.0.1":["{{m}}",229155,533711],"K_490\/12.0.2":["{{m}}",762866,1394516],"K_490\/12.0.3":["{{m}}",2157382,523083],"K_490\/12.0.4":["{{m}}",2680465,333522],"K_490\/12.1.0":["{{m}}",3013987,212093],"K_490\/12.1.1":["{{m}}",3226080,3705506],"K_490\/12.1.2":["{{m}}",6931586,2641084],"K_490\/12.1.3":["{{m}}",9572670,2805511],"K_490\/12.1.4":["{{m}}",12378181,934483],"K_490\/12.2.0":["{{m}}",13312664,11432],"K_490\/12.2.1":["{{m}}",13324096,2337307],"K_490\/12.2.2":["{{m}}",15661403,49504],"K_490\/12.2.3":["{{m}}",15710907,2793616],"K_490\/12.2.4":["{{m}}",18504523,2243364],"K_490\/12.3.0":["{{m}}",20747887,114191],"K_490\/12.3.1":["{{m}}",20862078,2404642],"K_490\/12.3.2":["{{m}}",23266720,1764024],"K_490\/12.3.3":["{{m}}",25030744,1802427],"K_490\/12.3.4":["{{m}}",26833171,1779332],"K_490\/12.4.0":["{{m}}",28612503,439387],"K_490\/12.4.1":["{{m}}",29051890,1238016],"K_490\/12.4.2":["{{m}}",30289906,985266],"K_490\/12.4.3":["{{m}}",31275172,1740965],"K_490\/12.4.4":["{{m}}",33016137,200029],"K_490\/13.0.0":["{{n}}",151229,221907],"K_490\/13.0.1":["{{n}}",373136,338748],"K_490\/13.0.2":["{{n}}",711884,1361692],"K_490\/13.0.3":["{{n}}",2073576,414990],"K_490\/13.0.4":["{{n}}",2488566,2516081],"K_490\/13.1.0":["{{n}}",5004647,1673226],"K_490\/13.1.1":["{{n}}",6677873,3161724],"K_490\/13.1.2":["{{n}}",9839597,2695882],"K_490\/13.1.3":["{{n}}",12535479,2767235],"K_490\/13.1.4":["{{n}}",15302714,3065791],"K_490\/13.2.0":["{{n}}",18368505,1416643],"K_490\/13.2.1":["{{n}}",19785148,1624151],"K_490\/13.2.2":["{{n}}",21409299,138146],"K_490\/13.2.3":["{{n}}",21547445,1731128],"K_490\/13.2.4":["{{n}}",23278573,4442643],"K_490\/13.3.0":["{{n}}",27721216,580373],"K_490\/13.3.1":["{{n}}",28301589,1392700],"K_490\/13.3.2":["{{n}}",29694289,2336982],"K_490\/13.3.3":["{{n}}",32031271,2075126],"K_490\/13.3.4":["{{n}}",34106397,917463],"K_490\/13.4.0":["{{n}}",35023860,137792],"K_490\/13.4.1":["{{n}}",35161652,739645],"K_490\/13.4.2":["{{n}}",35901297,1638301],"K_490\/13.4.3":["{{n}}",37539598,1186466],"K_490\/13.4.4":["{{n}}",38726064,664962],"K_490\/14.0.0":["{{o}}",151229,13466],"K_490\/14.0.1":["{{o}}",164695,103291],"K_490\/14.0.2":["{{o}}",267986,1988220],"K_490\/14.0.3":["{{o}}",2256206,973640],"K_490\/14.0.4":["{{o}}",3229846,917572],"K_490\/14.1.0":["{{o}}",4147418,385507],"K_490\/14.1.1":["{{o}}",4532925,4067133],"K_490\/14.1.2":["{{o}}",8600058,2584529],"K_490\/14.1.3":["{{o}}",11184587,2156124],"K_490\/14.1.4":["{{o}}",13340711,1590104],"K_490\/14.2.0":["{{o}}",14930815,1282711],"K_490\/14.2.1":["{{o}}",16213526,1553118],"K_490\/14.2.2":["{{o}}",17766644,102168],"K_490\/14.2.3":["{{o}}",17868812,1967102],"K_490\/14.2.4":["{{o}}",19835914,2739332],"K_490\/14.3.0":["{{o}}",22575246,1243928],"K_490\/14.3.1":["{{o}}",23819174,1476128],"K_490\/14.3.2":["{{o}}",25295302,1561556],"K_490\/14.3.3":["{{o}}",26856858,1470494],"K_490\/14.3.4":["{{o}}",28327352,1261958],"K_490\/14.4.0":["{{o}}",29589310,106236],"K_490\/14.4.1":["{{o}}",29695546,447235],"K_490\/14.4.2":["{{o}}",30142781,262910],"K_490\/14.4.3":["{{o}}",30405691,1576466],"K_490\/14.4.4":["{{o}}",31982157,1082389],"K_490\/15.0.0":["{{p}}",151229,1279557],"K_490\/15.0.1":["{{p}}",1430786,558824],"K_490\/15.0.2":["{{p}}",1989610,792978],"K_490\/15.0.3":["{{p}}",2782588,1463169],"K_490\/15.0.4":["{{p}}",4245757,2908187],"K_490\/15.1.0":["{{p}}",7153944,1693458],"K_490\/15.1.1":["{{p}}",8847402,2628580],"K_490\/15.1.2":["{{p}}",11475982,3065389],"K_490\/15.1.3":["{{p}}",14541371,2751697],"K_490\/15.1.4":["{{p}}",17293068,1877504],"K_490\/15.2.0":["{{p}}",19170572,249097],"K_490\/15.2.1":["{{p}}",19419669,1121845],"K_490\/15.2.2":["{{p}}",20541514,124092],"K_490\/15.2.3":["{{p}}",20665606,2617015],"K_490\/15.2.4":["{{p}}",23282621,2150108],"K_490\/15.3.0":["{{p}}",25432729,62295],"K_490\/15.3.1":["{{p}}",25495024,634228],"K_490\/15.3.2":["{{p}}",26129252,2233924],"K_490\/15.3.3":["{{p}}",28363176,2877938],"K_490\/15.3.4":["{{p}}",31241114,736079],"K_490\/15.4.0":["{{p}}",31977193,10921],"K_490\/15.4.1":["{{p}}",31988114,958141],"K_490\/15.4.2":["{{p}}",32946255,1559840],"K_490\/15.4.3":["{{p}}",34506095,909743],"K_490\/15.4.4":["{{p}}",35415838,1740156],"K_490\/16.0.0":["{{q}}",151229,10921],"K_490\/16.0.1":["{{q}}",162150,1142491],"K_490\/16.0.2":["{{q}}",1304641,714795],"K_490\/16.0.3":["{{q}}",2019436,596227],"K_490\/16.0.4":["{{q}}",2615663,800805],"K_490\/16.1.0":["{{q}}",3416468,10921],"K_490\/16.1.1":["{{q}}",3427389,4397986],"K_490\/16.1.2":["{{q}}",7825375,2805064],"K_490\/16.1.3":["{{q}}",10630439,1864431],"K_490\/16.1.4":["{{q}}",12494870,1331334],"K_490\/16.2.0":["{{q}}",13826204,1929004],"K_490\/16.2.1":["{{q}}",15755208,1774001],"K_490\/16.2.2":["{{q}}",17529209,98978],"K_490\/16.2.3":["{{q}}",17628187,1186192],"K_490\/16.2.4":["{{q}}",18814379,4088462],"K_490\/16.3.0":["{{q}}",22902841,1038676],"K_490\/16.3.1":["{{q}}",23941517,813553],"K_490\/16.3.2":["{{q}}",24755070,1095915],"K_490\/16.3.3":["{{q}}",25850985,1790368],"K_490\/16.3.4":["{{q}}",27641353,2601630],"K_490\/16.4.0":["{{q}}",30242983,54893],"K_490\/16.4.1":["{{q}}",30297876,639444],"K_490\/16.4.2":["{{q}}",30937320,2120863],"K_490\/16.4.3":["{{q}}",33058183,593609],"K_490\/16.4.4":["{{q}}",33651792,214365],"K_490\/17.0.0":["{{r}}",151229,572429],"K_490\/17.0.1":["{{r}}",723658,1031802],"K_490\/17.0.2":["{{r}}",1755460,439676],"K_490\/17.0.3":["{{r}}",2195136,1868724],"K_490\/17.0.4":["{{r}}",4063860,10921],"K_490\/17.1.0":["{{r}}",4074781,1022431],"K_490\/17.1.1":["{{r}}",5097212,3218533],"K_490\/17.1.2":["{{r}}",8315745,3353296],"K_490\/17.1.3":["{{r}}",11669041,3056366],"K_490\/17.1.4":["{{r}}",14725407,73219],"K_490\/17.2.0":["{{r}}",14798626,965520],"K_490\/17.2.1":["{{r}}",15764146,3194943],"K_490\/17.2.2":["{{r}}",18959089,96396],"K_490\/17.2.3":["{{r}}",19055485,2761528],"K_490\/17.2.4":["{{r}}",21817013,1273951],"K_490\/17.3.0":["{{r}}",23090964,158929],"K_490\/17.3.1":["{{r}}",23249893,2146541],"K_490\/17.3.2":["{{r}}",25396434,1395536],"K_490\/17.3.3":["{{r}}",26791970,3372941],"K_490\/17.3.4":["{{r}}",30164911,1496956],"K_490\/17.4.0":["{{r}}",31661867,10921],"K_490\/17.4.1":["{{r}}",31672788,285233],"K_490\/17.4.2":["{{r}}",31958021,834178],"K_490\/17.4.3":["{{r}}",32792199,722403],"K_490\/17.4.4":["{{r}}",33514602,140705],"K_490\/18.0.0":["{{s}}",151229,10921],"K_490\/18.0.1":["{{s}}",162150,1082184],"K_490\/18.0.2":["{{s}}",1244334,628969],"K_490\/18.0.3":["{{s}}",1873303,2149594],"K_490\/18.0.4":["{{s}}",4022897,2561897],"K_490\/18.1.0":["{{s}}",6584794,866590],"K_490\/18.1.1":["{{s}}",7451384,3293246],"K_490\/18.1.2":["{{s}}",10744630,2834657],"K_490\/18.1.3":["{{s}}",13579287,2197561],"K_490\/18.1.4":["{{s}}",15776848,2004317],"K_490\/18.2.0":["{{s}}",17781165,3447920],"K_490\/18.2.1":["{{s}}",21229085,2683028],"K_490\/18.2.2":["{{s}}",23912113,108446],"K_490\/18.2.3":["{{s}}",24020559,945011],"K_490\/18.2.4":["{{s}}",24965570,4705849],"K_490\/18.3.0":["{{s}}",29671419,1101228],"K_490\/18.3.1":["{{s}}",30772647,2517959],"K_490\/18.3.2":["{{s}}",33290606,1548269],"K_490\/18.3.3":["{{s}}",34838875,1809387],"K_490\/18.3.4":["{{s}}",36648262,3308636],"K_490\/18.4.0":["{{s}}",39956898,890456],"K_490\/18.4.1":["{{s}}",40847354,1630546],"K_490\/18.4.2":["{{s}}",42477900,539409],"K_490\/18.4.3":["{{s}}",43017309,393565],"K_490\/18.4.4":["{{s}}",43410874,660634],"K_490\/19.0.0":["{{t}}",151229,80352],"K_490\/19.0.1":["{{t}}",231581,315166],"K_490\/19.0.2":["{{t}}",546747,693492],"K_490\/19.0.3":["{{t}}",1240239,2479828],"K_490\/19.0.4":["{{t}}",3720067,142156],"K_490\/19.1.0":["{{t}}",3862223,189826],"K_490\/19.1.1":["{{t}}",4052049,2950971],"K_490\/19.1.2":["{{t}}",7003020,3721188],"K_490\/19.1.3":["{{t}}",10724208,3075118],"K_490\/19.1.4":["{{t}}",13799326,580397],"K_490\/19.2.0":["{{t}}",14379723,237374],"K_490\/19.2.1":["{{t}}",14617097,4386134],"K_490\/19.2.2":["{{t}}",19003231,48296],"K_490\/19.2.3":["{{t}}",19051527,2456010],"K_490\/19.2.4":["{{t}}",21507537,1463036],"K_490\/19.3.0":["{{t}}",22970573,14806],"K_490\/19.3.1":["{{t}}",22985379,1727860],"K_490\/19.3.2":["{{t}}",24713239,1754316],"K_490\/19.3.3":["{{t}}",26467555,1863796],"K_490\/19.3.4":["{{t}}",28331351,1233312],"K_490\/19.4.0":["{{t}}",29564663,10921],"K_490\/19.4.1":["{{t}}",29575584,1230829],"K_490\/19.4.2":["{{t}}",30806413,514515],"K_490\/19.4.3":["{{t}}",31320928,830147],"K_490\/19.4.4":["{{t}}",32151075,267110],"K_490\/20.0.0":["{{u}}",151229,10921],"K_490\/20.0.1":["{{u}}",162150,263221],"K_490\/20.0.2":["{{u}}",425371,345161],"K_490\/20.0.3":["{{u}}",770532,1105725],"K_490\/20.0.4":["{{u}}",1876257,3377501],"K_490\/20.1.0":["{{u}}",5253758,1772307],"K_490\/20.1.1":["{{u}}",7026065,2926553],"K_490\/20.1.2":["{{u}}",9952618,3212717],"K_490\/20.1.3":["{{u}}",13165335,2505680],"K_490\/20.1.4":["{{u}}",15671015,2408009],"K_490\/20.2.0":["{{u}}",18079024,2710307],"K_490\/20.2.1":["{{u}}",20789331,1946222],"K_490\/20.2.2":["{{u}}",22735553,118313],"K_490\/20.2.3":["{{u}}",22853866,1599093],"K_490\/20.2.4":["{{u}}",24452959,3239090],"K_490\/20.3.0":["{{u}}",27692049,1176706],"K_490\/20.3.1":["{{u}}",28868755,999560],"K_490\/20.3.2":["{{u}}",29868315,1592419],"K_490\/20.3.3":["{{u}}",31460734,2347589],"K_490\/20.3.4":["{{u}}",33808323,1143328],"K_490\/20.4.0":["{{u}}",34951651,19387],"K_490\/20.4.1":["{{u}}",34971038,194876],"K_490\/20.4.2":["{{u}}",35165914,950641],"K_490\/20.4.3":["{{u}}",36116555,1886918],"K_490\/20.4.4":["{{u}}",38003473,999943],"K_490\/21.0.0":["{{v}}",151229,95567],"K_490\/21.0.1":["{{v}}",246796,743147],"K_490\/21.0.2":["{{v}}",989943,287543],"K_490\/21.0.3":["{{v}}",1277486,1143427],"K_490\/21.0.4":["{{v}}",2420913,569411],"K_490\/21.1.0":["{{v}}",2990324,70645],"K_490\/21.1.1":["{{v}}",3060969,4539170],"K_490\/21.1.2":["{{v}}",7600139,2951766],"K_490\/21.1.3":["{{v}}",10551905,2316463],"K_490\/21.1.4":["{{v}}",12868368,1265302],"K_490\/21.2.0":["{{v}}",14133670,3295537],"K_490\/21.2.1":["{{v}}",17429207,3994381],"K_490\/21.2.2":["{{v}}",21423588,35992],"K_490\/21.2.3":["{{v}}",21459580,2448923],"K_490\/21.2.4":["{{v}}",23908503,3386240],"K_490\/21.3.0":["{{v}}",27294743,2712072],"K_490\/21.3.1":["{{v}}",30006815,1440586],"K_490\/21.3.2":["{{v}}",31447401,803040],"K_490\/21.3.3":["{{v}}",32250441,1433483],"K_490\/21.3.4":["{{v}}",33683924,3175713],"K_490\/21.4.0":["{{v}}",36859637,295520],"K_490\/21.4.1":["{{v}}",37155157,22044],"K_490\/21.4.2":["{{v}}",37177201,673990],"K_490\/21.4.3":["{{v}}",37851191,1760939],"K_490\/21.4.4":["{{v}}",39612130,1731265],"K_490\/22.0.0":["{{w}}",151229,472521],"K_490\/22.0.1":["{{w}}",623750,570597],"K_490\/22.0.2":["{{w}}",1194347,885926],"K_490\/22.0.3":["{{w}}",2080273,640174],"K_490\/22.0.4":["{{w}}",2720447,3598758],"K_490\/22.1.0":["{{w}}",6319205,903944],"K_490\/22.1.1":["{{w}}",7223149,2984718],"K_490\/22.1.2":["{{w}}",10207867,2153391],"K_490\/22.1.3":["{{w}}",12361258,2415060],"K_490\/22.1.4":["{{w}}",14776318,3485102],"K_490\/22.2.0":["{{w}}",18261420,1703820],"K_490\/22.2.1":["{{w}}",19965240,3459675],"K_490\/22.2.2":["{{w}}",23424915,118522],"K_490\/22.2.3":["{{w}}",23543437,2702681],"K_490\/22.2.4":["{{w}}",26246118,2238735],"K_490\/22.3.0":["{{w}}",28484853,816425],"K_490\/22.3.1":["{{w}}",29301278,1820806],"K_490\/22.3.2":["{{w}}",31122084,536770],"K_490\/22.3.3":["{{w}}",31658854,1186301],"K_490\/22.3.4":["{{w}}",32845155,362521],"K_490\/22.4.0":["{{w}}",33207676,16162],"K_490\/22.4.1":["{{w}}",33223838,588263],"K_490\/22.4.2":["{{w}}",33812101,24097],"K_490\/22.4.3":["{{w}}",33836198,1213401],"K_490\/22.4.4":["{{w}}",35049599,523455],"K_490\/23.0.0":["{{x}}",151229,10921],"K_490\/23.0.1":["{{x}}",162150,594714],"K_490\/23.0.2":["{{x}}",756864,416083],"K_490\/23.0.3":["{{x}}",1172947,1526771],"K_490\/23.0.4":["{{x}}",2699718,1679773],"K_490\/23.1.0":["{{x}}",4379491,1080741],"K_490\/23.1.1":["{{x}}",5460232,4576225],"K_490\/23.1.2":["{{x}}",10036457,2589112],"K_490\/23.1.3":["{{x}}",12625569,1878267],"K_490\/23.1.4":["{{x}}",14503836,1384807],"K_490\/23.2.0":["{{x}}",15888643,3391219],"K_490\/23.2.1":["{{x}}",19279862,2501442],"K_490\/23.2.2":["{{x}}",21781304,105980],"K_490\/23.2.3":["{{x}}",21887284,1674745],"K_490\/23.2.4":["{{x}}",23562029,3512356],"K_490\/23.3.0":["{{x}}",27074385,1130746],"K_490\/23.3.1":["{{x}}",28205131,2056295],"K_490\/23.3.2":["{{x}}",30261426,1668004],"K_490\/23.3.3":["{{x}}",31929430,856077],"K_490\/23.3.4":["{{x}}",32785507,2018526],"K_490\/23.4.0":["{{x}}",34804033,123024],"K_490\/23.4.1":["{{x}}",34927057,435009],"K_490\/23.4.2":["{{x}}",35362066,1617115],"K_490\/23.4.3":["{{x}}",36979181,273327],"K_490\/23.4.4":["{{x}}",37252508,682672],"K_490\/24.0.0":["{{y}}",151229,1050353],"K_490\/24.0.1":["{{y}}",1201582,532205],"K_490\/24.0.2":["{{y}}",1733787,869697],"K_490\/24.0.3":["{{y}}",2603484,2252649],"K_490\/24.0.4":["{{y}}",4856133,10921],"K_490\/24.1.0":["{{y}}",4867054,1146075],"K_490\/24.1.1":["{{y}}",6013129,3059637],"K_490\/24.1.2":["{{y}}",9072766,2956820],"K_490\/24.1.3":["{{y}}",12029586,2174647],"K_490\/24.1.4":["{{y}}",14204233,22216],"K_490\/24.2.0":["{{y}}",14226449,387764],"K_490\/24.2.1":["{{y}}",14614213,2796162],"K_490\/24.2.2":["{{y}}",17410375,105191],"K_490\/24.2.3":["{{y}}",17515566,2663033],"K_490\/24.2.4":["{{y}}",20178599,907523],"K_490\/24.3.0":["{{y}}",21086122,26036],"K_490\/24.3.1":["{{y}}",21112158,2138862],"K_490\/24.3.2":["{{y}}",23251020,2989473],"K_490\/24.3.3":["{{y}}",26240493,1635325],"K_490\/24.3.4":["{{y}}",27875818,570127],"K_490\/24.4.0":["{{y}}",28445945,12371],"K_490\/24.4.1":["{{y}}",28458316,829105],"K_490\/24.4.2":["{{y}}",29287421,866474],"K_490\/24.4.3":["{{y}}",30153895,885576],"K_490\/24.4.4":["{{y}}",31039471,303821],"K_490\/25.0.0":["{{z}}",151229,10921],"K_490\/25.0.1":["{{z}}",162150,1600555],"K_490\/25.0.2":["{{z}}",1762705,941983],"K_490\/25.0.3":["{{z}}",2704688,1057716],"K_490\/25.0.4":["{{z}}",3762404,2027132],"K_490\/25.1.0":["{{z}}",5789536,14095],"K_490\/25.1.1":["{{z}}",5803631,3441303],"K_490\/25.1.2":["{{z}}",9244934,2567701],"K_490\/25.1.3":["{{z}}",11812635,1176183],"K_490\/25.1.4":["{{z}}",12988818,1050189],"K_490\/25.2.0":["{{z}}",14039007,2154692],"K_490\/25.2.1":["{{z}}",16193699,1884532],"K_490\/25.2.2":["{{z}}",18078231,98540],"K_490\/25.2.3":["{{z}}",18176771,789531],"K_490\/25.2.4":["{{z}}",18966302,2143985],"K_490\/25.3.0":["{{z}}",21110287,585665],"K_490\/25.3.1":["{{z}}",21695952,1482110],"K_490\/25.3.2":["{{z}}",23178062,725643],"K_490\/25.3.3":["{{z}}",23903705,1861893],"K_490\/25.3.4":["{{z}}",25765598,3576863],"K_490\/25.4.0":["{{z}}",29342461,212054],"K_490\/25.4.1":["{{z}}",29554515,553929],"K_490\/25.4.2":["{{z}}",30108444,678828],"K_490\/25.4.3":["{{z}}",30787272,984504],"K_490\/25.4.4":["{{z}}",31771776,2000524],"K_490\/26.0.0":["{{A}}",151229,157777],"K_490\/26.0.1":["{{A}}",309006,741601],"K_490\/26.0.2":["{{A}}",1050607,1182024],"K_490\/26.0.3":["{{A}}",2232631,3030424],"K_490\/26.0.4":["{{A}}",5263055,20815],"K_490\/26.1.0":["{{A}}",5283870,831333],"K_490\/26.1.1":["{{A}}",6115203,2264315],"K_490\/26.1.2":["{{A}}",8379518,3148474],"K_490\/26.1.3":["{{A}}",11527992,761298],"K_490\/26.1.4":["{{A}}",12289290,89170],"K_490\/26.2.0":["{{A}}",12378460,304977],"K_490\/26.2.1":["{{A}}",12683437,3238045],"K_490\/26.2.2":["{{A}}",15921482,88212],"K_490\/26.2.3":["{{A}}",16009694,2613157],"K_490\/26.2.4":["{{A}}",18622851,1051080],"K_490\/26.3.0":["{{A}}",19673931,123828],"K_490\/26.3.1":["{{A}}",19797759,2341414],"K_490\/26.3.2":["{{A}}",22139173,1768707],"K_490\/26.3.3":["{{A}}",23907880,1551733],"K_490\/26.3.4":["{{A}}",25459613,1967891],"K_490\/26.4.0":["{{A}}",27427504,10921],"K_490\/26.4.1":["{{A}}",27438425,87249],"K_490\/26.4.2":["{{A}}",27525674,948344],"K_490\/26.4.3":["{{A}}",28474018,1477946],"K_490\/26.4.4":["{{A}}",29951964,1439148],"K_490\/27.0.0":["{{B}}",151229,10921],"K_490\/27.0.1":["{{B}}",162150,392533],"K_490\/27.0.2":["{{B}}",554683,1688397],"K_490\/27.0.3":["{{B}}",2243080,3033615],"K_490\/27.0.4":["{{B}}",5276695,1797473],"K_490\/27.1.0":["{{B}}",7074168,1247689],"K_490\/27.1.1":["{{B}}",8321857,2577772],"K_490\/27.1.2":["{{B}}",10899629,2622992],"K_490\/27.1.3":["{{B}}",13522621,1030433],"K_490\/27.1.4":["{{B}}",14553054,2341950],"K_490\/27.2.0":["{{B}}",16895004,2195691],"K_490\/27.2.1":["{{B}}",19090695,1642246],"K_490\/27.2.2":["{{B}}",20732941,98132],"K_490\/27.2.3":["{{B}}",20831073,1437988],"K_490\/27.2.4":["{{B}}",22269061,3914534],"K_490\/27.3.0":["{{B}}",26183595,826607],"K_490\/27.3.1":["{{B}}",27010202,1440027],"K_490\/27.3.2":["{{B}}",28450229,488199],"K_490\/27.3.3":["{{B}}",28938428,3348039],"K_490\/27.3.4":["{{B}}",32286467,1193731],"K_490\/27.4.0":["{{B}}",33480198,83632],"K_490\/27.4.1":["{{B}}",33563830,805582],"K_490\/27.4.2":["{{B}}",34369412,138339],"K_490\/27.4.3":["{{B}}",34507751,736133],"K_490\/27.4.4":["{{B}}",35243884,600618],"K_490\/28.0.0":["{{C}}",151229,159610],"K_490\/28.0.1":["{{C}}",310839,720598],"K_490\/28.0.2":["{{C}}",1031437,2151279],"K_490\/28.0.3":["{{C}}",3182716,2883893],"K_490\/28.0.4":["{{C}}",6066609,526738],"K_490\/28.1.0":["{{C}}",6593347,127719],"K_490\/28.1.1":["{{C}}",6721066,2807802],"K_490\/28.1.2":["{{C}}",9528868,3205821],"K_490\/28.1.3":["{{C}}",12734689,2101176],"K_490\/28.1.4":["{{C}}",14835865,697847],"K_490\/28.2.0":["{{C}}",15533712,54431],"K_490\/28.2.1":["{{C}}",15588143,3355654],"K_490\/28.2.2":["{{C}}",18943797,49649],"K_490\/28.2.3":["{{C}}",18993446,2471772],"K_490\/28.2.4":["{{C}}",21465218,2321440],"K_490\/28.3.0":["{{C}}",23786658,10921],"K_490\/28.3.1":["{{C}}",23797579,1090116],"K_490\/28.3.2":["{{C}}",24887695,1495314],"K_490\/28.3.3":["{{C}}",26383009,879740],"K_490\/28.3.4":["{{C}}",27262749,1908954],"K_490\/28.4.0":["{{C}}",29171703,71831],"K_490\/28.4.1":["{{C}}",29243534,72112],"K_490\/28.4.2":["{{C}}",29315646,77251],"K_490\/28.4.3":["{{C}}",29392897,293180],"K_490\/28.4.4":["{{C}}",29686077,1242198],"K_490\/29.0.0":["{{D}}",151229,87445],"K_490\/29.0.1":["{{D}}",238674,359125],"K_490\/29.0.2":["{{D}}",597799,1811234],"K_490\/29.0.3":["{{D}}",2409033,1873706],"K_490\/29.0.4":["{{D}}",4282739,2159506],"K_490\/29.1.0":["{{D}}",6442245,1745009],"K_490\/29.1.1":["{{D}}",8187254,2672982],"K_490\/29.1.2":["{{D}}",10860236,2874288],"K_490\/29.1.3":["{{D}}",13734524,1785722],"K_490\/29.1.4":["{{D}}",15520246,1882329],"K_490\/29.2.0":["{{D}}",17402575,767549],"K_490\/29.2.1":["{{D}}",18170124,1337859],"K_490\/29.2.2":["{{D}}",19507983,114476],"K_490\/29.2.3":["{{D}}",19622459,2189845],"K_490\/29.2.4":["{{D}}",21812304,3367332],"K_490\/29.3.0":["{{D}}",25179636,192501],"K_490\/29.3.1":["{{D}}",25372137,1115892],"K_490\/29.3.2":["{{D}}",26488029,3045797],"K_490\/29.3.3":["{{D}}",29533826,1360048],"K_490\/29.3.4":["{{D}}",30893874,316043],"K_490\/29.4.0":["{{D}}",31209917,181657],"K_490\/29.4.1":["{{D}}",31391574,682373],"K_490\/29.4.2":["{{D}}",32073947,936067],"K_490\/29.4.3":["{{D}}",33010014,241996],"K_490\/29.4.4":["{{D}}",33252010,228041],"K_490\/30.0.0":["{{E}}",151229,11078],"K_490\/30.0.1":["{{E}}",162307,351268],"K_490\/30.0.2":["{{E}}",513575,2148521],"K_490\/30.0.3":["{{E}}",2662096,2487273],"K_490\/30.0.4":["{{E}}",5149369,1331016],"K_490\/30.1.0":["{{E}}",6480385,849687],"K_490\/30.1.1":["{{E}}",7330072,3166874],"K_490\/30.1.2":["{{E}}",10496946,2050771],"K_490\/30.1.3":["{{E}}",12547717,1668821],"K_490\/30.1.4":["{{E}}",14216538,1012647],"K_490\/30.2.0":["{{E}}",15229185,1158296],"K_490\/30.2.1":["{{E}}",16387481,1655889],"K_490\/30.2.2":["{{E}}",18043370,91191],"K_490\/30.2.3":["{{E}}",18134561,1717888],"K_490\/30.2.4":["{{E}}",19852449,3096992],"K_490\/30.3.0":["{{E}}",22949441,1280210],"K_490\/30.3.1":["{{E}}",24229651,324117],"K_490\/30.3.2":["{{E}}",24553768,1391481],"K_490\/30.3.3":["{{E}}",25945249,2116882],"K_490\/30.3.4":["{{E}}",28062131,2895811],"K_490\/30.4.0":["{{E}}",30957942,736671],"K_490\/30.4.1":["{{E}}",31694613,845900],"K_490\/30.4.2":["{{E}}",32540513,1090309],"K_490\/30.4.3":["{{E}}",33630822,345350],"K_490\/30.4.4":["{{E}}",33976172,760477]}}