{"version":1,"templates":{"a":"s3:\/\/imos-data\/IMOS\/SRS\/OC\/gridded\/aqua\/P1D\/2016\/04\/A.P1D.20160401T053000Z.aust.chl_oc3.nc","b":"s3:\/\/imos-data\/IMOS\/SRS\/OC\/gridded\/aqua\/P1D\/2016\/04\/A.P1D.20160402T053000Z.aust.chl_oc3.nc","c":"s3:\/\/imos-data\/IMOS\/SRS\/OC\/gridded\/aqua\/P1D\/2016\/04\/A.P1D.20160403T053000Z.aust.chl_oc3.nc","d":"s3:\/\/imos-data\/IMOS\/SRS\/OC\/gridded\/aqua\/P1D\/2016\/04\/A.P1D.20160404T053000Z.aust.chl_oc3.nc","e":"s3:\/\/imos-data\/IMOS\/SRS\/OC\/gridded\/aqua\/P1D\/2016\/04\/A.P1D.20160405T053000Z.aust.chl_oc3.nc","f":"s3:\/\/imos-data\/IMOS\/SRS\/OC\/gridded\/aqua\/P1D\/2016\/04\/A.P1D.20160406T053000Z.aust.chl_oc3.nc","g":"s3:\/\/imos-data\/IMOS\/SRS\/OC\/gridded\/aqua\/P1D\/2016\/04\/A.P1D.20160407T053000Z.aust.chl_oc3.nc","h":"s3:\/\/imos-data\/IMOS\/SRS\/OC\/gridded\/aqua\/P1D\/2016\/04\/A.P1D.20160408T053000Z.aust.chl_oc3.nc","i":"s3:\/\/imos-data\/IMOS\/SRS\/OC\/gridded\/aqua\/P1D\/2016\/04\/A.P1D.20160409T053000Z.aust.chl_oc3.nc","j":"s3:\/\/imos-data\/IMOS\/SRS\/OC\/gridded\/aqua\/P1D\/2016\/04\/A.P1D.20160410T053000Z.aust.chl_oc3.nc","k":"s3:\/\/imos-data\/IMOS\/SRS\/OC\/gridded\/aqua\/P1D\/2016\/04\/A.P1D.20160411T053000Z.aust.chl_oc3.nc","l":"s3:\/\/imos-data\/IMOS\/SRS\/OC\/gridded\/aqua\/P1D\/2016\/04\/A.P1D.20160412T053000Z.aust.chl_oc3.nc","m":"s3:\/\/imos-data\/IMOS\/SRS\/OC\/gridded\/aqua\/P1D\/2016\/04\/A.P1D.20160413T053000Z.aust.chl_oc3.nc","n":"s3:\/\/imos-data\/IMOS\/SRS\/OC\/gridded\/aqua\/P1D\/2016\/04\/A.P1D.20160414T053000Z.aust.chl_oc3.nc","o":"s3:\/\/imos-data\/IMOS\/SRS\/OC\/gridded\/aqua\/P1D\/2016\/04\/A.P1D.20160415T053000Z.aust.chl_oc3.nc","p":"s3:\/\/imos-data\/IMOS\/SRS\/OC\/gridded\/aqua\/P1D\/2016\/04\/A.P1D.20160416T053000Z.aust.chl_oc3.nc","q":"s3:\/\/imos-data\/IMOS\/SRS\/OC\/gridded\/aqua\/P1D\/2016\/04\/A.P1D.20160417T053000Z.aust.chl_oc3.nc","r":"s3:\/\/imos-data\/IMOS\/SRS\/OC\/gridded\/aqua\/P1D\/2016\/04\/A.P1D.20160418T053000Z.aust.chl_oc3.nc","s":"s3:\/\/imos-data\/IMOS\/SRS\/OC\/gridded\/aqua\/P1D\/2016\/04\/A.P1D.20160419T053000Z.aust.chl_oc3.nc","t":"s3:\/\/imos-data\/IMOS\/SRS\/OC\/gridded\/aqua\/P1D\/2016\/04\/A.P1D.20160420T053000Z.aust.chl_oc3.nc","u":"s3:\/\/imos-data\/IMOS\/SRS\/OC\/gridded\/aqua\/P1D\/2016\/04\/A.P1D.20160421T053000Z.aust.chl_oc3.nc","v":"s3:\/\/imos-data\/IMOS\/SRS\/OC\/gridded\/aqua\/P1D\/2016\/04\/A.P1D.20160422T053000Z.aust.chl_oc3.nc","w":"s3:\/\/imos-data\/IMOS\/SRS\/OC\/gridded\/aqua\/P1D\/2016\/04\/A.P1D.20160423T053000Z.aust.chl_oc3.nc","x":"s3:\/\/imos-data\/IMOS\/SRS\/OC\/gridded\/aqua\/P1D\/2016\/04\/A.P1D.20160424T053000Z.aust.chl_oc3.nc","y":"s3:\/\/imos-data\/IMOS\/SRS\/OC\/gridded\/aqua\/P1D\/2016\/04\/A.P1D.20160425T053000Z.aust.chl_oc3.nc","z":"s3:\/\/imos-data\/IMOS\/SRS\/OC\/gridded\/aqua\/P1D\/2016\/04\/A.P1D.20160426T053000Z.aust.chl_oc3.nc","A":"s3:\/\/imos-data\/IMOS\/SRS\/OC\/gridded\/aqua\/P1D\/2016\/04\/A.P1D.20160427T053000Z.aust.chl_oc3.nc","B":"s3:\/\/imos-data\/IMOS\/SRS\/OC\/gridded\/aqua\/P1D\/2016\/04\/A.P1D.20160428T053000Z.aust.chl_oc3.nc","C":"s3:\/\/imos-data\/IMOS\/SRS\/OC\/gridded\/aqua\/P1D\/2016\/04\/A.P1D.20160429T053000Z.aust.chl_oc3.nc","D":"s3:\/\/imos-data\/IMOS\/SRS\/OC\/gridded\/aqua\/P1D\/2016\/04\/A.P1D.20160430T053000Z.aust.chl_oc3.nc"},"refs":{".zgroup":"{\"zarr_format\":2}",".zattrs":"{\"Conventions\":\"CF-1.6\",\"_NCProperties\":\"version=1|netcdflibversion=4.6.1|hdf5libversion=1.10.4\",\"_nc3_strict\":1,\"history\":\"File initialised at 2020-08-06T06:41:58.477235\\nInitialised var chl_oc3 at 2020-08-06T06:42:11.258742\\nAdd Granule A20160401_0250.20190926022312.L2OC_BASE.chl_oc3.nc at 2020-08-06T06:42:12.099887\\nAdd Granule A20160401_0255.20190926010759.L2OC_BASE.chl_oc3.nc at 2020-08-06T06:42:12.293873\\nAdd Granule A20160401_0300.20190926024125.L2OC_BASE.chl_oc3.nc at 2020-08-06T06:42:12.495456\\nAdd Granule A20160401_0305.20190926004900.L2OC_BASE.chl_oc3.nc at 2020-08-06T06:42:12.711895\\nAdd Granule A20160401_0425.20190926020022.L2OC_BASE.chl_oc3.nc at 2020-08-06T06:42:12.832123\\nAdd Granule A20160401_0430.20190926012253.L2OC_BASE.chl_oc3.nc at 2020-08-06T06:42:13.082701\\nAdd Granule A20160401_0435.20190926023005.L2OC_BASE.chl_oc3.nc at 2020-08-06T06:42:13.314696\\nAdd Granule A20160401_0440.20190926005609.L2OC_BASE.chl_oc3.nc at 2020-08-06T06:42:13.488051\\nAdd Granule A20160401_0445.20190926014740.L2OC_BASE.chl_oc3.nc at 2020-08-06T06:42:13.654319\\nAdd Granule A20160401_0605.20190926003246.L2OC_BASE.chl_oc3.nc at 2020-08-06T06:42:13.873608\\nAdd Granule A20160401_0610.20190926010230.L2OC_BASE.chl_oc3.nc at 2020-08-06T06:42:14.107748\\nAdd Granule A20160401_0615.20190926023508.L2OC_BASE.chl_oc3.nc at 2020-08-06T06:42:14.297250\\nAdd Granule A20160401_0620.20190926013322.L2OC_BASE.chl_oc3.nc at 2020-08-06T06:42:14.470630\\nAdd Granule A20160401_0625.20190926021719.L2OC_BASE.chl_oc3.nc at 2020-08-06T06:42:14.651285\\nAdd Granule A20160401_0745.20190926015556.L2OC_BASE.chl_oc3.nc at 2020-08-06T06:42:14.823621\\nAdd Granule A20160401_0750.20190926012833.L2OC_BASE.chl_oc3.nc at 2020-08-06T06:42:15.053278\\nAdd Granule A20160401_0755.20190926020442.L2OC_BASE.chl_oc3.nc at 2020-08-06T06:42:15.234064\\nAdd Granule A20160401_0800.20190926003759.L2OC_BASE.chl_oc3.nc at 2020-08-06T06:42:15.411615\\nAdd Granule A20160401_0805.20190926014056.L2OC_BASE.chl_oc3.nc at 2020-08-06T06:42:15.486520\\nAdd Granule A20160401_0925.20190926021243.L2OC_BASE.chl_oc3.nc at 2020-08-06T06:42:15.621109\\nAdd Granule A20160401_0930.20190926011705.L2OC_BASE.chl_oc3.nc at 2020-08-06T06:42:15.725616\",\"source_path\":\"imos-srs\\\/archive\\\/oc\\\/aqua\\\/1d\\\/v201909\\\/2016\\\/04\\\/A20160401.L2OC_BASE.aust.chl_oc3.nc\"}","latitude\/.zarray":"{\n    \"chunks\": [\n        7001\n    ],\n    \"compressor\": null,\n    \"dtype\": \"<f8\",\n    \"fill_value\": 9.969209968386869e+36,\n    \"filters\": null,\n    \"order\": \"C\",\n    \"shape\": [\n        7001\n    ],\n    \"zarr_format\": 2\n}","latitude\/.zattrs":"{\n    \"NAME\": \"latitude\",\n    \"_ARRAY_DIMENSIONS\": [\n        \"latitude\"\n    ],\n    \"_Netcdf4Dimid\": 1,\n    \"axis\": \"Y\",\n    \"long_name\": \"latitude\",\n    \"standard_name\": \"latitude\",\n    \"units\": \"degrees_north\"\n}","latitude\/0":["{{a}}",2392,56008],"longitude\/.zarray":"{\n    \"chunks\": [\n        10001\n    ],\n    \"compressor\": null,\n    \"dtype\": \"<f8\",\n    \"fill_value\": 9.969209968386869e+36,\n    \"filters\": null,\n    \"order\": \"C\",\n    \"shape\": [\n        10001\n    ],\n    \"zarr_format\": 2\n}","longitude\/.zattrs":"{\n    \"NAME\": \"longitude\",\n    \"_ARRAY_DIMENSIONS\": [\n        \"longitude\"\n    ],\n    \"_Netcdf4Dimid\": 2,\n    \"axis\": \"X\",\n    \"long_name\": \"longitude\",\n    \"standard_name\": \"longitude\",\n    \"units\": \"degrees_east\"\n}","longitude\/0":["{{a}}",58400,80008],"chl_oc3\/.zarray":"{\"chunks\":[1,1401,2001],\"compressor\":{\"id\":\"zlib\",\"level\":4},\"dtype\":\"<f4\",\"fill_value\":-999.0,\"filters\":[{\"elementsize\":4,\"id\":\"shuffle\"}],\"order\":\"C\",\"shape\":[30,7001,10001],\"zarr_format\":2}","chl_oc3\/.zattrs":"{\"_ARRAY_DIMENSIONS\":[\"time\",\"latitude\",\"longitude\"],\"flag_applied\":\"HISATZEN LAND CLDICE NAVFAIL\",\"long_name\":\"Chlorophyll Concentration, OC3 Algorithm\",\"units\":\"mg\\\/m^3\"}","time\/.zarray":"{\"chunks\":[30],\"compressor\":{\"blocksize\":0,\"clevel\":5,\"cname\":\"lz4\",\"id\":\"blosc\",\"shuffle\":1},\"dtype\":\"<M8[us]\",\"fill_value\":0,\"filters\":null,\"order\":\"C\",\"shape\":[30],\"zarr_format\":2}","time\/0":"base64:AgExCPAAAADwAAAArwAAABQAAACXAAAAHwABAAr6AYbmRqYGZsYmhuZGpgZmxiYQAPRYjmU9FOzDmnJJIPjPp35VLQTbs4piORDov5ZuRR30q8nnBSJAXnyauNXzES9Na4mmxOIAHjxZd5Wz0e8MZXmNorbK3vIGGi5CV2t\/k6e7z+P4DCA0SFxwhJitLy8vLy8vLy8wMDAwMAUAFDEBAB8FAQAKD9EABlAAAAAAAA==","time\/.zattrs":"{\"NAME\":\"time\",\"_ARRAY_DIMENSIONS\":[\"time\"],\"_Netcdf4Dimid\":0,\"axis\":\"T\",\"long_name\":\"time\",\"standard_name\":\"time\"}","chl_oc3\/0.0.0":["{{a}}",151221,2737643],"chl_oc3\/0.0.1":["{{a}}",2888864,1495041],"chl_oc3\/0.0.2":["{{a}}",4383905,2551318],"chl_oc3\/0.0.3":["{{a}}",6935223,1167621],"chl_oc3\/0.0.4":["{{a}}",8102844,1020843],"chl_oc3\/0.1.0":["{{a}}",9123687,4028925],"chl_oc3\/0.1.1":["{{a}}",13152612,2652315],"chl_oc3\/0.1.2":["{{a}}",15804927,2105148],"chl_oc3\/0.1.3":["{{a}}",17910075,1616706],"chl_oc3\/0.1.4":["{{a}}",19526781,555783],"chl_oc3\/0.2.0":["{{a}}",20082564,2754331],"chl_oc3\/0.2.1":["{{a}}",22836895,1751851],"chl_oc3\/0.2.2":["{{a}}",24588746,83300],"chl_oc3\/0.2.3":["{{a}}",24672046,2284937],"chl_oc3\/0.2.4":["{{a}}",26956983,2978811],"chl_oc3\/0.3.0":["{{a}}",29935794,935273],"chl_oc3\/0.3.1":["{{a}}",30871067,720435],"chl_oc3\/0.3.2":["{{a}}",31591502,1715112],"chl_oc3\/0.3.3":["{{a}}",33306614,2017442],"chl_oc3\/0.3.4":["{{a}}",35324056,2182707],"chl_oc3\/0.4.0":["{{a}}",37506763,12643],"chl_oc3\/0.4.1":["{{a}}",37519406,41323],"chl_oc3\/0.4.2":["{{a}}",37560729,1837257],"chl_oc3\/0.4.3":["{{a}}",39397986,753903],"chl_oc3\/0.4.4":["{{a}}",40151889,2142357],"chl_oc3\/1.0.0":["{{b}}",151221,1797735],"chl_oc3\/1.0.1":["{{b}}",1948956,582957],"chl_oc3\/1.0.2":["{{b}}",2531913,3012333],"chl_oc3\/1.0.3":["{{b}}",5544246,2563359],"chl_oc3\/1.0.4":["{{b}}",8107605,2517088],"chl_oc3\/1.1.0":["{{b}}",10624693,2811828],"chl_oc3\/1.1.1":["{{b}}",13436521,2056999],"chl_oc3\/1.1.2":["{{b}}",15493520,2910694],"chl_oc3\/1.1.3":["{{b}}",18404214,2029012],"chl_oc3\/1.1.4":["{{b}}",20433226,459272],"chl_oc3\/1.2.0":["{{b}}",20892498,2052498],"chl_oc3\/1.2.1":["{{b}}",22944996,1715787],"chl_oc3\/1.2.2":["{{b}}",24660783,121128],"chl_oc3\/1.2.3":["{{b}}",24781911,2402527],"chl_oc3\/1.2.4":["{{b}}",27184438,361542],"chl_oc3\/1.3.0":["{{b}}",27545980,791685],"chl_oc3\/1.3.1":["{{b}}",28337665,1181028],"chl_oc3\/1.3.2":["{{b}}",29518693,1825231],"chl_oc3\/1.3.3":["{{b}}",31343924,2615457],"chl_oc3\/1.3.4":["{{b}}",33959381,1153148],"chl_oc3\/1.4.0":["{{b}}",35112529,41556],"chl_oc3\/1.4.1":["{{b}}",35154085,132069],"chl_oc3\/1.4.2":["{{b}}",35286154,870766],"chl_oc3\/1.4.3":["{{b}}",36156920,2276186],"chl_oc3\/1.4.4":["{{b}}",38433106,547528],"chl_oc3\/2.0.0":["{{c}}",151221,2397122],"chl_oc3\/2.0.1":["{{c}}",2548343,777388],"chl_oc3\/2.0.2":["{{c}}",3325731,2430878],"chl_oc3\/2.0.3":["{{c}}",5756609,1514616],"chl_oc3\/2.0.4":["{{c}}",7271225,751018],"chl_oc3\/2.1.0":["{{c}}",8022243,3412355],"chl_oc3\/2.1.1":["{{c}}",11434598,4301957],"chl_oc3\/2.1.2":["{{c}}",15736555,1802046],"chl_oc3\/2.1.3":["{{c}}",17538601,517087],"chl_oc3\/2.1.4":["{{c}}",18055688,179900],"chl_oc3\/2.2.0":["{{c}}",18235588,1713498],"chl_oc3\/2.2.1":["{{c}}",19949086,2973359],"chl_oc3\/2.2.2":["{{c}}",22922445,105811],"chl_oc3\/2.2.3":["{{c}}",23028256,876817],"chl_oc3\/2.2.4":["{{c}}",23905073,3033999],"chl_oc3\/2.3.0":["{{c}}",26939072,1118875],"chl_oc3\/2.3.1":["{{c}}",28057947,1018096],"chl_oc3\/2.3.2":["{{c}}",29076043,2138155],"chl_oc3\/2.3.3":["{{c}}",31214198,2241529],"chl_oc3\/2.3.4":["{{c}}",33455727,3835514],"chl_oc3\/2.4.0":["{{c}}",37291241,42079],"chl_oc3\/2.4.1":["{{c}}",37333320,132799],"chl_oc3\/2.4.2":["{{c}}",37466119,467553],"chl_oc3\/2.4.3":["{{c}}",37933672,846398],"chl_oc3\/2.4.4":["{{c}}",38780070,827007],"chl_oc3\/3.0.0":["{{d}}",151221,1074794],"chl_oc3\/3.0.1":["{{d}}",1226015,1248565],"chl_oc3\/3.0.2":["{{d}}",2474580,1895059],"chl_oc3\/3.0.3":["{{d}}",4369639,2494658],"chl_oc3\/3.0.4":["{{d}}",6864297,10921],"chl_oc3\/3.1.0":["{{d}}",6875218,1965560],"chl_oc3\/3.1.1":["{{d}}",8840778,3321433],"chl_oc3\/3.1.2":["{{d}}",12162211,1723367],"chl_oc3\/3.1.3":["{{d}}",13885578,1611084],"chl_oc3\/3.1.4":["{{d}}",15496662,12206],"chl_oc3\/3.2.0":["{{d}}",15508868,1458785],"chl_oc3\/3.2.1":["{{d}}",16967653,3139845],"chl_oc3\/3.2.2":["{{d}}",20107498,141671],"chl_oc3\/3.2.3":["{{d}}",20249169,1706335],"chl_oc3\/3.2.4":["{{d}}",21955504,605373],"chl_oc3\/3.3.0":["{{d}}",22560877,494006],"chl_oc3\/3.3.1":["{{d}}",23054883,511920],"chl_oc3\/3.3.2":["{{d}}",23566803,1022694],"chl_oc3\/3.3.3":["{{d}}",24589497,2669617],"chl_oc3\/3.3.4":["{{d}}",27259114,2368305],"chl_oc3\/3.4.0":["{{d}}",29627419,18076],"chl_oc3\/3.4.1":["{{d}}",29645495,310275],"chl_oc3\/3.4.2":["{{d}}",29955770,819428],"chl_oc3\/3.4.3":["{{d}}",30775198,131484],"chl_oc3\/3.4.4":["{{d}}",30906682,2113050],"chl_oc3\/4.0.0":["{{e}}",151221,1531083],"chl_oc3\/4.0.1":["{{e}}",1682304,1272837],"chl_oc3\/4.0.2":["{{e}}",2955141,1962283],"chl_oc3\/4.0.3":["{{e}}",4917424,1120473],"chl_oc3\/4.0.4":["{{e}}",6037897,1097134],"chl_oc3\/4.1.0":["{{e}}",7135031,1443244],"chl_oc3\/4.1.1":["{{e}}",8578275,2544125],"chl_oc3\/4.1.2":["{{e}}",11122400,1681852],"chl_oc3\/4.1.3":["{{e}}",12804252,585979],"chl_oc3\/4.1.4":["{{e}}",13390231,936908],"chl_oc3\/4.2.0":["{{e}}",14327139,1219254],"chl_oc3\/4.2.1":["{{e}}",15546393,1424400],"chl_oc3\/4.2.2":["{{e}}",16970793,102360],"chl_oc3\/4.2.3":["{{e}}",17073153,685119],"chl_oc3\/4.2.4":["{{e}}",17758272,1808914],"chl_oc3\/4.3.0":["{{e}}",19567186,873661],"chl_oc3\/4.3.1":["{{e}}",20440847,226382],"chl_oc3\/4.3.2":["{{e}}",20667229,1338225],"chl_oc3\/4.3.3":["{{e}}",22005454,1858073],"chl_oc3\/4.3.4":["{{e}}",23863527,4330593],"chl_oc3\/4.4.0":["{{e}}",28194120,622111],"chl_oc3\/4.4.1":["{{e}}",28816231,95177],"chl_oc3\/4.4.2":["{{e}}",28911408,846995],"chl_oc3\/4.4.3":["{{e}}",29758403,197678],"chl_oc3\/4.4.4":["{{e}}",29956081,163307],"chl_oc3\/5.0.0":["{{f}}",151221,536336],"chl_oc3\/5.0.1":["{{f}}",687557,1435273],"chl_oc3\/5.0.2":["{{f}}",2122830,2366477],"chl_oc3\/5.0.3":["{{f}}",4489307,393824],"chl_oc3\/5.0.4":["{{f}}",4883131,30010],"chl_oc3\/5.1.0":["{{f}}",4913141,873304],"chl_oc3\/5.1.1":["{{f}}",5786445,2777763],"chl_oc3\/5.1.2":["{{f}}",8564208,3332889],"chl_oc3\/5.1.3":["{{f}}",11897097,2733805],"chl_oc3\/5.1.4":["{{f}}",14630902,695701],"chl_oc3\/5.2.0":["{{f}}",15326603,3340933],"chl_oc3\/5.2.1":["{{f}}",18667536,2235597],"chl_oc3\/5.2.2":["{{f}}",20903133,10921],"chl_oc3\/5.2.3":["{{f}}",20914054,2934996],"chl_oc3\/5.2.4":["{{f}}",23849050,1594574],"chl_oc3\/5.3.0":["{{f}}",25443624,3350507],"chl_oc3\/5.3.1":["{{f}}",28794131,713363],"chl_oc3\/5.3.2":["{{f}}",29507494,1813606],"chl_oc3\/5.3.3":["{{f}}",31321100,1567864],"chl_oc3\/5.3.4":["{{f}}",32888964,2474885],"chl_oc3\/5.4.0":["{{f}}",35363849,503674],"chl_oc3\/5.4.1":["{{f}}",35867523,1000970],"chl_oc3\/5.4.2":["{{f}}",36868493,560989],"chl_oc3\/5.4.3":["{{f}}",37429482,1162604],"chl_oc3\/5.4.4":["{{f}}",38592086,77917],"chl_oc3\/6.0.0":["{{g}}",151221,1040506],"chl_oc3\/6.0.1":["{{g}}",1191727,892767],"chl_oc3\/6.0.2":["{{g}}",2084494,1166102],"chl_oc3\/6.0.3":["{{g}}",3250596,1047303],"chl_oc3\/6.0.4":["{{g}}",4297899,1619517],"chl_oc3\/6.1.0":["{{g}}",5917416,621311],"chl_oc3\/6.1.1":["{{g}}",6538727,1950398],"chl_oc3\/6.1.2":["{{g}}",8489125,2192883],"chl_oc3\/6.1.3":["{{g}}",10682008,1335325],"chl_oc3\/6.1.4":["{{g}}",12017333,2300073],"chl_oc3\/6.2.0":["{{g}}",14317406,2322271],"chl_oc3\/6.2.1":["{{g}}",16639677,1743197],"chl_oc3\/6.2.2":["{{g}}",18382874,113253],"chl_oc3\/6.2.3":["{{g}}",18496127,1566318],"chl_oc3\/6.2.4":["{{g}}",20062445,4970908],"chl_oc3\/6.3.0":["{{g}}",25033353,2281803],"chl_oc3\/6.3.1":["{{g}}",27315156,1179126],"chl_oc3\/6.3.2":["{{g}}",28494282,2210057],"chl_oc3\/6.3.3":["{{g}}",30704339,2670390],"chl_oc3\/6.3.4":["{{g}}",33374729,2544622],"chl_oc3\/6.4.0":["{{g}}",35919351,533765],"chl_oc3\/6.4.1":["{{g}}",36453116,236151],"chl_oc3\/6.4.2":["{{g}}",36689267,576335],"chl_oc3\/6.4.3":["{{g}}",37265602,984140],"chl_oc3\/6.4.4":["{{g}}",38249742,504517],"chl_oc3\/7.0.0":["{{h}}",151221,2606488],"chl_oc3\/7.0.1":["{{h}}",2757709,1521677],"chl_oc3\/7.0.2":["{{h}}",4279386,2272409],"chl_oc3\/7.0.3":["{{h}}",6551795,1827246],"chl_oc3\/7.0.4":["{{h}}",8379041,418862],"chl_oc3\/7.1.0":["{{h}}",8797903,576349],"chl_oc3\/7.1.1":["{{h}}",9374252,1317677],"chl_oc3\/7.1.2":["{{h}}",10691929,2400233],"chl_oc3\/7.1.3":["{{h}}",13092162,2093402],"chl_oc3\/7.1.4":["{{h}}",15185564,736033],"chl_oc3\/7.2.0":["{{h}}",15921597,2048601],"chl_oc3\/7.2.1":["{{h}}",17970198,2570516],"chl_oc3\/7.2.2":["{{h}}",20540714,53231],"chl_oc3\/7.2.3":["{{h}}",20593945,1586862],"chl_oc3\/7.2.4":["{{h}}",22180807,3130216],"chl_oc3\/7.3.0":["{{h}}",25311023,3231310],"chl_oc3\/7.3.1":["{{h}}",28542333,1541649],"chl_oc3\/7.3.2":["{{h}}",30083982,2148200],"chl_oc3\/7.3.3":["{{h}}",32232182,1819399],"chl_oc3\/7.3.4":["{{h}}",34051581,1500436],"chl_oc3\/7.4.0":["{{h}}",35552017,239337],"chl_oc3\/7.4.1":["{{h}}",35791354,365649],"chl_oc3\/7.4.2":["{{h}}",36157003,621019],"chl_oc3\/7.4.3":["{{h}}",36778022,1669263],"chl_oc3\/7.4.4":["{{h}}",38447285,2327169],"chl_oc3\/8.0.0":["{{i}}",151221,1451018],"chl_oc3\/8.0.1":["{{i}}",1602239,673194],"chl_oc3\/8.0.2":["{{i}}",2275433,2524804],"chl_oc3\/8.0.3":["{{i}}",4800237,1509905],"chl_oc3\/8.0.4":["{{i}}",6310142,763111],"chl_oc3\/8.1.0":["{{i}}",7073253,1898830],"chl_oc3\/8.1.1":["{{i}}",8972083,586359],"chl_oc3\/8.1.2":["{{i}}",9558442,2194722],"chl_oc3\/8.1.3":["{{i}}",11753164,2911565],"chl_oc3\/8.1.4":["{{i}}",14664729,2090732],"chl_oc3\/8.2.0":["{{i}}",16755461,2699604],"chl_oc3\/8.2.1":["{{i}}",19455065,888297],"chl_oc3\/8.2.2":["{{i}}",20343362,81782],"chl_oc3\/8.2.3":["{{i}}",20425144,2047148],"chl_oc3\/8.2.4":["{{i}}",22472292,3732239],"chl_oc3\/8.3.0":["{{i}}",26204531,2515479],"chl_oc3\/8.3.1":["{{i}}",28720010,1015428],"chl_oc3\/8.3.2":["{{i}}",29735438,2422127],"chl_oc3\/8.3.3":["{{i}}",32157565,3013365],"chl_oc3\/8.3.4":["{{i}}",35170930,1576472],"chl_oc3\/8.4.0":["{{i}}",36747402,108037],"chl_oc3\/8.4.1":["{{i}}",36855439,198530],"chl_oc3\/8.4.2":["{{i}}",37053969,1146167],"chl_oc3\/8.4.3":["{{i}}",38200136,786892],"chl_oc3\/8.4.4":["{{i}}",38987028,2414834],"chl_oc3\/9.0.0":["{{j}}",151221,1192222],"chl_oc3\/9.0.1":["{{j}}",1343443,1387145],"chl_oc3\/9.0.2":["{{j}}",2730588,2012453],"chl_oc3\/9.0.3":["{{j}}",4743041,1696527],"chl_oc3\/9.0.4":["{{j}}",6439568,1350189],"chl_oc3\/9.1.0":["{{j}}",7789757,2460642],"chl_oc3\/9.1.1":["{{j}}",10250399,2550647],"chl_oc3\/9.1.2":["{{j}}",12801046,1609965],"chl_oc3\/9.1.3":["{{j}}",14411011,2276821],"chl_oc3\/9.1.4":["{{j}}",16687832,1713645],"chl_oc3\/9.2.0":["{{j}}",18401477,4935028],"chl_oc3\/9.2.1":["{{j}}",23336505,591368],"chl_oc3\/9.2.2":["{{j}}",23927873,110643],"chl_oc3\/9.2.3":["{{j}}",24038516,1461944],"chl_oc3\/9.2.4":["{{j}}",25500460,4260917],"chl_oc3\/9.3.0":["{{j}}",29761377,1867789],"chl_oc3\/9.3.1":["{{j}}",31629166,2128771],"chl_oc3\/9.3.2":["{{j}}",33757937,1306228],"chl_oc3\/9.3.3":["{{j}}",35064165,886925],"chl_oc3\/9.3.4":["{{j}}",35951090,3367118],"chl_oc3\/9.4.0":["{{j}}",39318208,2231433],"chl_oc3\/9.4.1":["{{j}}",41549641,614070],"chl_oc3\/9.4.2":["{{j}}",42163711,627382],"chl_oc3\/9.4.3":["{{j}}",42791093,2433605],"chl_oc3\/9.4.4":["{{j}}",45224698,1163498],"chl_oc3\/10.0.0":["{{k}}",151221,373161],"chl_oc3\/10.0.1":["{{k}}",524382,1198491],"chl_oc3\/10.0.2":["{{k}}",1722873,1193068],"chl_oc3\/10.0.3":["{{k}}",2915941,2072581],"chl_oc3\/10.0.4":["{{k}}",4988522,1382487],"chl_oc3\/10.1.0":["{{k}}",6371009,1496668],"chl_oc3\/10.1.1":["{{k}}",7867677,1084648],"chl_oc3\/10.1.2":["{{k}}",8952325,1960546],"chl_oc3\/10.1.3":["{{k}}",10912871,2725334],"chl_oc3\/10.1.4":["{{k}}",13638205,133047],"chl_oc3\/10.2.0":["{{k}}",13771252,3594751],"chl_oc3\/10.2.1":["{{k}}",17366003,748626],"chl_oc3\/10.2.2":["{{k}}",18114629,121355],"chl_oc3\/10.2.3":["{{k}}",18235984,1075696],"chl_oc3\/10.2.4":["{{k}}",19311680,786319],"chl_oc3\/10.3.0":["{{k}}",20097999,2089233],"chl_oc3\/10.3.1":["{{k}}",22187232,1289080],"chl_oc3\/10.3.2":["{{k}}",23476312,1296308],"chl_oc3\/10.3.3":["{{k}}",24772620,1500944],"chl_oc3\/10.3.4":["{{k}}",26273564,950158],"chl_oc3\/10.4.0":["{{k}}",27223722,2164600],"chl_oc3\/10.4.1":["{{k}}",29388322,677915],"chl_oc3\/10.4.2":["{{k}}",30066237,425659],"chl_oc3\/10.4.3":["{{k}}",30491896,1228474],"chl_oc3\/10.4.4":["{{k}}",31720370,903540],"chl_oc3\/11.0.0":["{{l}}",151221,1050383],"chl_oc3\/11.0.1":["{{l}}",1201604,1694128],"chl_oc3\/11.0.2":["{{l}}",2895732,741067],"chl_oc3\/11.0.3":["{{l}}",3636799,1233533],"chl_oc3\/11.0.4":["{{l}}",4870332,1819778],"chl_oc3\/11.1.0":["{{l}}",6690110,3417612],"chl_oc3\/11.1.1":["{{l}}",10107722,2111232],"chl_oc3\/11.1.2":["{{l}}",12218954,1662667],"chl_oc3\/11.1.3":["{{l}}",13881621,1115488],"chl_oc3\/11.1.4":["{{l}}",14997109,2234661],"chl_oc3\/11.2.0":["{{l}}",17231770,4013221],"chl_oc3\/11.2.1":["{{l}}",21244991,860736],"chl_oc3\/11.2.2":["{{l}}",22105727,115139],"chl_oc3\/11.2.3":["{{l}}",22220866,353301],"chl_oc3\/11.2.4":["{{l}}",22574167,3076072],"chl_oc3\/11.3.0":["{{l}}",25650239,1248090],"chl_oc3\/11.3.1":["{{l}}",26898329,859626],"chl_oc3\/11.3.2":["{{l}}",27757955,231218],"chl_oc3\/11.3.3":["{{l}}",27989173,1740823],"chl_oc3\/11.3.4":["{{l}}",29729996,2609033],"chl_oc3\/11.4.0":["{{l}}",32339029,2506716],"chl_oc3\/11.4.1":["{{l}}",34845745,944851],"chl_oc3\/11.4.2":["{{l}}",35790596,132257],"chl_oc3\/11.4.3":["{{l}}",35922853,690139],"chl_oc3\/11.4.4":["{{l}}",36612992,1734299],"chl_oc3\/12.0.0":["{{m}}",151221,1418559],"chl_oc3\/12.0.1":["{{m}}",1569780,1278049],"chl_oc3\/12.0.2":["{{m}}",2847829,2708135],"chl_oc3\/12.0.3":["{{m}}",5555964,1728637],"chl_oc3\/12.0.4":["{{m}}",7284601,10921],"chl_oc3\/12.1.0":["{{m}}",7295522,2869623],"chl_oc3\/12.1.1":["{{m}}",10165145,630658],"chl_oc3\/12.1.2":["{{m}}",10795803,3360288],"chl_oc3\/12.1.3":["{{m}}",14156091,1315077],"chl_oc3\/12.1.4":["{{m}}",15471168,42158],"chl_oc3\/12.2.0":["{{m}}",15513326,3006462],"chl_oc3\/12.2.1":["{{m}}",18519788,2650814],"chl_oc3\/12.2.2":["{{m}}",21170602,47986],"chl_oc3\/12.2.3":["{{m}}",21218588,1609039],"chl_oc3\/12.2.4":["{{m}}",22827627,666958],"chl_oc3\/12.3.0":["{{m}}",23494585,1329345],"chl_oc3\/12.3.1":["{{m}}",24823930,1031388],"chl_oc3\/12.3.2":["{{m}}",25855318,302522],"chl_oc3\/12.3.3":["{{m}}",26157840,2602316],"chl_oc3\/12.3.4":["{{m}}",28760156,2372049],"chl_oc3\/12.4.0":["{{m}}",31132205,1052129],"chl_oc3\/12.4.1":["{{m}}",32184334,1303822],"chl_oc3\/12.4.2":["{{m}}",33488156,815542],"chl_oc3\/12.4.3":["{{m}}",34303698,194716],"chl_oc3\/12.4.4":["{{m}}",34498414,905740],"chl_oc3\/13.0.0":["{{n}}",151221,3803647],"chl_oc3\/13.0.1":["{{n}}",3954868,987012],"chl_oc3\/13.0.2":["{{n}}",4941880,1728094],"chl_oc3\/13.0.3":["{{n}}",6669974,1683081],"chl_oc3\/13.0.4":["{{n}}",8353055,1472931],"chl_oc3\/13.1.0":["{{n}}",9825986,4560332],"chl_oc3\/13.1.1":["{{n}}",14386318,2746107],"chl_oc3\/13.1.2":["{{n}}",17132425,2484756],"chl_oc3\/13.1.3":["{{n}}",19617181,1280336],"chl_oc3\/13.1.4":["{{n}}",20897517,1701571],"chl_oc3\/13.2.0":["{{n}}",22599088,1727309],"chl_oc3\/13.2.1":["{{n}}",24326397,2413786],"chl_oc3\/13.2.2":["{{n}}",26740183,114557],"chl_oc3\/13.2.3":["{{n}}",26854740,415672],"chl_oc3\/13.2.4":["{{n}}",27270412,3671327],"chl_oc3\/13.3.0":["{{n}}",30941739,1216489],"chl_oc3\/13.3.1":["{{n}}",32158228,1380012],"chl_oc3\/13.3.2":["{{n}}",33538240,1623376],"chl_oc3\/13.3.3":["{{n}}",35161616,1810305],"chl_oc3\/13.3.4":["{{n}}",36971921,2448799],"chl_oc3\/13.4.0":["{{n}}",39420720,263076],"chl_oc3\/13.4.1":["{{n}}",39683796,1719779],"chl_oc3\/13.4.2":["{{n}}",41403575,48775],"chl_oc3\/13.4.3":["{{n}}",41452350,373301],"chl_oc3\/13.4.4":["{{n}}",41825651,384585],"chl_oc3\/14.0.0":["{{o}}",151221,2761281],"chl_oc3\/14.0.1":["{{o}}",2912502,999085],"chl_oc3\/14.0.2":["{{o}}",3911587,2393385],"chl_oc3\/14.0.3":["{{o}}",6304972,2475585],"chl_oc3\/14.0.4":["{{o}}",8780557,268508],"chl_oc3\/14.1.0":["{{o}}",9049065,3612020],"chl_oc3\/14.1.1":["{{o}}",12661085,2685362],"chl_oc3\/14.1.2":["{{o}}",15346447,1521434],"chl_oc3\/14.1.3":["{{o}}",16867881,2254575],"chl_oc3\/14.1.4":["{{o}}",19122456,478477],"chl_oc3\/14.2.0":["{{o}}",19600933,2880522],"chl_oc3\/14.2.1":["{{o}}",22481455,4214860],"chl_oc3\/14.2.2":["{{o}}",26696315,56356],"chl_oc3\/14.2.3":["{{o}}",26752671,2239004],"chl_oc3\/14.2.4":["{{o}}",28991675,1963411],"chl_oc3\/14.3.0":["{{o}}",30955086,2027274],"chl_oc3\/14.3.1":["{{o}}",32982360,421971],"chl_oc3\/14.3.2":["{{o}}",33404331,1845737],"chl_oc3\/14.3.3":["{{o}}",35250068,1286663],"chl_oc3\/14.3.4":["{{o}}",36536731,2518873],"chl_oc3\/14.4.0":["{{o}}",39055604,754047],"chl_oc3\/14.4.1":["{{o}}",39809651,220984],"chl_oc3\/14.4.2":["{{o}}",40030635,608003],"chl_oc3\/14.4.3":["{{o}}",40638638,679819],"chl_oc3\/14.4.4":["{{o}}",41318457,434475],"chl_oc3\/15.0.0":["{{p}}",151221,3626098],"chl_oc3\/15.0.1":["{{p}}",3777319,1026816],"chl_oc3\/15.0.2":["{{p}}",4804135,1607298],"chl_oc3\/15.0.3":["{{p}}",6411433,2259710],"chl_oc3\/15.0.4":["{{p}}",8671143,1658276],"chl_oc3\/15.1.0":["{{p}}",10329419,3704345],"chl_oc3\/15.1.1":["{{p}}",14033764,3049757],"chl_oc3\/15.1.2":["{{p}}",17083521,2335970],"chl_oc3\/15.1.3":["{{p}}",19419491,977635],"chl_oc3\/15.1.4":["{{p}}",20397126,1305868],"chl_oc3\/15.2.0":["{{p}}",21702994,2676437],"chl_oc3\/15.2.1":["{{p}}",24379431,1565953],"chl_oc3\/15.2.2":["{{p}}",25945384,146927],"chl_oc3\/15.2.3":["{{p}}",26092311,1180202],"chl_oc3\/15.2.4":["{{p}}",27272513,2665877],"chl_oc3\/15.3.0":["{{p}}",29938390,1031939],"chl_oc3\/15.3.1":["{{p}}",30970329,1357681],"chl_oc3\/15.3.2":["{{p}}",32328010,984672],"chl_oc3\/15.3.3":["{{p}}",33312682,1191377],"chl_oc3\/15.3.4":["{{p}}",34504059,761395],"chl_oc3\/15.4.0":["{{p}}",35265454,1281979],"chl_oc3\/15.4.1":["{{p}}",36547433,1422050],"chl_oc3\/15.4.2":["{{p}}",37969483,350298],"chl_oc3\/15.4.3":["{{p}}",38319781,1489058],"chl_oc3\/15.4.4":["{{p}}",39808839,1414401],"chl_oc3\/16.0.0":["{{q}}",151221,2720713],"chl_oc3\/16.0.1":["{{q}}",2871934,1420739],"chl_oc3\/16.0.2":["{{q}}",4292673,2420455],"chl_oc3\/16.0.3":["{{q}}",6713128,1083992],"chl_oc3\/16.0.4":["{{q}}",7797120,517357],"chl_oc3\/16.1.0":["{{q}}",8314477,3860064],"chl_oc3\/16.1.1":["{{q}}",12174541,4353005],"chl_oc3\/16.1.2":["{{q}}",16527546,1564504],"chl_oc3\/16.1.3":["{{q}}",18092050,1163955],"chl_oc3\/16.1.4":["{{q}}",19256005,1439259],"chl_oc3\/16.2.0":["{{q}}",20695264,2621359],"chl_oc3\/16.2.1":["{{q}}",23316623,3995155],"chl_oc3\/16.2.2":["{{q}}",27311778,81433],"chl_oc3\/16.2.3":["{{q}}",27393211,1131941],"chl_oc3\/16.2.4":["{{q}}",28525152,3584767],"chl_oc3\/16.3.0":["{{q}}",32109919,3035942],"chl_oc3\/16.3.1":["{{q}}",35145861,1250798],"chl_oc3\/16.3.2":["{{q}}",36396659,795774],"chl_oc3\/16.3.3":["{{q}}",37192433,1495230],"chl_oc3\/16.3.4":["{{q}}",38687663,2691801],"chl_oc3\/16.4.0":["{{q}}",41379464,1202152],"chl_oc3\/16.4.1":["{{q}}",42581616,1440510],"chl_oc3\/16.4.2":["{{q}}",44022126,713114],"chl_oc3\/16.4.3":["{{q}}",44735240,397874],"chl_oc3\/16.4.4":["{{q}}",45133114,1875630],"chl_oc3\/17.0.0":["{{r}}",151221,2753154],"chl_oc3\/17.0.1":["{{r}}",2904375,1135958],"chl_oc3\/17.0.2":["{{r}}",4040333,3072158],"chl_oc3\/17.0.3":["{{r}}",7112491,2544638],"chl_oc3\/17.0.4":["{{r}}",9657129,2143998],"chl_oc3\/17.1.0":["{{r}}",11801127,2231549],"chl_oc3\/17.1.1":["{{r}}",14032676,3649386],"chl_oc3\/17.1.2":["{{r}}",17682062,2777672],"chl_oc3\/17.1.3":["{{r}}",20459734,1260329],"chl_oc3\/17.1.4":["{{r}}",21720063,298052],"chl_oc3\/17.2.0":["{{r}}",22018115,2028059],"chl_oc3\/17.2.1":["{{r}}",24046174,2530322],"chl_oc3\/17.2.2":["{{r}}",26576496,138552],"chl_oc3\/17.2.3":["{{r}}",26715048,1626538],"chl_oc3\/17.2.4":["{{r}}",28341586,112536],"chl_oc3\/17.3.0":["{{r}}",28454122,1070369],"chl_oc3\/17.3.1":["{{r}}",29524491,1855397],"chl_oc3\/17.3.2":["{{r}}",31379888,1243874],"chl_oc3\/17.3.3":["{{r}}",32623762,2208533],"chl_oc3\/17.3.4":["{{r}}",34832295,1346855],"chl_oc3\/17.4.0":["{{r}}",36179150,1504980],"chl_oc3\/17.4.1":["{{r}}",37684130,529564],"chl_oc3\/17.4.2":["{{r}}",38213694,1185587],"chl_oc3\/17.4.3":["{{r}}",39399281,704613],"chl_oc3\/17.4.4":["{{r}}",40103894,590487],"chl_oc3\/18.0.0":["{{s}}",151221,1849745],"chl_oc3\/18.0.1":["{{s}}",2000966,942589],"chl_oc3\/18.0.2":["{{s}}",2943555,2429922],"chl_oc3\/18.0.3":["{{s}}",5373477,1557325],"chl_oc3\/18.0.4":["{{s}}",6930802,1177744],"chl_oc3\/18.1.0":["{{s}}",8108546,3267401],"chl_oc3\/18.1.1":["{{s}}",11375947,3997623],"chl_oc3\/18.1.2":["{{s}}",15373570,2501546],"chl_oc3\/18.1.3":["{{s}}",17875116,1152714],"chl_oc3\/18.1.4":["{{s}}",19027830,2139940],"chl_oc3\/18.2.0":["{{s}}",21167770,1063571],"chl_oc3\/18.2.1":["{{s}}",22231341,2879523],"chl_oc3\/18.2.2":["{{s}}",25110864,65466],"chl_oc3\/18.2.3":["{{s}}",25176330,829125],"chl_oc3\/18.2.4":["{{s}}",26005455,3826061],"chl_oc3\/18.3.0":["{{s}}",29831516,1603143],"chl_oc3\/18.3.1":["{{s}}",31434659,2663495],"chl_oc3\/18.3.2":["{{s}}",34098154,722585],"chl_oc3\/18.3.3":["{{s}}",34820739,2230473],"chl_oc3\/18.3.4":["{{s}}",37051212,3532284],"chl_oc3\/18.4.0":["{{s}}",40583496,1895497],"chl_oc3\/18.4.1":["{{s}}",42478993,2079447],"chl_oc3\/18.4.2":["{{s}}",44558440,382567],"chl_oc3\/18.4.3":["{{s}}",44941007,2183788],"chl_oc3\/18.4.4":["{{s}}",47124795,765256],"chl_oc3\/19.0.0":["{{t}}",151221,1686046],"chl_oc3\/19.0.1":["{{t}}",1837267,1504733],"chl_oc3\/19.0.2":["{{t}}",3342000,2495206],"chl_oc3\/19.0.3":["{{t}}",5837206,2638332],"chl_oc3\/19.0.4":["{{t}}",8475538,10921],"chl_oc3\/19.1.0":["{{t}}",8486459,1653368],"chl_oc3\/19.1.1":["{{t}}",10139827,2836183],"chl_oc3\/19.1.2":["{{t}}",12976010,3423691],"chl_oc3\/19.1.3":["{{t}}",16399701,2419088],"chl_oc3\/19.1.4":["{{t}}",18818789,83784],"chl_oc3\/19.2.0":["{{t}}",18902573,1533571],"chl_oc3\/19.2.1":["{{t}}",20436144,3552967],"chl_oc3\/19.2.2":["{{t}}",23989111,110117],"chl_oc3\/19.2.3":["{{t}}",24099228,2493996],"chl_oc3\/19.2.4":["{{t}}",26593224,769592],"chl_oc3\/19.3.0":["{{t}}",27362816,1469694],"chl_oc3\/19.3.1":["{{t}}",28832510,2840169],"chl_oc3\/19.3.2":["{{t}}",31672679,2067735],"chl_oc3\/19.3.3":["{{t}}",33740414,1949190],"chl_oc3\/19.3.4":["{{t}}",35689604,1788187],"chl_oc3\/19.4.0":["{{t}}",37477791,2297527],"chl_oc3\/19.4.1":["{{t}}",39775318,1665961],"chl_oc3\/19.4.2":["{{t}}",41441279,2422851],"chl_oc3\/19.4.3":["{{t}}",43864130,843815],"chl_oc3\/19.4.4":["{{t}}",44707945,1792549],"chl_oc3\/20.0.0":["{{u}}",151221,3493135],"chl_oc3\/20.0.1":["{{u}}",3644356,1166828],"chl_oc3\/20.0.2":["{{u}}",4811184,1806498],"chl_oc3\/20.0.3":["{{u}}",6617682,2534497],"chl_oc3\/20.0.4":["{{u}}",9152179,1659437],"chl_oc3\/20.1.0":["{{u}}",10811616,3417126],"chl_oc3\/20.1.1":["{{u}}",14228742,3202810],"chl_oc3\/20.1.2":["{{u}}",17431552,2941399],"chl_oc3\/20.1.3":["{{u}}",20372951,1505893],"chl_oc3\/20.1.4":["{{u}}",21878844,3792125],"chl_oc3\/20.2.0":["{{u}}",25670969,2682777],"chl_oc3\/20.2.1":["{{u}}",28353746,2554422],"chl_oc3\/20.2.2":["{{u}}",30908168,104879],"chl_oc3\/20.2.3":["{{u}}",31013047,649805],"chl_oc3\/20.2.4":["{{u}}",31662852,4927435],"chl_oc3\/20.3.0":["{{u}}",36590287,2607725],"chl_oc3\/20.3.1":["{{u}}",39198012,1554694],"chl_oc3\/20.3.2":["{{u}}",40752706,2732770],"chl_oc3\/20.3.3":["{{u}}",43485476,1071309],"chl_oc3\/20.3.4":["{{u}}",44556785,3725896],"chl_oc3\/20.4.0":["{{u}}",48282681,895554],"chl_oc3\/20.4.1":["{{u}}",49178235,858447],"chl_oc3\/20.4.2":["{{u}}",50036682,622784],"chl_oc3\/20.4.3":["{{u}}",50659466,1253687],"chl_oc3\/20.4.4":["{{u}}",51913153,288157],"chl_oc3\/21.0.0":["{{v}}",151221,2549580],"chl_oc3\/21.0.1":["{{v}}",2700801,1331543],"chl_oc3\/21.0.2":["{{v}}",4032344,2489782],"chl_oc3\/21.0.3":["{{v}}",6522126,3747492],"chl_oc3\/21.0.4":["{{v}}",10269618,251572],"chl_oc3\/21.1.0":["{{v}}",10521190,1313303],"chl_oc3\/21.1.1":["{{v}}",11834493,2909906],"chl_oc3\/21.1.2":["{{v}}",14744399,2898182],"chl_oc3\/21.1.3":["{{v}}",17642581,2677720],"chl_oc3\/21.1.4":["{{v}}",20320301,745644],"chl_oc3\/21.2.0":["{{v}}",21065945,2598862],"chl_oc3\/21.2.1":["{{v}}",23664807,3966232],"chl_oc3\/21.2.2":["{{v}}",27631039,39401],"chl_oc3\/21.2.3":["{{v}}",27670440,2270198],"chl_oc3\/21.2.4":["{{v}}",29940638,1954282],"chl_oc3\/21.3.0":["{{v}}",31894920,1399159],"chl_oc3\/21.3.1":["{{v}}",33294079,2341631],"chl_oc3\/21.3.2":["{{v}}",35635710,1558714],"chl_oc3\/21.3.3":["{{v}}",37194424,1262677],"chl_oc3\/21.3.4":["{{v}}",38457101,1559906],"chl_oc3\/21.4.0":["{{v}}",40017007,1897069],"chl_oc3\/21.4.1":["{{v}}",41914076,724814],"chl_oc3\/21.4.2":["{{v}}",42638890,759535],"chl_oc3\/21.4.3":["{{v}}",43398425,2035170],"chl_oc3\/21.4.4":["{{v}}",45433595,860869],"chl_oc3\/22.0.0":["{{w}}",151221,2830916],"chl_oc3\/22.0.1":["{{w}}",2982137,764422],"chl_oc3\/22.0.2":["{{w}}",3746559,1407378],"chl_oc3\/22.0.3":["{{w}}",5153937,1951920],"chl_oc3\/22.0.4":["{{w}}",7105857,2815206],"chl_oc3\/22.1.0":["{{w}}",9921063,3899341],"chl_oc3\/22.1.1":["{{w}}",13820404,3291882],"chl_oc3\/22.1.2":["{{w}}",17112286,2464304],"chl_oc3\/22.1.3":["{{w}}",19576590,492727],"chl_oc3\/22.1.4":["{{w}}",20069317,4061628],"chl_oc3\/22.2.0":["{{w}}",24130945,2723636],"chl_oc3\/22.2.1":["{{w}}",26854581,2433450],"chl_oc3\/22.2.2":["{{w}}",29288031,142580],"chl_oc3\/22.2.3":["{{w}}",29430611,1144320],"chl_oc3\/22.2.4":["{{w}}",30574931,4938136],"chl_oc3\/22.3.0":["{{w}}",35513067,999132],"chl_oc3\/22.3.1":["{{w}}",36512199,967481],"chl_oc3\/22.3.2":["{{w}}",37479680,1550648],"chl_oc3\/22.3.3":["{{w}}",39030328,2113900],"chl_oc3\/22.3.4":["{{w}}",41144228,1411219],"chl_oc3\/22.4.0":["{{w}}",42555447,837159],"chl_oc3\/22.4.1":["{{w}}",43392606,1307270],"chl_oc3\/22.4.2":["{{w}}",44699876,289656],"chl_oc3\/22.4.3":["{{w}}",44989532,905813],"chl_oc3\/22.4.4":["{{w}}",45895345,1007102],"chl_oc3\/23.0.0":["{{x}}",151221,1835992],"chl_oc3\/23.0.1":["{{x}}",1987213,2026986],"chl_oc3\/23.0.2":["{{x}}",4014199,2768928],"chl_oc3\/23.0.3":["{{x}}",6783127,2860904],"chl_oc3\/23.0.4":["{{x}}",9644031,570106],"chl_oc3\/23.1.0":["{{x}}",10214137,2710031],"chl_oc3\/23.1.1":["{{x}}",12924168,4785121],"chl_oc3\/23.1.2":["{{x}}",17709289,2697888],"chl_oc3\/23.1.3":["{{x}}",20407177,1418129],"chl_oc3\/23.1.4":["{{x}}",21825306,1594781],"chl_oc3\/23.2.0":["{{x}}",23420087,1142900],"chl_oc3\/23.2.1":["{{x}}",24562987,3141182],"chl_oc3\/23.2.2":["{{x}}",27704169,54769],"chl_oc3\/23.2.3":["{{x}}",27758938,1325432],"chl_oc3\/23.2.4":["{{x}}",29084370,1650641],"chl_oc3\/23.3.0":["{{x}}",30735011,582002],"chl_oc3\/23.3.1":["{{x}}",31317013,784304],"chl_oc3\/23.3.2":["{{x}}",32101317,1629606],"chl_oc3\/23.3.3":["{{x}}",33730923,1821061],"chl_oc3\/23.3.4":["{{x}}",35551984,2002089],"chl_oc3\/23.4.0":["{{x}}",37554073,661205],"chl_oc3\/23.4.1":["{{x}}",38215278,737174],"chl_oc3\/23.4.2":["{{x}}",38952452,440328],"chl_oc3\/23.4.3":["{{x}}",39392780,603108],"chl_oc3\/23.4.4":["{{x}}",39995888,817082],"chl_oc3\/24.0.0":["{{y}}",151221,2124470],"chl_oc3\/24.0.1":["{{y}}",2275691,1360283],"chl_oc3\/24.0.2":["{{y}}",3635974,2975968],"chl_oc3\/24.0.3":["{{y}}",6611942,3095988],"chl_oc3\/24.0.4":["{{y}}",9707930,1150029],"chl_oc3\/24.1.0":["{{y}}",10857959,1014797],"chl_oc3\/24.1.1":["{{y}}",11872756,3037923],"chl_oc3\/24.1.2":["{{y}}",14910679,3033048],"chl_oc3\/24.1.3":["{{y}}",17943727,549028],"chl_oc3\/24.1.4":["{{y}}",18492755,2670398],"chl_oc3\/24.2.0":["{{y}}",21163153,978337],"chl_oc3\/24.2.1":["{{y}}",22141490,1397312],"chl_oc3\/24.2.2":["{{y}}",23538802,131643],"chl_oc3\/24.2.3":["{{y}}",23670445,1325278],"chl_oc3\/24.2.4":["{{y}}",24995723,1435810],"chl_oc3\/24.3.0":["{{y}}",26431533,1976743],"chl_oc3\/24.3.1":["{{y}}",28408276,1776316],"chl_oc3\/24.3.2":["{{y}}",30184592,2244513],"chl_oc3\/24.3.3":["{{y}}",32429105,4046446],"chl_oc3\/24.3.4":["{{y}}",36475551,670633],"chl_oc3\/24.4.0":["{{y}}",37146184,457843],"chl_oc3\/24.4.1":["{{y}}",37604027,1396466],"chl_oc3\/24.4.2":["{{y}}",39000493,42172],"chl_oc3\/24.4.3":["{{y}}",39042665,467847],"chl_oc3\/24.4.4":["{{y}}",39510512,266984],"chl_oc3\/25.0.0":["{{z}}",151221,1801085],"chl_oc3\/25.0.1":["{{z}}",1952306,1798878],"chl_oc3\/25.0.2":["{{z}}",3751184,2994442],"chl_oc3\/25.0.3":["{{z}}",6745626,2525843],"chl_oc3\/25.0.4":["{{z}}",9271469,1652128],"chl_oc3\/25.1.0":["{{z}}",10923597,1998676],"chl_oc3\/25.1.1":["{{z}}",12922273,3338644],"chl_oc3\/25.1.2":["{{z}}",16260917,2337435],"chl_oc3\/25.1.3":["{{z}}",18598352,2282112],"chl_oc3\/25.1.4":["{{z}}",20880464,2893408],"chl_oc3\/25.2.0":["{{z}}",23773872,1954176],"chl_oc3\/25.2.1":["{{z}}",25728048,1994093],"chl_oc3\/25.2.2":["{{z}}",27722141,102557],"chl_oc3\/25.2.3":["{{z}}",27824698,1220762],"chl_oc3\/25.2.4":["{{z}}",29045460,2553844],"chl_oc3\/25.3.0":["{{z}}",31599304,1851417],"chl_oc3\/25.3.1":["{{z}}",33450721,2017786],"chl_oc3\/25.3.2":["{{z}}",35468507,535440],"chl_oc3\/25.3.3":["{{z}}",36003947,3530225],"chl_oc3\/25.3.4":["{{z}}",39534172,4300328],"chl_oc3\/25.4.0":["{{z}}",43834500,151488],"chl_oc3\/25.4.1":["{{z}}",43985988,892379],"chl_oc3\/25.4.2":["{{z}}",44878367,1044133],"chl_oc3\/25.4.3":["{{z}}",45922500,750612],"chl_oc3\/25.4.4":["{{z}}",46673112,687532],"chl_oc3\/26.0.0":["{{A}}",151221,1703557],"chl_oc3\/26.0.1":["{{A}}",1854778,1597582],"chl_oc3\/26.0.2":["{{A}}",3452360,2614776],"chl_oc3\/26.0.3":["{{A}}",6067136,3104667],"chl_oc3\/26.0.4":["{{A}}",9171803,1341653],"chl_oc3\/26.1.0":["{{A}}",10513456,1704842],"chl_oc3\/26.1.1":["{{A}}",12218298,2748691],"chl_oc3\/26.1.2":["{{A}}",14966989,3156981],"chl_oc3\/26.1.3":["{{A}}",18123970,1574858],"chl_oc3\/26.1.4":["{{A}}",19698828,37725],"chl_oc3\/26.2.0":["{{A}}",19736553,1496069],"chl_oc3\/26.2.1":["{{A}}",21232622,1905420],"chl_oc3\/26.2.2":["{{A}}",23138042,122419],"chl_oc3\/26.2.3":["{{A}}",23260461,1105646],"chl_oc3\/26.2.4":["{{A}}",24366107,320964],"chl_oc3\/26.3.0":["{{A}}",24687071,2580789],"chl_oc3\/26.3.1":["{{A}}",27267860,1582028],"chl_oc3\/26.3.2":["{{A}}",28849888,3386035],"chl_oc3\/26.3.3":["{{A}}",32235923,3824492],"chl_oc3\/26.3.4":["{{A}}",36060415,2098275],"chl_oc3\/26.4.0":["{{A}}",38158690,197960],"chl_oc3\/26.4.1":["{{A}}",38356650,852883],"chl_oc3\/26.4.2":["{{A}}",39209533,1301655],"chl_oc3\/26.4.3":["{{A}}",40511188,421910],"chl_oc3\/26.4.4":["{{A}}",40933098,469122],"chl_oc3\/27.0.0":["{{B}}",151221,3099277],"chl_oc3\/27.0.1":["{{B}}",3250498,2650411],"chl_oc3\/27.0.2":["{{B}}",5900909,700601],"chl_oc3\/27.0.3":["{{B}}",6601510,2324968],"chl_oc3\/27.0.4":["{{B}}",8926478,2651963],"chl_oc3\/27.1.0":["{{B}}",11578441,1854866],"chl_oc3\/27.1.1":["{{B}}",13433307,3866817],"chl_oc3\/27.1.2":["{{B}}",17300124,2167542],"chl_oc3\/27.1.3":["{{B}}",19467666,1817277],"chl_oc3\/27.1.4":["{{B}}",21284943,3697547],"chl_oc3\/27.2.0":["{{B}}",24982490,1492157],"chl_oc3\/27.2.1":["{{B}}",26474647,1520932],"chl_oc3\/27.2.2":["{{B}}",27995579,106521],"chl_oc3\/27.2.3":["{{B}}",28102100,534575],"chl_oc3\/27.2.4":["{{B}}",28636675,2438029],"chl_oc3\/27.3.0":["{{B}}",31074704,2392409],"chl_oc3\/27.3.1":["{{B}}",33467113,1187696],"chl_oc3\/27.3.2":["{{B}}",34654809,2097800],"chl_oc3\/27.3.3":["{{B}}",36752609,1655107],"chl_oc3\/27.3.4":["{{B}}",38407716,5056785],"chl_oc3\/27.4.0":["{{B}}",43464501,873037],"chl_oc3\/27.4.1":["{{B}}",44337538,707868],"chl_oc3\/27.4.2":["{{B}}",45045406,1662990],"chl_oc3\/27.4.3":["{{B}}",46708396,1905279],"chl_oc3\/27.4.4":["{{B}}",48613675,802509],"chl_oc3\/28.0.0":["{{C}}",151221,1787491],"chl_oc3\/28.0.1":["{{C}}",1938712,1824636],"chl_oc3\/28.0.2":["{{C}}",3763348,3079808],"chl_oc3\/28.0.3":["{{C}}",6843156,2169945],"chl_oc3\/28.0.4":["{{C}}",9013101,10921],"chl_oc3\/28.1.0":["{{C}}",9024022,2504405],"chl_oc3\/28.1.1":["{{C}}",11528427,1870419],"chl_oc3\/28.1.2":["{{C}}",13398846,3131872],"chl_oc3\/28.1.3":["{{C}}",16530718,2655953],"chl_oc3\/28.1.4":["{{C}}",19186671,447626],"chl_oc3\/28.2.0":["{{C}}",19634297,1968427],"chl_oc3\/28.2.1":["{{C}}",21602724,1909646],"chl_oc3\/28.2.2":["{{C}}",23512370,97202],"chl_oc3\/28.2.3":["{{C}}",23609572,2225980],"chl_oc3\/28.2.4":["{{C}}",25835552,1481772],"chl_oc3\/28.3.0":["{{C}}",27317324,2377581],"chl_oc3\/28.3.1":["{{C}}",29694905,1811091],"chl_oc3\/28.3.2":["{{C}}",31505996,3040237],"chl_oc3\/28.3.3":["{{C}}",34546233,1727838],"chl_oc3\/28.3.4":["{{C}}",36274071,1940368],"chl_oc3\/28.4.0":["{{C}}",38214439,80348],"chl_oc3\/28.4.1":["{{C}}",38294787,426686],"chl_oc3\/28.4.2":["{{C}}",38721473,1191967],"chl_oc3\/28.4.3":["{{C}}",39913440,1064694],"chl_oc3\/28.4.4":["{{C}}",40978134,1669972],"chl_oc3\/29.0.0":["{{D}}",151221,1878004],"chl_oc3\/29.0.1":["{{D}}",2029225,1668911],"chl_oc3\/29.0.2":["{{D}}",3698136,1940576],"chl_oc3\/29.0.3":["{{D}}",5638712,2356804],"chl_oc3\/29.0.4":["{{D}}",7995516,2535335],"chl_oc3\/29.1.0":["{{D}}",10530851,2853276],"chl_oc3\/29.1.1":["{{D}}",13384127,2936407],"chl_oc3\/29.1.2":["{{D}}",16320534,2732708],"chl_oc3\/29.1.3":["{{D}}",19053242,1172695],"chl_oc3\/29.1.4":["{{D}}",20225937,3885838],"chl_oc3\/29.2.0":["{{D}}",24111775,1685658],"chl_oc3\/29.2.1":["{{D}}",25797433,1664677],"chl_oc3\/29.2.2":["{{D}}",27462110,120482],"chl_oc3\/29.2.3":["{{D}}",27582592,466589],"chl_oc3\/29.2.4":["{{D}}",28049181,4301860],"chl_oc3\/29.3.0":["{{D}}",32351041,1266567],"chl_oc3\/29.3.1":["{{D}}",33617608,623054],"chl_oc3\/29.3.2":["{{D}}",34240662,2342417],"chl_oc3\/29.3.3":["{{D}}",36583079,2507438],"chl_oc3\/29.3.4":["{{D}}",39090517,2159629],"chl_oc3\/29.4.0":["{{D}}",41250146,77822],"chl_oc3\/29.4.1":["{{D}}",41327968,80181],"chl_oc3\/29.4.2":["{{D}}",41408149,493017],"chl_oc3\/29.4.3":["{{D}}",41901166,805198],"chl_oc3\/29.4.4":["{{D}}",42706364,10921]}}