{"version":1,"templates":{"a":"s3:\/\/imos-data\/IMOS\/SRS\/OC\/gridded\/aqua\/P1D\/2020\/05\/A.P1D.20200501T053000Z.aust.K_490.nc","b":"s3:\/\/imos-data\/IMOS\/SRS\/OC\/gridded\/aqua\/P1D\/2020\/05\/A.P1D.20200502T053000Z.aust.K_490.nc","c":"s3:\/\/imos-data\/IMOS\/SRS\/OC\/gridded\/aqua\/P1D\/2020\/05\/A.P1D.20200503T053000Z.aust.K_490.nc","d":"s3:\/\/imos-data\/IMOS\/SRS\/OC\/gridded\/aqua\/P1D\/2020\/05\/A.P1D.20200504T053000Z.aust.K_490.nc","e":"s3:\/\/imos-data\/IMOS\/SRS\/OC\/gridded\/aqua\/P1D\/2020\/05\/A.P1D.20200505T053000Z.aust.K_490.nc","f":"s3:\/\/imos-data\/IMOS\/SRS\/OC\/gridded\/aqua\/P1D\/2020\/05\/A.P1D.20200506T053000Z.aust.K_490.nc","g":"s3:\/\/imos-data\/IMOS\/SRS\/OC\/gridded\/aqua\/P1D\/2020\/05\/A.P1D.20200507T053000Z.aust.K_490.nc","h":"s3:\/\/imos-data\/IMOS\/SRS\/OC\/gridded\/aqua\/P1D\/2020\/05\/A.P1D.20200508T053000Z.aust.K_490.nc","i":"s3:\/\/imos-data\/IMOS\/SRS\/OC\/gridded\/aqua\/P1D\/2020\/05\/A.P1D.20200509T053000Z.aust.K_490.nc","j":"s3:\/\/imos-data\/IMOS\/SRS\/OC\/gridded\/aqua\/P1D\/2020\/05\/A.P1D.20200510T053000Z.aust.K_490.nc","k":"s3:\/\/imos-data\/IMOS\/SRS\/OC\/gridded\/aqua\/P1D\/2020\/05\/A.P1D.20200511T053000Z.aust.K_490.nc","l":"s3:\/\/imos-data\/IMOS\/SRS\/OC\/gridded\/aqua\/P1D\/2020\/05\/A.P1D.20200512T053000Z.aust.K_490.nc","m":"s3:\/\/imos-data\/IMOS\/SRS\/OC\/gridded\/aqua\/P1D\/2020\/05\/A.P1D.20200513T053000Z.aust.K_490.nc","n":"s3:\/\/imos-data\/IMOS\/SRS\/OC\/gridded\/aqua\/P1D\/2020\/05\/A.P1D.20200514T053000Z.aust.K_490.nc","o":"s3:\/\/imos-data\/IMOS\/SRS\/OC\/gridded\/aqua\/P1D\/2020\/05\/A.P1D.20200515T053000Z.aust.K_490.nc","p":"s3:\/\/imos-data\/IMOS\/SRS\/OC\/gridded\/aqua\/P1D\/2020\/05\/A.P1D.20200516T053000Z.aust.K_490.nc","q":"s3:\/\/imos-data\/IMOS\/SRS\/OC\/gridded\/aqua\/P1D\/2020\/05\/A.P1D.20200517T053000Z.aust.K_490.nc","r":"s3:\/\/imos-data\/IMOS\/SRS\/OC\/gridded\/aqua\/P1D\/2020\/05\/A.P1D.20200518T053000Z.aust.K_490.nc","s":"s3:\/\/imos-data\/IMOS\/SRS\/OC\/gridded\/aqua\/P1D\/2020\/05\/A.P1D.20200519T053000Z.aust.K_490.nc","t":"s3:\/\/imos-data\/IMOS\/SRS\/OC\/gridded\/aqua\/P1D\/2020\/05\/A.P1D.20200520T053000Z.aust.K_490.nc","u":"s3:\/\/imos-data\/IMOS\/SRS\/OC\/gridded\/aqua\/P1D\/2020\/05\/A.P1D.20200521T053000Z.aust.K_490.nc","v":"s3:\/\/imos-data\/IMOS\/SRS\/OC\/gridded\/aqua\/P1D\/2020\/05\/A.P1D.20200522T053000Z.aust.K_490.nc","w":"s3:\/\/imos-data\/IMOS\/SRS\/OC\/gridded\/aqua\/P1D\/2020\/05\/A.P1D.20200523T053000Z.aust.K_490.nc","x":"s3:\/\/imos-data\/IMOS\/SRS\/OC\/gridded\/aqua\/P1D\/2020\/05\/A.P1D.20200524T053000Z.aust.K_490.nc","y":"s3:\/\/imos-data\/IMOS\/SRS\/OC\/gridded\/aqua\/P1D\/2020\/05\/A.P1D.20200525T053000Z.aust.K_490.nc","z":"s3:\/\/imos-data\/IMOS\/SRS\/OC\/gridded\/aqua\/P1D\/2020\/05\/A.P1D.20200526T053000Z.aust.K_490.nc","A":"s3:\/\/imos-data\/IMOS\/SRS\/OC\/gridded\/aqua\/P1D\/2020\/05\/A.P1D.20200527T053000Z.aust.K_490.nc","B":"s3:\/\/imos-data\/IMOS\/SRS\/OC\/gridded\/aqua\/P1D\/2020\/05\/A.P1D.20200528T053000Z.aust.K_490.nc","C":"s3:\/\/imos-data\/IMOS\/SRS\/OC\/gridded\/aqua\/P1D\/2020\/05\/A.P1D.20200529T053000Z.aust.K_490.nc","D":"s3:\/\/imos-data\/IMOS\/SRS\/OC\/gridded\/aqua\/P1D\/2020\/05\/A.P1D.20200530T053000Z.aust.K_490.nc","E":"s3:\/\/imos-data\/IMOS\/SRS\/OC\/gridded\/aqua\/P1D\/2020\/05\/A.P1D.20200531T053000Z.aust.K_490.nc"},"refs":{".zgroup":"{\"zarr_format\":2}",".zattrs":"{\"Conventions\":\"CF-1.6\",\"_NCProperties\":\"version=1|netcdflibversion=4.6.1|hdf5libversion=1.10.4\",\"_nc3_strict\":1,\"history\":\"File initialised at 2020-08-11T23:13:25.179705\\nInitialised var K_490 at 2020-08-11T23:14:14.003578\\nAdd Granule A20200501_0325.20200810042226.L2OC_BASE.K_490.nc at 2020-08-11T23:14:14.861841\\nAdd Granule A20200501_0330.20200810041640.L2OC_BASE.K_490.nc at 2020-08-11T23:14:15.046804\\nAdd Granule A20200501_0335.20200810035225.L2OC_BASE.K_490.nc at 2020-08-11T23:14:15.210716\\nAdd Granule A20200501_0500.20200810040827.L2OC_BASE.K_490.nc at 2020-08-11T23:14:15.405436\\nAdd Granule A20200501_0505.20200810034950.L2OC_BASE.K_490.nc at 2020-08-11T23:14:15.549673\\nAdd Granule A20200501_0510.20200810042623.L2OC_BASE.K_490.nc at 2020-08-11T23:14:15.681781\\nAdd Granule A20200501_0515.20200810043056.L2OC_BASE.K_490.nc at 2020-08-11T23:14:15.802692\\nAdd Granule A20200501_0640.20200810034616.L2OC_BASE.K_490.nc at 2020-08-11T23:14:16.007408\\nAdd Granule A20200501_0645.20200810044353.L2OC_BASE.K_490.nc at 2020-08-11T23:14:16.173937\\nAdd Granule A20200501_0650.20200810041129.L2OC_BASE.K_490.nc at 2020-08-11T23:14:16.320554\\nAdd Granule A20200501_0655.20200810034317.L2OC_BASE.K_490.nc at 2020-08-11T23:14:16.424920\\nAdd Granule A20200501_0820.20200810043511.L2OC_BASE.K_490.nc at 2020-08-11T23:14:16.577673\\nAdd Granule A20200501_0825.20200810040232.L2OC_BASE.K_490.nc at 2020-08-11T23:14:16.705571\\nAdd Granule A20200501_0830.20200810035638.L2OC_BASE.K_490.nc at 2020-08-11T23:14:16.794177\\nAdd Granule A20200501_0835.20200810043939.L2OC_BASE.K_490.nc at 2020-08-11T23:14:16.851915\",\"source_path\":\"imos-srs\\\/archive\\\/oc\\\/aqua\\\/1d\\\/v201909\\\/2020\\\/05\\\/A20200501.L2OC_BASE.aust.K_490.nc\"}","K_490\/.zarray":"{\"chunks\":[1,1401,2001],\"compressor\":{\"id\":\"zlib\",\"level\":4},\"dtype\":\"<f4\",\"fill_value\":-999.0,\"filters\":[{\"elementsize\":4,\"id\":\"shuffle\"}],\"order\":\"C\",\"shape\":[31,7001,10001],\"zarr_format\":2}","K_490\/.zattrs":"{\"_ARRAY_DIMENSIONS\":[\"time\",\"latitude\",\"longitude\"],\"flag_applied\":\"HISATZEN LAND CLDICE NAVFAIL\",\"long_name\":\"Diffuse attenuation coefficient at 490 nm (OBPG)\",\"units\":\"m^-1\"}","longitude\/.zarray":"{\n    \"chunks\": [\n        10001\n    ],\n    \"compressor\": null,\n    \"dtype\": \"<f8\",\n    \"fill_value\": 9.969209968386869e+36,\n    \"filters\": null,\n    \"order\": \"C\",\n    \"shape\": [\n        10001\n    ],\n    \"zarr_format\": 2\n}","longitude\/.zattrs":"{\n    \"NAME\": \"longitude\",\n    \"_ARRAY_DIMENSIONS\": [\n        \"longitude\"\n    ],\n    \"_Netcdf4Dimid\": 2,\n    \"axis\": \"X\",\n    \"long_name\": \"longitude\",\n    \"standard_name\": \"longitude\",\n    \"units\": \"degrees_east\"\n}","longitude\/0":["{{a}}",58400,80008],"latitude\/.zarray":"{\n    \"chunks\": [\n        7001\n    ],\n    \"compressor\": null,\n    \"dtype\": \"<f8\",\n    \"fill_value\": 9.969209968386869e+36,\n    \"filters\": null,\n    \"order\": \"C\",\n    \"shape\": [\n        7001\n    ],\n    \"zarr_format\": 2\n}","latitude\/.zattrs":"{\n    \"NAME\": \"latitude\",\n    \"_ARRAY_DIMENSIONS\": [\n        \"latitude\"\n    ],\n    \"_Netcdf4Dimid\": 1,\n    \"axis\": \"Y\",\n    \"long_name\": \"latitude\",\n    \"standard_name\": \"latitude\",\n    \"units\": \"degrees_north\"\n}","latitude\/0":["{{a}}",2392,56008],"time\/.zarray":"{\"chunks\":[31],\"compressor\":{\"blocksize\":0,\"clevel\":5,\"cname\":\"lz4\",\"id\":\"blosc\",\"shuffle\":1},\"dtype\":\"<M8[us]\",\"fill_value\":0,\"filters\":null,\"order\":\"C\",\"shape\":[31],\"zarr_format\":2}","time\/0":"base64:AgExCPgAAAD4AAAAsAAAABQAAACYAAAAHwABAAv7AaYGZsYmhuZGpgZmxiaG5kYQAPRZ8sqheFAn\/tathVwzC+K5kWhAF+7GnXRMI\/vSqYFYL3iWtNLwDitJZ4Wjwd\/8GjhWdJKvzesJJ0VigJ682viPo7fL3\/QIHDBEWGyAlKm90eX5DSE1Sl5yhpquwtbqpKSkpKSkpaWlpaUFABemAQAfBQEACw\/YAAdQAAAAAAA=","time\/.zattrs":"{\"NAME\":\"time\",\"_ARRAY_DIMENSIONS\":[\"time\"],\"_Netcdf4Dimid\":0,\"axis\":\"T\",\"long_name\":\"time\",\"standard_name\":\"time\"}","K_490\/0.0.0":["{{a}}",151229,510474],"K_490\/0.0.1":["{{a}}",661703,751523],"K_490\/0.0.2":["{{a}}",1413226,827707],"K_490\/0.0.3":["{{a}}",2240933,541566],"K_490\/0.0.4":["{{a}}",2782499,10921],"K_490\/0.1.0":["{{a}}",2793420,1242514],"K_490\/0.1.1":["{{a}}",4035934,2282588],"K_490\/0.1.2":["{{a}}",6318522,2857711],"K_490\/0.1.3":["{{a}}",9176233,2877525],"K_490\/0.1.4":["{{a}}",12053758,219504],"K_490\/0.2.0":["{{a}}",12273262,2297959],"K_490\/0.2.1":["{{a}}",14571221,3977351],"K_490\/0.2.2":["{{a}}",18548572,98839],"K_490\/0.2.3":["{{a}}",18647411,2094348],"K_490\/0.2.4":["{{a}}",20741759,360694],"K_490\/0.3.0":["{{a}}",21102453,2604129],"K_490\/0.3.1":["{{a}}",23706582,741864],"K_490\/0.3.2":["{{a}}",24448446,437641],"K_490\/0.3.3":["{{a}}",24886087,1191880],"K_490\/0.3.4":["{{a}}",26077967,234151],"K_490\/0.4.0":["{{a}}",26312118,845196],"K_490\/0.4.1":["{{a}}",27157314,195352],"K_490\/0.4.2":["{{a}}",27352666,455242],"K_490\/0.4.3":["{{a}}",27807908,202236],"K_490\/0.4.4":["{{a}}",28010144,12891],"K_490\/1.0.0":["{{b}}",151229,1004131],"K_490\/1.0.1":["{{b}}",1155360,1028772],"K_490\/1.0.2":["{{b}}",2184132,1176039],"K_490\/1.0.3":["{{b}}",3360171,460170],"K_490\/1.0.4":["{{b}}",3820341,834991],"K_490\/1.1.0":["{{b}}",4655332,2666765],"K_490\/1.1.1":["{{b}}",7322097,2668720],"K_490\/1.1.2":["{{b}}",9990817,1482441],"K_490\/1.1.3":["{{b}}",11473258,661646],"K_490\/1.1.4":["{{b}}",12134904,3794413],"K_490\/1.2.0":["{{b}}",15929317,2949105],"K_490\/1.2.1":["{{b}}",18878422,2769210],"K_490\/1.2.2":["{{b}}",21647632,103840],"K_490\/1.2.3":["{{b}}",21751472,968070],"K_490\/1.2.4":["{{b}}",22719542,1604621],"K_490\/1.3.0":["{{b}}",24324163,1348122],"K_490\/1.3.1":["{{b}}",25672285,2118157],"K_490\/1.3.2":["{{b}}",27790442,590067],"K_490\/1.3.3":["{{b}}",28380509,686840],"K_490\/1.3.4":["{{b}}",29067349,16945],"K_490\/1.4.0":["{{b}}",29084294,380484],"K_490\/1.4.1":["{{b}}",29464778,733467],"K_490\/1.4.2":["{{b}}",30198245,18250],"K_490\/1.4.3":["{{b}}",30216495,116436],"K_490\/1.4.4":["{{b}}",30332931,37262],"K_490\/2.0.0":["{{c}}",151229,938967],"K_490\/2.0.1":["{{c}}",1090196,606894],"K_490\/2.0.2":["{{c}}",1697090,2115260],"K_490\/2.0.3":["{{c}}",3812350,983236],"K_490\/2.0.4":["{{c}}",4795586,14877],"K_490\/2.1.0":["{{c}}",4810463,1869628],"K_490\/2.1.1":["{{c}}",6680091,1417848],"K_490\/2.1.2":["{{c}}",8097939,1951871],"K_490\/2.1.3":["{{c}}",10049810,1112957],"K_490\/2.1.4":["{{c}}",11162767,511607],"K_490\/2.2.0":["{{c}}",11674374,2096175],"K_490\/2.2.1":["{{c}}",13770549,3492884],"K_490\/2.2.2":["{{c}}",17263433,52530],"K_490\/2.2.3":["{{c}}",17315963,2184869],"K_490\/2.2.4":["{{c}}",19500832,1201318],"K_490\/2.3.0":["{{c}}",20702150,1613279],"K_490\/2.3.1":["{{c}}",22315429,2083630],"K_490\/2.3.2":["{{c}}",24399059,2210173],"K_490\/2.3.3":["{{c}}",26609232,505310],"K_490\/2.3.4":["{{c}}",27114542,1866499],"K_490\/2.4.0":["{{c}}",28981041,1681171],"K_490\/2.4.1":["{{c}}",30662212,333216],"K_490\/2.4.2":["{{c}}",30995428,16382],"K_490\/2.4.3":["{{c}}",31011810,53567],"K_490\/2.4.4":["{{c}}",31065377,725137],"K_490\/3.0.0":["{{d}}",151229,1448373],"K_490\/3.0.1":["{{d}}",1599602,983532],"K_490\/3.0.2":["{{d}}",2583134,1234812],"K_490\/3.0.3":["{{d}}",3817946,712294],"K_490\/3.0.4":["{{d}}",4530240,983258],"K_490\/3.1.0":["{{d}}",5513498,2051256],"K_490\/3.1.1":["{{d}}",7564754,1659746],"K_490\/3.1.2":["{{d}}",9224500,1331739],"K_490\/3.1.3":["{{d}}",10556239,323476],"K_490\/3.1.4":["{{d}}",10879715,2429741],"K_490\/3.2.0":["{{d}}",13309456,1837152],"K_490\/3.2.1":["{{d}}",15146608,1405845],"K_490\/3.2.2":["{{d}}",16552453,142071],"K_490\/3.2.3":["{{d}}",16694524,1122686],"K_490\/3.2.4":["{{d}}",17817210,74860],"K_490\/3.3.0":["{{d}}",17892070,1012722],"K_490\/3.3.1":["{{d}}",18904792,1491807],"K_490\/3.3.2":["{{d}}",20396599,1862654],"K_490\/3.3.3":["{{d}}",22259253,1699450],"K_490\/3.3.4":["{{d}}",23958703,86560],"K_490\/3.4.0":["{{d}}",24045263,637429],"K_490\/3.4.1":["{{d}}",24682692,1210680],"K_490\/3.4.2":["{{d}}",25893372,10921],"K_490\/3.4.3":["{{d}}",25904293,257476],"K_490\/3.4.4":["{{d}}",26161769,42257],"K_490\/4.0.0":["{{e}}",151229,1158283],"K_490\/4.0.1":["{{e}}",1309512,1763096],"K_490\/4.0.2":["{{e}}",3072608,2736636],"K_490\/4.0.3":["{{e}}",5809244,505459],"K_490\/4.0.4":["{{e}}",6314703,237463],"K_490\/4.1.0":["{{e}}",6552166,1423242],"K_490\/4.1.1":["{{e}}",7975408,1898859],"K_490\/4.1.2":["{{e}}",9874267,1290196],"K_490\/4.1.3":["{{e}}",11164463,781874],"K_490\/4.1.4":["{{e}}",11946337,760508],"K_490\/4.2.0":["{{e}}",12706845,2604475],"K_490\/4.2.1":["{{e}}",15311320,1897205],"K_490\/4.2.2":["{{e}}",17208525,51380],"K_490\/4.2.3":["{{e}}",17259905,1434282],"K_490\/4.2.4":["{{e}}",18694187,1812609],"K_490\/4.3.0":["{{e}}",20506796,1652005],"K_490\/4.3.1":["{{e}}",22158801,636985],"K_490\/4.3.2":["{{e}}",22795786,1403159],"K_490\/4.3.3":["{{e}}",24198945,1114230],"K_490\/4.3.4":["{{e}}",25313175,1689458],"K_490\/4.4.0":["{{e}}",27002633,12433],"K_490\/4.4.1":["{{e}}",27015066,957802],"K_490\/4.4.2":["{{e}}",27972868,328549],"K_490\/4.4.3":["{{e}}",28301417,26237],"K_490\/4.4.4":["{{e}}",28327654,80398],"K_490\/5.0.0":["{{f}}",151229,1074210],"K_490\/5.0.1":["{{f}}",1225439,1329051],"K_490\/5.0.2":["{{f}}",2554490,2183504],"K_490\/5.0.3":["{{f}}",4737994,587767],"K_490\/5.0.4":["{{f}}",5325761,2286681],"K_490\/5.1.0":["{{f}}",7612442,925011],"K_490\/5.1.1":["{{f}}",8537453,1759409],"K_490\/5.1.2":["{{f}}",10296862,1802339],"K_490\/5.1.3":["{{f}}",12099201,1247663],"K_490\/5.1.4":["{{f}}",13346864,1180824],"K_490\/5.2.0":["{{f}}",14527688,2399851],"K_490\/5.2.1":["{{f}}",16927539,1182235],"K_490\/5.2.2":["{{f}}",18109774,111565],"K_490\/5.2.3":["{{f}}",18221339,1916492],"K_490\/5.2.4":["{{f}}",20137831,77643],"K_490\/5.3.0":["{{f}}",20215474,904055],"K_490\/5.3.1":["{{f}}",21119529,511364],"K_490\/5.3.2":["{{f}}",21630893,1045158],"K_490\/5.3.3":["{{f}}",22676051,1350407],"K_490\/5.3.4":["{{f}}",24026458,190965],"K_490\/5.4.0":["{{f}}",24217423,153565],"K_490\/5.4.1":["{{f}}",24370988,477552],"K_490\/5.4.2":["{{f}}",24848540,340817],"K_490\/5.4.3":["{{f}}",25189357,100835],"K_490\/5.4.4":["{{f}}",25290192,80836],"K_490\/6.0.0":["{{g}}",151229,216855],"K_490\/6.0.1":["{{g}}",368084,2354835],"K_490\/6.0.2":["{{g}}",2722919,2188714],"K_490\/6.0.3":["{{g}}",4911633,1009105],"K_490\/6.0.4":["{{g}}",5920738,678083],"K_490\/6.1.0":["{{g}}",6598821,1620590],"K_490\/6.1.1":["{{g}}",8219411,2720179],"K_490\/6.1.2":["{{g}}",10939590,2551489],"K_490\/6.1.3":["{{g}}",13491079,1808684],"K_490\/6.1.4":["{{g}}",15299763,1662049],"K_490\/6.2.0":["{{g}}",16961812,3106264],"K_490\/6.2.1":["{{g}}",20068076,1807624],"K_490\/6.2.2":["{{g}}",21875700,110843],"K_490\/6.2.3":["{{g}}",21986543,1280286],"K_490\/6.2.4":["{{g}}",23266829,1392476],"K_490\/6.3.0":["{{g}}",24659305,842704],"K_490\/6.3.1":["{{g}}",25502009,1384704],"K_490\/6.3.2":["{{g}}",26886713,979061],"K_490\/6.3.3":["{{g}}",27865774,267394],"K_490\/6.3.4":["{{g}}",28133168,1456762],"K_490\/6.4.0":["{{g}}",29589930,301886],"K_490\/6.4.1":["{{g}}",29891816,495317],"K_490\/6.4.2":["{{g}}",30387133,98276],"K_490\/6.4.3":["{{g}}",30485409,166498],"K_490\/6.4.4":["{{g}}",30651907,11269],"K_490\/7.0.0":["{{h}}",151229,670694],"K_490\/7.0.1":["{{h}}",821923,856175],"K_490\/7.0.2":["{{h}}",1678098,1645517],"K_490\/7.0.3":["{{h}}",3323615,2468925],"K_490\/7.0.4":["{{h}}",5792540,1998540],"K_490\/7.1.0":["{{h}}",7791080,830796],"K_490\/7.1.1":["{{h}}",8621876,1162488],"K_490\/7.1.2":["{{h}}",9784364,3291142],"K_490\/7.1.3":["{{h}}",13075506,2373521],"K_490\/7.1.4":["{{h}}",15449027,46277],"K_490\/7.2.0":["{{h}}",15495304,2443278],"K_490\/7.2.1":["{{h}}",17938582,1906116],"K_490\/7.2.2":["{{h}}",19844698,141277],"K_490\/7.2.3":["{{h}}",19985975,2601838],"K_490\/7.2.4":["{{h}}",22587813,596446],"K_490\/7.3.0":["{{h}}",23184259,985060],"K_490\/7.3.1":["{{h}}",24169319,944631],"K_490\/7.3.2":["{{h}}",25113950,1327208],"K_490\/7.3.3":["{{h}}",26441158,2334557],"K_490\/7.3.4":["{{h}}",28775715,1147048],"K_490\/7.4.0":["{{h}}",29922763,259851],"K_490\/7.4.1":["{{h}}",30182614,566919],"K_490\/7.4.2":["{{h}}",30749533,63931],"K_490\/7.4.3":["{{h}}",30813464,127677],"K_490\/7.4.4":["{{h}}",30941141,13812],"K_490\/8.0.0":["{{i}}",151229,2235237],"K_490\/8.0.1":["{{i}}",2386466,1262703],"K_490\/8.0.2":["{{i}}",3649169,1801729],"K_490\/8.0.3":["{{i}}",5450898,1834096],"K_490\/8.0.4":["{{i}}",7284994,1964680],"K_490\/8.1.0":["{{i}}",9249674,1678030],"K_490\/8.1.1":["{{i}}",10927704,2150887],"K_490\/8.1.2":["{{i}}",13078591,2699108],"K_490\/8.1.3":["{{i}}",15777699,1980331],"K_490\/8.1.4":["{{i}}",17758030,3463660],"K_490\/8.2.0":["{{i}}",21221690,3808011],"K_490\/8.2.1":["{{i}}",25029701,1202592],"K_490\/8.2.2":["{{i}}",26232293,110232],"K_490\/8.2.3":["{{i}}",26342525,624443],"K_490\/8.2.4":["{{i}}",26966968,2905908],"K_490\/8.3.0":["{{i}}",29872876,894173],"K_490\/8.3.1":["{{i}}",30767049,870468],"K_490\/8.3.2":["{{i}}",31637517,872655],"K_490\/8.3.3":["{{i}}",32510172,1379822],"K_490\/8.3.4":["{{i}}",33889994,10921],"K_490\/8.4.0":["{{i}}",33900915,453858],"K_490\/8.4.1":["{{i}}",34354773,521871],"K_490\/8.4.2":["{{i}}",34876644,534691],"K_490\/8.4.3":["{{i}}",35411335,261915],"K_490\/8.4.4":["{{i}}",35673250,12540],"K_490\/9.0.0":["{{j}}",151229,1220017],"K_490\/9.0.1":["{{j}}",1371246,1445777],"K_490\/9.0.2":["{{j}}",2817023,983396],"K_490\/9.0.3":["{{j}}",3800419,2015008],"K_490\/9.0.4":["{{j}}",5815427,24874],"K_490\/9.1.0":["{{j}}",5840301,1317743],"K_490\/9.1.1":["{{j}}",7158044,742352],"K_490\/9.1.2":["{{j}}",7900396,3333918],"K_490\/9.1.3":["{{j}}",11234314,2238105],"K_490\/9.1.4":["{{j}}",13472419,488880],"K_490\/9.2.0":["{{j}}",13961299,2239740],"K_490\/9.2.1":["{{j}}",16201039,2877597],"K_490\/9.2.2":["{{j}}",19078636,70320],"K_490\/9.2.3":["{{j}}",19148956,2297971],"K_490\/9.2.4":["{{j}}",21446927,888112],"K_490\/9.3.0":["{{j}}",22335039,1058888],"K_490\/9.3.1":["{{j}}",23393927,1663456],"K_490\/9.3.2":["{{j}}",25057383,1683650],"K_490\/9.3.3":["{{j}}",26741033,1606940],"K_490\/9.3.4":["{{j}}",28347973,318436],"K_490\/9.4.0":["{{j}}",28666409,65457],"K_490\/9.4.1":["{{j}}",28731866,439599],"K_490\/9.4.2":["{{j}}",29171465,356994],"K_490\/9.4.3":["{{j}}",29528459,1283068],"K_490\/9.4.4":["{{j}}",30811527,203732],"K_490\/10.0.0":["{{k}}",151229,1607812],"K_490\/10.0.1":["{{k}}",1759041,1827186],"K_490\/10.0.2":["{{k}}",3586227,913960],"K_490\/10.0.3":["{{k}}",4500187,1338538],"K_490\/10.0.4":["{{k}}",5838725,2408722],"K_490\/10.1.0":["{{k}}",8247447,2863215],"K_490\/10.1.1":["{{k}}",11110662,2192163],"K_490\/10.1.2":["{{k}}",13302825,2007589],"K_490\/10.1.3":["{{k}}",15310414,1550210],"K_490\/10.1.4":["{{k}}",16860624,3062565],"K_490\/10.2.0":["{{k}}",19923189,1902203],"K_490\/10.2.1":["{{k}}",21825392,2093914],"K_490\/10.2.2":["{{k}}",23919306,30434],"K_490\/10.2.3":["{{k}}",23949740,901377],"K_490\/10.2.4":["{{k}}",24851117,1355856],"K_490\/10.3.0":["{{k}}",26206973,953043],"K_490\/10.3.1":["{{k}}",27160016,828609],"K_490\/10.3.2":["{{k}}",27988625,1790511],"K_490\/10.3.3":["{{k}}",29779136,2113050],"K_490\/10.3.4":["{{k}}",31892186,210116],"K_490\/10.4.0":["{{k}}",32102302,1100497],"K_490\/10.4.1":["{{k}}",33202799,15347],"K_490\/10.4.2":["{{k}}",33218146,386334],"K_490\/10.4.3":["{{k}}",33604480,657515],"K_490\/10.4.4":["{{k}}",34261995,80858],"K_490\/11.0.0":["{{l}}",151229,782053],"K_490\/11.0.1":["{{l}}",933282,1102842],"K_490\/11.0.2":["{{l}}",2036124,2373828],"K_490\/11.0.3":["{{l}}",4409952,820576],"K_490\/11.0.4":["{{l}}",5230528,78857],"K_490\/11.1.0":["{{l}}",5309385,1788085],"K_490\/11.1.1":["{{l}}",7097470,3891102],"K_490\/11.1.2":["{{l}}",10988572,2883881],"K_490\/11.1.3":["{{l}}",13872453,1413761],"K_490\/11.1.4":["{{l}}",15286214,676134],"K_490\/11.2.0":["{{l}}",15962348,2629587],"K_490\/11.2.1":["{{l}}",18591935,3330576],"K_490\/11.2.2":["{{l}}",21922511,40236],"K_490\/11.2.3":["{{l}}",21962747,2079692],"K_490\/11.2.4":["{{l}}",24042439,2217114],"K_490\/11.3.0":["{{l}}",26259553,693427],"K_490\/11.3.1":["{{l}}",26952980,988596],"K_490\/11.3.2":["{{l}}",27941576,1770044],"K_490\/11.3.3":["{{l}}",29711620,2147029],"K_490\/11.3.4":["{{l}}",31858649,1595259],"K_490\/11.4.0":["{{l}}",33453908,224316],"K_490\/11.4.1":["{{l}}",33678224,127800],"K_490\/11.4.2":["{{l}}",33806024,93785],"K_490\/11.4.3":["{{l}}",33899809,241962],"K_490\/11.4.4":["{{l}}",34141771,436504],"K_490\/12.0.0":["{{m}}",151229,817803],"K_490\/12.0.1":["{{m}}",969032,1380051],"K_490\/12.0.2":["{{m}}",2349083,2121668],"K_490\/12.0.3":["{{m}}",4470751,1373654],"K_490\/12.0.4":["{{m}}",5844405,2135308],"K_490\/12.1.0":["{{m}}",7979713,1238807],"K_490\/12.1.1":["{{m}}",9218520,3059763],"K_490\/12.1.2":["{{m}}",12278283,2384246],"K_490\/12.1.3":["{{m}}",14662529,2043401],"K_490\/12.1.4":["{{m}}",16705930,791299],"K_490\/12.2.0":["{{m}}",17497229,1937889],"K_490\/12.2.1":["{{m}}",19435118,1991998],"K_490\/12.2.2":["{{m}}",21427116,120740],"K_490\/12.2.3":["{{m}}",21547856,1485950],"K_490\/12.2.4":["{{m}}",23033806,52413],"K_490\/12.3.0":["{{m}}",23086219,2417216],"K_490\/12.3.1":["{{m}}",25503435,1900126],"K_490\/12.3.2":["{{m}}",27403561,982089],"K_490\/12.3.3":["{{m}}",28385650,1170192],"K_490\/12.3.4":["{{m}}",29555842,443708],"K_490\/12.4.0":["{{m}}",29999550,103625],"K_490\/12.4.1":["{{m}}",30103175,99464],"K_490\/12.4.2":["{{m}}",30202639,53035],"K_490\/12.4.3":["{{m}}",30255674,1090162],"K_490\/12.4.4":["{{m}}",31345836,231271],"K_490\/13.0.0":["{{n}}",151229,410284],"K_490\/13.0.1":["{{n}}",561513,1060773],"K_490\/13.0.2":["{{n}}",1622286,2947954],"K_490\/13.0.3":["{{n}}",4570240,1262488],"K_490\/13.0.4":["{{n}}",5832728,892335],"K_490\/13.1.0":["{{n}}",6725063,949905],"K_490\/13.1.1":["{{n}}",7674968,3559258],"K_490\/13.1.2":["{{n}}",11234226,1060442],"K_490\/13.1.3":["{{n}}",12294668,1503682],"K_490\/13.1.4":["{{n}}",13798350,1269320],"K_490\/13.2.0":["{{n}}",15067670,2354550],"K_490\/13.2.1":["{{n}}",17422220,3172513],"K_490\/13.2.2":["{{n}}",20594733,104891],"K_490\/13.2.3":["{{n}}",20699624,1140062],"K_490\/13.2.4":["{{n}}",21839686,1904957],"K_490\/13.3.0":["{{n}}",23744643,2300605],"K_490\/13.3.1":["{{n}}",26045248,1489808],"K_490\/13.3.2":["{{n}}",27535056,1015697],"K_490\/13.3.3":["{{n}}",28550753,985390],"K_490\/13.3.4":["{{n}}",29536143,1786649],"K_490\/13.4.0":["{{n}}",31322792,340395],"K_490\/13.4.1":["{{n}}",31663187,41028],"K_490\/13.4.2":["{{n}}",31704215,17101],"K_490\/13.4.3":["{{n}}",31721316,260806],"K_490\/13.4.4":["{{n}}",31982122,10921],"K_490\/14.0.0":["{{o}}",151229,1468470],"K_490\/14.0.1":["{{o}}",1619699,1054131],"K_490\/14.0.2":["{{o}}",2673830,2493712],"K_490\/14.0.3":["{{o}}",5167542,1632582],"K_490\/14.0.4":["{{o}}",6800124,2872466],"K_490\/14.1.0":["{{o}}",9672590,1247741],"K_490\/14.1.1":["{{o}}",10920331,1335231],"K_490\/14.1.2":["{{o}}",12255562,1755504],"K_490\/14.1.3":["{{o}}",14011066,1650993],"K_490\/14.1.4":["{{o}}",15662059,249093],"K_490\/14.2.0":["{{o}}",15911152,1141755],"K_490\/14.2.1":["{{o}}",17052907,2015628],"K_490\/14.2.2":["{{o}}",19068535,143964],"K_490\/14.2.3":["{{o}}",19212499,2122158],"K_490\/14.2.4":["{{o}}",21334657,384981],"K_490\/14.3.0":["{{o}}",21719638,863308],"K_490\/14.3.1":["{{o}}",22582946,2770647],"K_490\/14.3.2":["{{o}}",25353593,2960978],"K_490\/14.3.3":["{{o}}",28314571,2452881],"K_490\/14.3.4":["{{o}}",30767452,891860],"K_490\/14.4.0":["{{o}}",31659312,381009],"K_490\/14.4.1":["{{o}}",32040321,56319],"K_490\/14.4.2":["{{o}}",32096640,39443],"K_490\/14.4.3":["{{o}}",32136083,165891],"K_490\/14.4.4":["{{o}}",32301974,560337],"K_490\/15.0.0":["{{p}}",151229,12335],"K_490\/15.0.1":["{{p}}",163564,2417464],"K_490\/15.0.2":["{{p}}",2581028,1608684],"K_490\/15.0.3":["{{p}}",4189712,2260852],"K_490\/15.0.4":["{{p}}",6450564,2207581],"K_490\/15.1.0":["{{p}}",8658145,225667],"K_490\/15.1.1":["{{p}}",8883812,2549804],"K_490\/15.1.2":["{{p}}",11433616,1763202],"K_490\/15.1.3":["{{p}}",13196818,1590091],"K_490\/15.1.4":["{{p}}",14786909,1483816],"K_490\/15.2.0":["{{p}}",16270725,701417],"K_490\/15.2.1":["{{p}}",16972142,1714039],"K_490\/15.2.2":["{{p}}",18686181,105122],"K_490\/15.2.3":["{{p}}",18791303,696410],"K_490\/15.2.4":["{{p}}",19487713,2927613],"K_490\/15.3.0":["{{p}}",22415326,972303],"K_490\/15.3.1":["{{p}}",23387629,1151901],"K_490\/15.3.2":["{{p}}",24539530,3019701],"K_490\/15.3.3":["{{p}}",27559231,2744631],"K_490\/15.3.4":["{{p}}",30303862,754018],"K_490\/15.4.0":["{{p}}",31057880,323473],"K_490\/15.4.1":["{{p}}",31381353,570751],"K_490\/15.4.2":["{{p}}",31952104,1301614],"K_490\/15.4.3":["{{p}}",33253718,77721],"K_490\/15.4.4":["{{p}}",33331439,11036],"K_490\/16.0.0":["{{q}}",151229,41142],"K_490\/16.0.1":["{{q}}",192371,578307],"K_490\/16.0.2":["{{q}}",770678,2358164],"K_490\/16.0.3":["{{q}}",3128842,2784637],"K_490\/16.0.4":["{{q}}",5913479,10921],"K_490\/16.1.0":["{{q}}",5924400,492660],"K_490\/16.1.1":["{{q}}",6417060,1127339],"K_490\/16.1.2":["{{q}}",7544399,1959242],"K_490\/16.1.3":["{{q}}",9503641,2543211],"K_490\/16.1.4":["{{q}}",12046852,56957],"K_490\/16.2.0":["{{q}}",12103809,1310489],"K_490\/16.2.1":["{{q}}",13414298,1020281],"K_490\/16.2.2":["{{q}}",14434579,100552],"K_490\/16.2.3":["{{q}}",14535131,1565684],"K_490\/16.2.4":["{{q}}",16100815,645403],"K_490\/16.3.0":["{{q}}",16746218,583573],"K_490\/16.3.1":["{{q}}",17329791,2017653],"K_490\/16.3.2":["{{q}}",19347444,2291791],"K_490\/16.3.3":["{{q}}",21639235,3079979],"K_490\/16.3.4":["{{q}}",24719214,1738811],"K_490\/16.4.0":["{{q}}",26458025,35487],"K_490\/16.4.1":["{{q}}",26493512,537428],"K_490\/16.4.2":["{{q}}",27030940,601793],"K_490\/16.4.3":["{{q}}",27632733,858857],"K_490\/16.4.4":["{{q}}",28491590,26577],"K_490\/17.0.0":["{{r}}",151229,182339],"K_490\/17.0.1":["{{r}}",333568,644111],"K_490\/17.0.2":["{{r}}",977679,1270632],"K_490\/17.0.3":["{{r}}",2248311,2524472],"K_490\/17.0.4":["{{r}}",4772783,2620277],"K_490\/17.1.0":["{{r}}",7393060,836252],"K_490\/17.1.1":["{{r}}",8229312,433784],"K_490\/17.1.2":["{{r}}",8663096,1203519],"K_490\/17.1.3":["{{r}}",9866615,1078262],"K_490\/17.1.4":["{{r}}",10944877,2890912],"K_490\/17.2.0":["{{r}}",13835789,2225901],"K_490\/17.2.1":["{{r}}",16061690,589628],"K_490\/17.2.2":["{{r}}",16651318,92056],"K_490\/17.2.3":["{{r}}",16743374,246366],"K_490\/17.2.4":["{{r}}",16989740,545306],"K_490\/17.3.0":["{{r}}",17535046,307937],"K_490\/17.3.1":["{{r}}",17842983,896913],"K_490\/17.3.2":["{{r}}",18739896,1646228],"K_490\/17.3.3":["{{r}}",20386124,2662555],"K_490\/17.3.4":["{{r}}",23048679,175147],"K_490\/17.4.0":["{{r}}",23223826,10921],"K_490\/17.4.1":["{{r}}",23234747,19572],"K_490\/17.4.2":["{{r}}",23254319,895932],"K_490\/17.4.3":["{{r}}",24150251,221119],"K_490\/17.4.4":["{{r}}",24371370,425144],"K_490\/18.0.0":["{{s}}",151229,114046],"K_490\/18.0.1":["{{s}}",265275,764107],"K_490\/18.0.2":["{{s}}",1029382,772506],"K_490\/18.0.3":["{{s}}",1801888,2914038],"K_490\/18.0.4":["{{s}}",4715926,186612],"K_490\/18.1.0":["{{s}}",4902538,1213976],"K_490\/18.1.1":["{{s}}",6116514,1028142],"K_490\/18.1.2":["{{s}}",7144656,1292101],"K_490\/18.1.3":["{{s}}",8436757,1862593],"K_490\/18.1.4":["{{s}}",10299350,240421],"K_490\/18.2.0":["{{s}}",10539771,2587953],"K_490\/18.2.1":["{{s}}",13127724,2975619],"K_490\/18.2.2":["{{s}}",16103343,41064],"K_490\/18.2.3":["{{s}}",16144407,1856740],"K_490\/18.2.4":["{{s}}",18001147,1648629],"K_490\/18.3.0":["{{s}}",19649776,784198],"K_490\/18.3.1":["{{s}}",20433974,634456],"K_490\/18.3.2":["{{s}}",21068430,1763283],"K_490\/18.3.3":["{{s}}",22831713,1522041],"K_490\/18.3.4":["{{s}}",24353754,2709379],"K_490\/18.4.0":["{{s}}",27063133,24244],"K_490\/18.4.1":["{{s}}",27087377,122824],"K_490\/18.4.2":["{{s}}",27210201,281757],"K_490\/18.4.3":["{{s}}",27491958,169859],"K_490\/18.4.4":["{{s}}",27661817,243494],"K_490\/19.0.0":["{{t}}",151229,591225],"K_490\/19.0.1":["{{t}}",742454,901927],"K_490\/19.0.2":["{{t}}",1644381,967249],"K_490\/19.0.3":["{{t}}",2611630,1297406],"K_490\/19.0.4":["{{t}}",3909036,3206891],"K_490\/19.1.0":["{{t}}",7115927,236199],"K_490\/19.1.1":["{{t}}",7352126,558640],"K_490\/19.1.2":["{{t}}",7910766,835009],"K_490\/19.1.3":["{{t}}",8745775,1462143],"K_490\/19.1.4":["{{t}}",10207918,2894809],"K_490\/19.2.0":["{{t}}",13102727,2766293],"K_490\/19.2.1":["{{t}}",15869020,1802321],"K_490\/19.2.2":["{{t}}",17671341,38628],"K_490\/19.2.3":["{{t}}",17709969,256085],"K_490\/19.2.4":["{{t}}",17966054,125853],"K_490\/19.3.0":["{{t}}",18091907,1105216],"K_490\/19.3.1":["{{t}}",19197123,1008183],"K_490\/19.3.2":["{{t}}",20205306,1441953],"K_490\/19.3.3":["{{t}}",21647259,921572],"K_490\/19.3.4":["{{t}}",22568831,55509],"K_490\/19.4.0":["{{t}}",22624340,277770],"K_490\/19.4.1":["{{t}}",22902110,55032],"K_490\/19.4.2":["{{t}}",22957142,183938],"K_490\/19.4.3":["{{t}}",23141080,17312],"K_490\/19.4.4":["{{t}}",23158392,10921],"K_490\/20.0.0":["{{u}}",151229,612844],"K_490\/20.0.1":["{{u}}",764073,1545627],"K_490\/20.0.2":["{{u}}",2309700,2659206],"K_490\/20.0.3":["{{u}}",4968906,1041757],"K_490\/20.0.4":["{{u}}",6010663,669639],"K_490\/20.1.0":["{{u}}",6680302,386700],"K_490\/20.1.1":["{{u}}",7067002,434569],"K_490\/20.1.2":["{{u}}",7501571,888359],"K_490\/20.1.3":["{{u}}",8389930,1191999],"K_490\/20.1.4":["{{u}}",9581929,1132855],"K_490\/20.2.0":["{{u}}",10714784,3337697],"K_490\/20.2.1":["{{u}}",14052481,3334429],"K_490\/20.2.2":["{{u}}",17386910,18843],"K_490\/20.2.3":["{{u}}",17405753,246199],"K_490\/20.2.4":["{{u}}",17651952,1589733],"K_490\/20.3.0":["{{u}}",19241685,2772316],"K_490\/20.3.1":["{{u}}",22014001,1317927],"K_490\/20.3.2":["{{u}}",23331928,882043],"K_490\/20.3.3":["{{u}}",24213971,582026],"K_490\/20.3.4":["{{u}}",24795997,2007389],"K_490\/20.4.0":["{{u}}",26803386,616032],"K_490\/20.4.1":["{{u}}",27419418,361918],"K_490\/20.4.2":["{{u}}",27781336,41962],"K_490\/20.4.3":["{{u}}",27823298,249142],"K_490\/20.4.4":["{{u}}",28072440,12385],"K_490\/21.0.0":["{{v}}",151229,1927467],"K_490\/21.0.1":["{{v}}",2078696,210480],"K_490\/21.0.2":["{{v}}",2289176,1286343],"K_490\/21.0.3":["{{v}}",3575519,1169394],"K_490\/21.0.4":["{{v}}",4744913,2076087],"K_490\/21.1.0":["{{v}}",6821000,873358],"K_490\/21.1.1":["{{v}}",7694358,643663],"K_490\/21.1.2":["{{v}}",8338021,151011],"K_490\/21.1.3":["{{v}}",8489032,1251981],"K_490\/21.1.4":["{{v}}",9741013,1652156],"K_490\/21.2.0":["{{v}}",11393169,1219405],"K_490\/21.2.1":["{{v}}",12612574,3259857],"K_490\/21.2.2":["{{v}}",15872431,100431],"K_490\/21.2.3":["{{v}}",15972862,217688],"K_490\/21.2.4":["{{v}}",16190550,21769],"K_490\/21.3.0":["{{v}}",16212319,1242884],"K_490\/21.3.1":["{{v}}",17455203,835741],"K_490\/21.3.2":["{{v}}",18290944,1231090],"K_490\/21.3.3":["{{v}}",19522034,1183000],"K_490\/21.3.4":["{{v}}",20705034,228159],"K_490\/21.4.0":["{{v}}",20933193,15504],"K_490\/21.4.1":["{{v}}",20948697,758898],"K_490\/21.4.2":["{{v}}",21707595,77933],"K_490\/21.4.3":["{{v}}",21785528,359424],"K_490\/21.4.4":["{{v}}",22144952,320950],"K_490\/22.0.0":["{{w}}",151229,2101939],"K_490\/22.0.1":["{{w}}",2253168,548233],"K_490\/22.0.2":["{{w}}",2801401,1073013],"K_490\/22.0.3":["{{w}}",3874414,1661490],"K_490\/22.0.4":["{{w}}",5535904,1134977],"K_490\/22.1.0":["{{w}}",6670881,2795814],"K_490\/22.1.1":["{{w}}",9466695,3036360],"K_490\/22.1.2":["{{w}}",12503055,357534],"K_490\/22.1.3":["{{w}}",12860589,788244],"K_490\/22.1.4":["{{w}}",13648833,1501863],"K_490\/22.2.0":["{{w}}",15150696,2535402],"K_490\/22.2.1":["{{w}}",17686098,1411183],"K_490\/22.2.2":["{{w}}",19097281,98134],"K_490\/22.2.3":["{{w}}",19195415,60861],"K_490\/22.2.4":["{{w}}",19256276,423339],"K_490\/22.3.0":["{{w}}",19679615,2090970],"K_490\/22.3.1":["{{w}}",21770585,1769012],"K_490\/22.3.2":["{{w}}",23539597,1417218],"K_490\/22.3.3":["{{w}}",24956815,703358],"K_490\/22.3.4":["{{w}}",25660173,63854],"K_490\/22.4.0":["{{w}}",25724027,86567],"K_490\/22.4.1":["{{w}}",25810594,253522],"K_490\/22.4.2":["{{w}}",26064116,26522],"K_490\/22.4.3":["{{w}}",26090638,518733],"K_490\/22.4.4":["{{w}}",26609371,11244],"K_490\/23.0.0":["{{x}}",151229,417790],"K_490\/23.0.1":["{{x}}",569019,605711],"K_490\/23.0.2":["{{x}}",1174730,1625499],"K_490\/23.0.3":["{{x}}",2800229,2103979],"K_490\/23.0.4":["{{x}}",4904208,1965120],"K_490\/23.1.0":["{{x}}",6869328,2414976],"K_490\/23.1.1":["{{x}}",9284304,1856911],"K_490\/23.1.2":["{{x}}",11141215,1374441],"K_490\/23.1.3":["{{x}}",12515656,798189],"K_490\/23.1.4":["{{x}}",13313845,10921],"K_490\/23.2.0":["{{x}}",13324766,1702820],"K_490\/23.2.1":["{{x}}",15027586,2036901],"K_490\/23.2.2":["{{x}}",17064487,111439],"K_490\/23.2.3":["{{x}}",17175926,960295],"K_490\/23.2.4":["{{x}}",18136221,11711],"K_490\/23.3.0":["{{x}}",18147932,1353977],"K_490\/23.3.1":["{{x}}",19501909,123860],"K_490\/23.3.2":["{{x}}",19625769,939877],"K_490\/23.3.3":["{{x}}",20565646,825686],"K_490\/23.3.4":["{{x}}",21391332,303382],"K_490\/23.4.0":["{{x}}",21694714,259620],"K_490\/23.4.1":["{{x}}",21954334,59318],"K_490\/23.4.2":["{{x}}",22013652,29669],"K_490\/23.4.3":["{{x}}",22043321,61979],"K_490\/23.4.4":["{{x}}",22105300,106205],"K_490\/24.0.0":["{{y}}",151229,425244],"K_490\/24.0.1":["{{y}}",576473,2230850],"K_490\/24.0.2":["{{y}}",2807323,2451771],"K_490\/24.0.3":["{{y}}",5259094,741152],"K_490\/24.0.4":["{{y}}",6000246,1371872],"K_490\/24.1.0":["{{y}}",7372118,2058254],"K_490\/24.1.1":["{{y}}",9430372,1385338],"K_490\/24.1.2":["{{y}}",10815710,1366003],"K_490\/24.1.3":["{{y}}",12181713,1469558],"K_490\/24.1.4":["{{y}}",13651271,2259695],"K_490\/24.2.0":["{{y}}",15910966,1642523],"K_490\/24.2.1":["{{y}}",17553489,716016],"K_490\/24.2.2":["{{y}}",18269505,10921],"K_490\/24.2.3":["{{y}}",18280426,569977],"K_490\/24.2.4":["{{y}}",18850403,440803],"K_490\/24.3.0":["{{y}}",19291206,878948],"K_490\/24.3.1":["{{y}}",20170154,101648],"K_490\/24.3.2":["{{y}}",20271802,436581],"K_490\/24.3.3":["{{y}}",20708383,560554],"K_490\/24.3.4":["{{y}}",21268937,10921],"K_490\/24.4.0":["{{y}}",21279858,94519],"K_490\/24.4.1":["{{y}}",21374377,19109],"K_490\/24.4.2":["{{y}}",21393486,10921],"K_490\/24.4.3":["{{y}}",21404407,56391],"K_490\/24.4.4":["{{y}}",21460798,11365],"K_490\/25.0.0":["{{z}}",151229,226204],"K_490\/25.0.1":["{{z}}",377433,1768790],"K_490\/25.0.2":["{{z}}",2146223,2024676],"K_490\/25.0.3":["{{z}}",4170899,2471827],"K_490\/25.0.4":["{{z}}",6642726,11016],"K_490\/25.1.0":["{{z}}",6653742,1593202],"K_490\/25.1.1":["{{z}}",8246944,1818791],"K_490\/25.1.2":["{{z}}",10065735,2064889],"K_490\/25.1.3":["{{z}}",12130624,1860997],"K_490\/25.1.4":["{{z}}",13991621,352986],"K_490\/25.2.0":["{{z}}",14344607,3098402],"K_490\/25.2.1":["{{z}}",17443009,1626435],"K_490\/25.2.2":["{{z}}",19069444,51155],"K_490\/25.2.3":["{{z}}",19120599,2215535],"K_490\/25.2.4":["{{z}}",21336134,700409],"K_490\/25.3.0":["{{z}}",22036543,1083720],"K_490\/25.3.1":["{{z}}",23120263,1528911],"K_490\/25.3.2":["{{z}}",24649174,772906],"K_490\/25.3.3":["{{z}}",25422080,896650],"K_490\/25.3.4":["{{z}}",26318730,976114],"K_490\/25.4.0":["{{z}}",27294844,267893],"K_490\/25.4.1":["{{z}}",27562737,503947],"K_490\/25.4.2":["{{z}}",28066684,181392],"K_490\/25.4.3":["{{z}}",28248076,34640],"K_490\/25.4.4":["{{z}}",28282716,106577],"K_490\/26.0.0":["{{A}}",151229,1545968],"K_490\/26.0.1":["{{A}}",1697197,961328],"K_490\/26.0.2":["{{A}}",2658525,1398676],"K_490\/26.0.3":["{{A}}",4057201,2586369],"K_490\/26.0.4":["{{A}}",6643570,2309733],"K_490\/26.1.0":["{{A}}",8953303,2173221],"K_490\/26.1.1":["{{A}}",11126524,2034464],"K_490\/26.1.2":["{{A}}",13160988,1283159],"K_490\/26.1.3":["{{A}}",14444147,1556999],"K_490\/26.1.4":["{{A}}",16001146,2047898],"K_490\/26.2.0":["{{A}}",18049044,2720966],"K_490\/26.2.1":["{{A}}",20770010,1744544],"K_490\/26.2.2":["{{A}}",22514554,83817],"K_490\/26.2.3":["{{A}}",22598371,765509],"K_490\/26.2.4":["{{A}}",23363880,1119518],"K_490\/26.3.0":["{{A}}",24483398,1074028],"K_490\/26.3.1":["{{A}}",25557426,1164749],"K_490\/26.3.2":["{{A}}",26722175,2462126],"K_490\/26.3.3":["{{A}}",29184301,1170183],"K_490\/26.3.4":["{{A}}",30354484,48146],"K_490\/26.4.0":["{{A}}",30402630,194091],"K_490\/26.4.1":["{{A}}",30596721,13307],"K_490\/26.4.2":["{{A}}",30610028,18975],"K_490\/26.4.3":["{{A}}",30629003,242439],"K_490\/26.4.4":["{{A}}",30871442,61732],"K_490\/27.0.0":["{{B}}",151229,1771640],"K_490\/27.0.1":["{{B}}",1922869,1068413],"K_490\/27.0.2":["{{B}}",2991282,2393762],"K_490\/27.0.3":["{{B}}",5385044,2988046],"K_490\/27.0.4":["{{B}}",8373090,553456],"K_490\/27.1.0":["{{B}}",8926546,1235618],"K_490\/27.1.1":["{{B}}",10162164,1343790],"K_490\/27.1.2":["{{B}}",11505954,2695935],"K_490\/27.1.3":["{{B}}",14201889,2143474],"K_490\/27.1.4":["{{B}}",16345363,768218],"K_490\/27.2.0":["{{B}}",17113581,2445014],"K_490\/27.2.1":["{{B}}",19558595,3334720],"K_490\/27.2.2":["{{B}}",22893315,51114],"K_490\/27.2.3":["{{B}}",22944429,1348135],"K_490\/27.2.4":["{{B}}",24292564,1631106],"K_490\/27.3.0":["{{B}}",25923670,1232912],"K_490\/27.3.1":["{{B}}",27156582,1073796],"K_490\/27.3.2":["{{B}}",28230378,1924116],"K_490\/27.3.3":["{{B}}",30154494,2072649],"K_490\/27.3.4":["{{B}}",32227143,1922139],"K_490\/27.4.0":["{{B}}",34149282,433246],"K_490\/27.4.1":["{{B}}",34582528,646137],"K_490\/27.4.2":["{{B}}",35228665,416887],"K_490\/27.4.3":["{{B}}",35645552,84159],"K_490\/27.4.4":["{{B}}",35729711,102684],"K_490\/28.0.0":["{{C}}",151229,1969244],"K_490\/28.0.1":["{{C}}",2120473,945278],"K_490\/28.0.2":["{{C}}",3065751,1327510],"K_490\/28.0.3":["{{C}}",4393261,2361282],"K_490\/28.0.4":["{{C}}",6754543,3716879],"K_490\/28.1.0":["{{C}}",10471422,2152537],"K_490\/28.1.1":["{{C}}",12623959,1612562],"K_490\/28.1.2":["{{C}}",14236521,2002456],"K_490\/28.1.3":["{{C}}",16238977,1524057],"K_490\/28.1.4":["{{C}}",17763034,2437094],"K_490\/28.2.0":["{{C}}",20200128,1956823],"K_490\/28.2.1":["{{C}}",22156951,2014097],"K_490\/28.2.2":["{{C}}",24171048,73031],"K_490\/28.2.3":["{{C}}",24244079,1304265],"K_490\/28.2.4":["{{C}}",25548344,23414],"K_490\/28.3.0":["{{C}}",25571758,382693],"K_490\/28.3.1":["{{C}}",25954451,2020155],"K_490\/28.3.2":["{{C}}",27974606,2776958],"K_490\/28.3.3":["{{C}}",30751564,3039594],"K_490\/28.3.4":["{{C}}",33791158,710449],"K_490\/28.4.0":["{{C}}",34501607,12746],"K_490\/28.4.1":["{{C}}",34514353,877926],"K_490\/28.4.2":["{{C}}",35392279,1312965],"K_490\/28.4.3":["{{C}}",36705244,887897],"K_490\/28.4.4":["{{C}}",37593141,512004],"K_490\/29.0.0":["{{D}}",151229,2572649],"K_490\/29.0.1":["{{D}}",2723878,1450992],"K_490\/29.0.2":["{{D}}",4174870,3150200],"K_490\/29.0.3":["{{D}}",7325070,3087961],"K_490\/29.0.4":["{{D}}",10413031,1032508],"K_490\/29.1.0":["{{D}}",11445539,1290328],"K_490\/29.1.1":["{{D}}",12735867,2913859],"K_490\/29.1.2":["{{D}}",15649726,2084326],"K_490\/29.1.3":["{{D}}",17734052,2279464],"K_490\/29.1.4":["{{D}}",20013516,1499323],"K_490\/29.2.0":["{{D}}",21512839,2229299],"K_490\/29.2.1":["{{D}}",23742138,1957162],"K_490\/29.2.2":["{{D}}",25699300,19992],"K_490\/29.2.3":["{{D}}",25719292,1629225],"K_490\/29.2.4":["{{D}}",27348517,1577944],"K_490\/29.3.0":["{{D}}",28926461,851258],"K_490\/29.3.1":["{{D}}",29777719,403348],"K_490\/29.3.2":["{{D}}",30181067,703448],"K_490\/29.3.3":["{{D}}",30884515,1813657],"K_490\/29.3.4":["{{D}}",32698172,2704413],"K_490\/29.4.0":["{{D}}",35402585,11005],"K_490\/29.4.1":["{{D}}",35413590,248409],"K_490\/29.4.2":["{{D}}",35661999,241378],"K_490\/29.4.3":["{{D}}",35903377,11788],"K_490\/29.4.4":["{{D}}",35915165,10921],"K_490\/30.0.0":["{{E}}",151229,1000568],"K_490\/30.0.1":["{{E}}",1151797,1243931],"K_490\/30.0.2":["{{E}}",2395728,2552871],"K_490\/30.0.3":["{{E}}",4948599,3302390],"K_490\/30.0.4":["{{E}}",8250989,2913348],"K_490\/30.1.0":["{{E}}",11164337,1410637],"K_490\/30.1.1":["{{E}}",12574974,1074829],"K_490\/30.1.2":["{{E}}",13649803,2850937],"K_490\/30.1.3":["{{E}}",16500740,2195043],"K_490\/30.1.4":["{{E}}",18695783,107709],"K_490\/30.2.0":["{{E}}",18803492,2302501],"K_490\/30.2.1":["{{E}}",21105993,1451648],"K_490\/30.2.2":["{{E}}",22557641,123811],"K_490\/30.2.3":["{{E}}",22681452,2226603],"K_490\/30.2.4":["{{E}}",24908055,355470],"K_490\/30.3.0":["{{E}}",25263525,1815405],"K_490\/30.3.1":["{{E}}",27078930,937085],"K_490\/30.3.2":["{{E}}",28016015,1376143],"K_490\/30.3.3":["{{E}}",29392158,1080088],"K_490\/30.3.4":["{{E}}",30472246,889229],"K_490\/30.4.0":["{{E}}",31361475,33358],"K_490\/30.4.1":["{{E}}",31394833,65962],"K_490\/30.4.2":["{{E}}",31460795,602904],"K_490\/30.4.3":["{{E}}",32063699,51700],"K_490\/30.4.4":["{{E}}",32115399,405637]}}