{"version":1,"templates":{"a":"s3:\/\/imos-data\/IMOS\/SRS\/OC\/gridded\/aqua\/P1D\/2021\/05\/A.P1D.20210501T053000Z.aust.chl_gsm.nc","b":"s3:\/\/imos-data\/IMOS\/SRS\/OC\/gridded\/aqua\/P1D\/2021\/05\/A.P1D.20210502T053000Z.aust.chl_gsm.nc","c":"s3:\/\/imos-data\/IMOS\/SRS\/OC\/gridded\/aqua\/P1D\/2021\/05\/A.P1D.20210503T053000Z.aust.chl_gsm.nc","d":"s3:\/\/imos-data\/IMOS\/SRS\/OC\/gridded\/aqua\/P1D\/2021\/05\/A.P1D.20210504T053000Z.aust.chl_gsm.nc","e":"s3:\/\/imos-data\/IMOS\/SRS\/OC\/gridded\/aqua\/P1D\/2021\/05\/A.P1D.20210505T053000Z.aust.chl_gsm.nc","f":"s3:\/\/imos-data\/IMOS\/SRS\/OC\/gridded\/aqua\/P1D\/2021\/05\/A.P1D.20210506T053000Z.aust.chl_gsm.nc","g":"s3:\/\/imos-data\/IMOS\/SRS\/OC\/gridded\/aqua\/P1D\/2021\/05\/A.P1D.20210507T053000Z.aust.chl_gsm.nc","h":"s3:\/\/imos-data\/IMOS\/SRS\/OC\/gridded\/aqua\/P1D\/2021\/05\/A.P1D.20210508T053000Z.aust.chl_gsm.nc","i":"s3:\/\/imos-data\/IMOS\/SRS\/OC\/gridded\/aqua\/P1D\/2021\/05\/A.P1D.20210509T053000Z.aust.chl_gsm.nc","j":"s3:\/\/imos-data\/IMOS\/SRS\/OC\/gridded\/aqua\/P1D\/2021\/05\/A.P1D.20210510T053000Z.aust.chl_gsm.nc","k":"s3:\/\/imos-data\/IMOS\/SRS\/OC\/gridded\/aqua\/P1D\/2021\/05\/A.P1D.20210511T053000Z.aust.chl_gsm.nc","l":"s3:\/\/imos-data\/IMOS\/SRS\/OC\/gridded\/aqua\/P1D\/2021\/05\/A.P1D.20210512T053000Z.aust.chl_gsm.nc","m":"s3:\/\/imos-data\/IMOS\/SRS\/OC\/gridded\/aqua\/P1D\/2021\/05\/A.P1D.20210513T053000Z.aust.chl_gsm.nc","n":"s3:\/\/imos-data\/IMOS\/SRS\/OC\/gridded\/aqua\/P1D\/2021\/05\/A.P1D.20210514T053000Z.aust.chl_gsm.nc","o":"s3:\/\/imos-data\/IMOS\/SRS\/OC\/gridded\/aqua\/P1D\/2021\/05\/A.P1D.20210515T053000Z.aust.chl_gsm.nc","p":"s3:\/\/imos-data\/IMOS\/SRS\/OC\/gridded\/aqua\/P1D\/2021\/05\/A.P1D.20210516T053000Z.aust.chl_gsm.nc","q":"s3:\/\/imos-data\/IMOS\/SRS\/OC\/gridded\/aqua\/P1D\/2021\/05\/A.P1D.20210517T053000Z.aust.chl_gsm.nc","r":"s3:\/\/imos-data\/IMOS\/SRS\/OC\/gridded\/aqua\/P1D\/2021\/05\/A.P1D.20210518T053000Z.aust.chl_gsm.nc","s":"s3:\/\/imos-data\/IMOS\/SRS\/OC\/gridded\/aqua\/P1D\/2021\/05\/A.P1D.20210519T053000Z.aust.chl_gsm.nc","t":"s3:\/\/imos-data\/IMOS\/SRS\/OC\/gridded\/aqua\/P1D\/2021\/05\/A.P1D.20210520T053000Z.aust.chl_gsm.nc","u":"s3:\/\/imos-data\/IMOS\/SRS\/OC\/gridded\/aqua\/P1D\/2021\/05\/A.P1D.20210521T053000Z.aust.chl_gsm.nc","v":"s3:\/\/imos-data\/IMOS\/SRS\/OC\/gridded\/aqua\/P1D\/2021\/05\/A.P1D.20210522T053000Z.aust.chl_gsm.nc","w":"s3:\/\/imos-data\/IMOS\/SRS\/OC\/gridded\/aqua\/P1D\/2021\/05\/A.P1D.20210523T053000Z.aust.chl_gsm.nc","x":"s3:\/\/imos-data\/IMOS\/SRS\/OC\/gridded\/aqua\/P1D\/2021\/05\/A.P1D.20210524T053000Z.aust.chl_gsm.nc","y":"s3:\/\/imos-data\/IMOS\/SRS\/OC\/gridded\/aqua\/P1D\/2021\/05\/A.P1D.20210525T053000Z.aust.chl_gsm.nc","z":"s3:\/\/imos-data\/IMOS\/SRS\/OC\/gridded\/aqua\/P1D\/2021\/05\/A.P1D.20210526T053000Z.aust.chl_gsm.nc","A":"s3:\/\/imos-data\/IMOS\/SRS\/OC\/gridded\/aqua\/P1D\/2021\/05\/A.P1D.20210527T053000Z.aust.chl_gsm.nc","B":"s3:\/\/imos-data\/IMOS\/SRS\/OC\/gridded\/aqua\/P1D\/2021\/05\/A.P1D.20210528T053000Z.aust.chl_gsm.nc","C":"s3:\/\/imos-data\/IMOS\/SRS\/OC\/gridded\/aqua\/P1D\/2021\/05\/A.P1D.20210529T053000Z.aust.chl_gsm.nc","D":"s3:\/\/imos-data\/IMOS\/SRS\/OC\/gridded\/aqua\/P1D\/2021\/05\/A.P1D.20210530T053000Z.aust.chl_gsm.nc","E":"s3:\/\/imos-data\/IMOS\/SRS\/OC\/gridded\/aqua\/P1D\/2021\/05\/A.P1D.20210531T053000Z.aust.chl_gsm.nc"},"refs":{".zgroup":"{\"zarr_format\":2}",".zattrs":"{\"Conventions\":\"CF-1.6\",\"_NCProperties\":\"version=1|netcdflibversion=4.6.1|hdf5libversion=1.10.4\",\"_nc3_strict\":1,\"history\":\"File initialised at 2021-05-17T18:21:08.767375\\nInitialised var chl_gsm at 2021-05-17T18:21:59.759510\\nAdd Granule A20210501_0250.20210517141738.L2OC_BASE.chl_gsm.nc at 2021-05-17T18:22:01.520051\\nAdd Granule A20210501_0255.20210517142500.L2OC_BASE.chl_gsm.nc at 2021-05-17T18:22:02.121213\\nAdd Granule A20210501_0300.20210517142643.L2OC_BASE.chl_gsm.nc at 2021-05-17T18:22:02.569095\\nAdd Granule A20210501_0305.20210517142740.L2OC_BASE.chl_gsm.nc at 2021-05-17T18:22:02.953227\\nAdd Granule A20210501_0425.20210517143549.L2OC_BASE.chl_gsm.nc at 2021-05-17T18:22:03.362630\\nAdd Granule A20210501_0430.20210517144003.L2OC_BASE.chl_gsm.nc at 2021-05-17T18:22:03.922489\\nAdd Granule A20210501_0435.20210517144131.L2OC_BASE.chl_gsm.nc at 2021-05-17T18:22:04.341217\\nAdd Granule A20210501_0440.20210517144200.L2OC_BASE.chl_gsm.nc at 2021-05-17T18:22:04.756499\\nAdd Granule A20210501_0445.20210517144656.L2OC_BASE.chl_gsm.nc at 2021-05-17T18:22:05.135336\\nAdd Granule A20210501_0605.20210517145055.L2OC_BASE.chl_gsm.nc at 2021-05-17T18:22:05.591393\\nAdd Granule A20210501_0610.20210517145455.L2OC_BASE.chl_gsm.nc at 2021-05-17T18:22:06.122710\\nAdd Granule A20210501_0615.20210517145821.L2OC_BASE.chl_gsm.nc at 2021-05-17T18:22:06.551862\\nAdd Granule A20210501_0620.20210517150135.L2OC_BASE.chl_gsm.nc at 2021-05-17T18:22:06.976201\\nAdd Granule A20210501_0625.20210517150527.L2OC_BASE.chl_gsm.nc at 2021-05-17T18:22:07.283441\\nAdd Granule A20210501_0750.20210517150914.L2OC_BASE.chl_gsm.nc at 2021-05-17T18:22:07.750040\\nAdd Granule A20210501_0755.20210517151550.L2OC_BASE.chl_gsm.nc at 2021-05-17T18:22:08.255839\\nAdd Granule A20210501_0800.20210517141013.L2OC_BASE.chl_gsm.nc at 2021-05-17T18:22:08.618884\\nAdd Granule A20210501_0925.20210517141013.L2OC_BASE.chl_gsm.nc at 2021-05-17T18:22:08.897311\\nAdd Granule A20210501_0930.20210517141013.L2OC_BASE.chl_gsm.nc at 2021-05-17T18:22:09.229863\",\"source_path\":\"imos-srs\\\/archive\\\/oc\\\/aqua\\\/v201909\\\/1d\\\/2021\\\/05\\\/A20210501.L2OC_BASE.aust.chl_gsm.nc\"}","latitude\/.zarray":"{\n    \"chunks\": [\n        7001\n    ],\n    \"compressor\": null,\n    \"dtype\": \"<f8\",\n    \"fill_value\": 9.969209968386869e+36,\n    \"filters\": null,\n    \"order\": \"C\",\n    \"shape\": [\n        7001\n    ],\n    \"zarr_format\": 2\n}","latitude\/.zattrs":"{\n    \"NAME\": \"latitude\",\n    \"_ARRAY_DIMENSIONS\": [\n        \"latitude\"\n    ],\n    \"_Netcdf4Dimid\": 1,\n    \"axis\": \"Y\",\n    \"long_name\": \"latitude\",\n    \"standard_name\": \"latitude\",\n    \"units\": \"degrees_north\"\n}","latitude\/0":["{{a}}",2392,56008],"longitude\/.zarray":"{\n    \"chunks\": [\n        10001\n    ],\n    \"compressor\": null,\n    \"dtype\": \"<f8\",\n    \"fill_value\": 9.969209968386869e+36,\n    \"filters\": null,\n    \"order\": \"C\",\n    \"shape\": [\n        10001\n    ],\n    \"zarr_format\": 2\n}","longitude\/.zattrs":"{\n    \"NAME\": \"longitude\",\n    \"_ARRAY_DIMENSIONS\": [\n        \"longitude\"\n    ],\n    \"_Netcdf4Dimid\": 2,\n    \"axis\": \"X\",\n    \"long_name\": \"longitude\",\n    \"standard_name\": \"longitude\",\n    \"units\": \"degrees_east\"\n}","longitude\/0":["{{a}}",58400,80008],"chl_gsm\/.zarray":"{\"chunks\":[1,1401,2001],\"compressor\":{\"id\":\"zlib\",\"level\":4},\"dtype\":\"<f4\",\"fill_value\":-999.0,\"filters\":[{\"elementsize\":4,\"id\":\"shuffle\"}],\"order\":\"C\",\"shape\":[31,7001,10001],\"zarr_format\":2}","chl_gsm\/.zattrs":"{\"_ARRAY_DIMENSIONS\":[\"time\",\"latitude\",\"longitude\"],\"flag_applied\":\"HISATZEN LAND CLDICE NAVFAIL\",\"long_name\":\"Chlorophyll Concentration, GSM model\",\"units\":\"mg\\\/m^3\"}","time\/.zarray":"{\"chunks\":[31],\"compressor\":{\"blocksize\":0,\"clevel\":5,\"cname\":\"lz4\",\"id\":\"blosc\",\"shuffle\":1},\"dtype\":\"<M8[us]\",\"fill_value\":0,\"filters\":null,\"order\":\"C\",\"shape\":[31],\"zarr_format\":2}","time\/0":"base64:AgExCPgAAAD4AAAAtAAAABQAAACcAAAAHwABAAv7AYbmRqYGZsYmhuZGpgZmxiYQAPRdBt21jGQ7EurBmHBHH\/bNpXxTKwLasYhgNw7mvZVsQwUiQF58mrjV8xEvTWuIpsTiAB48WXeVs9HvDCpIZoQ+UmZ6jqK2yt7zBxsvQ1drf5SovNDk+AwgNEldcYWZwcHBwcHBwcHBwcLCwsLCBQATwwEAHwUBAAsP2AAHUAAAAAAA","time\/.zattrs":"{\"NAME\":\"time\",\"_ARRAY_DIMENSIONS\":[\"time\"],\"_Netcdf4Dimid\":0,\"axis\":\"T\",\"long_name\":\"time\",\"standard_name\":\"time\"}","chl_gsm\/0.0.0":["{{a}}",151217,2355820],"chl_gsm\/0.0.1":["{{a}}",2507037,1669634],"chl_gsm\/0.0.2":["{{a}}",4176671,3135749],"chl_gsm\/0.0.3":["{{a}}",7312420,2096227],"chl_gsm\/0.0.4":["{{a}}",9408647,707039],"chl_gsm\/0.1.0":["{{a}}",10115686,1954707],"chl_gsm\/0.1.1":["{{a}}",12070393,4008461],"chl_gsm\/0.1.2":["{{a}}",16078854,3062948],"chl_gsm\/0.1.3":["{{a}}",19141802,1753489],"chl_gsm\/0.1.4":["{{a}}",20895291,478720],"chl_gsm\/0.2.0":["{{a}}",21374011,2952928],"chl_gsm\/0.2.1":["{{a}}",24326939,2078066],"chl_gsm\/0.2.2":["{{a}}",26405005,105070],"chl_gsm\/0.2.3":["{{a}}",26510075,738850],"chl_gsm\/0.2.4":["{{a}}",27248925,1512972],"chl_gsm\/0.3.0":["{{a}}",28761897,1769322],"chl_gsm\/0.3.1":["{{a}}",30531219,1401076],"chl_gsm\/0.3.2":["{{a}}",31932295,2308482],"chl_gsm\/0.3.3":["{{a}}",34240777,2794812],"chl_gsm\/0.3.4":["{{a}}",37035589,4344466],"chl_gsm\/0.4.0":["{{a}}",41380055,214378],"chl_gsm\/0.4.1":["{{a}}",41594433,494013],"chl_gsm\/0.4.2":["{{a}}",42088446,1815191],"chl_gsm\/0.4.3":["{{a}}",43903637,1311362],"chl_gsm\/0.4.4":["{{a}}",45214999,568064],"chl_gsm\/1.0.0":["{{b}}",151217,1535203],"chl_gsm\/1.0.1":["{{b}}",1686420,1339204],"chl_gsm\/1.0.2":["{{b}}",3025624,1979644],"chl_gsm\/1.0.3":["{{b}}",5005268,3179988],"chl_gsm\/1.0.4":["{{b}}",8185256,2925328],"chl_gsm\/1.1.0":["{{b}}",11110584,1960698],"chl_gsm\/1.1.1":["{{b}}",13071282,2528686],"chl_gsm\/1.1.2":["{{b}}",15599968,3331655],"chl_gsm\/1.1.3":["{{b}}",18931623,3248303],"chl_gsm\/1.1.4":["{{b}}",22179926,75765],"chl_gsm\/1.2.0":["{{b}}",22255691,2346328],"chl_gsm\/1.2.1":["{{b}}",24602019,2141541],"chl_gsm\/1.2.2":["{{b}}",26743560,135761],"chl_gsm\/1.2.3":["{{b}}",26879321,1492872],"chl_gsm\/1.2.4":["{{b}}",28372193,97405],"chl_gsm\/1.3.0":["{{b}}",28469598,2050884],"chl_gsm\/1.3.1":["{{b}}",30520482,2449724],"chl_gsm\/1.3.2":["{{b}}",32970206,2105860],"chl_gsm\/1.3.3":["{{b}}",35076066,2089562],"chl_gsm\/1.3.4":["{{b}}",37165628,1651656],"chl_gsm\/1.4.0":["{{b}}",38817284,87486],"chl_gsm\/1.4.1":["{{b}}",38904770,401816],"chl_gsm\/1.4.2":["{{b}}",39306586,1122811],"chl_gsm\/1.4.3":["{{b}}",40429397,61197],"chl_gsm\/1.4.4":["{{b}}",40490594,86437],"chl_gsm\/2.0.0":["{{c}}",151217,1476067],"chl_gsm\/2.0.1":["{{c}}",1627284,1014396],"chl_gsm\/2.0.2":["{{c}}",2641680,2196376],"chl_gsm\/2.0.3":["{{c}}",4838056,2350900],"chl_gsm\/2.0.4":["{{c}}",7188956,1713002],"chl_gsm\/2.1.0":["{{c}}",8901958,1556321],"chl_gsm\/2.1.1":["{{c}}",10458279,3854334],"chl_gsm\/2.1.2":["{{c}}",14312613,2129706],"chl_gsm\/2.1.3":["{{c}}",16442319,2153669],"chl_gsm\/2.1.4":["{{c}}",18595988,1709280],"chl_gsm\/2.2.0":["{{c}}",20305268,4420445],"chl_gsm\/2.2.1":["{{c}}",24725713,1106644],"chl_gsm\/2.2.2":["{{c}}",25832357,82857],"chl_gsm\/2.2.3":["{{c}}",25915214,486015],"chl_gsm\/2.2.4":["{{c}}",26401229,2242449],"chl_gsm\/2.3.0":["{{c}}",28643678,2023051],"chl_gsm\/2.3.1":["{{c}}",30666729,1976687],"chl_gsm\/2.3.2":["{{c}}",32643416,2622556],"chl_gsm\/2.3.3":["{{c}}",35265972,1444830],"chl_gsm\/2.3.4":["{{c}}",36710802,3306295],"chl_gsm\/2.4.0":["{{c}}",40017097,380035],"chl_gsm\/2.4.1":["{{c}}",40397132,253319],"chl_gsm\/2.4.2":["{{c}}",40650451,266987],"chl_gsm\/2.4.3":["{{c}}",40917438,2118927],"chl_gsm\/2.4.4":["{{c}}",43036365,544135],"chl_gsm\/3.0.0":["{{d}}",151217,422763],"chl_gsm\/3.0.1":["{{d}}",573980,409593],"chl_gsm\/3.0.2":["{{d}}",983573,1655724],"chl_gsm\/3.0.3":["{{d}}",2639297,2466291],"chl_gsm\/3.0.4":["{{d}}",5105588,10921],"chl_gsm\/3.1.0":["{{d}}",5116509,1365111],"chl_gsm\/3.1.1":["{{d}}",6481620,2347378],"chl_gsm\/3.1.2":["{{d}}",8828998,3031684],"chl_gsm\/3.1.3":["{{d}}",11860682,3807247],"chl_gsm\/3.1.4":["{{d}}",15667929,293531],"chl_gsm\/3.2.0":["{{d}}",15961460,2572101],"chl_gsm\/3.2.1":["{{d}}",18533561,2817651],"chl_gsm\/3.2.2":["{{d}}",21351212,117468],"chl_gsm\/3.2.3":["{{d}}",21468680,2277957],"chl_gsm\/3.2.4":["{{d}}",23746637,631346],"chl_gsm\/3.3.0":["{{d}}",24377983,792170],"chl_gsm\/3.3.1":["{{d}}",25170153,2604640],"chl_gsm\/3.3.2":["{{d}}",27774793,1064497],"chl_gsm\/3.3.3":["{{d}}",28839290,1306240],"chl_gsm\/3.3.4":["{{d}}",30145530,2035973],"chl_gsm\/3.4.0":["{{d}}",32181503,238454],"chl_gsm\/3.4.1":["{{d}}",32419957,1372515],"chl_gsm\/3.4.2":["{{d}}",33792472,214828],"chl_gsm\/3.4.3":["{{d}}",34007300,326325],"chl_gsm\/3.4.4":["{{d}}",34333625,492435],"chl_gsm\/4.0.0":["{{e}}",151217,864830],"chl_gsm\/4.0.1":["{{e}}",1016047,589054],"chl_gsm\/4.0.2":["{{e}}",1605101,1694224],"chl_gsm\/4.0.3":["{{e}}",3299325,2329792],"chl_gsm\/4.0.4":["{{e}}",5629117,1918874],"chl_gsm\/4.1.0":["{{e}}",7547991,2507753],"chl_gsm\/4.1.1":["{{e}}",10055744,2696078],"chl_gsm\/4.1.2":["{{e}}",12751822,2667727],"chl_gsm\/4.1.3":["{{e}}",15419549,2527591],"chl_gsm\/4.1.4":["{{e}}",17947140,2297557],"chl_gsm\/4.2.0":["{{e}}",20244697,2650912],"chl_gsm\/4.2.1":["{{e}}",22895609,2373204],"chl_gsm\/4.2.2":["{{e}}",25268813,98158],"chl_gsm\/4.2.3":["{{e}}",25366971,880877],"chl_gsm\/4.2.4":["{{e}}",26247848,1961654],"chl_gsm\/4.3.0":["{{e}}",28209502,861934],"chl_gsm\/4.3.1":["{{e}}",29071436,1494639],"chl_gsm\/4.3.2":["{{e}}",30566075,487353],"chl_gsm\/4.3.3":["{{e}}",31053428,1191482],"chl_gsm\/4.3.4":["{{e}}",32244910,3518429],"chl_gsm\/4.4.0":["{{e}}",35763339,219545],"chl_gsm\/4.4.1":["{{e}}",35982884,145798],"chl_gsm\/4.4.2":["{{e}}",36128682,382965],"chl_gsm\/4.4.3":["{{e}}",36511647,839088],"chl_gsm\/4.4.4":["{{e}}",37350735,164606],"chl_gsm\/5.0.0":["{{f}}",151217,1504606],"chl_gsm\/5.0.1":["{{f}}",1655823,345315],"chl_gsm\/5.0.2":["{{f}}",2001138,2067100],"chl_gsm\/5.0.3":["{{f}}",4068238,1331646],"chl_gsm\/5.0.4":["{{f}}",5399884,169247],"chl_gsm\/5.1.0":["{{f}}",5569131,2182991],"chl_gsm\/5.1.1":["{{f}}",7752122,920023],"chl_gsm\/5.1.2":["{{f}}",8672145,3409355],"chl_gsm\/5.1.3":["{{f}}",12081500,2777976],"chl_gsm\/5.1.4":["{{f}}",14859476,758844],"chl_gsm\/5.2.0":["{{f}}",15618320,2407162],"chl_gsm\/5.2.1":["{{f}}",18025482,3420913],"chl_gsm\/5.2.2":["{{f}}",21446395,44056],"chl_gsm\/5.2.3":["{{f}}",21490451,2054990],"chl_gsm\/5.2.4":["{{f}}",23545441,1538429],"chl_gsm\/5.3.0":["{{f}}",25083870,151776],"chl_gsm\/5.3.1":["{{f}}",25235646,1392747],"chl_gsm\/5.3.2":["{{f}}",26628393,1626573],"chl_gsm\/5.3.3":["{{f}}",28254966,940873],"chl_gsm\/5.3.4":["{{f}}",29195839,1769241],"chl_gsm\/5.4.0":["{{f}}",30965080,1085713],"chl_gsm\/5.4.1":["{{f}}",32050793,1284212],"chl_gsm\/5.4.2":["{{f}}",33335005,839127],"chl_gsm\/5.4.3":["{{f}}",34174132,421535],"chl_gsm\/5.4.4":["{{f}}",34595667,1686651],"chl_gsm\/6.0.0":["{{g}}",151217,2463447],"chl_gsm\/6.0.1":["{{g}}",2614664,172645],"chl_gsm\/6.0.2":["{{g}}",2787309,816824],"chl_gsm\/6.0.3":["{{g}}",3604133,1436533],"chl_gsm\/6.0.4":["{{g}}",5040666,918912],"chl_gsm\/6.1.0":["{{g}}",5959578,2837558],"chl_gsm\/6.1.1":["{{g}}",8797136,1750306],"chl_gsm\/6.1.2":["{{g}}",10547442,2053959],"chl_gsm\/6.1.3":["{{g}}",12601401,2656009],"chl_gsm\/6.1.4":["{{g}}",15257410,3271075],"chl_gsm\/6.2.0":["{{g}}",18528485,2003820],"chl_gsm\/6.2.1":["{{g}}",20532305,2075678],"chl_gsm\/6.2.2":["{{g}}",22607983,114295],"chl_gsm\/6.2.3":["{{g}}",22722278,1517075],"chl_gsm\/6.2.4":["{{g}}",24239353,10921],"chl_gsm\/6.3.0":["{{g}}",24250274,37885],"chl_gsm\/6.3.1":["{{g}}",24288159,648479],"chl_gsm\/6.3.2":["{{g}}",24936638,2901804],"chl_gsm\/6.3.3":["{{g}}",27838442,859600],"chl_gsm\/6.3.4":["{{g}}",28698042,23142],"chl_gsm\/6.4.0":["{{g}}",28721184,378066],"chl_gsm\/6.4.1":["{{g}}",29099250,1188218],"chl_gsm\/6.4.2":["{{g}}",30287468,1807260],"chl_gsm\/6.4.3":["{{g}}",32094728,130710],"chl_gsm\/6.4.4":["{{g}}",32225438,162965],"chl_gsm\/7.0.0":["{{h}}",151217,2496745],"chl_gsm\/7.0.1":["{{h}}",2647962,774379],"chl_gsm\/7.0.2":["{{h}}",3422341,497235],"chl_gsm\/7.0.3":["{{h}}",3919576,742281],"chl_gsm\/7.0.4":["{{h}}",4661857,539411],"chl_gsm\/7.1.0":["{{h}}",5201268,3445391],"chl_gsm\/7.1.1":["{{h}}",8646659,3679700],"chl_gsm\/7.1.2":["{{h}}",12326359,3219387],"chl_gsm\/7.1.3":["{{h}}",15545746,2539798],"chl_gsm\/7.1.4":["{{h}}",18085544,412526],"chl_gsm\/7.2.0":["{{h}}",18498070,3835439],"chl_gsm\/7.2.1":["{{h}}",22333509,3703391],"chl_gsm\/7.2.2":["{{h}}",26036900,38442],"chl_gsm\/7.2.3":["{{h}}",26075342,1645512],"chl_gsm\/7.2.4":["{{h}}",27720854,209480],"chl_gsm\/7.3.0":["{{h}}",27930334,289132],"chl_gsm\/7.3.1":["{{h}}",28219466,1005456],"chl_gsm\/7.3.2":["{{h}}",29224922,2215085],"chl_gsm\/7.3.3":["{{h}}",31440007,2020056],"chl_gsm\/7.3.4":["{{h}}",33460063,632171],"chl_gsm\/7.4.0":["{{h}}",34092234,787480],"chl_gsm\/7.4.1":["{{h}}",34879714,981071],"chl_gsm\/7.4.2":["{{h}}",35860785,1505017],"chl_gsm\/7.4.3":["{{h}}",37365802,1129650],"chl_gsm\/7.4.4":["{{h}}",38495452,110443],"chl_gsm\/8.0.0":["{{i}}",151217,3020554],"chl_gsm\/8.0.1":["{{i}}",3171771,774975],"chl_gsm\/8.0.2":["{{i}}",3946746,300806],"chl_gsm\/8.0.3":["{{i}}",4247552,73464],"chl_gsm\/8.0.4":["{{i}}",4321016,2429240],"chl_gsm\/8.1.0":["{{i}}",6750256,3217092],"chl_gsm\/8.1.1":["{{i}}",9967348,2832123],"chl_gsm\/8.1.2":["{{i}}",12799471,3157730],"chl_gsm\/8.1.3":["{{i}}",15957201,2168269],"chl_gsm\/8.1.4":["{{i}}",18125470,1491304],"chl_gsm\/8.2.0":["{{i}}",19616774,2351437],"chl_gsm\/8.2.1":["{{i}}",21968211,1852512],"chl_gsm\/8.2.2":["{{i}}",23820723,145040],"chl_gsm\/8.2.3":["{{i}}",23965763,926531],"chl_gsm\/8.2.4":["{{i}}",24892294,72204],"chl_gsm\/8.3.0":["{{i}}",24964498,446066],"chl_gsm\/8.3.1":["{{i}}",25410564,982490],"chl_gsm\/8.3.2":["{{i}}",26393054,1016416],"chl_gsm\/8.3.3":["{{i}}",27409470,1892461],"chl_gsm\/8.3.4":["{{i}}",29301931,441538],"chl_gsm\/8.4.0":["{{i}}",29743469,29373],"chl_gsm\/8.4.1":["{{i}}",29772842,20645],"chl_gsm\/8.4.2":["{{i}}",29793487,2085941],"chl_gsm\/8.4.3":["{{i}}",31879428,831736],"chl_gsm\/8.4.4":["{{i}}",32711164,1506183],"chl_gsm\/9.0.0":["{{j}}",151217,3865178],"chl_gsm\/9.0.1":["{{j}}",4016395,1813055],"chl_gsm\/9.0.2":["{{j}}",5829450,156531],"chl_gsm\/9.0.3":["{{j}}",5985981,129554],"chl_gsm\/9.0.4":["{{j}}",6115535,369692],"chl_gsm\/9.1.0":["{{j}}",6485227,4817260],"chl_gsm\/9.1.1":["{{j}}",11302487,5096299],"chl_gsm\/9.1.2":["{{j}}",16398786,2281509],"chl_gsm\/9.1.3":["{{j}}",18680295,874389],"chl_gsm\/9.1.4":["{{j}}",19554684,1867663],"chl_gsm\/9.2.0":["{{j}}",21422347,3861668],"chl_gsm\/9.2.1":["{{j}}",25284015,1916068],"chl_gsm\/9.2.2":["{{j}}",27200083,102447],"chl_gsm\/9.2.3":["{{j}}",27302530,1317974],"chl_gsm\/9.2.4":["{{j}}",28620504,1919152],"chl_gsm\/9.3.0":["{{j}}",30539656,1171345],"chl_gsm\/9.3.1":["{{j}}",31711001,815926],"chl_gsm\/9.3.2":["{{j}}",32526927,555227],"chl_gsm\/9.3.3":["{{j}}",33082154,1417948],"chl_gsm\/9.3.4":["{{j}}",34500102,573279],"chl_gsm\/9.4.0":["{{j}}",35073381,667951],"chl_gsm\/9.4.1":["{{j}}",35741332,379561],"chl_gsm\/9.4.2":["{{j}}",36120893,277262],"chl_gsm\/9.4.3":["{{j}}",36398155,624156],"chl_gsm\/9.4.4":["{{j}}",37022311,10921],"chl_gsm\/10.0.0":["{{k}}",151217,2064254],"chl_gsm\/10.0.1":["{{k}}",2215471,1347457],"chl_gsm\/10.0.2":["{{k}}",3562928,909328],"chl_gsm\/10.0.3":["{{k}}",4472256,223145],"chl_gsm\/10.0.4":["{{k}}",4695401,390036],"chl_gsm\/10.1.0":["{{k}}",5085437,2932306],"chl_gsm\/10.1.1":["{{k}}",8017743,3735610],"chl_gsm\/10.1.2":["{{k}}",11753353,3371916],"chl_gsm\/10.1.3":["{{k}}",15125269,1057226],"chl_gsm\/10.1.4":["{{k}}",16182495,33701],"chl_gsm\/10.2.0":["{{k}}",16216196,1798571],"chl_gsm\/10.2.1":["{{k}}",18014767,3909254],"chl_gsm\/10.2.2":["{{k}}",21924021,112668],"chl_gsm\/10.2.3":["{{k}}",22036689,758290],"chl_gsm\/10.2.4":["{{k}}",22794979,353444],"chl_gsm\/10.3.0":["{{k}}",23148423,1394307],"chl_gsm\/10.3.1":["{{k}}",24542730,661359],"chl_gsm\/10.3.2":["{{k}}",25204089,1440083],"chl_gsm\/10.3.3":["{{k}}",26644172,1885105],"chl_gsm\/10.3.4":["{{k}}",28529277,1234333],"chl_gsm\/10.4.0":["{{k}}",29763610,412580],"chl_gsm\/10.4.1":["{{k}}",30176190,790181],"chl_gsm\/10.4.2":["{{k}}",30966371,27651],"chl_gsm\/10.4.3":["{{k}}",30994022,940877],"chl_gsm\/10.4.4":["{{k}}",31934899,1598881],"chl_gsm\/11.0.0":["{{l}}",151217,3305208],"chl_gsm\/11.0.1":["{{l}}",3456425,2930128],"chl_gsm\/11.0.2":["{{l}}",6386553,1775940],"chl_gsm\/11.0.3":["{{l}}",8162493,1377424],"chl_gsm\/11.0.4":["{{l}}",9539917,483604],"chl_gsm\/11.1.0":["{{l}}",10023521,3685066],"chl_gsm\/11.1.1":["{{l}}",13708587,4424261],"chl_gsm\/11.1.2":["{{l}}",18132848,2864610],"chl_gsm\/11.1.3":["{{l}}",20997458,1454352],"chl_gsm\/11.1.4":["{{l}}",22451810,2843103],"chl_gsm\/11.2.0":["{{l}}",25294913,2450644],"chl_gsm\/11.2.1":["{{l}}",27745557,2102590],"chl_gsm\/11.2.2":["{{l}}",29848147,77132],"chl_gsm\/11.2.3":["{{l}}",29925279,203616],"chl_gsm\/11.2.4":["{{l}}",30128895,1619854],"chl_gsm\/11.3.0":["{{l}}",31748749,998942],"chl_gsm\/11.3.1":["{{l}}",32747691,881287],"chl_gsm\/11.3.2":["{{l}}",33628978,1532390],"chl_gsm\/11.3.3":["{{l}}",35161368,712704],"chl_gsm\/11.3.4":["{{l}}",35874072,2134993],"chl_gsm\/11.4.0":["{{l}}",38009065,18440],"chl_gsm\/11.4.1":["{{l}}",38027505,54131],"chl_gsm\/11.4.2":["{{l}}",38081636,1416395],"chl_gsm\/11.4.3":["{{l}}",39498031,40662],"chl_gsm\/11.4.4":["{{l}}",39538693,509497],"chl_gsm\/12.0.0":["{{m}}",151217,1535912],"chl_gsm\/12.0.1":["{{m}}",1687129,1394144],"chl_gsm\/12.0.2":["{{m}}",3081273,2430812],"chl_gsm\/12.0.3":["{{m}}",5512085,4023426],"chl_gsm\/12.0.4":["{{m}}",9535511,35530],"chl_gsm\/12.1.0":["{{m}}",9571041,1844264],"chl_gsm\/12.1.1":["{{m}}",11415305,3112574],"chl_gsm\/12.1.2":["{{m}}",14527879,4038801],"chl_gsm\/12.1.3":["{{m}}",18566680,3509151],"chl_gsm\/12.1.4":["{{m}}",22075831,304692],"chl_gsm\/12.2.0":["{{m}}",22380523,2794082],"chl_gsm\/12.2.1":["{{m}}",25174605,2547940],"chl_gsm\/12.2.2":["{{m}}",27722545,50528],"chl_gsm\/12.2.3":["{{m}}",27773073,2163237],"chl_gsm\/12.2.4":["{{m}}",29936310,12220],"chl_gsm\/12.3.0":["{{m}}",29948530,2381351],"chl_gsm\/12.3.1":["{{m}}",32329881,1807605],"chl_gsm\/12.3.2":["{{m}}",34137486,1725223],"chl_gsm\/12.3.3":["{{m}}",35862709,1244890],"chl_gsm\/12.3.4":["{{m}}",37107599,725909],"chl_gsm\/12.4.0":["{{m}}",37833508,65701],"chl_gsm\/12.4.1":["{{m}}",37899209,50220],"chl_gsm\/12.4.2":["{{m}}",37949429,981861],"chl_gsm\/12.4.3":["{{m}}",38931290,937476],"chl_gsm\/12.4.4":["{{m}}",39868766,803424],"chl_gsm\/13.0.0":["{{n}}",151217,1290396],"chl_gsm\/13.0.1":["{{n}}",1441613,1358138],"chl_gsm\/13.0.2":["{{n}}",2799751,1872718],"chl_gsm\/13.0.3":["{{n}}",4672469,2797102],"chl_gsm\/13.0.4":["{{n}}",7469571,3204625],"chl_gsm\/13.1.0":["{{n}}",10674196,2335516],"chl_gsm\/13.1.1":["{{n}}",13009712,3074307],"chl_gsm\/13.1.2":["{{n}}",16084019,2725564],"chl_gsm\/13.1.3":["{{n}}",18809583,2290883],"chl_gsm\/13.1.4":["{{n}}",21100466,2864567],"chl_gsm\/13.2.0":["{{n}}",23965033,3000868],"chl_gsm\/13.2.1":["{{n}}",26965901,1947178],"chl_gsm\/13.2.2":["{{n}}",28913079,110773],"chl_gsm\/13.2.3":["{{n}}",29023852,1541148],"chl_gsm\/13.2.4":["{{n}}",30565000,474729],"chl_gsm\/13.3.0":["{{n}}",31039729,1348993],"chl_gsm\/13.3.1":["{{n}}",32388722,1022018],"chl_gsm\/13.3.2":["{{n}}",33410740,1728844],"chl_gsm\/13.3.3":["{{n}}",35139584,2116881],"chl_gsm\/13.3.4":["{{n}}",37256465,11281],"chl_gsm\/13.4.0":["{{n}}",37267746,590673],"chl_gsm\/13.4.1":["{{n}}",37858419,602384],"chl_gsm\/13.4.2":["{{n}}",38460803,1138042],"chl_gsm\/13.4.3":["{{n}}",39598845,1530214],"chl_gsm\/13.4.4":["{{n}}",41129059,10921],"chl_gsm\/14.0.0":["{{o}}",151217,1576658],"chl_gsm\/14.0.1":["{{o}}",1727875,1123096],"chl_gsm\/14.0.2":["{{o}}",2850971,1064484],"chl_gsm\/14.0.3":["{{o}}",3915455,2240867],"chl_gsm\/14.0.4":["{{o}}",6156322,579571],"chl_gsm\/14.1.0":["{{o}}",6735893,1847402],"chl_gsm\/14.1.1":["{{o}}",8583295,4891892],"chl_gsm\/14.1.2":["{{o}}",13475187,2321444],"chl_gsm\/14.1.3":["{{o}}",15796631,2841115],"chl_gsm\/14.1.4":["{{o}}",18637746,1499172],"chl_gsm\/14.2.0":["{{o}}",20136918,3075206],"chl_gsm\/14.2.1":["{{o}}",23212124,3295114],"chl_gsm\/14.2.2":["{{o}}",26507238,19261],"chl_gsm\/14.2.3":["{{o}}",26526499,2385026],"chl_gsm\/14.2.4":["{{o}}",28911525,3096232],"chl_gsm\/14.3.0":["{{o}}",32007757,1563524],"chl_gsm\/14.3.1":["{{o}}",33571281,946700],"chl_gsm\/14.3.2":["{{o}}",34517981,1236169],"chl_gsm\/14.3.3":["{{o}}",35754150,1190988],"chl_gsm\/14.3.4":["{{o}}",36945138,3413171],"chl_gsm\/14.4.0":["{{o}}",40358309,23117],"chl_gsm\/14.4.1":["{{o}}",40381426,43701],"chl_gsm\/14.4.2":["{{o}}",40425127,378710],"chl_gsm\/14.4.3":["{{o}}",40803837,694311],"chl_gsm\/14.4.4":["{{o}}",41498148,1084366],"chl_gsm\/15.0.0":["{{p}}",151217,852115],"chl_gsm\/15.0.1":["{{p}}",1003332,708704],"chl_gsm\/15.0.2":["{{p}}",1712036,840817],"chl_gsm\/15.0.3":["{{p}}",2552853,489589],"chl_gsm\/15.0.4":["{{p}}",3042442,2566501],"chl_gsm\/15.1.0":["{{p}}",5608943,1965223],"chl_gsm\/15.1.1":["{{p}}",7574166,4102187],"chl_gsm\/15.1.2":["{{p}}",11676353,2791301],"chl_gsm\/15.1.3":["{{p}}",14467654,1554670],"chl_gsm\/15.1.4":["{{p}}",16022324,3746617],"chl_gsm\/15.2.0":["{{p}}",19768941,3148357],"chl_gsm\/15.2.1":["{{p}}",22917298,2467721],"chl_gsm\/15.2.2":["{{p}}",25385019,146034],"chl_gsm\/15.2.3":["{{p}}",25531053,1936013],"chl_gsm\/15.2.4":["{{p}}",27467066,57842],"chl_gsm\/15.3.0":["{{p}}",27524908,2646559],"chl_gsm\/15.3.1":["{{p}}",30171467,711013],"chl_gsm\/15.3.2":["{{p}}",30882480,1722405],"chl_gsm\/15.3.3":["{{p}}",32604885,1690902],"chl_gsm\/15.3.4":["{{p}}",34295787,521182],"chl_gsm\/15.4.0":["{{p}}",34816969,277712],"chl_gsm\/15.4.1":["{{p}}",35094681,155504],"chl_gsm\/15.4.2":["{{p}}",35250185,730823],"chl_gsm\/15.4.3":["{{p}}",35981008,692954],"chl_gsm\/15.4.4":["{{p}}",36673962,684230],"chl_gsm\/16.0.0":["{{q}}",151217,987486],"chl_gsm\/16.0.1":["{{q}}",1138703,1310380],"chl_gsm\/16.0.2":["{{q}}",2449083,734484],"chl_gsm\/16.0.3":["{{q}}",3183567,713236],"chl_gsm\/16.0.4":["{{q}}",3896803,760485],"chl_gsm\/16.1.0":["{{q}}",4657288,850199],"chl_gsm\/16.1.1":["{{q}}",5507487,4288045],"chl_gsm\/16.1.2":["{{q}}",9795532,2155170],"chl_gsm\/16.1.3":["{{q}}",11950702,1373178],"chl_gsm\/16.1.4":["{{q}}",13323880,1660470],"chl_gsm\/16.2.0":["{{q}}",14984350,3807490],"chl_gsm\/16.2.1":["{{q}}",18791840,2108051],"chl_gsm\/16.2.2":["{{q}}",20899891,115717],"chl_gsm\/16.2.3":["{{q}}",21015608,1928886],"chl_gsm\/16.2.4":["{{q}}",22944494,3339210],"chl_gsm\/16.3.0":["{{q}}",26283704,1206539],"chl_gsm\/16.3.1":["{{q}}",27490243,1064589],"chl_gsm\/16.3.2":["{{q}}",28554832,1542597],"chl_gsm\/16.3.3":["{{q}}",30097429,802462],"chl_gsm\/16.3.4":["{{q}}",30899891,2157608],"chl_gsm\/16.4.0":["{{q}}",33057499,600816],"chl_gsm\/16.4.1":["{{q}}",33658315,164881],"chl_gsm\/16.4.2":["{{q}}",33823196,83334],"chl_gsm\/16.4.3":["{{q}}",33906530,202408],"chl_gsm\/16.4.4":["{{q}}",34108938,10921],"chl_gsm\/17.0.0":["{{r}}",151217,476101],"chl_gsm\/17.0.1":["{{r}}",627318,436729],"chl_gsm\/17.0.2":["{{r}}",1064047,454416],"chl_gsm\/17.0.3":["{{r}}",1518463,2447211],"chl_gsm\/17.0.4":["{{r}}",3965674,2892454],"chl_gsm\/17.1.0":["{{r}}",6858128,2229471],"chl_gsm\/17.1.1":["{{r}}",9087599,2604775],"chl_gsm\/17.1.2":["{{r}}",11692374,1808714],"chl_gsm\/17.1.3":["{{r}}",13501088,1383729],"chl_gsm\/17.1.4":["{{r}}",14884817,177571],"chl_gsm\/17.2.0":["{{r}}",15062388,3173107],"chl_gsm\/17.2.1":["{{r}}",18235495,3105893],"chl_gsm\/17.2.2":["{{r}}",21341388,106558],"chl_gsm\/17.2.3":["{{r}}",21447946,1822186],"chl_gsm\/17.2.4":["{{r}}",23270132,449351],"chl_gsm\/17.3.0":["{{r}}",23719483,1639418],"chl_gsm\/17.3.1":["{{r}}",25358901,839427],"chl_gsm\/17.3.2":["{{r}}",26198328,1034495],"chl_gsm\/17.3.3":["{{r}}",27232823,1914162],"chl_gsm\/17.3.4":["{{r}}",29146985,638964],"chl_gsm\/17.4.0":["{{r}}",29785949,887849],"chl_gsm\/17.4.1":["{{r}}",30673798,2010866],"chl_gsm\/17.4.2":["{{r}}",32684664,100517],"chl_gsm\/17.4.3":["{{r}}",32785181,32172],"chl_gsm\/17.4.4":["{{r}}",32817353,229472],"chl_gsm\/18.0.0":["{{s}}",151217,2290915],"chl_gsm\/18.0.1":["{{s}}",2442132,171862],"chl_gsm\/18.0.2":["{{s}}",2613994,999778],"chl_gsm\/18.0.3":["{{s}}",3613772,911156],"chl_gsm\/18.0.4":["{{s}}",4524928,572731],"chl_gsm\/18.1.0":["{{s}}",5097659,2684045],"chl_gsm\/18.1.1":["{{s}}",7781704,2922055],"chl_gsm\/18.1.2":["{{s}}",10703759,1878037],"chl_gsm\/18.1.3":["{{s}}",12581796,1290097],"chl_gsm\/18.1.4":["{{s}}",13871893,2034216],"chl_gsm\/18.2.0":["{{s}}",15906109,3812433],"chl_gsm\/18.2.1":["{{s}}",19718542,2452280],"chl_gsm\/18.2.2":["{{s}}",22170822,71882],"chl_gsm\/18.2.3":["{{s}}",22242704,793883],"chl_gsm\/18.2.4":["{{s}}",23036587,2085821],"chl_gsm\/18.3.0":["{{s}}",25122408,1406003],"chl_gsm\/18.3.1":["{{s}}",26528411,1703390],"chl_gsm\/18.3.2":["{{s}}",28231801,1883692],"chl_gsm\/18.3.3":["{{s}}",30115493,1639179],"chl_gsm\/18.3.4":["{{s}}",31754672,3375286],"chl_gsm\/18.4.0":["{{s}}",35129958,396278],"chl_gsm\/18.4.1":["{{s}}",35526236,376762],"chl_gsm\/18.4.2":["{{s}}",35902998,1484729],"chl_gsm\/18.4.3":["{{s}}",37387727,556751],"chl_gsm\/18.4.4":["{{s}}",37944478,355921],"chl_gsm\/19.0.0":["{{t}}",151217,1189053],"chl_gsm\/19.0.1":["{{t}}",1340270,384877],"chl_gsm\/19.0.2":["{{t}}",1725147,1150332],"chl_gsm\/19.0.3":["{{t}}",2875479,2580947],"chl_gsm\/19.0.4":["{{t}}",5456426,10921],"chl_gsm\/19.1.0":["{{t}}",5467347,2498165],"chl_gsm\/19.1.1":["{{t}}",7965512,3200962],"chl_gsm\/19.1.2":["{{t}}",11166474,2535124],"chl_gsm\/19.1.3":["{{t}}",13701598,1673601],"chl_gsm\/19.1.4":["{{t}}",15375199,68452],"chl_gsm\/19.2.0":["{{t}}",15443651,2857986],"chl_gsm\/19.2.1":["{{t}}",18301637,4617556],"chl_gsm\/19.2.2":["{{t}}",22919193,141971],"chl_gsm\/19.2.3":["{{t}}",23061164,2704342],"chl_gsm\/19.2.4":["{{t}}",25765506,1072299],"chl_gsm\/19.3.0":["{{t}}",26837805,1815513],"chl_gsm\/19.3.1":["{{t}}",28653318,1652228],"chl_gsm\/19.3.2":["{{t}}",30305546,2743117],"chl_gsm\/19.3.3":["{{t}}",33048663,1560647],"chl_gsm\/19.3.4":["{{t}}",34609310,1949407],"chl_gsm\/19.4.0":["{{t}}",36558717,523409],"chl_gsm\/19.4.1":["{{t}}",37082126,232334],"chl_gsm\/19.4.2":["{{t}}",37314460,283176],"chl_gsm\/19.4.3":["{{t}}",37597636,959384],"chl_gsm\/19.4.4":["{{t}}",38557020,286303],"chl_gsm\/20.0.0":["{{u}}",151217,830881],"chl_gsm\/20.0.1":["{{u}}",982098,1221428],"chl_gsm\/20.0.2":["{{u}}",2203526,562622],"chl_gsm\/20.0.3":["{{u}}",2766148,1739293],"chl_gsm\/20.0.4":["{{u}}",4505441,1665502],"chl_gsm\/20.1.0":["{{u}}",6170943,4729245],"chl_gsm\/20.1.1":["{{u}}",10900188,3515999],"chl_gsm\/20.1.2":["{{u}}",14416187,1710341],"chl_gsm\/20.1.3":["{{u}}",16126528,647557],"chl_gsm\/20.1.4":["{{u}}",16774085,2267171],"chl_gsm\/20.2.0":["{{u}}",19041256,2224355],"chl_gsm\/20.2.1":["{{u}}",21265611,2549586],"chl_gsm\/20.2.2":["{{u}}",23815197,121071],"chl_gsm\/20.2.3":["{{u}}",23936268,639696],"chl_gsm\/20.2.4":["{{u}}",24575964,2964979],"chl_gsm\/20.3.0":["{{u}}",27540943,934900],"chl_gsm\/20.3.1":["{{u}}",28475843,1093507],"chl_gsm\/20.3.2":["{{u}}",29569350,1908610],"chl_gsm\/20.3.3":["{{u}}",31477960,2289783],"chl_gsm\/20.3.4":["{{u}}",33767743,2537012],"chl_gsm\/20.4.0":["{{u}}",36304755,134455],"chl_gsm\/20.4.1":["{{u}}",36439210,267661],"chl_gsm\/20.4.2":["{{u}}",36706871,453036],"chl_gsm\/20.4.3":["{{u}}",37159907,147110],"chl_gsm\/20.4.4":["{{u}}",37307017,11243],"chl_gsm\/21.0.0":["{{v}}",151217,1155038],"chl_gsm\/21.0.1":["{{v}}",1306255,561924],"chl_gsm\/21.0.2":["{{v}}",1868179,655077],"chl_gsm\/21.0.3":["{{v}}",2523256,1594911],"chl_gsm\/21.0.4":["{{v}}",4118167,50962],"chl_gsm\/21.1.0":["{{v}}",4169129,2523230],"chl_gsm\/21.1.1":["{{v}}",6692359,3638339],"chl_gsm\/21.1.2":["{{v}}",10330698,1353118],"chl_gsm\/21.1.3":["{{v}}",11683816,2279364],"chl_gsm\/21.1.4":["{{v}}",13963180,346324],"chl_gsm\/21.2.0":["{{v}}",14309504,1464982],"chl_gsm\/21.2.1":["{{v}}",15774486,3469365],"chl_gsm\/21.2.2":["{{v}}",19243851,14450],"chl_gsm\/21.2.3":["{{v}}",19258301,2410310],"chl_gsm\/21.2.4":["{{v}}",21668611,1669977],"chl_gsm\/21.3.0":["{{v}}",23338588,1697169],"chl_gsm\/21.3.1":["{{v}}",25035757,1508493],"chl_gsm\/21.3.2":["{{v}}",26544250,1589320],"chl_gsm\/21.3.3":["{{v}}",28133570,3231471],"chl_gsm\/21.3.4":["{{v}}",31365041,1862913],"chl_gsm\/21.4.0":["{{v}}",33227954,254908],"chl_gsm\/21.4.1":["{{v}}",33482862,914069],"chl_gsm\/21.4.2":["{{v}}",34396931,493109],"chl_gsm\/21.4.3":["{{v}}",34890040,290790],"chl_gsm\/21.4.4":["{{v}}",35180830,445883],"chl_gsm\/22.0.0":["{{w}}",151217,2244260],"chl_gsm\/22.0.1":["{{w}}",2395477,453350],"chl_gsm\/22.0.2":["{{w}}",2848827,1413857],"chl_gsm\/22.0.3":["{{w}}",4262684,424045],"chl_gsm\/22.0.4":["{{w}}",4686729,423756],"chl_gsm\/22.1.0":["{{w}}",5110485,3205955],"chl_gsm\/22.1.1":["{{w}}",8316440,2747160],"chl_gsm\/22.1.2":["{{w}}",11063600,2675871],"chl_gsm\/22.1.3":["{{w}}",13739471,786465],"chl_gsm\/22.1.4":["{{w}}",14525936,3163034],"chl_gsm\/22.2.0":["{{w}}",17688970,2166151],"chl_gsm\/22.2.1":["{{w}}",19855121,1913148],"chl_gsm\/22.2.2":["{{w}}",21768269,51681],"chl_gsm\/22.2.3":["{{w}}",21819950,1370921],"chl_gsm\/22.2.4":["{{w}}",23190871,11643],"chl_gsm\/22.3.0":["{{w}}",23202514,625721],"chl_gsm\/22.3.1":["{{w}}",23828235,1238775],"chl_gsm\/22.3.2":["{{w}}",25067010,1064168],"chl_gsm\/22.3.3":["{{w}}",26131178,2912423],"chl_gsm\/22.3.4":["{{w}}",29043601,172708],"chl_gsm\/22.4.0":["{{w}}",29216309,47511],"chl_gsm\/22.4.1":["{{w}}",29263820,773352],"chl_gsm\/22.4.2":["{{w}}",30037172,391068],"chl_gsm\/22.4.3":["{{w}}",30428240,458721],"chl_gsm\/22.4.4":["{{w}}",30886961,127009],"chl_gsm\/23.0.0":["{{x}}",151217,763057],"chl_gsm\/23.0.1":["{{x}}",914274,1279783],"chl_gsm\/23.0.2":["{{x}}",2194057,852549],"chl_gsm\/23.0.3":["{{x}}",3046606,291446],"chl_gsm\/23.0.4":["{{x}}",3338052,190996],"chl_gsm\/23.1.0":["{{x}}",3529048,2730450],"chl_gsm\/23.1.1":["{{x}}",6259498,2742377],"chl_gsm\/23.1.2":["{{x}}",9001875,1291825],"chl_gsm\/23.1.3":["{{x}}",10293700,952021],"chl_gsm\/23.1.4":["{{x}}",11245721,173152],"chl_gsm\/23.2.0":["{{x}}",11418873,1592460],"chl_gsm\/23.2.1":["{{x}}",13011333,2422475],"chl_gsm\/23.2.2":["{{x}}",15433808,10921],"chl_gsm\/23.2.3":["{{x}}",15444729,2014781],"chl_gsm\/23.2.4":["{{x}}",17459510,2348772],"chl_gsm\/23.3.0":["{{x}}",19808282,113269],"chl_gsm\/23.3.1":["{{x}}",19921551,2233559],"chl_gsm\/23.3.2":["{{x}}",22155110,717991],"chl_gsm\/23.3.3":["{{x}}",22873101,873633],"chl_gsm\/23.3.4":["{{x}}",23746734,1841172],"chl_gsm\/23.4.0":["{{x}}",25587906,174742],"chl_gsm\/23.4.1":["{{x}}",25762648,375587],"chl_gsm\/23.4.2":["{{x}}",26138235,610484],"chl_gsm\/23.4.3":["{{x}}",26748719,29585],"chl_gsm\/23.4.4":["{{x}}",26778304,1487167],"chl_gsm\/24.0.0":["{{y}}",151217,1578781],"chl_gsm\/24.0.1":["{{y}}",1729998,653014],"chl_gsm\/24.0.2":["{{y}}",2383012,1823629],"chl_gsm\/24.0.3":["{{y}}",4206641,1087181],"chl_gsm\/24.0.4":["{{y}}",5293822,629707],"chl_gsm\/24.1.0":["{{y}}",5923529,2529132],"chl_gsm\/24.1.1":["{{y}}",8452661,2537341],"chl_gsm\/24.1.2":["{{y}}",10990002,2815307],"chl_gsm\/24.1.3":["{{y}}",13805309,1422068],"chl_gsm\/24.1.4":["{{y}}",15227377,279097],"chl_gsm\/24.2.0":["{{y}}",15506474,2823455],"chl_gsm\/24.2.1":["{{y}}",18329929,1798781],"chl_gsm\/24.2.2":["{{y}}",20128710,42352],"chl_gsm\/24.2.3":["{{y}}",20171062,1798950],"chl_gsm\/24.2.4":["{{y}}",21970012,127575],"chl_gsm\/24.3.0":["{{y}}",22097587,438143],"chl_gsm\/24.3.1":["{{y}}",22535730,555999],"chl_gsm\/24.3.2":["{{y}}",23091729,2163792],"chl_gsm\/24.3.3":["{{y}}",25255521,778724],"chl_gsm\/24.3.4":["{{y}}",26034245,1516042],"chl_gsm\/24.4.0":["{{y}}",27550287,58081],"chl_gsm\/24.4.1":["{{y}}",27608368,1274136],"chl_gsm\/24.4.2":["{{y}}",28882504,602927],"chl_gsm\/24.4.3":["{{y}}",29485431,49497],"chl_gsm\/24.4.4":["{{y}}",29534928,121919],"chl_gsm\/25.0.0":["{{z}}",151217,244260],"chl_gsm\/25.0.1":["{{z}}",395477,1097438],"chl_gsm\/25.0.2":["{{z}}",1492915,994679],"chl_gsm\/25.0.3":["{{z}}",2487594,1585694],"chl_gsm\/25.0.4":["{{z}}",4073288,727259],"chl_gsm\/25.1.0":["{{z}}",4800547,2637019],"chl_gsm\/25.1.1":["{{z}}",7437566,3604567],"chl_gsm\/25.1.2":["{{z}}",11042133,2019638],"chl_gsm\/25.1.3":["{{z}}",13061771,1100593],"chl_gsm\/25.1.4":["{{z}}",14162364,1233675],"chl_gsm\/25.2.0":["{{z}}",15396039,3669417],"chl_gsm\/25.2.1":["{{z}}",19065456,1963037],"chl_gsm\/25.2.2":["{{z}}",21028493,38421],"chl_gsm\/25.2.3":["{{z}}",21066914,1489394],"chl_gsm\/25.2.4":["{{z}}",22556308,4112937],"chl_gsm\/25.3.0":["{{z}}",26669245,1251769],"chl_gsm\/25.3.1":["{{z}}",27921014,601797],"chl_gsm\/25.3.2":["{{z}}",28522811,1738075],"chl_gsm\/25.3.3":["{{z}}",30260886,1496520],"chl_gsm\/25.3.4":["{{z}}",31757406,1476433],"chl_gsm\/25.4.0":["{{z}}",33233839,363554],"chl_gsm\/25.4.1":["{{z}}",33597393,368371],"chl_gsm\/25.4.2":["{{z}}",33965764,1128413],"chl_gsm\/25.4.3":["{{z}}",35094177,282741],"chl_gsm\/25.4.4":["{{z}}",35376918,10921],"chl_gsm\/26.0.0":["{{A}}",151217,48844],"chl_gsm\/26.0.1":["{{A}}",200061,1090021],"chl_gsm\/26.0.2":["{{A}}",1290082,2595739],"chl_gsm\/26.0.3":["{{A}}",3885821,1083650],"chl_gsm\/26.0.4":["{{A}}",4969471,1593588],"chl_gsm\/26.1.0":["{{A}}",6563059,1018670],"chl_gsm\/26.1.1":["{{A}}",7581729,2426386],"chl_gsm\/26.1.2":["{{A}}",10008115,3457602],"chl_gsm\/26.1.3":["{{A}}",13465717,866552],"chl_gsm\/26.1.4":["{{A}}",14332269,24241],"chl_gsm\/26.2.0":["{{A}}",14356510,2842110],"chl_gsm\/26.2.1":["{{A}}",17198620,3468261],"chl_gsm\/26.2.2":["{{A}}",20666881,102868],"chl_gsm\/26.2.3":["{{A}}",20769749,2727662],"chl_gsm\/26.2.4":["{{A}}",23497411,805096],"chl_gsm\/26.3.0":["{{A}}",24302507,1657752],"chl_gsm\/26.3.1":["{{A}}",25960259,2601705],"chl_gsm\/26.3.2":["{{A}}",28561964,1596839],"chl_gsm\/26.3.3":["{{A}}",30158803,2149946],"chl_gsm\/26.3.4":["{{A}}",32308749,1213328],"chl_gsm\/26.4.0":["{{A}}",33522077,125908],"chl_gsm\/26.4.1":["{{A}}",33647985,637536],"chl_gsm\/26.4.2":["{{A}}",34285521,1049741],"chl_gsm\/26.4.3":["{{A}}",35335262,810064],"chl_gsm\/26.4.4":["{{A}}",36145326,578067],"chl_gsm\/27.0.0":["{{B}}",151217,458796],"chl_gsm\/27.0.1":["{{B}}",610013,2943014],"chl_gsm\/27.0.2":["{{B}}",3553027,2521445],"chl_gsm\/27.0.3":["{{B}}",6074472,487141],"chl_gsm\/27.0.4":["{{B}}",6561613,576585],"chl_gsm\/27.1.0":["{{B}}",7138198,168340],"chl_gsm\/27.1.1":["{{B}}",7306538,3200390],"chl_gsm\/27.1.2":["{{B}}",10506928,2116003],"chl_gsm\/27.1.3":["{{B}}",12622931,985318],"chl_gsm\/27.1.4":["{{B}}",13608249,1379392],"chl_gsm\/27.2.0":["{{B}}",14987641,3195353],"chl_gsm\/27.2.1":["{{B}}",18182994,1607100],"chl_gsm\/27.2.2":["{{B}}",19790094,127858],"chl_gsm\/27.2.3":["{{B}}",19917952,894088],"chl_gsm\/27.2.4":["{{B}}",20812040,4141669],"chl_gsm\/27.3.0":["{{B}}",24953709,1240199],"chl_gsm\/27.3.1":["{{B}}",26193908,1601705],"chl_gsm\/27.3.2":["{{B}}",27795613,2598000],"chl_gsm\/27.3.3":["{{B}}",30393613,1138169],"chl_gsm\/27.3.4":["{{B}}",31531782,1832727],"chl_gsm\/27.4.0":["{{B}}",33364509,109806],"chl_gsm\/27.4.1":["{{B}}",33474315,489594],"chl_gsm\/27.4.2":["{{B}}",33963909,86448],"chl_gsm\/27.4.3":["{{B}}",34050357,1470434],"chl_gsm\/27.4.4":["{{B}}",35520791,35035],"chl_gsm\/28.0.0":["{{C}}",151217,373423],"chl_gsm\/28.0.1":["{{C}}",524640,1677787],"chl_gsm\/28.0.2":["{{C}}",2202427,2733152],"chl_gsm\/28.0.3":["{{C}}",4935579,877071],"chl_gsm\/28.0.4":["{{C}}",5812650,14224],"chl_gsm\/28.1.0":["{{C}}",5826874,475054],"chl_gsm\/28.1.1":["{{C}}",6301928,1003349],"chl_gsm\/28.1.2":["{{C}}",7305277,3416937],"chl_gsm\/28.1.3":["{{C}}",10722214,2047996],"chl_gsm\/28.1.4":["{{C}}",12770210,212918],"chl_gsm\/28.2.0":["{{C}}",12983128,1472758],"chl_gsm\/28.2.1":["{{C}}",14455886,2348826],"chl_gsm\/28.2.2":["{{C}}",16804712,86658],"chl_gsm\/28.2.3":["{{C}}",16891370,2033847],"chl_gsm\/28.2.4":["{{C}}",18925217,1081919],"chl_gsm\/28.3.0":["{{C}}",20007136,1363193],"chl_gsm\/28.3.1":["{{C}}",21370329,1359102],"chl_gsm\/28.3.2":["{{C}}",22729431,1630561],"chl_gsm\/28.3.3":["{{C}}",24359992,734774],"chl_gsm\/28.3.4":["{{C}}",25094766,384922],"chl_gsm\/28.4.0":["{{C}}",25479688,26641],"chl_gsm\/28.4.1":["{{C}}",25506329,680677],"chl_gsm\/28.4.2":["{{C}}",26187006,112846],"chl_gsm\/28.4.3":["{{C}}",26299852,97431],"chl_gsm\/28.4.4":["{{C}}",26397283,207765],"chl_gsm\/29.0.0":["{{D}}",151217,375878],"chl_gsm\/29.0.1":["{{D}}",527095,980513],"chl_gsm\/29.0.2":["{{D}}",1507608,306376],"chl_gsm\/29.0.3":["{{D}}",1813984,946390],"chl_gsm\/29.0.4":["{{D}}",2760374,2264125],"chl_gsm\/29.1.0":["{{D}}",5024499,459008],"chl_gsm\/29.1.1":["{{D}}",5483507,2770860],"chl_gsm\/29.1.2":["{{D}}",8254367,1753831],"chl_gsm\/29.1.3":["{{D}}",10008198,1174277],"chl_gsm\/29.1.4":["{{D}}",11182475,1577280],"chl_gsm\/29.2.0":["{{D}}",12759755,2357392],"chl_gsm\/29.2.1":["{{D}}",15117147,942863],"chl_gsm\/29.2.2":["{{D}}",16060010,59414],"chl_gsm\/29.2.3":["{{D}}",16119424,444292],"chl_gsm\/29.2.4":["{{D}}",16563716,739366],"chl_gsm\/29.3.0":["{{D}}",17303082,1190734],"chl_gsm\/29.3.1":["{{D}}",18493816,716730],"chl_gsm\/29.3.2":["{{D}}",19210546,601128],"chl_gsm\/29.3.3":["{{D}}",19811674,1148496],"chl_gsm\/29.3.4":["{{D}}",20960170,12939],"chl_gsm\/29.4.0":["{{D}}",20973109,11713],"chl_gsm\/29.4.1":["{{D}}",20984822,67491],"chl_gsm\/29.4.2":["{{D}}",21052313,1008987],"chl_gsm\/29.4.3":["{{D}}",22061300,76242],"chl_gsm\/29.4.4":["{{D}}",22137542,53558],"chl_gsm\/30.0.0":["{{E}}",151217,915208],"chl_gsm\/30.0.1":["{{E}}",1066425,2415835],"chl_gsm\/30.0.2":["{{E}}",3482260,602304],"chl_gsm\/30.0.3":["{{E}}",4084564,1163621],"chl_gsm\/30.0.4":["{{E}}",5248185,454911],"chl_gsm\/30.1.0":["{{E}}",5703096,1034641],"chl_gsm\/30.1.1":["{{E}}",6737737,1527386],"chl_gsm\/30.1.2":["{{E}}",8265123,1610959],"chl_gsm\/30.1.3":["{{E}}",9876082,1452359],"chl_gsm\/30.1.4":["{{E}}",11328441,665180],"chl_gsm\/30.2.0":["{{E}}",11993621,3448606],"chl_gsm\/30.2.1":["{{E}}",15442227,2252444],"chl_gsm\/30.2.2":["{{E}}",17694671,10921],"chl_gsm\/30.2.3":["{{E}}",17705592,2111520],"chl_gsm\/30.2.4":["{{E}}",19817112,2206853],"chl_gsm\/30.3.0":["{{E}}",22023965,1070610],"chl_gsm\/30.3.1":["{{E}}",23094575,791022],"chl_gsm\/30.3.2":["{{E}}",23885597,372796],"chl_gsm\/30.3.3":["{{E}}",24258393,878501],"chl_gsm\/30.3.4":["{{E}}",25136894,1179019],"chl_gsm\/30.4.0":["{{E}}",26315913,1048351],"chl_gsm\/30.4.1":["{{E}}",27364264,12902],"chl_gsm\/30.4.2":["{{E}}",27377166,374708],"chl_gsm\/30.4.3":["{{E}}",27751874,129561],"chl_gsm\/30.4.4":["{{E}}",27881435,217333]}}